Obs_Numb,Date_Time,Temp_F
1,2/23/2022 13:00,59.401
2,2/23/2022 13:15,59.401
3,2/23/2022 13:30,59.401
4,2/23/2022 13:45,59.445
5,2/23/2022 14:00,59.445
6,2/23/2022 14:15,59.401
7,2/23/2022 14:30,59.358
8,2/23/2022 14:45,59.358
9,2/23/2022 15:00,59.358
10,2/23/2022 15:15,59.401
11,2/23/2022 15:30,59.445
12,2/23/2022 15:45,59.486
13,2/23/2022 16:00,59.529
14,2/23/2022 16:15,59.572
15,2/23/2022 16:30,59.486
16,2/23/2022 16:45,59.315
17,2/23/2022 17:00,59.142
18,2/23/2022 17:15,59.272
19,2/23/2022 17:30,59.616
20,2/23/2022 17:45,59.959
21,2/23/2022 18:00,59.959
22,2/23/2022 18:15,59.745
23,2/23/2022 18:30,59.572
24,2/23/2022 18:45,59.401
25,2/23/2022 19:00,59.229
26,2/23/2022 19:15,59.099
27,2/23/2022 19:30,59.401
28,2/23/2022 19:45,59.788
29,2/23/2022 20:00,60.046
30,2/23/2022 20:15,59.873
31,2/23/2022 20:30,59.702
32,2/23/2022 20:45,59.486
33,2/23/2022 21:00,59.358
34,2/23/2022 21:15,59.185
35,2/23/2022 21:30,59.142
36,2/23/2022 21:45,59.486
37,2/23/2022 22:00,59.916
38,2/23/2022 22:15,60.046
39,2/23/2022 22:30,59.873
40,2/23/2022 22:45,59.702
41,2/23/2022 23:00,59.572
42,2/23/2022 23:15,59.401
43,2/23/2022 23:30,59.272
44,2/23/2022 23:45,59.142
45,2/24/2022 0:00,59.229
46,2/24/2022 0:15,59.529
47,2/24/2022 0:30,59.873
48,2/24/2022 0:45,60.003
49,2/24/2022 1:00,59.873
50,2/24/2022 1:15,59.745
51,2/24/2022 1:30,59.572
52,2/24/2022 1:45,59.445
53,2/24/2022 2:00,59.315
54,2/24/2022 2:15,59.229
55,2/24/2022 2:30,59.142
56,2/24/2022 2:45,59.358
57,2/24/2022 3:00,59.702
58,2/24/2022 3:15,60.003
59,2/24/2022 3:30,59.959
60,2/24/2022 3:45,59.788
61,2/24/2022 4:00,59.659
62,2/24/2022 4:15,59.486
63,2/24/2022 4:30,59.401
64,2/24/2022 4:45,59.272
65,2/24/2022 5:00,59.142
66,2/24/2022 5:15,59.142
67,2/24/2022 5:30,59.486
68,2/24/2022 5:45,59.873
69,2/24/2022 6:00,60.046
70,2/24/2022 6:15,59.873
71,2/24/2022 6:30,59.659
72,2/24/2022 6:45,59.445
73,2/24/2022 7:00,59.272
74,2/24/2022 7:15,59.142
75,2/24/2022 7:30,59.272
76,2/24/2022 7:45,59.659
77,2/24/2022 8:00,60.003
78,2/24/2022 8:15,60.003
79,2/24/2022 8:30,59.788
80,2/24/2022 8:45,59.572
81,2/24/2022 9:00,59.401
82,2/24/2022 9:15,59.185
83,2/24/2022 9:30,59.185
84,2/24/2022 9:45,59.529
85,2/24/2022 10:00,59.916
86,2/24/2022 10:15,60.003
87,2/24/2022 10:30,59.83
88,2/24/2022 10:45,59.616
89,2/24/2022 11:00,59.445
90,2/24/2022 11:15,59.315
91,2/24/2022 11:30,59.185
92,2/24/2022 11:45,59.142
93,2/24/2022 12:00,59.401
94,2/24/2022 12:15,59.745
95,2/24/2022 12:30,60.046
96,2/24/2022 12:45,60.303
97,2/24/2022 13:00,60.346
98,2/24/2022 13:15,60.39
99,2/24/2022 13:30,60.474
100,2/24/2022 13:45,60.561
101,2/24/2022 14:00,60.647
102,2/24/2022 14:15,60.733
103,2/24/2022 14:30,60.775
104,2/24/2022 14:45,60.861
105,2/24/2022 15:00,60.948
106,2/24/2022 15:15,61.032
107,2/24/2022 15:30,61.075
108,2/24/2022 15:45,61.162
109,2/24/2022 16:00,61.205
110,2/24/2022 16:15,61.162
111,2/24/2022 16:30,61.119
112,2/24/2022 16:45,61.075
113,2/24/2022 17:00,61.032
114,2/24/2022 17:15,60.991
115,2/24/2022 17:30,60.948
116,2/24/2022 17:45,60.948
117,2/24/2022 18:00,60.904
118,2/24/2022 18:15,60.904
119,2/24/2022 18:30,60.904
120,2/24/2022 18:45,60.861
121,2/24/2022 19:00,60.861
122,2/24/2022 19:15,60.861
123,2/24/2022 19:30,60.861
124,2/24/2022 19:45,60.861
125,2/24/2022 20:00,60.818
126,2/24/2022 20:15,60.818
127,2/24/2022 20:30,60.818
128,2/24/2022 20:45,60.818
129,2/24/2022 21:00,60.818
130,2/24/2022 21:15,60.818
131,2/24/2022 21:30,60.775
132,2/24/2022 21:45,60.775
133,2/24/2022 22:00,60.775
134,2/24/2022 22:15,60.775
135,2/24/2022 22:30,60.775
136,2/24/2022 22:45,60.775
137,2/24/2022 23:00,60.818
138,2/24/2022 23:15,60.861
139,2/24/2022 23:30,60.861
140,2/24/2022 23:45,60.861
141,2/25/2022 0:00,60.904
142,2/25/2022 0:15,60.904
143,2/25/2022 0:30,60.904
144,2/25/2022 0:45,60.948
145,2/25/2022 1:00,60.948
146,2/25/2022 1:15,60.948
147,2/25/2022 1:30,60.948
148,2/25/2022 1:45,60.991
149,2/25/2022 2:00,60.991
150,2/25/2022 2:15,60.991
151,2/25/2022 2:30,60.991
152,2/25/2022 2:45,61.032
153,2/25/2022 3:00,61.032
154,2/25/2022 3:15,61.032
155,2/25/2022 3:30,61.032
156,2/25/2022 3:45,61.032
157,2/25/2022 4:00,61.075
158,2/25/2022 4:15,61.075
159,2/25/2022 4:30,61.075
160,2/25/2022 4:45,61.075
161,2/25/2022 5:00,61.075
162,2/25/2022 5:15,61.075
163,2/25/2022 5:30,61.075
164,2/25/2022 5:45,61.032
165,2/25/2022 6:00,61.032
166,2/25/2022 6:15,61.032
167,2/25/2022 6:30,61.032
168,2/25/2022 6:45,60.991
169,2/25/2022 7:00,60.991
170,2/25/2022 7:15,60.991
171,2/25/2022 7:30,60.948
172,2/25/2022 7:45,60.948
173,2/25/2022 8:00,60.948
174,2/25/2022 8:15,60.948
175,2/25/2022 8:30,60.948
176,2/25/2022 8:45,60.948
177,2/25/2022 9:00,60.948
178,2/25/2022 9:15,60.904
179,2/25/2022 9:30,60.904
180,2/25/2022 9:45,60.904
181,2/25/2022 10:00,60.904
182,2/25/2022 10:15,60.904
183,2/25/2022 10:30,60.861
184,2/25/2022 10:45,60.904
185,2/25/2022 11:00,60.904
186,2/25/2022 11:15,60.948
187,2/25/2022 11:30,60.948
188,2/25/2022 11:45,60.948
189,2/25/2022 12:00,61.119
190,2/25/2022 12:15,61.119
191,2/25/2022 12:30,61.119
192,2/25/2022 12:45,61.162
193,2/25/2022 13:00,61.205
194,2/25/2022 13:15,61.205
195,2/25/2022 13:30,61.248
196,2/25/2022 13:45,61.29
197,2/25/2022 14:00,61.333
198,2/25/2022 14:15,61.376
199,2/25/2022 14:30,61.462
200,2/25/2022 14:45,61.462
201,2/25/2022 15:00,61.506
202,2/25/2022 15:15,61.547
203,2/25/2022 15:30,61.547
204,2/25/2022 15:45,61.547
205,2/25/2022 16:00,61.547
206,2/25/2022 16:15,61.547
207,2/25/2022 16:30,61.547
208,2/25/2022 16:45,61.547
209,2/25/2022 17:00,61.547
210,2/25/2022 17:15,61.506
211,2/25/2022 17:30,61.506
212,2/25/2022 17:45,61.506
213,2/25/2022 18:00,61.462
214,2/25/2022 18:15,61.462
215,2/25/2022 18:30,61.462
216,2/25/2022 18:45,61.462
217,2/25/2022 19:00,61.419
218,2/25/2022 19:15,61.419
219,2/25/2022 19:30,61.419
220,2/25/2022 19:45,61.376
221,2/25/2022 20:00,61.376
222,2/25/2022 20:15,61.376
223,2/25/2022 20:30,61.376
224,2/25/2022 20:45,61.376
225,2/25/2022 21:00,61.333
226,2/25/2022 21:15,61.29
227,2/25/2022 21:30,61.29
228,2/25/2022 21:45,61.29
229,2/25/2022 22:00,61.29
230,2/25/2022 22:15,61.29
231,2/25/2022 22:30,61.248
232,2/25/2022 22:45,61.29
233,2/25/2022 23:00,61.29
234,2/25/2022 23:15,61.29
235,2/25/2022 23:30,61.333
236,2/25/2022 23:45,61.333
237,2/26/2022 0:00,61.333
238,2/26/2022 0:15,61.333
239,2/26/2022 0:30,61.376
240,2/26/2022 0:45,61.376
241,2/26/2022 1:00,61.376
242,2/26/2022 1:15,61.376
243,2/26/2022 1:30,61.419
244,2/26/2022 1:45,61.419
245,2/26/2022 2:00,61.419
246,2/26/2022 2:15,61.419
247,2/26/2022 2:30,61.462
248,2/26/2022 2:45,61.462
249,2/26/2022 3:00,61.462
250,2/26/2022 3:15,61.462
251,2/26/2022 3:30,61.462
252,2/26/2022 3:45,61.462
253,2/26/2022 4:00,61.506
254,2/26/2022 4:15,61.506
255,2/26/2022 4:30,61.506
256,2/26/2022 4:45,61.506
257,2/26/2022 5:00,61.506
258,2/26/2022 5:15,61.506
259,2/26/2022 5:30,61.462
260,2/26/2022 5:45,61.462
261,2/26/2022 6:00,61.462
262,2/26/2022 6:15,61.462
263,2/26/2022 6:30,61.462
264,2/26/2022 6:45,61.419
265,2/26/2022 7:00,61.419
266,2/26/2022 7:15,61.419
267,2/26/2022 7:30,61.419
268,2/26/2022 7:45,61.419
269,2/26/2022 8:00,61.376
270,2/26/2022 8:15,61.376
271,2/26/2022 8:30,61.376
272,2/26/2022 8:45,61.333
273,2/26/2022 9:00,61.29
274,2/26/2022 9:15,61.29
275,2/26/2022 9:30,61.248
276,2/26/2022 9:45,61.205
277,2/26/2022 10:00,61.205
278,2/26/2022 10:15,61.162
279,2/26/2022 10:30,61.162
280,2/26/2022 10:45,61.162
281,2/26/2022 11:00,61.162
282,2/26/2022 11:15,61.119
283,2/26/2022 11:30,61.119
284,2/26/2022 11:45,61.075
285,2/26/2022 12:00,61.032
286,2/26/2022 12:15,61.032
287,2/26/2022 12:30,61.075
288,2/26/2022 12:45,61.075
289,2/26/2022 13:00,61.075
290,2/26/2022 13:15,61.162
291,2/26/2022 13:30,61.29
292,2/26/2022 13:45,61.333
293,2/26/2022 14:00,61.376
294,2/26/2022 14:15,61.462
295,2/26/2022 14:30,61.506
296,2/26/2022 14:45,61.59
297,2/26/2022 15:00,61.677
298,2/26/2022 15:15,61.761
299,2/26/2022 15:30,61.848
300,2/26/2022 15:45,61.891
301,2/26/2022 16:00,61.977
302,2/26/2022 16:15,62.062
303,2/26/2022 16:30,62.148
304,2/26/2022 16:45,62.191
305,2/26/2022 17:00,62.276
306,2/26/2022 17:15,62.148
307,2/26/2022 17:30,61.891
308,2/26/2022 17:45,61.547
309,2/26/2022 18:00,61.205
310,2/26/2022 18:15,60.904
311,2/26/2022 18:30,60.604
312,2/26/2022 18:45,60.346
313,2/26/2022 19:00,60.089
314,2/26/2022 19:15,59.873
315,2/26/2022 19:30,59.659
316,2/26/2022 19:45,59.486
317,2/26/2022 20:00,59.272
318,2/26/2022 20:15,59.099
319,2/26/2022 20:30,59.229
320,2/26/2022 20:45,59.572
321,2/26/2022 21:00,59.959
322,2/26/2022 21:15,59.916
323,2/26/2022 21:30,59.659
324,2/26/2022 21:45,59.486
325,2/26/2022 22:00,59.272
326,2/26/2022 22:15,59.099
327,2/26/2022 22:30,59.272
328,2/26/2022 22:45,59.616
329,2/26/2022 23:00,60.003
330,2/26/2022 23:15,59.959
331,2/26/2022 23:30,59.788
332,2/26/2022 23:45,59.616
333,2/27/2022 0:00,59.445
334,2/27/2022 0:15,59.315
335,2/27/2022 0:30,59.185
336,2/27/2022 0:45,59.142
337,2/27/2022 1:00,59.401
338,2/27/2022 1:15,59.702
339,2/27/2022 1:30,59.959
340,2/27/2022 1:45,59.873
341,2/27/2022 2:00,59.702
342,2/27/2022 2:15,59.529
343,2/27/2022 2:30,59.401
344,2/27/2022 2:45,59.229
345,2/27/2022 3:00,59.142
346,2/27/2022 3:15,59.272
347,2/27/2022 3:30,59.572
348,2/27/2022 3:45,59.873
349,2/27/2022 4:00,59.959
350,2/27/2022 4:15,59.788
351,2/27/2022 4:30,59.616
352,2/27/2022 4:45,59.445
353,2/27/2022 5:00,59.229
354,2/27/2022 5:15,59.142
355,2/27/2022 5:30,59.445
356,2/27/2022 5:45,59.788
357,2/27/2022 6:00,59.959
358,2/27/2022 6:15,59.788
359,2/27/2022 6:30,59.529
360,2/27/2022 6:45,59.315
361,2/27/2022 7:00,59.142
362,2/27/2022 7:15,59.358
363,2/27/2022 7:30,59.702
364,2/27/2022 7:45,60.003
365,2/27/2022 8:00,59.873
366,2/27/2022 8:15,59.659
367,2/27/2022 8:30,59.401
368,2/27/2022 8:45,59.229
369,2/27/2022 9:00,59.185
370,2/27/2022 9:15,59.529
371,2/27/2022 9:30,59.873
372,2/27/2022 9:45,59.959
373,2/27/2022 10:00,59.745
374,2/27/2022 10:15,59.486
375,2/27/2022 10:30,59.315
376,2/27/2022 10:45,59.185
377,2/27/2022 11:00,59.099
378,2/27/2022 11:15,59.315
379,2/27/2022 11:30,59.659
380,2/27/2022 11:45,59.959
381,2/27/2022 12:00,60.003
382,2/27/2022 12:15,60.089
383,2/27/2022 12:30,60.217
384,2/27/2022 12:45,60.346
385,2/27/2022 13:00,60.433
386,2/27/2022 13:15,60.517
387,2/27/2022 13:30,60.647
388,2/27/2022 13:45,60.733
389,2/27/2022 14:00,60.818
390,2/27/2022 14:15,60.904
391,2/27/2022 14:30,61.032
392,2/27/2022 14:45,61.119
393,2/27/2022 15:00,61.205
394,2/27/2022 15:15,61.333
395,2/27/2022 15:30,61.376
396,2/27/2022 15:45,61.29
397,2/27/2022 16:00,61.162
398,2/27/2022 16:15,60.948
399,2/27/2022 16:30,60.733
400,2/27/2022 16:45,60.474
401,2/27/2022 17:00,60.217
402,2/27/2022 17:15,60.003
403,2/27/2022 17:30,59.788
404,2/27/2022 17:45,59.616
405,2/27/2022 18:00,59.486
406,2/27/2022 18:15,59.401
407,2/27/2022 18:30,59.315
408,2/27/2022 18:45,59.229
409,2/27/2022 19:00,59.142
410,2/27/2022 19:15,59.099
411,2/27/2022 19:30,59.401
412,2/27/2022 19:45,59.873
413,2/27/2022 20:00,60.089
414,2/27/2022 20:15,60.003
415,2/27/2022 20:30,59.873
416,2/27/2022 20:45,59.745
417,2/27/2022 21:00,59.659
418,2/27/2022 21:15,59.572
419,2/27/2022 21:30,59.486
420,2/27/2022 21:45,59.401
421,2/27/2022 22:00,59.358
422,2/27/2022 22:15,59.315
423,2/27/2022 22:30,59.272
424,2/27/2022 22:45,59.272
425,2/27/2022 23:00,59.229
426,2/27/2022 23:15,59.229
427,2/27/2022 23:30,59.185
428,2/27/2022 23:45,59.185
429,2/28/2022 0:00,59.142
430,2/28/2022 0:15,59.142
431,2/28/2022 0:30,59.099
432,2/28/2022 0:45,59.358
433,2/28/2022 1:00,59.745
434,2/28/2022 1:15,60.089
435,2/28/2022 1:30,60.003
436,2/28/2022 1:45,59.916
437,2/28/2022 2:00,59.83
438,2/28/2022 2:15,59.745
439,2/28/2022 2:30,59.702
440,2/28/2022 2:45,59.659
441,2/28/2022 3:00,59.572
442,2/28/2022 3:15,59.529
443,2/28/2022 3:30,59.486
444,2/28/2022 3:45,59.445
445,2/28/2022 4:00,59.401
446,2/28/2022 4:15,59.358
447,2/28/2022 4:30,59.315
448,2/28/2022 4:45,59.272
449,2/28/2022 5:00,59.185
450,2/28/2022 5:15,59.185
451,2/28/2022 5:30,59.529
452,2/28/2022 5:45,60.003
453,2/28/2022 6:00,60.046
454,2/28/2022 6:15,59.916
455,2/28/2022 6:30,59.745
456,2/28/2022 6:45,59.659
457,2/28/2022 7:00,59.529
458,2/28/2022 7:15,59.445
459,2/28/2022 7:30,59.358
460,2/28/2022 7:45,59.272
461,2/28/2022 8:00,59.185
462,2/28/2022 8:15,59.185
463,2/28/2022 8:30,59.529
464,2/28/2022 8:45,60.003
465,2/28/2022 9:00,60.046
466,2/28/2022 9:15,59.873
467,2/28/2022 9:30,59.745
468,2/28/2022 9:45,59.616
469,2/28/2022 10:00,59.529
470,2/28/2022 10:15,59.445
471,2/28/2022 10:30,59.358
472,2/28/2022 10:45,59.272
473,2/28/2022 11:00,59.358
474,2/28/2022 11:15,59.529
475,2/28/2022 11:30,59.572
476,2/28/2022 11:45,59.659
477,2/28/2022 12:00,59.745
478,2/28/2022 12:15,59.873
479,2/28/2022 12:30,59.959
480,2/28/2022 12:45,60.089
481,2/28/2022 13:00,60.174
482,2/28/2022 13:15,60.303
483,2/28/2022 13:30,60.346
484,2/28/2022 13:45,60.303
485,2/28/2022 14:00,60.217
486,2/28/2022 14:15,60.132
487,2/28/2022 14:30,60.046
488,2/28/2022 14:45,59.959
489,2/28/2022 15:00,59.873
490,2/28/2022 15:15,59.83
491,2/28/2022 15:30,59.745
492,2/28/2022 15:45,59.702
493,2/28/2022 16:00,59.659
494,2/28/2022 16:15,59.616
495,2/28/2022 16:30,59.572
496,2/28/2022 16:45,59.529
497,2/28/2022 17:00,59.486
498,2/28/2022 17:15,59.358
499,2/28/2022 17:30,59.229
500,2/28/2022 17:45,59.185
501,2/28/2022 18:00,59.486
502,2/28/2022 18:15,59.916
503,2/28/2022 18:30,60.089
504,2/28/2022 18:45,59.959
505,2/28/2022 19:00,59.83
506,2/28/2022 19:15,59.745
507,2/28/2022 19:30,59.659
508,2/28/2022 19:45,59.572
509,2/28/2022 20:00,59.529
510,2/28/2022 20:15,59.445
511,2/28/2022 20:30,59.401
512,2/28/2022 20:45,59.358
513,2/28/2022 21:00,59.315
514,2/28/2022 21:15,59.272
515,2/28/2022 21:30,59.229
516,2/28/2022 21:45,59.185
517,2/28/2022 22:00,59.142
518,2/28/2022 22:15,59.445
519,2/28/2022 22:30,59.959
520,2/28/2022 22:45,60.046
521,2/28/2022 23:00,60.003
522,2/28/2022 23:15,59.916
523,2/28/2022 23:30,59.873
524,2/28/2022 23:45,59.83
525,3/1/2022 0:00,59.788
526,3/1/2022 0:15,59.745
527,3/1/2022 0:30,59.745
528,3/1/2022 0:45,59.702
529,3/1/2022 1:00,59.659
530,3/1/2022 1:15,59.616
531,3/1/2022 1:30,59.616
532,3/1/2022 1:45,59.572
533,3/1/2022 2:00,59.529
534,3/1/2022 2:15,59.529
535,3/1/2022 2:30,59.486
536,3/1/2022 2:45,59.486
537,3/1/2022 3:00,59.445
538,3/1/2022 3:15,59.445
539,3/1/2022 3:30,59.401
540,3/1/2022 3:45,59.401
541,3/1/2022 4:00,59.358
542,3/1/2022 4:15,59.315
543,3/1/2022 4:30,59.315
544,3/1/2022 4:45,59.229
545,3/1/2022 5:00,59.185
546,3/1/2022 5:15,59.142
547,3/1/2022 5:30,59.315
548,3/1/2022 5:45,59.702
549,3/1/2022 6:00,60.089
550,3/1/2022 6:15,60.089
551,3/1/2022 6:30,59.959
552,3/1/2022 6:45,59.83
553,3/1/2022 7:00,59.745
554,3/1/2022 7:15,59.659
555,3/1/2022 7:30,59.529
556,3/1/2022 7:45,59.486
557,3/1/2022 8:00,59.401
558,3/1/2022 8:15,59.315
559,3/1/2022 8:30,59.272
560,3/1/2022 8:45,59.229
561,3/1/2022 9:00,59.142
562,3/1/2022 9:15,59.099
563,3/1/2022 9:30,59.315
564,3/1/2022 9:45,59.745
565,3/1/2022 10:00,60.174
566,3/1/2022 10:15,60.089
567,3/1/2022 10:30,60.046
568,3/1/2022 10:45,59.916
569,3/1/2022 11:00,60.089
570,3/1/2022 11:15,60.174
571,3/1/2022 11:30,60.303
572,3/1/2022 11:45,60.39
573,3/1/2022 12:00,60.517
574,3/1/2022 12:15,60.604
575,3/1/2022 12:30,60.733
576,3/1/2022 12:45,60.818
577,3/1/2022 13:00,60.904
578,3/1/2022 13:15,61.032
579,3/1/2022 13:30,61.119
580,3/1/2022 13:45,61.205
581,3/1/2022 14:00,61.333
582,3/1/2022 14:15,61.462
583,3/1/2022 14:30,61.506
584,3/1/2022 14:45,61.333
585,3/1/2022 15:00,61.075
586,3/1/2022 15:15,60.818
587,3/1/2022 15:30,60.604
588,3/1/2022 15:45,60.39
589,3/1/2022 16:00,60.217
590,3/1/2022 16:15,60.003
591,3/1/2022 16:30,59.83
592,3/1/2022 16:45,59.659
593,3/1/2022 17:00,59.529
594,3/1/2022 17:15,59.358
595,3/1/2022 17:30,59.229
596,3/1/2022 17:45,59.272
597,3/1/2022 18:00,59.616
598,3/1/2022 18:15,59.959
599,3/1/2022 18:30,60.003
600,3/1/2022 18:45,59.788
601,3/1/2022 19:00,59.572
602,3/1/2022 19:15,59.401
603,3/1/2022 19:30,59.272
604,3/1/2022 19:45,59.185
605,3/1/2022 20:00,59.445
606,3/1/2022 20:15,59.83
607,3/1/2022 20:30,60.046
608,3/1/2022 20:45,59.873
609,3/1/2022 21:00,59.702
610,3/1/2022 21:15,59.529
611,3/1/2022 21:30,59.358
612,3/1/2022 21:45,59.229
613,3/1/2022 22:00,59.272
614,3/1/2022 22:15,59.616
615,3/1/2022 22:30,60.003
616,3/1/2022 22:45,59.959
617,3/1/2022 23:00,59.788
618,3/1/2022 23:15,59.659
619,3/1/2022 23:30,59.572
620,3/1/2022 23:45,59.445
621,3/2/2022 0:00,59.358
622,3/2/2022 0:15,59.315
623,3/2/2022 0:30,59.229
624,3/2/2022 0:45,59.142
625,3/2/2022 1:00,59.272
626,3/2/2022 1:15,59.616
627,3/2/2022 1:30,59.959
628,3/2/2022 1:45,60.003
629,3/2/2022 2:00,59.873
630,3/2/2022 2:15,59.745
631,3/2/2022 2:30,59.616
632,3/2/2022 2:45,59.486
633,3/2/2022 3:00,59.401
634,3/2/2022 3:15,59.315
635,3/2/2022 3:30,59.229
636,3/2/2022 3:45,59.142
637,3/2/2022 4:00,59.229
638,3/2/2022 4:15,59.529
639,3/2/2022 4:30,59.916
640,3/2/2022 4:45,60.046
641,3/2/2022 5:00,59.873
642,3/2/2022 5:15,59.702
643,3/2/2022 5:30,59.529
644,3/2/2022 5:45,59.358
645,3/2/2022 6:00,59.229
646,3/2/2022 6:15,59.315
647,3/2/2022 6:30,59.659
648,3/2/2022 6:45,60.003
649,3/2/2022 7:00,60.003
650,3/2/2022 7:15,59.83
651,3/2/2022 7:30,59.616
652,3/2/2022 7:45,59.445
653,3/2/2022 8:00,59.272
654,3/2/2022 8:15,59.185
655,3/2/2022 8:30,59.486
656,3/2/2022 8:45,59.83
657,3/2/2022 9:00,60.26
658,3/2/2022 9:15,60.433
659,3/2/2022 9:30,60.561
660,3/2/2022 9:45,60.69
661,3/2/2022 10:00,60.861
662,3/2/2022 10:15,60.991
663,3/2/2022 10:30,61.119
664,3/2/2022 10:45,60.948
665,3/2/2022 11:00,61.075
666,3/2/2022 11:15,61.29
667,3/2/2022 11:30,61.29
668,3/2/2022 11:45,61.29
669,3/2/2022 12:00,61.333
670,3/2/2022 12:15,61.376
671,3/2/2022 12:30,61.419
672,3/2/2022 12:45,61.462
673,3/2/2022 13:00,61.547
674,3/2/2022 13:15,61.59
675,3/2/2022 13:30,61.633
676,3/2/2022 13:45,61.677
677,3/2/2022 14:00,61.761
678,3/2/2022 14:15,61.804
679,3/2/2022 14:30,61.848
680,3/2/2022 14:45,61.934
681,3/2/2022 15:00,61.977
682,3/2/2022 15:15,62.019
683,3/2/2022 15:30,62.105
684,3/2/2022 15:45,62.148
685,3/2/2022 16:00,62.191
686,3/2/2022 16:15,62.276
687,3/2/2022 16:30,62.319
688,3/2/2022 16:45,62.362
689,3/2/2022 17:00,62.362
690,3/2/2022 17:15,62.406
691,3/2/2022 17:30,62.447
692,3/2/2022 17:45,62.49
693,3/2/2022 18:00,62.49
694,3/2/2022 18:15,62.533
695,3/2/2022 18:30,62.577
696,3/2/2022 18:45,62.577
697,3/2/2022 19:00,62.62
698,3/2/2022 19:15,62.62
699,3/2/2022 19:30,62.661
700,3/2/2022 19:45,62.661
701,3/2/2022 20:00,62.704
702,3/2/2022 20:15,62.704
703,3/2/2022 20:30,62.704
704,3/2/2022 20:45,62.748
705,3/2/2022 21:00,62.791
706,3/2/2022 21:15,62.791
707,3/2/2022 21:30,62.834
708,3/2/2022 21:45,62.875
709,3/2/2022 22:00,62.875
710,3/2/2022 22:15,62.919
711,3/2/2022 22:30,62.962
712,3/2/2022 22:45,62.962
713,3/2/2022 23:00,63.005
714,3/2/2022 23:15,63.005
715,3/2/2022 23:30,63.048
716,3/2/2022 23:45,63.09
717,3/3/2022 0:00,63.09
718,3/3/2022 0:15,63.133
719,3/3/2022 0:30,63.133
720,3/3/2022 0:45,63.176
721,3/3/2022 1:00,63.176
722,3/3/2022 1:15,63.176
723,3/3/2022 1:30,63.219
724,3/3/2022 1:45,63.262
725,3/3/2022 2:00,63.262
726,3/3/2022 2:15,63.262
727,3/3/2022 2:30,63.304
728,3/3/2022 2:45,63.304
729,3/3/2022 3:00,63.347
730,3/3/2022 3:15,63.347
731,3/3/2022 3:30,63.347
732,3/3/2022 3:45,63.39
733,3/3/2022 4:00,63.433
734,3/3/2022 4:15,63.433
735,3/3/2022 4:30,63.433
736,3/3/2022 4:45,63.433
737,3/3/2022 5:00,63.433
738,3/3/2022 5:15,63.433
739,3/3/2022 5:30,63.475
740,3/3/2022 5:45,63.475
741,3/3/2022 6:00,63.475
742,3/3/2022 6:15,63.475
743,3/3/2022 6:30,63.475
744,3/3/2022 6:45,63.475
745,3/3/2022 7:00,63.475
746,3/3/2022 7:15,63.475
747,3/3/2022 7:30,63.518
748,3/3/2022 7:45,63.518
749,3/3/2022 8:00,63.518
750,3/3/2022 8:15,63.518
751,3/3/2022 8:30,63.518
752,3/3/2022 8:45,63.518
753,3/3/2022 9:00,63.518
754,3/3/2022 9:15,63.518
755,3/3/2022 9:30,63.518
756,3/3/2022 9:45,63.561
757,3/3/2022 10:00,63.561
758,3/3/2022 10:15,63.604
759,3/3/2022 10:30,63.604
760,3/3/2022 10:45,63.648
761,3/3/2022 11:00,62.406
762,3/3/2022 11:15,61.119
763,3/3/2022 11:30,61.162
764,3/3/2022 11:45,61.29
765,3/3/2022 12:00,61.419
766,3/3/2022 12:15,61.506
767,3/3/2022 12:30,61.59
768,3/3/2022 12:45,61.677
769,3/3/2022 13:00,61.761
770,3/3/2022 13:15,61.848
771,3/3/2022 13:30,61.934
772,3/3/2022 13:45,62.019
773,3/3/2022 14:00,62.062
774,3/3/2022 14:15,62.148
775,3/3/2022 14:30,62.148
776,3/3/2022 14:45,62.062
777,3/3/2022 15:00,61.891
778,3/3/2022 15:15,61.72
779,3/3/2022 15:30,61.547
780,3/3/2022 15:45,61.376
781,3/3/2022 16:00,61.248
782,3/3/2022 16:15,61.075
783,3/3/2022 16:30,60.861
784,3/3/2022 16:45,60.647
785,3/3/2022 17:00,60.433
786,3/3/2022 17:15,60.217
787,3/3/2022 17:30,60.003
788,3/3/2022 17:45,59.83
789,3/3/2022 18:00,59.659
790,3/3/2022 18:15,59.486
791,3/3/2022 18:30,59.401
792,3/3/2022 18:45,59.315
793,3/3/2022 19:00,59.229
794,3/3/2022 19:15,59.185
795,3/3/2022 19:30,59.315
796,3/3/2022 19:45,59.788
797,3/3/2022 20:00,60.089
798,3/3/2022 20:15,60.046
799,3/3/2022 20:30,59.916
800,3/3/2022 20:45,59.83
801,3/3/2022 21:00,59.745
802,3/3/2022 21:15,59.702
803,3/3/2022 21:30,59.659
804,3/3/2022 21:45,59.572
805,3/3/2022 22:00,59.529
806,3/3/2022 22:15,59.486
807,3/3/2022 22:30,59.486
808,3/3/2022 22:45,59.445
809,3/3/2022 23:00,59.445
810,3/3/2022 23:15,59.401
811,3/3/2022 23:30,59.401
812,3/3/2022 23:45,59.358
813,3/4/2022 0:00,59.358
814,3/4/2022 0:15,59.315
815,3/4/2022 0:30,59.315
816,3/4/2022 0:45,59.315
817,3/4/2022 1:00,59.315
818,3/4/2022 1:15,59.272
819,3/4/2022 1:30,59.272
820,3/4/2022 1:45,59.272
821,3/4/2022 2:00,59.272
822,3/4/2022 2:15,59.229
823,3/4/2022 2:30,59.229
824,3/4/2022 2:45,59.229
825,3/4/2022 3:00,59.185
826,3/4/2022 3:15,59.185
827,3/4/2022 3:30,59.185
828,3/4/2022 3:45,59.142
829,3/4/2022 4:00,59.142
830,3/4/2022 4:15,59.358
831,3/4/2022 4:30,59.83
832,3/4/2022 4:45,60.089
833,3/4/2022 5:00,60.003
834,3/4/2022 5:15,59.873
835,3/4/2022 5:30,59.745
836,3/4/2022 5:45,59.659
837,3/4/2022 6:00,59.572
838,3/4/2022 6:15,59.529
839,3/4/2022 6:30,59.445
840,3/4/2022 6:45,59.358
841,3/4/2022 7:00,59.315
842,3/4/2022 7:15,59.229
843,3/4/2022 7:30,59.185
844,3/4/2022 7:45,59.445
845,3/4/2022 8:00,59.873
846,3/4/2022 8:15,60.046
847,3/4/2022 8:30,59.916
848,3/4/2022 8:45,59.788
849,3/4/2022 9:00,59.616
850,3/4/2022 9:15,59.486
851,3/4/2022 9:30,59.358
852,3/4/2022 9:45,59.272
853,3/4/2022 10:00,59.315
854,3/4/2022 10:15,59.445
855,3/4/2022 10:30,59.616
856,3/4/2022 10:45,59.83
857,3/4/2022 11:00,60.003
858,3/4/2022 11:15,60.089
859,3/4/2022 11:30,60.217
860,3/4/2022 11:45,60.303
861,3/4/2022 12:00,60.39
862,3/4/2022 12:15,60.433
863,3/4/2022 12:30,60.474
864,3/4/2022 12:45,60.561
865,3/4/2022 13:00,60.647
866,3/4/2022 13:15,60.733
867,3/4/2022 13:30,60.818
868,3/4/2022 13:45,60.904
869,3/4/2022 14:00,60.991
870,3/4/2022 14:15,60.948
871,3/4/2022 14:30,60.733
872,3/4/2022 14:45,60.433
873,3/4/2022 15:00,60.217
874,3/4/2022 15:15,59.959
875,3/4/2022 15:30,59.745
876,3/4/2022 15:45,59.529
877,3/4/2022 16:00,59.358
878,3/4/2022 16:15,59.185
879,3/4/2022 16:30,59.315
880,3/4/2022 16:45,59.572
881,3/4/2022 17:00,59.83
882,3/4/2022 17:15,59.959
883,3/4/2022 17:30,59.745
884,3/4/2022 17:45,59.529
885,3/4/2022 18:00,59.272
886,3/4/2022 18:15,59.185
887,3/4/2022 18:30,59.486
888,3/4/2022 18:45,59.788
889,3/4/2022 19:00,60.003
890,3/4/2022 19:15,59.788
891,3/4/2022 19:30,59.486
892,3/4/2022 19:45,59.229
893,3/4/2022 20:00,59.315
894,3/4/2022 20:15,59.572
895,3/4/2022 20:30,59.873
896,3/4/2022 20:45,60.003
897,3/4/2022 21:00,59.702
898,3/4/2022 21:15,59.401
899,3/4/2022 21:30,59.142
900,3/4/2022 21:45,59.315
901,3/4/2022 22:00,59.616
902,3/4/2022 22:15,59.873
903,3/4/2022 22:30,59.959
904,3/4/2022 22:45,59.659
905,3/4/2022 23:00,59.358
906,3/4/2022 23:15,59.185
907,3/4/2022 23:30,59.401
908,3/4/2022 23:45,59.702
909,3/5/2022 0:00,59.959
910,3/5/2022 0:15,60.003
911,3/5/2022 0:30,59.745
912,3/5/2022 0:45,59.486
913,3/5/2022 1:00,59.229
914,3/5/2022 1:15,59.185
915,3/5/2022 1:30,59.401
916,3/5/2022 1:45,59.616
917,3/5/2022 2:00,59.83
918,3/5/2022 2:15,60.003
919,3/5/2022 2:30,59.83
920,3/5/2022 2:45,59.572
921,3/5/2022 3:00,59.272
922,3/5/2022 3:15,59.185
923,3/5/2022 3:30,59.358
924,3/5/2022 3:45,59.572
925,3/5/2022 4:00,59.788
926,3/5/2022 4:15,59.959
927,3/5/2022 4:30,59.83
928,3/5/2022 4:45,59.529
929,3/5/2022 5:00,59.272
930,3/5/2022 5:15,59.185
931,3/5/2022 5:30,59.401
932,3/5/2022 5:45,59.616
933,3/5/2022 6:00,59.788
934,3/5/2022 6:15,59.959
935,3/5/2022 6:30,59.916
936,3/5/2022 6:45,59.529
937,3/5/2022 7:00,59.185
938,3/5/2022 7:15,59.272
939,3/5/2022 7:30,59.486
940,3/5/2022 7:45,59.702
941,3/5/2022 8:00,59.873
942,3/5/2022 8:15,60.046
943,3/5/2022 8:30,59.873
944,3/5/2022 8:45,59.486
945,3/5/2022 9:00,59.142
946,3/5/2022 9:15,59.272
947,3/5/2022 9:30,59.486
948,3/5/2022 9:45,59.702
949,3/5/2022 10:00,59.873
950,3/5/2022 10:15,60.046
951,3/5/2022 10:30,59.788
952,3/5/2022 10:45,59.401
953,3/5/2022 11:00,59.142
954,3/5/2022 11:15,59.272
955,3/5/2022 11:30,59.529
956,3/5/2022 11:45,59.788
957,3/5/2022 12:00,59.959
958,3/5/2022 12:15,59.916
959,3/5/2022 12:30,59.616
960,3/5/2022 12:45,59.315
961,3/5/2022 13:00,59.185
962,3/5/2022 13:15,59.315
963,3/5/2022 13:30,59.572
964,3/5/2022 13:45,59.745
965,3/5/2022 14:00,59.916
966,3/5/2022 14:15,59.873
967,3/5/2022 14:30,59.616
968,3/5/2022 14:45,59.315
969,3/5/2022 15:00,59.229
970,3/5/2022 15:15,59.401
971,3/5/2022 15:30,59.659
972,3/5/2022 15:45,59.83
973,3/5/2022 16:00,60.003
974,3/5/2022 16:15,59.745
975,3/5/2022 16:30,59.486
976,3/5/2022 16:45,59.229
977,3/5/2022 17:00,59.185
978,3/5/2022 17:15,59.401
979,3/5/2022 17:30,59.659
980,3/5/2022 17:45,59.873
981,3/5/2022 18:00,59.873
982,3/5/2022 18:15,59.572
983,3/5/2022 18:30,59.272
984,3/5/2022 18:45,59.272
985,3/5/2022 19:00,59.529
986,3/5/2022 19:15,59.788
987,3/5/2022 19:30,60.003
988,3/5/2022 19:45,59.873
989,3/5/2022 20:00,59.529
990,3/5/2022 20:15,59.185
991,3/5/2022 20:30,59.229
992,3/5/2022 20:45,59.486
993,3/5/2022 21:00,59.788
994,3/5/2022 21:15,60.003
995,3/5/2022 21:30,59.873
996,3/5/2022 21:45,59.529
997,3/5/2022 22:00,59.229
998,3/5/2022 22:15,59.272
999,3/5/2022 22:30,59.486
1000,3/5/2022 22:45,59.788
1001,3/5/2022 23:00,60.046
1002,3/5/2022 23:15,59.916
1003,3/5/2022 23:30,59.659
1004,3/5/2022 23:45,59.315
1005,3/6/2022 0:00,59.272
1006,3/6/2022 0:15,59.486
1007,3/6/2022 0:30,59.745
1008,3/6/2022 0:45,59.916
1009,3/6/2022 1:00,59.873
1010,3/6/2022 1:15,59.616
1011,3/6/2022 1:30,59.358
1012,3/6/2022 1:45,59.185
1013,3/6/2022 2:00,59.358
1014,3/6/2022 2:15,59.572
1015,3/6/2022 2:30,59.788
1016,3/6/2022 2:45,59.959
1017,3/6/2022 3:00,59.745
1018,3/6/2022 3:15,59.486
1019,3/6/2022 3:30,59.229
1020,3/6/2022 3:45,59.229
1021,3/6/2022 4:00,59.445
1022,3/6/2022 4:15,59.659
1023,3/6/2022 4:30,59.873
1024,3/6/2022 4:45,59.959
1025,3/6/2022 5:00,59.702
1026,3/6/2022 5:15,59.401
1027,3/6/2022 5:30,59.185
1028,3/6/2022 5:45,59.315
1029,3/6/2022 6:00,59.572
1030,3/6/2022 6:15,59.788
1031,3/6/2022 6:30,60.003
1032,3/6/2022 6:45,59.745
1033,3/6/2022 7:00,59.401
1034,3/6/2022 7:15,59.142
1035,3/6/2022 7:30,59.272
1036,3/6/2022 7:45,59.529
1037,3/6/2022 8:00,59.745
1038,3/6/2022 8:15,59.959
1039,3/6/2022 8:30,59.959
1040,3/6/2022 8:45,59.616
1041,3/6/2022 9:00,59.229
1042,3/6/2022 9:15,59.185
1043,3/6/2022 9:30,59.401
1044,3/6/2022 9:45,59.659
1045,3/6/2022 10:00,59.873
1046,3/6/2022 10:15,60.003
1047,3/6/2022 10:30,59.83
1048,3/6/2022 10:45,59.445
1049,3/6/2022 11:00,59.142
1050,3/6/2022 11:15,59.229
1051,3/6/2022 11:30,59.572
1052,3/6/2022 11:45,59.745
1053,3/6/2022 12:00,60.003
1054,3/6/2022 12:15,59.83
1055,3/6/2022 12:30,60.132
1056,3/6/2022 12:45,60.26
1057,3/6/2022 13:00,60.346
1058,3/6/2022 13:15,60.433
1059,3/6/2022 13:30,60.517
1060,3/6/2022 13:45,60.604
1061,3/6/2022 14:00,60.69
1062,3/6/2022 14:15,60.775
1063,3/6/2022 14:30,60.861
1064,3/6/2022 14:45,60.948
1065,3/6/2022 15:00,61.032
1066,3/6/2022 15:15,60.604
1067,3/6/2022 15:30,60.003
1068,3/6/2022 15:45,59.486
1069,3/6/2022 16:00,59.099
1070,3/6/2022 16:15,59.056
1071,3/6/2022 16:30,59.142
1072,3/6/2022 16:45,59.185
1073,3/6/2022 17:00,59.185
1074,3/6/2022 17:15,59.229
1075,3/6/2022 17:30,59.272
1076,3/6/2022 17:45,59.315
1077,3/6/2022 18:00,59.358
1078,3/6/2022 18:15,59.401
1079,3/6/2022 18:30,59.445
1080,3/6/2022 18:45,59.486
1081,3/6/2022 19:00,59.529
1082,3/6/2022 19:15,59.529
1083,3/6/2022 19:30,59.572
1084,3/6/2022 19:45,59.616
1085,3/6/2022 20:00,59.659
1086,3/6/2022 20:15,59.702
1087,3/6/2022 20:30,59.745
1088,3/6/2022 20:45,59.788
1089,3/6/2022 21:00,59.788
1090,3/6/2022 21:15,59.83
1091,3/6/2022 21:30,59.83
1092,3/6/2022 21:45,59.83
1093,3/6/2022 22:00,59.83
1094,3/6/2022 22:15,59.873
1095,3/6/2022 22:30,59.873
1096,3/6/2022 22:45,59.873
1097,3/6/2022 23:00,59.873
1098,3/6/2022 23:15,59.873
1099,3/6/2022 23:30,59.873
1100,3/6/2022 23:45,59.873
1101,3/7/2022 0:00,59.873
1102,3/7/2022 0:15,59.873
1103,3/7/2022 0:30,59.83
1104,3/7/2022 0:45,59.83
1105,3/7/2022 1:00,59.83
1106,3/7/2022 1:15,59.873
1107,3/7/2022 1:30,59.916
1108,3/7/2022 1:45,59.916
1109,3/7/2022 2:00,59.873
1110,3/7/2022 2:15,59.873
1111,3/7/2022 2:30,59.83
1112,3/7/2022 2:45,59.788
1113,3/7/2022 3:00,59.745
1114,3/7/2022 3:15,59.745
1115,3/7/2022 3:30,59.702
1116,3/7/2022 3:45,59.659
1117,3/7/2022 4:00,59.659
1118,3/7/2022 4:15,59.616
1119,3/7/2022 4:30,59.572
1120,3/7/2022 4:45,59.572
1121,3/7/2022 5:00,59.529
1122,3/7/2022 5:15,59.486
1123,3/7/2022 5:30,59.486
1124,3/7/2022 5:45,59.486
1125,3/7/2022 6:00,59.445
1126,3/7/2022 6:15,59.401
1127,3/7/2022 6:30,59.401
1128,3/7/2022 6:45,59.358
1129,3/7/2022 7:00,59.358
1130,3/7/2022 7:15,59.272
1131,3/7/2022 7:30,59.272
1132,3/7/2022 7:45,59.272
1133,3/7/2022 8:00,59.229
1134,3/7/2022 8:15,59.229
1135,3/7/2022 8:30,59.272
1136,3/7/2022 8:45,59.229
1137,3/7/2022 9:00,59.229
1138,3/7/2022 9:15,59.229
1139,3/7/2022 9:30,59.229
1140,3/7/2022 9:45,59.185
1141,3/7/2022 10:00,59.185
1142,3/7/2022 10:15,59.185
1143,3/7/2022 10:30,59.185
1144,3/7/2022 10:45,59.142
1145,3/7/2022 11:00,59.185
1146,3/7/2022 11:15,59.185
1147,3/7/2022 11:30,59.229
1148,3/7/2022 11:45,59.185
1149,3/7/2022 12:00,59.185
1150,3/7/2022 12:15,59.229
1151,3/7/2022 12:30,59.185
1152,3/7/2022 12:45,59.229
1153,3/7/2022 13:00,59.272
1154,3/7/2022 13:15,59.659
1155,3/7/2022 13:30,60.26
1156,3/7/2022 13:45,60.39
1157,3/7/2022 14:00,60.474
1158,3/7/2022 14:15,60.561
1159,3/7/2022 14:30,60.647
1160,3/7/2022 14:45,60.733
1161,3/7/2022 15:00,60.818
1162,3/7/2022 15:15,60.904
1163,3/7/2022 15:30,60.991
1164,3/7/2022 15:45,61.075
1165,3/7/2022 16:00,61.162
1166,3/7/2022 16:15,61.205
1167,3/7/2022 16:30,61.205
1168,3/7/2022 16:45,61.162
1169,3/7/2022 17:00,61.119
1170,3/7/2022 17:15,61.032
1171,3/7/2022 17:30,60.948
1172,3/7/2022 17:45,60.904
1173,3/7/2022 18:00,60.818
1174,3/7/2022 18:15,60.775
1175,3/7/2022 18:30,60.69
1176,3/7/2022 18:45,60.647
1177,3/7/2022 19:00,60.604
1178,3/7/2022 19:15,60.561
1179,3/7/2022 19:30,60.474
1180,3/7/2022 19:45,60.433
1181,3/7/2022 20:00,60.39
1182,3/7/2022 20:15,60.346
1183,3/7/2022 20:30,60.26
1184,3/7/2022 20:45,60.217
1185,3/7/2022 21:00,60.174
1186,3/7/2022 21:15,60.132
1187,3/7/2022 21:30,60.089
1188,3/7/2022 21:45,60.046
1189,3/7/2022 22:00,60.003
1190,3/7/2022 22:15,59.959
1191,3/7/2022 22:30,59.916
1192,3/7/2022 22:45,59.916
1193,3/7/2022 23:00,59.873
1194,3/7/2022 23:15,59.83
1195,3/7/2022 23:30,59.788
1196,3/7/2022 23:45,59.788
1197,3/8/2022 0:00,59.745
1198,3/8/2022 0:15,59.745
1199,3/8/2022 0:30,59.702
1200,3/8/2022 0:45,59.702
1201,3/8/2022 1:00,59.659
1202,3/8/2022 1:15,59.659
1203,3/8/2022 1:30,59.659
1204,3/8/2022 1:45,59.702
1205,3/8/2022 2:00,59.702
1206,3/8/2022 2:15,59.702
1207,3/8/2022 2:30,59.702
1208,3/8/2022 2:45,59.702
1209,3/8/2022 3:00,59.745
1210,3/8/2022 3:15,59.745
1211,3/8/2022 3:30,59.745
1212,3/8/2022 3:45,59.745
1213,3/8/2022 4:00,59.745
1214,3/8/2022 4:15,59.745
1215,3/8/2022 4:30,59.745
1216,3/8/2022 4:45,59.745
1217,3/8/2022 5:00,59.745
1218,3/8/2022 5:15,59.745
1219,3/8/2022 5:30,59.745
1220,3/8/2022 5:45,59.745
1221,3/8/2022 6:00,59.745
1222,3/8/2022 6:15,59.745
1223,3/8/2022 6:30,59.745
1224,3/8/2022 6:45,59.702
1225,3/8/2022 7:00,59.702
1226,3/8/2022 7:15,59.702
1227,3/8/2022 7:30,59.702
1228,3/8/2022 7:45,59.659
1229,3/8/2022 8:00,59.659
1230,3/8/2022 8:15,59.616
1231,3/8/2022 8:30,59.572
1232,3/8/2022 8:45,59.572
1233,3/8/2022 9:00,59.529
1234,3/8/2022 9:15,59.486
1235,3/8/2022 9:30,59.486
1236,3/8/2022 9:45,59.486
1237,3/8/2022 10:00,59.445
1238,3/8/2022 10:15,59.401
1239,3/8/2022 10:30,59.401
1240,3/8/2022 10:45,59.401
1241,3/8/2022 11:00,59.358
1242,3/8/2022 11:15,59.358
1243,3/8/2022 11:30,59.358
1244,3/8/2022 11:45,59.315
1245,3/8/2022 12:00,59.272
1246,3/8/2022 12:15,59.185
1247,3/8/2022 12:30,59.142
1248,3/8/2022 12:45,59.486
1249,3/8/2022 13:00,60.003
1250,3/8/2022 13:15,60.517
1251,3/8/2022 13:30,60.69
1252,3/8/2022 13:45,60.733
1253,3/8/2022 14:00,60.818
1254,3/8/2022 14:15,60.904
1255,3/8/2022 14:30,60.991
1256,3/8/2022 14:45,61.075
1257,3/8/2022 15:00,61.119
1258,3/8/2022 15:15,61.205
1259,3/8/2022 15:30,61.29
1260,3/8/2022 15:45,61.376
1261,3/8/2022 16:00,61.419
1262,3/8/2022 16:15,61.419
1263,3/8/2022 16:30,61.162
1264,3/8/2022 16:45,60.818
1265,3/8/2022 17:00,60.474
1266,3/8/2022 17:15,60.132
1267,3/8/2022 17:30,59.83
1268,3/8/2022 17:45,59.572
1269,3/8/2022 18:00,59.358
1270,3/8/2022 18:15,59.185
1271,3/8/2022 18:30,59.315
1272,3/8/2022 18:45,59.572
1273,3/8/2022 19:00,59.83
1274,3/8/2022 19:15,60.003
1275,3/8/2022 19:30,59.83
1276,3/8/2022 19:45,59.529
1277,3/8/2022 20:00,59.272
1278,3/8/2022 20:15,59.272
1279,3/8/2022 20:30,59.529
1280,3/8/2022 20:45,59.788
1281,3/8/2022 21:00,60.003
1282,3/8/2022 21:15,59.873
1283,3/8/2022 21:30,59.572
1284,3/8/2022 21:45,59.315
1285,3/8/2022 22:00,59.229
1286,3/8/2022 22:15,59.486
1287,3/8/2022 22:30,59.745
1288,3/8/2022 22:45,60.003
1289,3/8/2022 23:00,59.873
1290,3/8/2022 23:15,59.572
1291,3/8/2022 23:30,59.315
1292,3/8/2022 23:45,59.185
1293,3/9/2022 0:00,59.401
1294,3/9/2022 0:15,59.702
1295,3/9/2022 0:30,60.003
1296,3/9/2022 0:45,59.916
1297,3/9/2022 1:00,59.659
1298,3/9/2022 1:15,59.445
1299,3/9/2022 1:30,59.272
1300,3/9/2022 1:45,59.185
1301,3/9/2022 2:00,59.401
1302,3/9/2022 2:15,59.659
1303,3/9/2022 2:30,59.873
1304,3/9/2022 2:45,59.959
1305,3/9/2022 3:00,59.745
1306,3/9/2022 3:15,59.486
1307,3/9/2022 3:30,59.272
1308,3/9/2022 3:45,59.229
1309,3/9/2022 4:00,59.401
1310,3/9/2022 4:15,59.659
1311,3/9/2022 4:30,59.873
1312,3/9/2022 4:45,60.003
1313,3/9/2022 5:00,59.788
1314,3/9/2022 5:15,59.529
1315,3/9/2022 5:30,59.272
1316,3/9/2022 5:45,59.229
1317,3/9/2022 6:00,59.401
1318,3/9/2022 6:15,59.616
1319,3/9/2022 6:30,59.83
1320,3/9/2022 6:45,59.959
1321,3/9/2022 7:00,59.702
1322,3/9/2022 7:15,59.358
1323,3/9/2022 7:30,59.229
1324,3/9/2022 7:45,59.401
1325,3/9/2022 8:00,59.616
1326,3/9/2022 8:15,59.83
1327,3/9/2022 8:30,60.003
1328,3/9/2022 8:45,59.873
1329,3/9/2022 9:00,59.529
1330,3/9/2022 9:15,59.185
1331,3/9/2022 9:30,59.229
1332,3/9/2022 9:45,59.445
1333,3/9/2022 10:00,59.659
1334,3/9/2022 10:15,59.83
1335,3/9/2022 10:30,60.003
1336,3/9/2022 10:45,59.873
1337,3/9/2022 11:00,59.486
1338,3/9/2022 11:15,59.142
1339,3/9/2022 11:30,59.185
1340,3/9/2022 11:45,59.315
1341,3/9/2022 12:00,59.445
1342,3/9/2022 12:15,59.616
1343,3/9/2022 12:30,59.788
1344,3/9/2022 12:45,60.003
1345,3/9/2022 13:00,60.517
1346,3/9/2022 13:15,60.69
1347,3/9/2022 13:30,60.69
1348,3/9/2022 13:45,60.69
1349,3/9/2022 14:00,60.69
1350,3/9/2022 14:15,60.733
1351,3/9/2022 14:30,60.733
1352,3/9/2022 14:45,60.775
1353,3/9/2022 15:00,60.775
1354,3/9/2022 15:15,60.775
1355,3/9/2022 15:30,60.775
1356,3/9/2022 15:45,60.818
1357,3/9/2022 16:00,60.818
1358,3/9/2022 16:15,60.861
1359,3/9/2022 16:30,60.861
1360,3/9/2022 16:45,60.904
1361,3/9/2022 17:00,60.904
1362,3/9/2022 17:15,60.948
1363,3/9/2022 17:30,60.948
1364,3/9/2022 17:45,60.948
1365,3/9/2022 18:00,60.991
1366,3/9/2022 18:15,61.032
1367,3/9/2022 18:30,61.032
1368,3/9/2022 18:45,61.075
1369,3/9/2022 19:00,61.119
1370,3/9/2022 19:15,61.119
1371,3/9/2022 19:30,61.162
1372,3/9/2022 19:45,61.205
1373,3/9/2022 20:00,61.205
1374,3/9/2022 20:15,61.248
1375,3/9/2022 20:30,61.29
1376,3/9/2022 20:45,61.29
1377,3/9/2022 21:00,61.29
1378,3/9/2022 21:15,61.333
1379,3/9/2022 21:30,61.376
1380,3/9/2022 21:45,61.376
1381,3/9/2022 22:00,61.419
1382,3/9/2022 22:15,61.462
1383,3/9/2022 22:30,61.462
1384,3/9/2022 22:45,61.506
1385,3/9/2022 23:00,61.506
1386,3/9/2022 23:15,61.547
1387,3/9/2022 23:30,61.547
1388,3/9/2022 23:45,61.59
1389,3/10/2022 0:00,61.59
1390,3/10/2022 0:15,61.633
1391,3/10/2022 0:30,61.633
1392,3/10/2022 0:45,61.677
1393,3/10/2022 1:00,61.72
1394,3/10/2022 1:15,61.72
1395,3/10/2022 1:30,61.761
1396,3/10/2022 1:45,61.804
1397,3/10/2022 2:00,61.804
1398,3/10/2022 2:15,61.848
1399,3/10/2022 2:30,61.891
1400,3/10/2022 2:45,61.891
1401,3/10/2022 3:00,61.934
1402,3/10/2022 3:15,61.977
1403,3/10/2022 3:30,61.977
1404,3/10/2022 3:45,62.019
1405,3/10/2022 4:00,62.062
1406,3/10/2022 4:15,62.062
1407,3/10/2022 4:30,62.105
1408,3/10/2022 4:45,62.105
1409,3/10/2022 5:00,62.148
1410,3/10/2022 5:15,62.148
1411,3/10/2022 5:30,62.191
1412,3/10/2022 5:45,62.191
1413,3/10/2022 6:00,62.233
1414,3/10/2022 6:15,62.233
1415,3/10/2022 6:30,62.276
1416,3/10/2022 6:45,62.319
1417,3/10/2022 7:00,62.319
1418,3/10/2022 7:15,62.362
1419,3/10/2022 7:30,62.362
1420,3/10/2022 7:45,62.406
1421,3/10/2022 8:00,62.406
1422,3/10/2022 8:15,62.406
1423,3/10/2022 8:30,62.447
1424,3/10/2022 8:45,62.447
1425,3/10/2022 9:00,62.447
1426,3/10/2022 9:15,62.447
1427,3/10/2022 9:30,62.49
1428,3/10/2022 9:45,62.49
1429,3/10/2022 10:00,62.49
1430,3/10/2022 10:15,62.49
1431,3/10/2022 10:30,62.49
1432,3/10/2022 10:45,62.49
1433,3/10/2022 11:00,62.49
1434,3/10/2022 11:15,62.49
1435,3/10/2022 11:30,62.406
1436,3/10/2022 11:45,61.761
1437,3/10/2022 12:00,61.162
1438,3/10/2022 12:15,60.647
1439,3/10/2022 12:30,60.26
1440,3/10/2022 12:45,59.873
1441,3/10/2022 13:00,59.659
1442,3/10/2022 13:15,59.745
1443,3/10/2022 13:30,60.132
1444,3/10/2022 13:45,60.26
1445,3/10/2022 14:00,60.346
1446,3/10/2022 14:15,60.433
1447,3/10/2022 14:30,60.517
1448,3/10/2022 14:45,60.647
1449,3/10/2022 15:00,60.733
1450,3/10/2022 15:15,60.775
1451,3/10/2022 15:30,60.861
1452,3/10/2022 15:45,60.948
1453,3/10/2022 16:00,61.032
1454,3/10/2022 16:15,61.119
1455,3/10/2022 16:30,61.119
1456,3/10/2022 16:45,60.861
1457,3/10/2022 17:00,60.604
1458,3/10/2022 17:15,60.346
1459,3/10/2022 17:30,60.089
1460,3/10/2022 17:45,59.873
1461,3/10/2022 18:00,59.788
1462,3/10/2022 18:15,59.659
1463,3/10/2022 18:30,59.572
1464,3/10/2022 18:45,59.445
1465,3/10/2022 19:00,59.358
1466,3/10/2022 19:15,59.401
1467,3/10/2022 19:30,59.702
1468,3/10/2022 19:45,60.046
1469,3/10/2022 20:00,60.089
1470,3/10/2022 20:15,59.873
1471,3/10/2022 20:30,59.702
1472,3/10/2022 20:45,59.529
1473,3/10/2022 21:00,59.358
1474,3/10/2022 21:15,59.315
1475,3/10/2022 21:30,59.572
1476,3/10/2022 21:45,59.916
1477,3/10/2022 22:00,60.003
1478,3/10/2022 22:15,59.83
1479,3/10/2022 22:30,59.659
1480,3/10/2022 22:45,59.529
1481,3/10/2022 23:00,59.315
1482,3/10/2022 23:15,59.358
1483,3/10/2022 23:30,59.659
1484,3/10/2022 23:45,59.959
1485,3/11/2022 0:00,60.089
1486,3/11/2022 0:15,59.873
1487,3/11/2022 0:30,59.659
1488,3/11/2022 0:45,59.486
1489,3/11/2022 1:00,59.315
1490,3/11/2022 1:15,59.229
1491,3/11/2022 1:30,59.185
1492,3/11/2022 1:45,59.358
1493,3/11/2022 2:00,59.659
1494,3/11/2022 2:15,59.916
1495,3/11/2022 2:30,59.916
1496,3/11/2022 2:45,59.788
1497,3/11/2022 3:00,59.616
1498,3/11/2022 3:15,59.486
1499,3/11/2022 3:30,59.358
1500,3/11/2022 3:45,59.229
1501,3/11/2022 4:00,59.185
1502,3/11/2022 4:15,59.401
1503,3/11/2022 4:30,59.702
1504,3/11/2022 4:45,59.959
1505,3/11/2022 5:00,59.916
1506,3/11/2022 5:15,59.745
1507,3/11/2022 5:30,59.572
1508,3/11/2022 5:45,59.445
1509,3/11/2022 6:00,59.315
1510,3/11/2022 6:15,59.229
1511,3/11/2022 6:30,59.401
1512,3/11/2022 6:45,59.702
1513,3/11/2022 7:00,59.959
1514,3/11/2022 7:15,60.003
1515,3/11/2022 7:30,59.788
1516,3/11/2022 7:45,59.616
1517,3/11/2022 8:00,59.486
1518,3/11/2022 8:15,59.401
1519,3/11/2022 8:30,59.616
1520,3/11/2022 8:45,59.916
1521,3/11/2022 9:00,60.089
1522,3/11/2022 9:15,59.916
1523,3/11/2022 9:30,59.702
1524,3/11/2022 9:45,59.445
1525,3/11/2022 10:00,59.358
1526,3/11/2022 10:15,59.486
1527,3/11/2022 10:30,59.788
1528,3/11/2022 10:45,60.003
1529,3/11/2022 11:00,59.873
1530,3/11/2022 11:15,59.616
1531,3/11/2022 11:30,59.401
1532,3/11/2022 11:45,59.401
1533,3/11/2022 12:00,59.572
1534,3/11/2022 12:15,59.916
1535,3/11/2022 12:30,60.046
1536,3/11/2022 12:45,59.916
1537,3/11/2022 13:00,59.745
1538,3/11/2022 13:15,59.83
1539,3/11/2022 13:30,59.959
1540,3/11/2022 13:45,60.089
1541,3/11/2022 14:00,60.174
1542,3/11/2022 14:15,60.26
1543,3/11/2022 14:30,60.39
1544,3/11/2022 14:45,60.474
1545,3/11/2022 15:00,60.561
1546,3/11/2022 15:15,60.647
1547,3/11/2022 15:30,60.733
1548,3/11/2022 15:45,60.818
1549,3/11/2022 16:00,60.904
1550,3/11/2022 16:15,60.991
1551,3/11/2022 16:30,61.075
1552,3/11/2022 16:45,61.162
1553,3/11/2022 17:00,61.248
1554,3/11/2022 17:15,61.333
1555,3/11/2022 17:30,61.376
1556,3/11/2022 17:45,61.462
1557,3/11/2022 18:00,61.506
1558,3/11/2022 18:15,61.547
1559,3/11/2022 18:30,61.633
1560,3/11/2022 18:45,61.677
1561,3/11/2022 19:00,61.72
1562,3/11/2022 19:15,61.761
1563,3/11/2022 19:30,61.804
1564,3/11/2022 19:45,61.804
1565,3/11/2022 20:00,61.848
1566,3/11/2022 20:15,61.891
1567,3/11/2022 20:30,61.934
1568,3/11/2022 20:45,61.977
1569,3/11/2022 21:00,61.977
1570,3/11/2022 21:15,62.019
1571,3/11/2022 21:30,62.062
1572,3/11/2022 21:45,62.105
1573,3/11/2022 22:00,62.105
1574,3/11/2022 22:15,62.148
1575,3/11/2022 22:30,62.191
1576,3/11/2022 22:45,62.191
1577,3/11/2022 23:00,62.233
1578,3/11/2022 23:15,62.276
1579,3/11/2022 23:30,62.276
1580,3/11/2022 23:45,62.319
1581,3/12/2022 0:00,62.362
1582,3/12/2022 0:15,62.406
1583,3/12/2022 0:30,62.406
1584,3/12/2022 0:45,62.447
1585,3/12/2022 1:00,62.49
1586,3/12/2022 1:15,62.533
1587,3/12/2022 1:30,62.577
1588,3/12/2022 1:45,62.62
1589,3/12/2022 2:00,62.62
1590,3/12/2022 2:15,62.661
1591,3/12/2022 2:30,62.704
1592,3/12/2022 2:45,62.748
1593,3/12/2022 3:00,62.748
1594,3/12/2022 3:15,62.791
1595,3/12/2022 3:30,62.834
1596,3/12/2022 3:45,62.834
1597,3/12/2022 4:00,62.875
1598,3/12/2022 4:15,62.875
1599,3/12/2022 4:30,62.919
1600,3/12/2022 4:45,62.919
1601,3/12/2022 5:00,62.962
1602,3/12/2022 5:15,63.005
1603,3/12/2022 5:30,63.005
1604,3/12/2022 5:45,63.048
1605,3/12/2022 6:00,63.048
1606,3/12/2022 6:15,63.09
1607,3/12/2022 6:30,63.09
1608,3/12/2022 6:45,63.133
1609,3/12/2022 7:00,63.133
1610,3/12/2022 7:15,63.176
1611,3/12/2022 7:30,63.176
1612,3/12/2022 7:45,63.176
1613,3/12/2022 8:00,63.219
1614,3/12/2022 8:15,63.219
1615,3/12/2022 8:30,63.219
1616,3/12/2022 8:45,63.262
1617,3/12/2022 9:00,63.262
1618,3/12/2022 9:15,63.262
1619,3/12/2022 9:30,63.262
1620,3/12/2022 9:45,63.262
1621,3/12/2022 10:00,63.304
1622,3/12/2022 10:15,63.304
1623,3/12/2022 10:30,63.304
1624,3/12/2022 10:45,63.347
1625,3/12/2022 11:00,63.347
1626,3/12/2022 11:15,63.347
1627,3/12/2022 11:30,63.347
1628,3/12/2022 11:45,63.262
1629,3/12/2022 12:00,59.358
1630,3/12/2022 12:15,59.014
1631,3/12/2022 12:30,59.572
1632,3/12/2022 12:45,59.916
1633,3/12/2022 13:00,60.003
1634,3/12/2022 13:15,60.003
1635,3/12/2022 13:30,60.003
1636,3/12/2022 13:45,60.003
1637,3/12/2022 14:00,60.003
1638,3/12/2022 14:15,60.003
1639,3/12/2022 14:30,60.003
1640,3/12/2022 14:45,60.003
1641,3/12/2022 15:00,60.046
1642,3/12/2022 15:15,60.046
1643,3/12/2022 15:30,60.046
1644,3/12/2022 15:45,60.089
1645,3/12/2022 16:00,60.089
1646,3/12/2022 16:15,60.089
1647,3/12/2022 16:30,60.089
1648,3/12/2022 16:45,60.132
1649,3/12/2022 17:00,60.132
1650,3/12/2022 17:15,60.132
1651,3/12/2022 17:30,60.174
1652,3/12/2022 17:45,60.174
1653,3/12/2022 18:00,60.174
1654,3/12/2022 18:15,60.174
1655,3/12/2022 18:30,60.174
1656,3/12/2022 18:45,60.174
1657,3/12/2022 19:00,60.174
1658,3/12/2022 19:15,60.174
1659,3/12/2022 19:30,60.174
1660,3/12/2022 19:45,60.174
1661,3/12/2022 20:00,60.174
1662,3/12/2022 20:15,60.174
1663,3/12/2022 20:30,60.174
1664,3/12/2022 20:45,60.174
1665,3/12/2022 21:00,60.174
1666,3/12/2022 21:15,60.132
1667,3/12/2022 21:30,60.132
1668,3/12/2022 21:45,60.132
1669,3/12/2022 22:00,60.089
1670,3/12/2022 22:15,60.132
1671,3/12/2022 22:30,60.089
1672,3/12/2022 22:45,60.089
1673,3/12/2022 23:00,60.089
1674,3/12/2022 23:15,60.046
1675,3/12/2022 23:30,60.046
1676,3/12/2022 23:45,60.046
1677,3/13/2022 0:00,60.089
1678,3/13/2022 0:15,60.089
1679,3/13/2022 0:30,60.089
1680,3/13/2022 0:45,60.089
1681,3/13/2022 1:00,60.132
1682,3/13/2022 1:15,60.132
1683,3/13/2022 1:30,60.174
1684,3/13/2022 1:45,60.174
1685,3/13/2022 2:00,60.174
1686,3/13/2022 2:15,60.174
1687,3/13/2022 2:30,60.217
1688,3/13/2022 2:45,60.217
1689,3/13/2022 3:00,60.217
1690,3/13/2022 3:15,60.217
1691,3/13/2022 3:30,60.26
1692,3/13/2022 3:45,60.26
1693,3/13/2022 4:00,60.26
1694,3/13/2022 4:15,60.26
1695,3/13/2022 4:30,60.26
1696,3/13/2022 4:45,60.26
1697,3/13/2022 5:00,60.26
1698,3/13/2022 5:15,60.303
1699,3/13/2022 5:30,60.303
1700,3/13/2022 5:45,60.303
1701,3/13/2022 6:00,60.303
1702,3/13/2022 6:15,60.303
1703,3/13/2022 6:30,60.303
1704,3/13/2022 6:45,60.303
1705,3/13/2022 7:00,60.303
1706,3/13/2022 7:15,60.303
1707,3/13/2022 7:30,60.303
1708,3/13/2022 7:45,60.303
1709,3/13/2022 8:00,60.26
1710,3/13/2022 8:15,60.26
1711,3/13/2022 8:30,60.26
1712,3/13/2022 8:45,60.26
1713,3/13/2022 9:00,60.26
1714,3/13/2022 9:15,60.26
1715,3/13/2022 9:30,60.26
1716,3/13/2022 9:45,60.217
1717,3/13/2022 10:00,60.217
1718,3/13/2022 10:15,60.26
1719,3/13/2022 10:30,60.26
1720,3/13/2022 10:45,60.26
1721,3/13/2022 11:00,60.217
1722,3/13/2022 11:15,60.089
1723,3/13/2022 11:30,60.046
1724,3/13/2022 11:45,60.132
1725,3/13/2022 12:00,60.174
1726,3/13/2022 12:15,60.303
1727,3/13/2022 12:30,60.39
1728,3/13/2022 12:45,60.517
1729,3/13/2022 13:00,60.604
1730,3/13/2022 13:15,60.733
1731,3/13/2022 13:30,60.818
1732,3/13/2022 13:45,61.075
1733,3/13/2022 14:00,61.205
1734,3/13/2022 14:15,61.29
1735,3/13/2022 14:30,61.376
1736,3/13/2022 14:45,61.462
1737,3/13/2022 15:00,61.59
1738,3/13/2022 15:15,61.677
1739,3/13/2022 15:30,61.761
1740,3/13/2022 15:45,61.848
1741,3/13/2022 16:00,61.934
1742,3/13/2022 16:15,62.019
1743,3/13/2022 16:30,62.105
1744,3/13/2022 16:45,62.105
1745,3/13/2022 17:00,61.977
1746,3/13/2022 17:15,61.804
1747,3/13/2022 17:30,61.59
1748,3/13/2022 17:45,61.419
1749,3/13/2022 18:00,61.248
1750,3/13/2022 18:15,61.119
1751,3/13/2022 18:30,60.948
1752,3/13/2022 18:45,60.818
1753,3/13/2022 19:00,60.69
1754,3/13/2022 19:15,60.604
1755,3/13/2022 19:30,60.474
1756,3/13/2022 19:45,60.39
1757,3/13/2022 20:00,60.26
1758,3/13/2022 20:15,60.132
1759,3/13/2022 20:30,60.046
1760,3/13/2022 20:45,59.959
1761,3/13/2022 21:00,59.916
1762,3/13/2022 21:15,59.83
1763,3/13/2022 21:30,59.745
1764,3/13/2022 21:45,59.702
1765,3/13/2022 22:00,59.616
1766,3/13/2022 22:15,59.572
1767,3/13/2022 22:30,59.486
1768,3/13/2022 22:45,59.445
1769,3/13/2022 23:00,59.401
1770,3/13/2022 23:15,59.358
1771,3/13/2022 23:30,59.315
1772,3/13/2022 23:45,59.272
1773,3/14/2022 0:00,59.229
1774,3/14/2022 0:15,59.185
1775,3/14/2022 0:30,59.142
1776,3/14/2022 0:45,59.315
1777,3/14/2022 1:00,59.659
1778,3/14/2022 1:15,59.959
1779,3/14/2022 1:30,59.959
1780,3/14/2022 1:45,59.916
1781,3/14/2022 2:00,59.788
1782,3/14/2022 2:15,59.659
1783,3/14/2022 2:30,59.572
1784,3/14/2022 2:45,59.486
1785,3/14/2022 3:00,59.445
1786,3/14/2022 3:15,59.358
1787,3/14/2022 3:30,59.272
1788,3/14/2022 3:45,59.229
1789,3/14/2022 4:00,59.142
1790,3/14/2022 4:15,59.229
1791,3/14/2022 4:30,59.572
1792,3/14/2022 4:45,59.873
1793,3/14/2022 5:00,59.959
1794,3/14/2022 5:15,59.873
1795,3/14/2022 5:30,59.745
1796,3/14/2022 5:45,59.659
1797,3/14/2022 6:00,59.529
1798,3/14/2022 6:15,59.401
1799,3/14/2022 6:30,59.315
1800,3/14/2022 6:45,59.229
1801,3/14/2022 7:00,59.185
1802,3/14/2022 7:15,59.358
1803,3/14/2022 7:30,59.702
1804,3/14/2022 7:45,59.959
1805,3/14/2022 8:00,59.959
1806,3/14/2022 8:15,59.83
1807,3/14/2022 8:30,59.702
1808,3/14/2022 8:45,59.529
1809,3/14/2022 9:00,59.358
1810,3/14/2022 9:15,59.315
1811,3/14/2022 9:30,59.358
1812,3/14/2022 9:45,59.486
1813,3/14/2022 10:00,59.616
1814,3/14/2022 10:15,59.745
1815,3/14/2022 10:30,59.873
1816,3/14/2022 10:45,60.089
1817,3/14/2022 11:00,60.561
1818,3/14/2022 11:15,61.162
1819,3/14/2022 11:30,61.891
1820,3/14/2022 11:45,62.233
1821,3/14/2022 12:00,62.533
1822,3/14/2022 12:15,63.39
1823,3/14/2022 12:30,64.117
1824,3/14/2022 12:45,64.717
1825,3/14/2022 13:00,65.273
1826,3/14/2022 13:15,65.829
1827,3/14/2022 13:30,66.344
1828,3/14/2022 13:45,66.772
1829,3/14/2022 14:00,66.943
1830,3/14/2022 14:15,67.028
1831,3/14/2022 14:30,67.114
1832,3/14/2022 14:45,67.158
1833,3/14/2022 15:00,67.071
1834,3/14/2022 15:15,67.158
1835,3/14/2022 15:30,67.199
1836,3/14/2022 15:45,67.028
1837,3/14/2022 16:00,67.199
1838,3/14/2022 16:15,67.413
1839,3/14/2022 16:30,67.627
1840,3/14/2022 16:45,67.798
1841,3/14/2022 17:00,67.798
1842,3/14/2022 17:15,67.798
1843,3/14/2022 17:30,67.842
1844,3/14/2022 17:45,67.798
1845,3/14/2022 18:00,67.798
1846,3/14/2022 18:15,67.798
1847,3/14/2022 18:30,67.757
1848,3/14/2022 18:45,67.714
1849,3/14/2022 19:00,67.671
1850,3/14/2022 19:15,67.671
1851,3/14/2022 19:30,67.627
1852,3/14/2022 19:45,67.586
1853,3/14/2022 20:00,67.586
1854,3/14/2022 20:15,67.586
1855,3/14/2022 20:30,67.543
1856,3/14/2022 20:45,67.543
1857,3/14/2022 21:00,67.543
1858,3/14/2022 21:15,67.5
1859,3/14/2022 21:30,67.5
1860,3/14/2022 21:45,67.456
1861,3/14/2022 22:00,67.456
1862,3/14/2022 22:15,67.413
1863,3/14/2022 22:30,67.413
1864,3/14/2022 22:45,67.413
1865,3/14/2022 23:00,67.372
1866,3/14/2022 23:15,67.372
1867,3/14/2022 23:30,67.372
1868,3/14/2022 23:45,67.372
1869,3/15/2022 0:00,67.329
1870,3/15/2022 0:15,67.329
1871,3/15/2022 0:30,67.329
1872,3/15/2022 0:45,67.285
1873,3/15/2022 1:00,67.285
1874,3/15/2022 1:15,67.285
1875,3/15/2022 1:30,67.329
1876,3/15/2022 1:45,67.329
1877,3/15/2022 2:00,67.329
1878,3/15/2022 2:15,67.372
1879,3/15/2022 2:30,67.329
1880,3/15/2022 2:45,67.329
1881,3/15/2022 3:00,67.329
1882,3/15/2022 3:15,67.285
1883,3/15/2022 3:30,67.329
1884,3/15/2022 3:45,67.285
1885,3/15/2022 4:00,67.285
1886,3/15/2022 4:15,67.285
1887,3/15/2022 4:30,67.285
1888,3/15/2022 4:45,67.329
1889,3/15/2022 5:00,67.329
1890,3/15/2022 5:15,67.329
1891,3/15/2022 5:30,67.329
1892,3/15/2022 5:45,67.329
1893,3/15/2022 6:00,67.285
1894,3/15/2022 6:15,67.285
1895,3/15/2022 6:30,67.5
1896,3/15/2022 6:45,67.798
1897,3/15/2022 7:00,67.928
1898,3/15/2022 7:15,67.928
1899,3/15/2022 7:30,67.928
1900,3/15/2022 7:45,67.928
1901,3/15/2022 8:00,67.971
1902,3/15/2022 8:15,67.971
1903,3/15/2022 8:30,67.971
1904,3/15/2022 8:45,67.971
1905,3/15/2022 9:00,67.928
1906,3/15/2022 9:15,67.928
1907,3/15/2022 9:30,67.928
1908,3/15/2022 9:45,67.928
1909,3/15/2022 10:00,67.627
1910,3/15/2022 10:15,67.757
1911,3/15/2022 10:30,67.798
1912,3/15/2022 10:45,67.798
1913,3/15/2022 11:00,67.798
1914,3/15/2022 11:15,67.798
1915,3/15/2022 11:30,67.842
1916,3/15/2022 11:45,67.842
1917,3/15/2022 12:00,67.885
1918,3/15/2022 12:15,67.885
1919,3/15/2022 12:30,67.885
1920,3/15/2022 12:45,67.885
1921,3/15/2022 13:00,67.798
1922,3/15/2022 13:15,67.714
1923,3/15/2022 13:30,67.627
1924,3/15/2022 13:45,67.543
1925,3/15/2022 14:00,67.456
1926,3/15/2022 14:15,67.372
1927,3/15/2022 14:30,67.285
1928,3/15/2022 14:45,67.199
1929,3/15/2022 15:00,67.114
1930,3/15/2022 15:15,67.071
1931,3/15/2022 15:30,66.985
1932,3/15/2022 15:45,66.943
1933,3/15/2022 16:00,66.857
1934,3/15/2022 16:15,66.772
1935,3/15/2022 16:30,66.686
1936,3/15/2022 16:45,66.558
1937,3/15/2022 17:00,66.429
1938,3/15/2022 17:15,66.344
1939,3/15/2022 17:30,66.258
1940,3/15/2022 17:45,66.13
1941,3/15/2022 18:00,66.043
1942,3/15/2022 18:15,66
1943,3/15/2022 18:30,65.959
1944,3/15/2022 18:45,65.916
1945,3/15/2022 19:00,65.916
1946,3/15/2022 19:15,65.872
1947,3/15/2022 19:30,65.829
1948,3/15/2022 19:45,65.745
1949,3/15/2022 20:00,65.701
1950,3/15/2022 20:15,65.658
1951,3/15/2022 20:30,65.615
1952,3/15/2022 20:45,65.574
1953,3/15/2022 21:00,65.53
1954,3/15/2022 21:15,65.487
1955,3/15/2022 21:30,65.487
1956,3/15/2022 21:45,65.487
1957,3/15/2022 22:00,65.444
1958,3/15/2022 22:15,65.444
1959,3/15/2022 22:30,65.53
1960,3/15/2022 22:45,65.745
1961,3/15/2022 23:00,65.916
1962,3/15/2022 23:15,66
1963,3/15/2022 23:30,66
1964,3/15/2022 23:45,65.959
1965,3/16/2022 0:00,65.959
1966,3/16/2022 0:15,65.959
1967,3/16/2022 0:30,65.959
1968,3/16/2022 0:45,65.916
1969,3/16/2022 1:00,65.872
1970,3/16/2022 1:15,65.829
1971,3/16/2022 1:30,65.788
1972,3/16/2022 1:45,65.745
1973,3/16/2022 2:00,65.701
1974,3/16/2022 2:15,65.701
1975,3/16/2022 2:30,65.658
1976,3/16/2022 2:45,65.615
1977,3/16/2022 3:00,65.615
1978,3/16/2022 3:15,65.615
1979,3/16/2022 3:30,65.615
1980,3/16/2022 3:45,65.574
1981,3/16/2022 4:00,65.574
1982,3/16/2022 4:15,65.53
1983,3/16/2022 4:30,65.487
1984,3/16/2022 4:45,65.487
1985,3/16/2022 5:00,65.53
1986,3/16/2022 5:15,65.788
1987,3/16/2022 5:30,66
1988,3/16/2022 5:45,66.087
1989,3/16/2022 6:00,66.13
1990,3/16/2022 6:15,66.173
1991,3/16/2022 6:30,66.173
1992,3/16/2022 6:45,66.13
1993,3/16/2022 7:00,66.087
1994,3/16/2022 7:15,66.087
1995,3/16/2022 7:30,66
1996,3/16/2022 7:45,65.959
1997,3/16/2022 8:00,65.916
1998,3/16/2022 8:15,65.916
1999,3/16/2022 8:30,65.872
2000,3/16/2022 8:45,65.829
2001,3/16/2022 9:00,65.829
2002,3/16/2022 9:15,65.788
2003,3/16/2022 9:30,65.745
2004,3/16/2022 9:45,65.487
2005,3/16/2022 10:00,65.403
2006,3/16/2022 10:15,65.444
2007,3/16/2022 10:30,65.403
2008,3/16/2022 10:45,65.403
2009,3/16/2022 11:00,65.444
2010,3/16/2022 11:15,65.487
2011,3/16/2022 11:30,65.53
2012,3/16/2022 11:45,65.574
2013,3/16/2022 12:00,65.615
2014,3/16/2022 12:15,65.658
2015,3/16/2022 12:30,65.701
2016,3/16/2022 12:45,65.959
2017,3/16/2022 13:00,66.515
2018,3/16/2022 13:15,66.985
2019,3/16/2022 13:30,66.943
2020,3/16/2022 13:45,66.772
2021,3/16/2022 14:00,66.6
2022,3/16/2022 14:15,66.472
2023,3/16/2022 14:30,66.385
2024,3/16/2022 14:45,66.258
2025,3/16/2022 15:00,66.13
2026,3/16/2022 15:15,66.043
2027,3/16/2022 15:30,66.515
2028,3/16/2022 15:45,66.985
2029,3/16/2022 16:00,66.985
2030,3/16/2022 16:15,66.857
2031,3/16/2022 16:30,66.686
2032,3/16/2022 16:45,66.558
2033,3/16/2022 17:00,66.472
2034,3/16/2022 17:15,66.301
2035,3/16/2022 17:30,66.173
2036,3/16/2022 17:45,66.043
2037,3/16/2022 18:00,66.385
2038,3/16/2022 18:15,66.9
2039,3/16/2022 18:30,67.028
2040,3/16/2022 18:45,66.857
2041,3/16/2022 19:00,66.729
2042,3/16/2022 19:15,66.6
2043,3/16/2022 19:30,66.472
2044,3/16/2022 19:45,66.385
2045,3/16/2022 20:00,66.258
2046,3/16/2022 20:15,66.173
2047,3/16/2022 20:30,66.087
2048,3/16/2022 20:45,66.301
2049,3/16/2022 21:00,66.814
2050,3/16/2022 21:15,67.071
2051,3/16/2022 21:30,66.9
2052,3/16/2022 21:45,66.772
2053,3/16/2022 22:00,66.643
2054,3/16/2022 22:15,66.558
2055,3/16/2022 22:30,66.429
2056,3/16/2022 22:45,66.344
2057,3/16/2022 23:00,66.214
2058,3/16/2022 23:15,66.13
2059,3/16/2022 23:30,66.087
2060,3/16/2022 23:45,66.385
2061,3/17/2022 0:00,66.943
2062,3/17/2022 0:15,66.985
2063,3/17/2022 0:30,66.857
2064,3/17/2022 0:45,66.729
2065,3/17/2022 1:00,66.6
2066,3/17/2022 1:15,66.515
2067,3/17/2022 1:30,66.429
2068,3/17/2022 1:45,66.301
2069,3/17/2022 2:00,66.214
2070,3/17/2022 2:15,66.13
2071,3/17/2022 2:30,66.043
2072,3/17/2022 2:45,66.429
2073,3/17/2022 3:00,66.943
2074,3/17/2022 3:15,66.985
2075,3/17/2022 3:30,66.814
2076,3/17/2022 3:45,66.686
2077,3/17/2022 4:00,66.6
2078,3/17/2022 4:15,66.472
2079,3/17/2022 4:30,66.385
2080,3/17/2022 4:45,66.258
2081,3/17/2022 5:00,66.173
2082,3/17/2022 5:15,66.087
2083,3/17/2022 5:30,66.173
2084,3/17/2022 5:45,66.686
2085,3/17/2022 6:00,67.071
2086,3/17/2022 6:15,66.9
2087,3/17/2022 6:30,66.772
2088,3/17/2022 6:45,66.643
2089,3/17/2022 7:00,66.558
2090,3/17/2022 7:15,66.429
2091,3/17/2022 7:30,66.344
2092,3/17/2022 7:45,66.258
2093,3/17/2022 8:00,66.173
2094,3/17/2022 8:15,66.087
2095,3/17/2022 8:30,65.403
2096,3/17/2022 8:45,65.487
2097,3/17/2022 9:00,65.53
2098,3/17/2022 9:15,65.53
2099,3/17/2022 9:30,65.615
2100,3/17/2022 9:45,65.788
2101,3/17/2022 10:00,65.829
2102,3/17/2022 10:15,65.916
2103,3/17/2022 10:30,65.916
2104,3/17/2022 10:45,65.959
2105,3/17/2022 11:00,66.043
2106,3/17/2022 11:15,66
2107,3/17/2022 11:30,65.959
2108,3/17/2022 11:45,65.916
2109,3/17/2022 12:00,65.916
2110,3/17/2022 12:15,65.872
2111,3/17/2022 12:30,65.916
2112,3/17/2022 12:45,65.916
2113,3/17/2022 13:00,65.916
2114,3/17/2022 13:15,65.916
2115,3/17/2022 13:30,65.872
2116,3/17/2022 13:45,65.829
2117,3/17/2022 14:00,65.829
2118,3/17/2022 14:15,65.658
2119,3/17/2022 14:30,65.701
2120,3/17/2022 14:45,65.701
2121,3/17/2022 15:00,65.658
2122,3/17/2022 15:15,65.574
2123,3/17/2022 15:30,68.785
2124,3/17/2022 15:45,68.527
2125,3/17/2022 16:00,67.5
2126,3/17/2022 16:15,66.643
2127,3/17/2022 16:30,66.301
2128,3/17/2022 16:45,66.943
2129,3/17/2022 17:00,67.842
2130,3/17/2022 17:15,70.974
2131,3/17/2022 17:30,71.964
2132,3/17/2022 17:45,71.92
2133,3/17/2022 18:00,71.661
2134,3/17/2022 18:15,71.274
2135,3/17/2022 18:30,70.759
2136,3/17/2022 18:45,70.158
2137,3/17/2022 19:00,69.471
2138,3/17/2022 19:15,68.785
2139,3/17/2022 19:30,68.013
2140,3/17/2022 19:45,67.199
2141,3/17/2022 20:00,66.429
2142,3/17/2022 20:15,65.615
2143,3/17/2022 20:30,64.803
2144,3/17/2022 20:45,64.033
2145,3/17/2022 21:00,63.262
2146,3/17/2022 21:15,62.533
2147,3/17/2022 21:30,61.848
2148,3/17/2022 21:45,61.162
2149,3/17/2022 22:00,60.517
2150,3/17/2022 22:15,59.916
2151,3/17/2022 22:30,59.358
2152,3/17/2022 22:45,58.798
2153,3/17/2022 23:00,58.282
2154,3/17/2022 23:15,57.765
2155,3/17/2022 23:30,57.247
2156,3/17/2022 23:45,56.815
2157,3/18/2022 0:00,56.383
2158,3/18/2022 0:15,55.949
2159,3/18/2022 0:30,55.558
2160,3/18/2022 0:45,55.125
2161,3/18/2022 1:00,54.734
2162,3/18/2022 1:15,54.387
2163,3/18/2022 1:30,53.994
2164,3/18/2022 1:45,53.645
2165,3/18/2022 2:00,53.298
2166,3/18/2022 2:15,52.992
2167,3/18/2022 2:30,52.641
2168,3/18/2022 2:45,52.335
2169,3/18/2022 3:00,52.029
2170,3/18/2022 3:15,51.721
2171,3/18/2022 3:30,51.413
2172,3/18/2022 3:45,51.148
2173,3/18/2022 4:00,50.886
2174,3/18/2022 4:15,50.576
2175,3/18/2022 4:30,50.356
2176,3/18/2022 4:45,50.092
2177,3/18/2022 5:00,49.87
2178,3/18/2022 5:15,49.649
2179,3/18/2022 5:30,49.383
2180,3/18/2022 5:45,49.161
2181,3/18/2022 6:00,48.938
2182,3/18/2022 6:15,48.717
2183,3/18/2022 6:30,48.493
2184,3/18/2022 6:45,48.45
2185,3/18/2022 7:00,48.45
2186,3/18/2022 7:15,48.493
2187,3/18/2022 7:30,48.628
2188,3/18/2022 7:45,48.85
2189,3/18/2022 8:00,49.073
2190,3/18/2022 8:15,49.338
2191,3/18/2022 8:30,49.692
2192,3/18/2022 8:45,50.18
2193,3/18/2022 9:00,50.709
2194,3/18/2022 9:15,51.413
2195,3/18/2022 9:30,52.16
2196,3/18/2022 9:45,52.992
2197,3/18/2022 10:00,53.951
2198,3/18/2022 10:15,54.995
2199,3/18/2022 10:30,56.165
2200,3/18/2022 10:45,57.333
2201,3/18/2022 11:00,58.626
2202,3/18/2022 11:15,59.916
2203,3/18/2022 11:30,61.29
2204,3/18/2022 11:45,62.704
2205,3/18/2022 12:00,64.117
2206,3/18/2022 12:15,65.487
2207,3/18/2022 12:30,66.857
2208,3/18/2022 12:45,68.142
2209,3/18/2022 13:00,69.471
2210,3/18/2022 13:15,70.716
2211,3/18/2022 13:30,71.92
2212,3/18/2022 13:45,73.126
2213,3/18/2022 14:00,74.25
2214,3/18/2022 14:15,75.376
2215,3/18/2022 14:30,76.419
2216,3/18/2022 14:45,77.421
2217,3/18/2022 15:00,78.339
2218,3/18/2022 15:15,79.216
2219,3/18/2022 15:30,79.963
2220,3/18/2022 15:45,80.58
2221,3/18/2022 16:00,81.111
2222,3/18/2022 16:15,82.53
2223,3/18/2022 16:30,84.094
2224,3/18/2022 16:45,84.9
2225,3/18/2022 17:00,85.035
2226,3/18/2022 17:15,84.632
2227,3/18/2022 17:30,83.736
2228,3/18/2022 17:45,82.575
2229,3/18/2022 18:00,81.199
2230,3/18/2022 18:15,79.743
2231,3/18/2022 18:30,78.208
2232,3/18/2022 18:45,76.636
2233,3/18/2022 19:00,75.117
2234,3/18/2022 19:15,73.602
2235,3/18/2022 19:30,72.136
2236,3/18/2022 19:45,70.759
2237,3/18/2022 20:00,69.471
2238,3/18/2022 20:15,68.227
2239,3/18/2022 20:30,67.028
2240,3/18/2022 20:45,65.916
2241,3/18/2022 21:00,64.845
2242,3/18/2022 21:15,63.862
2243,3/18/2022 21:30,62.962
2244,3/18/2022 21:45,62.148
2245,3/18/2022 22:00,61.376
2246,3/18/2022 22:15,60.647
2247,3/18/2022 22:30,59.959
2248,3/18/2022 22:45,59.358
2249,3/18/2022 23:00,58.798
2250,3/18/2022 23:15,58.282
2251,3/18/2022 23:30,57.85
2252,3/18/2022 23:45,57.463
2253,3/19/2022 0:00,57.117
2254,3/19/2022 0:15,56.815
2255,3/19/2022 0:30,56.556
2256,3/19/2022 0:45,56.34
2257,3/19/2022 1:00,56.122
2258,3/19/2022 1:15,55.906
2259,3/19/2022 1:30,55.647
2260,3/19/2022 1:45,55.429
2261,3/19/2022 2:00,55.256
2262,3/19/2022 2:15,55.081
2263,3/19/2022 2:30,54.909
2264,3/19/2022 2:45,54.734
2265,3/19/2022 3:00,54.561
2266,3/19/2022 3:15,54.343
2267,3/19/2022 3:30,54.212
2268,3/19/2022 3:45,54.037
2269,3/19/2022 4:00,53.908
2270,3/19/2022 4:15,53.776
2271,3/19/2022 4:30,53.602
2272,3/19/2022 4:45,53.427
2273,3/19/2022 5:00,53.298
2274,3/19/2022 5:15,53.209
2275,3/19/2022 5:30,53.166
2276,3/19/2022 5:45,53.121
2277,3/19/2022 6:00,53.121
2278,3/19/2022 6:15,53.166
2279,3/19/2022 6:30,53.166
2280,3/19/2022 6:45,53.166
2281,3/19/2022 7:00,53.166
2282,3/19/2022 7:15,53.166
2283,3/19/2022 7:30,53.166
2284,3/19/2022 7:45,53.166
2285,3/19/2022 8:00,53.253
2286,3/19/2022 8:15,53.384
2287,3/19/2022 8:30,53.602
2288,3/19/2022 8:45,53.82
2289,3/19/2022 9:00,54.212
2290,3/19/2022 9:15,54.604
2291,3/19/2022 9:30,55.168
2292,3/19/2022 9:45,55.69
2293,3/19/2022 10:00,56.251
2294,3/19/2022 10:15,56.815
2295,3/19/2022 10:30,57.376
2296,3/19/2022 10:45,58.066
2297,3/19/2022 11:00,58.928
2298,3/19/2022 11:15,59.83
2299,3/19/2022 11:30,60.604
2300,3/19/2022 11:45,61.205
2301,3/19/2022 12:00,61.848
2302,3/19/2022 12:15,62.406
2303,3/19/2022 12:30,62.919
2304,3/19/2022 12:45,63.262
2305,3/19/2022 13:00,63.648
2306,3/19/2022 13:15,64.033
2307,3/19/2022 13:30,64.375
2308,3/19/2022 13:45,64.717
2309,3/19/2022 14:00,64.974
2310,3/19/2022 14:15,65.359
2311,3/19/2022 14:30,66.344
2312,3/19/2022 14:45,67.543
2313,3/19/2022 15:00,68.313
2314,3/19/2022 15:15,68.443
2315,3/19/2022 15:30,68.484
2316,3/19/2022 15:45,68.614
2317,3/19/2022 16:00,68.828
2318,3/19/2022 16:15,69.17
2319,3/19/2022 16:30,69.213
2320,3/19/2022 16:45,69.129
2321,3/19/2022 17:00,68.828
2322,3/19/2022 17:15,68.443
2323,3/19/2022 17:30,68.013
2324,3/19/2022 17:45,67.627
2325,3/19/2022 18:00,67.627
2326,3/19/2022 18:15,67.285
2327,3/19/2022 18:30,66.772
2328,3/19/2022 18:45,66.258
2329,3/19/2022 19:00,65.788
2330,3/19/2022 19:15,65.273
2331,3/19/2022 19:30,64.803
2332,3/19/2022 19:45,64.332
2333,3/19/2022 20:00,63.903
2334,3/19/2022 20:15,63.518
2335,3/19/2022 20:30,63.09
2336,3/19/2022 20:45,62.62
2337,3/19/2022 21:00,62.062
2338,3/19/2022 21:15,61.547
2339,3/19/2022 21:30,60.948
2340,3/19/2022 21:45,60.39
2341,3/19/2022 22:00,59.83
2342,3/19/2022 22:15,59.315
2343,3/19/2022 22:30,58.798
2344,3/19/2022 22:45,58.325
2345,3/19/2022 23:00,57.85
2346,3/19/2022 23:15,57.376
2347,3/19/2022 23:30,56.944
2348,3/19/2022 23:45,56.469
2349,3/20/2022 0:00,56.035
2350,3/20/2022 0:15,55.647
2351,3/20/2022 0:30,55.256
2352,3/20/2022 0:45,54.865
2353,3/20/2022 1:00,54.473
2354,3/20/2022 1:15,54.126
2355,3/20/2022 1:30,53.776
2356,3/20/2022 1:45,53.472
2357,3/20/2022 2:00,53.166
2358,3/20/2022 2:15,52.817
2359,3/20/2022 2:30,52.509
2360,3/20/2022 2:45,52.203
2361,3/20/2022 3:00,51.852
2362,3/20/2022 3:15,51.544
2363,3/20/2022 3:30,51.237
2364,3/20/2022 3:45,50.974
2365,3/20/2022 4:00,50.664
2366,3/20/2022 4:15,50.356
2367,3/20/2022 4:30,50.092
2368,3/20/2022 4:45,49.782
2369,3/20/2022 5:00,49.471
2370,3/20/2022 5:15,49.204
2371,3/20/2022 5:30,48.895
2372,3/20/2022 5:45,48.583
2373,3/20/2022 6:00,48.272
2374,3/20/2022 6:15,47.914
2375,3/20/2022 6:30,47.602
2376,3/20/2022 6:45,47.377
2377,3/20/2022 7:00,47.289
2378,3/20/2022 7:15,47.289
2379,3/20/2022 7:30,47.467
2380,3/20/2022 7:45,47.781
2381,3/20/2022 8:00,48.137
2382,3/20/2022 8:15,48.583
2383,3/20/2022 8:30,49.116
2384,3/20/2022 8:45,49.825
2385,3/20/2022 9:00,50.709
2386,3/20/2022 9:15,51.678
2387,3/20/2022 9:30,52.817
2388,3/20/2022 9:45,54.126
2389,3/20/2022 10:00,55.515
2390,3/20/2022 10:15,57.074
2391,3/20/2022 10:30,58.669
2392,3/20/2022 10:45,60.346
2393,3/20/2022 11:00,62.105
2394,3/20/2022 11:15,63.903
2395,3/20/2022 11:30,65.745
2396,3/20/2022 11:45,67.543
2397,3/20/2022 12:00,69.386
2398,3/20/2022 12:15,71.146
2399,3/20/2022 12:30,72.912
2400,3/20/2022 12:45,74.64
2401,3/20/2022 13:00,76.289
2402,3/20/2022 13:15,77.902
2403,3/20/2022 13:30,79.48
2404,3/20/2022 13:45,80.935
2405,3/20/2022 14:00,82.263
2406,3/20/2022 14:15,83.467
2407,3/20/2022 14:30,84.542
2408,3/20/2022 14:45,85.487
2409,3/20/2022 15:00,86.301
2410,3/20/2022 15:15,86.936
2411,3/20/2022 15:30,87.436
2412,3/20/2022 15:45,87.802
2413,3/20/2022 16:00,88.075
2414,3/20/2022 16:15,88.167
2415,3/20/2022 16:30,88.075
2416,3/20/2022 16:45,87.802
2417,3/20/2022 17:00,87.346
2418,3/20/2022 17:15,86.709
2419,3/20/2022 17:30,85.802
2420,3/20/2022 17:45,84.722
2421,3/20/2022 18:00,83.422
2422,3/20/2022 18:15,81.952
2423,3/20/2022 18:30,80.361
2424,3/20/2022 18:45,78.777
2425,3/20/2022 19:00,77.292
2426,3/20/2022 19:15,75.81
2427,3/20/2022 19:30,74.424
2428,3/20/2022 19:45,73.126
2429,3/20/2022 20:00,71.877
2430,3/20/2022 20:15,70.673
2431,3/20/2022 20:30,69.514
2432,3/20/2022 20:45,68.443
2433,3/20/2022 21:00,67.413
2434,3/20/2022 21:15,66.429
2435,3/20/2022 21:30,65.487
2436,3/20/2022 21:45,64.632
2437,3/20/2022 22:00,63.819
2438,3/20/2022 22:15,63.048
2439,3/20/2022 22:30,62.319
2440,3/20/2022 22:45,61.633
2441,3/20/2022 23:00,60.948
2442,3/20/2022 23:15,60.346
2443,3/20/2022 23:30,59.745
2444,3/20/2022 23:45,59.229
2445,3/21/2022 0:00,58.669
2446,3/21/2022 0:15,58.195
2447,3/21/2022 0:30,57.679
2448,3/21/2022 0:45,57.247
2449,3/21/2022 1:00,56.772
2450,3/21/2022 1:15,56.34
2451,3/21/2022 1:30,55.949
2452,3/21/2022 1:45,55.558
2453,3/21/2022 2:00,55.168
2454,3/21/2022 2:15,54.865
2455,3/21/2022 2:30,54.516
2456,3/21/2022 2:45,54.212
2457,3/21/2022 3:00,53.865
2458,3/21/2022 3:15,53.559
2459,3/21/2022 3:30,53.253
2460,3/21/2022 3:45,52.903
2461,3/21/2022 4:00,52.554
2462,3/21/2022 4:15,52.115
2463,3/21/2022 4:30,51.678
2464,3/21/2022 4:45,51.282
2465,3/21/2022 5:00,50.886
2466,3/21/2022 5:15,50.533
2467,3/21/2022 5:30,50.223
2468,3/21/2022 5:45,49.959
2469,3/21/2022 6:00,49.692
2470,3/21/2022 6:15,49.428
2471,3/21/2022 6:30,49.204
2472,3/21/2022 6:45,49.073
2473,3/21/2022 7:00,49.028
2474,3/21/2022 7:15,49.116
2475,3/21/2022 7:30,49.338
2476,3/21/2022 7:45,49.649
2477,3/21/2022 8:00,50.092
2478,3/21/2022 8:15,50.664
2479,3/21/2022 8:30,51.37
2480,3/21/2022 8:45,52.246
2481,3/21/2022 9:00,53.298
2482,3/21/2022 9:15,54.43
2483,3/21/2022 9:30,55.733
2484,3/21/2022 9:45,57.117
2485,3/21/2022 10:00,58.712
2486,3/21/2022 10:15,60.39
2487,3/21/2022 10:30,62.148
2488,3/21/2022 10:45,63.946
2489,3/21/2022 11:00,65.829
2490,3/21/2022 11:15,67.757
2491,3/21/2022 11:30,69.685
2492,3/21/2022 11:45,71.577
2493,3/21/2022 12:00,73.472
2494,3/21/2022 12:15,75.333
2495,3/21/2022 12:30,77.072
2496,3/21/2022 12:45,78.777
2497,3/21/2022 13:00,80.449
2498,3/21/2022 13:15,81.997
2499,3/21/2022 13:30,83.511
2500,3/21/2022 13:45,84.9
2501,3/21/2022 14:00,86.211
2502,3/21/2022 14:15,87.391
2503,3/21/2022 14:30,88.443
2504,3/21/2022 14:45,89.362
2505,3/21/2022 15:00,90.147
2506,3/21/2022 15:15,90.844
2507,3/21/2022 15:30,91.402
2508,3/21/2022 15:45,91.776
2509,3/21/2022 16:00,92.057
2510,3/21/2022 16:15,92.151
2511,3/21/2022 16:30,92.057
2512,3/21/2022 16:45,91.823
2513,3/21/2022 17:00,91.495
2514,3/21/2022 17:15,91.029
2515,3/21/2022 17:30,90.424
2516,3/21/2022 17:45,89.638
2517,3/21/2022 18:00,88.626
2518,3/21/2022 18:15,87.483
2519,3/21/2022 18:30,86.164
2520,3/21/2022 18:45,84.767
2521,3/21/2022 19:00,83.287
2522,3/21/2022 19:15,81.909
2523,3/21/2022 19:30,80.492
2524,3/21/2022 19:45,79.216
2525,3/21/2022 20:00,77.99
2526,3/21/2022 20:15,76.811
2527,3/21/2022 20:30,75.724
2528,3/21/2022 20:45,74.64
2529,3/21/2022 21:00,73.645
2530,3/21/2022 21:15,72.696
2531,3/21/2022 21:30,71.748
2532,3/21/2022 21:45,70.887
2533,3/21/2022 22:00,70.029
2534,3/21/2022 22:15,69.256
2535,3/21/2022 22:30,68.484
2536,3/21/2022 22:45,67.757
2537,3/21/2022 23:00,67.114
2538,3/21/2022 23:15,66.429
2539,3/21/2022 23:30,65.872
2540,3/21/2022 23:45,65.316
2541,3/22/2022 0:00,64.76
2542,3/22/2022 0:15,64.247
2543,3/22/2022 0:30,63.775
2544,3/22/2022 0:45,63.304
2545,3/22/2022 1:00,62.834
2546,3/22/2022 1:15,62.362
2547,3/22/2022 1:30,61.934
2548,3/22/2022 1:45,61.506
2549,3/22/2022 2:00,61.119
2550,3/22/2022 2:15,60.775
2551,3/22/2022 2:30,60.39
2552,3/22/2022 2:45,60.046
2553,3/22/2022 3:00,59.702
2554,3/22/2022 3:15,59.358
2555,3/22/2022 3:30,59.014
2556,3/22/2022 3:45,58.712
2557,3/22/2022 4:00,58.368
2558,3/22/2022 4:15,58.023
2559,3/22/2022 4:30,57.592
2560,3/22/2022 4:45,57.204
2561,3/22/2022 5:00,56.815
2562,3/22/2022 5:15,56.469
2563,3/22/2022 5:30,56.122
2564,3/22/2022 5:45,55.776
2565,3/22/2022 6:00,55.472
2566,3/22/2022 6:15,55.213
2567,3/22/2022 6:30,54.995
2568,3/22/2022 6:45,54.777
2569,3/22/2022 7:00,54.648
2570,3/22/2022 7:15,54.691
2571,3/22/2022 7:30,54.909
2572,3/22/2022 7:45,55.299
2573,3/22/2022 8:00,55.819
2574,3/22/2022 8:15,56.469
2575,3/22/2022 8:30,57.333
2576,3/22/2022 8:45,58.325
2577,3/22/2022 9:00,59.529
2578,3/22/2022 9:15,60.818
2579,3/22/2022 9:30,62.319
2580,3/22/2022 9:45,63.946
2581,3/22/2022 10:00,65.745
2582,3/22/2022 10:15,67.714
2583,3/22/2022 10:30,69.685
2584,3/22/2022 10:45,71.748
2585,3/22/2022 11:00,73.861
2586,3/22/2022 11:15,75.985
2587,3/22/2022 11:30,78.121
2588,3/22/2022 11:45,80.184
2589,3/22/2022 12:00,82.218
2590,3/22/2022 12:15,84.227
2591,3/22/2022 12:30,86.164
2592,3/22/2022 12:45,87.985
2593,3/22/2022 13:00,88.214
2594,3/22/2022 13:15,88.167
2595,3/22/2022 13:30,88.351
2596,3/22/2022 13:45,88.534
2597,3/22/2022 14:00,88.579
2598,3/22/2022 14:15,88.443
2599,3/22/2022 14:30,88.214
2600,3/22/2022 14:45,87.802
2601,3/22/2022 15:00,85.757
2602,3/22/2022 15:15,84.99
2603,3/22/2022 15:30,84.99
2604,3/22/2022 15:45,85.397
2605,3/22/2022 16:00,85.984
2606,3/22/2022 16:15,86.617
2607,3/22/2022 16:30,87.21
2608,3/22/2022 16:45,87.71
2609,3/22/2022 17:00,88.075
2610,3/22/2022 17:15,88.351
2611,3/22/2022 17:30,88.488
2612,3/22/2022 17:45,88.306
2613,3/22/2022 18:00,87.757
2614,3/22/2022 18:15,86.891
2615,3/22/2022 18:30,85.849
2616,3/22/2022 18:45,84.632
2617,3/22/2022 19:00,83.332
2618,3/22/2022 19:15,82.042
2619,3/22/2022 19:30,80.757
2620,3/22/2022 19:45,79.48
2621,3/22/2022 20:00,78.251
2622,3/22/2022 20:15,77.072
2623,3/22/2022 20:30,75.898
2624,3/22/2022 20:45,74.727
2625,3/22/2022 21:00,73.645
2626,3/22/2022 21:15,72.567
2627,3/22/2022 21:30,71.533
2628,3/22/2022 21:45,70.543
2629,3/22/2022 22:00,69.6
2630,3/22/2022 22:15,68.657
2631,3/22/2022 22:30,67.798
2632,3/22/2022 22:45,66.985
2633,3/22/2022 23:00,66.258
2634,3/22/2022 23:15,65.574
2635,3/22/2022 23:30,64.931
2636,3/22/2022 23:45,64.332
2637,3/23/2022 0:00,63.775
2638,3/23/2022 0:15,63.262
2639,3/23/2022 0:30,62.704
2640,3/23/2022 0:45,62.233
2641,3/23/2022 1:00,61.72
2642,3/23/2022 1:15,61.29
2643,3/23/2022 1:30,60.818
2644,3/23/2022 1:45,60.39
2645,3/23/2022 2:00,59.959
2646,3/23/2022 2:15,59.572
2647,3/23/2022 2:30,59.185
2648,3/23/2022 2:45,58.798
2649,3/23/2022 3:00,58.455
2650,3/23/2022 3:15,58.195
2651,3/23/2022 3:30,57.936
2652,3/23/2022 3:45,57.679
2653,3/23/2022 4:00,57.506
2654,3/23/2022 4:15,57.29
2655,3/23/2022 4:30,57.117
2656,3/23/2022 4:45,56.944
2657,3/23/2022 5:00,56.772
2658,3/23/2022 5:15,56.642
2659,3/23/2022 5:30,56.512
2660,3/23/2022 5:45,56.383
2661,3/23/2022 6:00,56.295
2662,3/23/2022 6:15,56.165
2663,3/23/2022 6:30,56.035
2664,3/23/2022 6:45,55.949
2665,3/23/2022 7:00,55.906
2666,3/23/2022 7:15,55.906
2667,3/23/2022 7:30,55.949
2668,3/23/2022 7:45,56.035
2669,3/23/2022 8:00,56.208
2670,3/23/2022 8:15,56.383
2671,3/23/2022 8:30,56.642
2672,3/23/2022 8:45,56.988
2673,3/23/2022 9:00,57.42
2674,3/23/2022 9:15,57.85
2675,3/23/2022 9:30,58.368
2676,3/23/2022 9:45,58.885
2677,3/23/2022 10:00,59.486
2678,3/23/2022 10:15,60.132
2679,3/23/2022 10:30,60.904
2680,3/23/2022 10:45,61.761
2681,3/23/2022 11:00,62.62
2682,3/23/2022 11:15,63.604
2683,3/23/2022 11:30,64.117
2684,3/23/2022 11:45,64.632
2685,3/23/2022 12:00,65.145
2686,3/23/2022 12:15,66
2687,3/23/2022 12:30,67.242
2688,3/23/2022 12:45,68.785
2689,3/23/2022 13:00,70.029
2690,3/23/2022 13:15,71.017
2691,3/23/2022 13:30,72.093
2692,3/23/2022 13:45,73.17
2693,3/23/2022 14:00,74.295
2694,3/23/2022 14:15,75.376
2695,3/23/2022 14:30,76.332
2696,3/23/2022 14:45,77.203
2697,3/23/2022 15:00,77.945
2698,3/23/2022 15:15,78.645
2699,3/23/2022 15:30,79.216
2700,3/23/2022 15:45,79.743
2701,3/23/2022 16:00,80.184
2702,3/23/2022 16:15,80.58
2703,3/23/2022 16:30,80.935
2704,3/23/2022 16:45,81.154
2705,3/23/2022 17:00,81.288
2706,3/23/2022 17:15,81.376
2707,3/23/2022 17:30,80.316
2708,3/23/2022 17:45,79.963
2709,3/23/2022 18:00,79.831
2710,3/23/2022 18:15,79.7
2711,3/23/2022 18:30,79.304
2712,3/23/2022 18:45,78.69
2713,3/23/2022 19:00,77.945
2714,3/23/2022 19:15,77.16
2715,3/23/2022 19:30,76.332
2716,3/23/2022 19:45,75.42
2717,3/23/2022 20:00,74.467
2718,3/23/2022 20:15,73.472
2719,3/23/2022 20:30,72.48
2720,3/23/2022 20:45,71.49
2721,3/23/2022 21:00,70.587
2722,3/23/2022 21:15,69.685
2723,3/23/2022 21:30,68.828
2724,3/23/2022 21:45,68.056
2725,3/23/2022 22:00,67.285
2726,3/23/2022 22:15,66.515
2727,3/23/2022 22:30,65.829
2728,3/23/2022 22:45,65.145
2729,3/23/2022 23:00,64.459
2730,3/23/2022 23:15,63.819
2731,3/23/2022 23:30,63.176
2732,3/23/2022 23:45,62.577
2733,3/24/2022 0:00,62.019
2734,3/24/2022 0:15,61.506
2735,3/24/2022 0:30,60.991
2736,3/24/2022 0:45,60.474
2737,3/24/2022 1:00,60.046
2738,3/24/2022 1:15,59.572
2739,3/24/2022 1:30,59.142
2740,3/24/2022 1:45,58.755
2741,3/24/2022 2:00,58.368
2742,3/24/2022 2:15,58.023
2743,3/24/2022 2:30,57.636
2744,3/24/2022 2:45,57.29
2745,3/24/2022 3:00,56.901
2746,3/24/2022 3:15,56.556
2747,3/24/2022 3:30,56.208
2748,3/24/2022 3:45,55.819
2749,3/24/2022 4:00,55.386
2750,3/24/2022 4:15,54.909
2751,3/24/2022 4:30,54.516
2752,3/24/2022 4:45,54.126
2753,3/24/2022 5:00,53.776
2754,3/24/2022 5:15,53.427
2755,3/24/2022 5:30,53.121
2756,3/24/2022 5:45,52.817
2757,3/24/2022 6:00,52.554
2758,3/24/2022 6:15,52.335
2759,3/24/2022 6:30,52.115
2760,3/24/2022 6:45,51.895
2761,3/24/2022 7:00,51.764
2762,3/24/2022 7:15,51.721
2763,3/24/2022 7:30,51.764
2764,3/24/2022 7:45,51.94
2765,3/24/2022 8:00,52.16
2766,3/24/2022 8:15,52.509
2767,3/24/2022 8:30,52.992
2768,3/24/2022 8:45,53.602
2769,3/24/2022 9:00,54.343
2770,3/24/2022 9:15,55.213
2771,3/24/2022 9:30,57.29
2772,3/24/2022 9:45,60.604
2773,3/24/2022 10:00,62.875
2774,3/24/2022 10:15,64.589
2775,3/24/2022 10:30,66.13
2776,3/24/2022 10:45,67.627
2777,3/24/2022 11:00,69.17
2778,3/24/2022 11:15,70.673
2779,3/24/2022 11:30,72.264
2780,3/24/2022 11:45,73.774
2781,3/24/2022 12:00,74.813
2782,3/24/2022 12:15,75.81
2783,3/24/2022 12:30,77.292
2784,3/24/2022 12:45,78.602
2785,3/24/2022 13:00,79.48
2786,3/24/2022 13:15,80.008
2787,3/24/2022 13:30,80.58
2788,3/24/2022 13:45,81.154
2789,3/24/2022 14:00,81.775
2790,3/24/2022 14:15,82.396
2791,3/24/2022 14:30,83.021
2792,3/24/2022 14:45,83.646
2793,3/24/2022 15:00,84.227
2794,3/24/2022 15:15,84.767
2795,3/24/2022 15:30,85.217
2796,3/24/2022 15:45,85.622
2797,3/24/2022 16:00,85.894
2798,3/24/2022 16:15,86.074
2799,3/24/2022 16:30,86.164
2800,3/24/2022 16:45,86.074
2801,3/24/2022 17:00,85.849
2802,3/24/2022 17:15,85.487
2803,3/24/2022 17:30,84.99
2804,3/24/2022 17:45,84.182
2805,3/24/2022 18:00,83.154
2806,3/24/2022 18:15,81.864
2807,3/24/2022 18:30,80.537
2808,3/24/2022 18:45,79.173
2809,3/24/2022 19:00,77.815
2810,3/24/2022 19:15,76.464
2811,3/24/2022 19:30,75.247
2812,3/24/2022 19:45,74.077
2813,3/24/2022 20:00,72.997
2814,3/24/2022 20:15,71.964
2815,3/24/2022 20:30,70.974
2816,3/24/2022 20:45,70.029
2817,3/24/2022 21:00,69.17
2818,3/24/2022 21:15,68.313
2819,3/24/2022 21:30,67.543
2820,3/24/2022 21:45,66.814
2821,3/24/2022 22:00,66.13
2822,3/24/2022 22:15,65.487
2823,3/24/2022 22:30,64.888
2824,3/24/2022 22:45,64.332
2825,3/24/2022 23:00,63.775
2826,3/24/2022 23:15,63.304
2827,3/24/2022 23:30,62.834
2828,3/24/2022 23:45,62.406
2829,3/25/2022 0:00,62.019
2830,3/25/2022 0:15,61.677
2831,3/25/2022 0:30,61.333
2832,3/25/2022 0:45,60.991
2833,3/25/2022 1:00,60.69
2834,3/25/2022 1:15,60.346
2835,3/25/2022 1:30,60.003
2836,3/25/2022 1:45,59.659
2837,3/25/2022 2:00,59.358
2838,3/25/2022 2:15,59.014
2839,3/25/2022 2:30,58.712
2840,3/25/2022 2:45,58.411
2841,3/25/2022 3:00,58.109
2842,3/25/2022 3:15,57.85
2843,3/25/2022 3:30,57.549
2844,3/25/2022 3:45,57.29
2845,3/25/2022 4:00,56.988
2846,3/25/2022 4:15,56.728
2847,3/25/2022 4:30,56.469
2848,3/25/2022 4:45,56.208
2849,3/25/2022 5:00,55.949
2850,3/25/2022 5:15,55.733
2851,3/25/2022 5:30,55.515
2852,3/25/2022 5:45,55.256
2853,3/25/2022 6:00,55.081
2854,3/25/2022 6:15,54.865
2855,3/25/2022 6:30,54.648
2856,3/25/2022 6:45,54.473
2857,3/25/2022 7:00,54.3
2858,3/25/2022 7:15,54.169
2859,3/25/2022 7:30,54.037
2860,3/25/2022 7:45,53.951
2861,3/25/2022 8:00,53.865
2862,3/25/2022 8:15,53.82
2863,3/25/2022 8:30,53.82
2864,3/25/2022 8:45,53.82
2865,3/25/2022 9:00,53.865
2866,3/25/2022 9:15,53.994
2867,3/25/2022 9:30,54.126
2868,3/25/2022 9:45,54.343
2869,3/25/2022 10:00,54.561
2870,3/25/2022 10:15,54.909
2871,3/25/2022 10:30,55.299
2872,3/25/2022 10:45,55.819
2873,3/25/2022 11:00,56.469
2874,3/25/2022 11:15,57.29
2875,3/25/2022 11:30,58.325
2876,3/25/2022 11:45,59.486
2877,3/25/2022 12:00,60.775
2878,3/25/2022 12:15,62.191
2879,3/25/2022 12:30,63.648
2880,3/25/2022 12:45,65.23
2881,3/25/2022 13:00,66.814
2882,3/25/2022 13:15,68.4
2883,3/25/2022 13:30,69.942
2884,3/25/2022 13:45,71.49
2885,3/25/2022 14:00,72.955
2886,3/25/2022 14:15,74.338
2887,3/25/2022 14:30,75.637
2888,3/25/2022 14:45,76.854
2889,3/25/2022 15:00,77.945
2890,3/25/2022 15:15,78.953
2891,3/25/2022 15:30,79.831
2892,3/25/2022 15:45,80.58
2893,3/25/2022 16:00,81.244
2894,3/25/2022 16:15,81.73
2895,3/25/2022 16:30,82.085
2896,3/25/2022 16:45,82.263
2897,3/25/2022 17:00,82.308
2898,3/25/2022 17:15,82.263
2899,3/25/2022 17:30,82.085
2900,3/25/2022 17:45,81.642
2901,3/25/2022 18:00,81.023
2902,3/25/2022 18:15,80.227
2903,3/25/2022 18:30,79.216
2904,3/25/2022 18:45,78.076
2905,3/25/2022 19:00,76.899
2906,3/25/2022 19:15,75.681
2907,3/25/2022 19:30,74.424
2908,3/25/2022 19:45,73.213
2909,3/25/2022 20:00,72.05
2910,3/25/2022 20:15,70.974
2911,3/25/2022 20:30,69.901
2912,3/25/2022 20:45,68.913
2913,3/25/2022 21:00,67.885
2914,3/25/2022 21:15,66.943
2915,3/25/2022 21:30,66.043
2916,3/25/2022 21:45,65.23
2917,3/25/2022 22:00,64.418
2918,3/25/2022 22:15,63.648
2919,3/25/2022 22:30,62.919
2920,3/25/2022 22:45,62.276
2921,3/25/2022 23:00,61.633
2922,3/25/2022 23:15,61.032
2923,3/25/2022 23:30,60.433
2924,3/25/2022 23:45,59.916
2925,3/26/2022 0:00,59.401
2926,3/26/2022 0:15,58.885
2927,3/26/2022 0:30,58.455
2928,3/26/2022 0:45,58.023
2929,3/26/2022 1:00,57.592
2930,3/26/2022 1:15,57.204
2931,3/26/2022 1:30,56.858
2932,3/26/2022 1:45,56.512
2933,3/26/2022 2:00,56.165
2934,3/26/2022 2:15,55.863
2935,3/26/2022 2:30,55.558
2936,3/26/2022 2:45,55.256
2937,3/26/2022 3:00,54.909
2938,3/26/2022 3:15,54.604
2939,3/26/2022 3:30,54.212
2940,3/26/2022 3:45,53.865
2941,3/26/2022 4:00,53.472
2942,3/26/2022 4:15,53.121
2943,3/26/2022 4:30,52.772
2944,3/26/2022 4:45,52.466
2945,3/26/2022 5:00,52.115
2946,3/26/2022 5:15,51.852
2947,3/26/2022 5:30,51.544
2948,3/26/2022 5:45,51.282
2949,3/26/2022 6:00,51.017
2950,3/26/2022 6:15,50.752
2951,3/26/2022 6:30,50.533
2952,3/26/2022 6:45,50.356
2953,3/26/2022 7:00,50.268
2954,3/26/2022 7:15,50.268
2955,3/26/2022 7:30,50.268
2956,3/26/2022 7:45,50.4
2957,3/26/2022 8:00,50.576
2958,3/26/2022 8:15,50.841
2959,3/26/2022 8:30,51.148
2960,3/26/2022 8:45,51.501
2961,3/26/2022 9:00,51.94
2962,3/26/2022 9:15,52.423
2963,3/26/2022 9:30,53.078
2964,3/26/2022 9:45,53.908
2965,3/26/2022 10:00,54.865
2966,3/26/2022 10:15,55.949
2967,3/26/2022 10:30,57.247
2968,3/26/2022 10:45,58.626
2969,3/26/2022 11:00,60.089
2970,3/26/2022 11:15,61.59
2971,3/26/2022 11:30,63.176
2972,3/26/2022 11:45,64.76
2973,3/26/2022 12:00,66.385
2974,3/26/2022 12:15,68.056
2975,3/26/2022 12:30,69.685
2976,3/26/2022 12:45,71.274
2977,3/26/2022 13:00,72.783
2978,3/26/2022 13:15,74.295
2979,3/26/2022 13:30,75.724
2980,3/26/2022 13:45,77.072
2981,3/26/2022 14:00,78.339
2982,3/26/2022 14:15,79.612
2983,3/26/2022 14:30,80.713
2984,3/26/2022 14:45,81.775
2985,3/26/2022 15:00,82.753
2986,3/26/2022 15:15,83.601
2987,3/26/2022 15:30,84.317
2988,3/26/2022 15:45,84.857
2989,3/26/2022 16:00,85.262
2990,3/26/2022 16:15,85.532
2991,3/26/2022 16:30,85.667
2992,3/26/2022 16:45,85.622
2993,3/26/2022 17:00,85.442
2994,3/26/2022 17:15,85.217
2995,3/26/2022 17:30,84.812
2996,3/26/2022 17:45,84.227
2997,3/26/2022 18:00,83.422
2998,3/26/2022 18:15,82.441
2999,3/26/2022 18:30,81.288
3000,3/26/2022 18:45,80.096
3001,3/26/2022 19:00,78.777
3002,3/26/2022 19:15,77.464
3003,3/26/2022 19:30,76.246
3004,3/26/2022 19:45,75.029
3005,3/26/2022 20:00,73.861
3006,3/26/2022 20:15,72.783
3007,3/26/2022 20:30,71.704
3008,3/26/2022 20:45,70.673
3009,3/26/2022 21:00,69.685
3010,3/26/2022 21:15,68.785
3011,3/26/2022 21:30,67.885
3012,3/26/2022 21:45,67.028
3013,3/26/2022 22:00,66.258
3014,3/26/2022 22:15,65.487
3015,3/26/2022 22:30,64.76
3016,3/26/2022 22:45,64.074
3017,3/26/2022 23:00,63.433
3018,3/26/2022 23:15,62.875
3019,3/26/2022 23:30,62.319
3020,3/26/2022 23:45,61.804
3021,3/27/2022 0:00,61.29
3022,3/27/2022 0:15,60.818
3023,3/27/2022 0:30,60.39
3024,3/27/2022 0:45,60.003
3025,3/27/2022 1:00,59.616
3026,3/27/2022 1:15,59.229
3027,3/27/2022 1:30,58.971
3028,3/27/2022 1:45,58.712
3029,3/27/2022 2:00,58.455
3030,3/27/2022 2:15,58.239
3031,3/27/2022 2:30,58.066
3032,3/27/2022 2:45,57.893
3033,3/27/2022 3:00,57.722
3034,3/27/2022 3:15,57.592
3035,3/27/2022 3:30,57.42
3036,3/27/2022 3:45,57.29
3037,3/27/2022 4:00,57.117
3038,3/27/2022 4:15,56.988
3039,3/27/2022 4:30,56.858
3040,3/27/2022 4:45,56.728
3041,3/27/2022 5:00,56.599
3042,3/27/2022 5:15,56.469
3043,3/27/2022 5:30,56.383
3044,3/27/2022 5:45,56.295
3045,3/27/2022 6:00,56.165
3046,3/27/2022 6:15,56.079
3047,3/27/2022 6:30,55.949
3048,3/27/2022 6:45,55.863
3049,3/27/2022 7:00,55.819
3050,3/27/2022 7:15,55.776
3051,3/27/2022 7:30,55.733
3052,3/27/2022 7:45,55.776
3053,3/27/2022 8:00,55.863
3054,3/27/2022 8:15,55.992
3055,3/27/2022 8:30,56.208
3056,3/27/2022 8:45,56.469
3057,3/27/2022 9:00,56.815
3058,3/27/2022 9:15,57.29
3059,3/27/2022 9:30,57.85
3060,3/27/2022 9:45,58.455
3061,3/27/2022 10:00,59.142
3062,3/27/2022 10:15,59.83
3063,3/27/2022 10:30,60.561
3064,3/27/2022 10:45,61.29
3065,3/27/2022 11:00,62.062
3066,3/27/2022 11:15,62.875
3067,3/27/2022 11:30,63.689
3068,3/27/2022 11:45,64.503
3069,3/27/2022 12:00,65.316
3070,3/27/2022 12:15,66.173
3071,3/27/2022 12:30,66.943
3072,3/27/2022 12:45,67.714
3073,3/27/2022 13:00,68.443
3074,3/27/2022 13:15,69.17
3075,3/27/2022 13:30,69.858
3076,3/27/2022 13:45,70.502
3077,3/27/2022 14:00,71.146
3078,3/27/2022 14:15,71.877
3079,3/27/2022 14:30,72.61
3080,3/27/2022 14:45,73.299
3081,3/27/2022 15:00,73.99
3082,3/27/2022 15:15,74.64
3083,3/27/2022 15:30,75.204
3084,3/27/2022 15:45,75.637
3085,3/27/2022 16:00,76.028
3086,3/27/2022 16:15,76.246
3087,3/27/2022 16:30,76.289
3088,3/27/2022 16:45,76.246
3089,3/27/2022 17:00,76.114
3090,3/27/2022 17:15,75.898
3091,3/27/2022 17:30,75.551
3092,3/27/2022 17:45,75.074
3093,3/27/2022 18:00,74.511
3094,3/27/2022 18:15,73.861
3095,3/27/2022 18:30,73.17
3096,3/27/2022 18:45,72.351
3097,3/27/2022 19:00,71.49
3098,3/27/2022 19:15,70.63
3099,3/27/2022 19:30,69.814
3100,3/27/2022 19:45,68.999
3101,3/27/2022 20:00,68.185
3102,3/27/2022 20:15,67.413
3103,3/27/2022 20:30,66.643
3104,3/27/2022 20:45,65.916
3105,3/27/2022 21:00,65.23
3106,3/27/2022 21:15,64.632
3107,3/27/2022 21:30,64.033
3108,3/27/2022 21:45,63.433
3109,3/27/2022 22:00,62.919
3110,3/27/2022 22:15,62.447
3111,3/27/2022 22:30,61.977
3112,3/27/2022 22:45,61.59
3113,3/27/2022 23:00,61.205
3114,3/27/2022 23:15,60.861
3115,3/27/2022 23:30,60.561
3116,3/27/2022 23:45,60.26
3117,3/28/2022 0:00,60.003
3118,3/28/2022 0:15,59.745
3119,3/28/2022 0:30,59.529
3120,3/28/2022 0:45,59.272
3121,3/28/2022 1:00,59.056
3122,3/28/2022 1:15,58.842
3123,3/28/2022 1:30,58.626
3124,3/28/2022 1:45,58.455
3125,3/28/2022 2:00,58.282
3126,3/28/2022 2:15,58.109
3127,3/28/2022 2:30,57.936
3128,3/28/2022 2:45,57.765
3129,3/28/2022 3:00,57.636
3130,3/28/2022 3:15,57.463
3131,3/28/2022 3:30,57.29
3132,3/28/2022 3:45,57.117
3133,3/28/2022 4:00,56.944
3134,3/28/2022 4:15,56.772
3135,3/28/2022 4:30,56.556
3136,3/28/2022 4:45,56.34
3137,3/28/2022 5:00,56.122
3138,3/28/2022 5:15,55.906
3139,3/28/2022 5:30,55.733
3140,3/28/2022 5:45,55.515
3141,3/28/2022 6:00,55.342
3142,3/28/2022 6:15,55.125
3143,3/28/2022 6:30,54.909
3144,3/28/2022 6:45,54.734
3145,3/28/2022 7:00,54.604
3146,3/28/2022 7:15,54.516
3147,3/28/2022 7:30,54.43
3148,3/28/2022 7:45,54.387
3149,3/28/2022 8:00,54.473
3150,3/28/2022 8:15,55.081
3151,3/28/2022 8:30,55.472
3152,3/28/2022 8:45,55.733
3153,3/28/2022 9:00,55.992
3154,3/28/2022 9:15,57.204
3155,3/28/2022 9:30,58.582
3156,3/28/2022 9:45,59.83
3157,3/28/2022 10:00,61.032
3158,3/28/2022 10:15,62.276
3159,3/28/2022 10:30,63.433
3160,3/28/2022 10:45,64.503
3161,3/28/2022 11:00,65.658
3162,3/28/2022 11:15,66.814
3163,3/28/2022 11:30,67.842
3164,3/28/2022 11:45,68.785
3165,3/28/2022 12:00,69.471
3166,3/28/2022 12:15,70.072
3167,3/28/2022 12:30,70.759
3168,3/28/2022 12:45,71.49
3169,3/28/2022 13:00,72.351
3170,3/28/2022 13:15,73.299
3171,3/28/2022 13:30,74.25
3172,3/28/2022 13:45,75.204
3173,3/28/2022 14:00,75.81
3174,3/28/2022 14:15,76.332
3175,3/28/2022 14:30,77.072
3176,3/28/2022 14:45,77.902
3177,3/28/2022 15:00,78.076
3178,3/28/2022 15:15,78.339
3179,3/28/2022 15:30,78.822
3180,3/28/2022 15:45,79.304
3181,3/28/2022 16:00,79.612
3182,3/28/2022 16:15,79.743
3183,3/28/2022 16:30,79.743
3184,3/28/2022 16:45,79.48
3185,3/28/2022 17:00,78.559
3186,3/28/2022 17:15,78.076
3187,3/28/2022 17:30,77.639
3188,3/28/2022 17:45,77.16
3189,3/28/2022 18:00,76.55
3190,3/28/2022 18:15,75.81
3191,3/28/2022 18:30,75.029
3192,3/28/2022 18:45,74.163
3193,3/28/2022 19:00,73.299
3194,3/28/2022 19:15,72.437
3195,3/28/2022 19:30,71.62
3196,3/28/2022 19:45,70.803
3197,3/28/2022 20:00,69.985
3198,3/28/2022 20:15,69.256
3199,3/28/2022 20:30,68.527
3200,3/28/2022 20:45,67.842
3201,3/28/2022 21:00,67.199
3202,3/28/2022 21:15,66.558
3203,3/28/2022 21:30,65.916
3204,3/28/2022 21:45,65.273
3205,3/28/2022 22:00,64.674
3206,3/28/2022 22:15,64.074
3207,3/28/2022 22:30,63.518
3208,3/28/2022 22:45,62.962
3209,3/28/2022 23:00,62.447
3210,3/28/2022 23:15,61.934
3211,3/28/2022 23:30,61.419
3212,3/28/2022 23:45,60.948
3213,3/29/2022 0:00,60.474
3214,3/29/2022 0:15,60.046
3215,3/29/2022 0:30,59.616
3216,3/29/2022 0:45,59.229
3217,3/29/2022 1:00,58.885
3218,3/29/2022 1:15,58.582
3219,3/29/2022 1:30,58.239
3220,3/29/2022 1:45,57.936
3221,3/29/2022 2:00,57.592
3222,3/29/2022 2:15,57.333
3223,3/29/2022 2:30,57.074
3224,3/29/2022 2:45,56.815
3225,3/29/2022 3:00,56.642
3226,3/29/2022 3:15,56.469
3227,3/29/2022 3:30,56.34
3228,3/29/2022 3:45,56.208
3229,3/29/2022 4:00,56.079
3230,3/29/2022 4:15,55.992
3231,3/29/2022 4:30,55.906
3232,3/29/2022 4:45,55.819
3233,3/29/2022 5:00,55.776
3234,3/29/2022 5:15,55.69
3235,3/29/2022 5:30,55.602
3236,3/29/2022 5:45,55.558
3237,3/29/2022 6:00,55.515
3238,3/29/2022 6:15,55.429
3239,3/29/2022 6:30,55.386
3240,3/29/2022 6:45,55.342
3241,3/29/2022 7:00,55.299
3242,3/29/2022 7:15,55.299
3243,3/29/2022 7:30,55.256
3244,3/29/2022 7:45,55.299
3245,3/29/2022 8:00,55.386
3246,3/29/2022 8:15,55.515
3247,3/29/2022 8:30,55.69
3248,3/29/2022 8:45,55.863
3249,3/29/2022 9:00,56.122
3250,3/29/2022 9:15,56.426
3251,3/29/2022 9:30,56.772
3252,3/29/2022 9:45,57.204
3253,3/29/2022 10:00,57.679
3254,3/29/2022 10:15,58.152
3255,3/29/2022 10:30,58.626
3256,3/29/2022 10:45,59.185
3257,3/29/2022 11:00,59.702
3258,3/29/2022 11:15,60.26
3259,3/29/2022 11:30,60.861
3260,3/29/2022 11:45,61.419
3261,3/29/2022 12:00,61.977
3262,3/29/2022 12:15,62.577
3263,3/29/2022 12:30,63.176
3264,3/29/2022 12:45,63.903
3265,3/29/2022 13:00,64.674
3266,3/29/2022 13:15,65.53
3267,3/29/2022 13:30,66.344
3268,3/29/2022 13:45,67.114
3269,3/29/2022 14:00,67.842
3270,3/29/2022 14:15,68.527
3271,3/29/2022 14:30,69.213
3272,3/29/2022 14:45,69.858
3273,3/29/2022 15:00,70.459
3274,3/29/2022 15:15,71.103
3275,3/29/2022 15:30,71.704
3276,3/29/2022 15:45,72.264
3277,3/29/2022 16:00,72.826
3278,3/29/2022 16:15,73.299
3279,3/29/2022 16:30,73.731
3280,3/29/2022 16:45,73.99
3281,3/29/2022 17:00,74.12
3282,3/29/2022 17:15,74.163
3283,3/29/2022 17:30,74.12
3284,3/29/2022 17:45,73.947
3285,3/29/2022 18:00,73.731
3286,3/29/2022 18:15,73.342
3287,3/29/2022 18:30,72.783
3288,3/29/2022 18:45,72.178
3289,3/29/2022 19:00,71.404
3290,3/29/2022 19:15,70.587
3291,3/29/2022 19:30,69.728
3292,3/29/2022 19:45,68.913
3293,3/29/2022 20:00,68.142
3294,3/29/2022 20:15,67.372
3295,3/29/2022 20:30,66.686
3296,3/29/2022 20:45,66
3297,3/29/2022 21:00,65.359
3298,3/29/2022 21:15,64.76
3299,3/29/2022 21:30,64.161
3300,3/29/2022 21:45,63.604
3301,3/29/2022 22:00,63.09
3302,3/29/2022 22:15,62.577
3303,3/29/2022 22:30,62.105
3304,3/29/2022 22:45,61.677
3305,3/29/2022 23:00,61.248
3306,3/29/2022 23:15,60.861
3307,3/29/2022 23:30,60.517
3308,3/29/2022 23:45,60.174
3309,3/30/2022 0:00,59.873
3310,3/30/2022 0:15,59.572
3311,3/30/2022 0:30,59.272
3312,3/30/2022 0:45,59.014
3313,3/30/2022 1:00,58.755
3314,3/30/2022 1:15,58.498
3315,3/30/2022 1:30,58.282
3316,3/30/2022 1:45,58.066
3317,3/30/2022 2:00,57.893
3318,3/30/2022 2:15,57.679
3319,3/30/2022 2:30,57.506
3320,3/30/2022 2:45,57.333
3321,3/30/2022 3:00,57.16
3322,3/30/2022 3:15,56.988
3323,3/30/2022 3:30,56.815
3324,3/30/2022 3:45,56.685
3325,3/30/2022 4:00,56.556
3326,3/30/2022 4:15,56.383
3327,3/30/2022 4:30,56.251
3328,3/30/2022 4:45,56.122
3329,3/30/2022 5:00,55.992
3330,3/30/2022 5:15,55.863
3331,3/30/2022 5:30,55.733
3332,3/30/2022 5:45,55.602
3333,3/30/2022 6:00,56.383
3334,3/30/2022 6:15,57.722
3335,3/30/2022 6:30,58.971
3336,3/30/2022 6:45,60.132
3337,3/30/2022 7:00,61.205
3338,3/30/2022 7:15,61.977
3339,3/30/2022 7:30,62.919
3340,3/30/2022 7:45,63.775
3341,3/30/2022 8:00,64.503
3342,3/30/2022 8:15,64.974
3343,3/30/2022 8:30,65.359
3344,3/30/2022 8:45,65.745
3345,3/30/2022 9:00,66.13
3346,3/30/2022 9:15,66.515
3347,3/30/2022 9:30,66.857
3348,3/30/2022 9:45,67.242
3349,3/30/2022 10:00,67.627
3350,3/30/2022 10:15,68.056
3351,3/30/2022 10:30,68.484
3352,3/30/2022 10:45,68.828
3353,3/30/2022 11:00,69.042
3354,3/30/2022 11:15,69.256
3355,3/30/2022 11:30,70.502
3356,3/30/2022 11:45,71.146
3357,3/30/2022 12:00,71.62
3358,3/30/2022 12:15,72.007
3359,3/30/2022 12:30,72.307
3360,3/30/2022 12:45,72.567
3361,3/30/2022 13:00,72.696
3362,3/30/2022 13:15,72.739
3363,3/30/2022 13:30,72.696
3364,3/30/2022 13:45,72.567
3365,3/30/2022 14:00,72.394
3366,3/30/2022 14:15,72.093
3367,3/30/2022 14:30,71.834
3368,3/30/2022 14:45,71.577
3369,3/30/2022 15:00,71.317
3370,3/30/2022 15:15,71.49
3371,3/30/2022 15:30,71.834
3372,3/30/2022 15:45,72.567
3373,3/30/2022 16:00,73.04
3374,3/30/2022 16:15,73.472
3375,3/30/2022 16:30,73.515
3376,3/30/2022 16:45,73.472
3377,3/30/2022 17:00,73.645
3378,3/30/2022 17:15,74.077
3379,3/30/2022 17:30,74.467
3380,3/30/2022 17:45,74.683
3381,3/30/2022 18:00,74.64
3382,3/30/2022 18:15,74.338
3383,3/30/2022 18:30,73.818
3384,3/30/2022 18:45,73.17
3385,3/30/2022 19:00,72.437
3386,3/30/2022 19:15,71.661
3387,3/30/2022 19:30,70.93
3388,3/30/2022 19:45,70.201
3389,3/30/2022 20:00,69.471
3390,3/30/2022 20:15,68.742
3391,3/30/2022 20:30,68.013
3392,3/30/2022 20:45,67.285
3393,3/30/2022 21:00,66.558
3394,3/30/2022 21:15,65.829
3395,3/30/2022 21:30,65.102
3396,3/30/2022 21:45,64.418
3397,3/30/2022 22:00,63.689
3398,3/30/2022 22:15,63.048
3399,3/30/2022 22:30,62.447
3400,3/30/2022 22:45,61.848
3401,3/30/2022 23:00,61.333
3402,3/30/2022 23:15,60.861
3403,3/30/2022 23:30,60.433
3404,3/30/2022 23:45,60.046
3405,3/31/2022 0:00,59.702
3406,3/31/2022 0:15,59.315
3407,3/31/2022 0:30,58.971
3408,3/31/2022 0:45,58.626
3409,3/31/2022 1:00,58.239
3410,3/31/2022 1:15,57.893
3411,3/31/2022 1:30,57.506
3412,3/31/2022 1:45,57.16
3413,3/31/2022 2:00,56.815
3414,3/31/2022 2:15,56.469
3415,3/31/2022 2:30,56.165
3416,3/31/2022 2:45,55.863
3417,3/31/2022 3:00,55.602
3418,3/31/2022 3:15,55.386
3419,3/31/2022 3:30,55.213
3420,3/31/2022 3:45,54.995
3421,3/31/2022 4:00,54.82
3422,3/31/2022 4:15,54.648
3423,3/31/2022 4:30,54.43
3424,3/31/2022 4:45,54.255
3425,3/31/2022 5:00,54.037
3426,3/31/2022 5:15,53.82
3427,3/31/2022 5:30,53.559
3428,3/31/2022 5:45,53.341
3429,3/31/2022 6:00,53.121
3430,3/31/2022 6:15,52.903
3431,3/31/2022 6:30,52.729
3432,3/31/2022 6:45,52.597
3433,3/31/2022 7:00,53.166
3434,3/31/2022 7:15,57.333
3435,3/31/2022 7:30,61.547
3436,3/31/2022 7:45,64.247
3437,3/31/2022 8:00,67.114
3438,3/31/2022 8:15,65.872
3439,3/31/2022 8:30,65.145
3440,3/31/2022 8:45,65.487
3441,3/31/2022 9:00,66.301
3442,3/31/2022 9:15,67.372
3443,3/31/2022 9:30,68.614
3444,3/31/2022 9:45,69.858
3445,3/31/2022 10:00,71.274
3446,3/31/2022 10:15,72.783
3447,3/31/2022 10:30,73.602
3448,3/31/2022 10:45,74.64
3449,3/31/2022 11:00,74.381
3450,3/31/2022 11:15,74.77
3451,3/31/2022 11:30,75.898
3452,3/31/2022 11:45,77.421
3453,3/31/2022 12:00,78.953
3454,3/31/2022 12:15,80.316
3455,3/31/2022 12:30,81.597
3456,3/31/2022 12:45,82.753
3457,3/31/2022 13:00,83.109
3458,3/31/2022 13:15,82.441
3459,3/31/2022 13:30,82.353
3460,3/31/2022 13:45,82.396
3461,3/31/2022 14:00,82.396
3462,3/31/2022 14:15,82.353
3463,3/31/2022 14:30,82.263
3464,3/31/2022 14:45,82.13
3465,3/31/2022 15:00,81.997
3466,3/31/2022 15:15,82.353
3467,3/31/2022 15:30,84.317
3468,3/31/2022 15:45,85.802
3469,3/31/2022 16:00,86.891
3470,3/31/2022 16:15,87.573
3471,3/31/2022 16:30,85.712
3472,3/31/2022 16:45,83.109
3473,3/31/2022 17:00,81.466
3474,3/31/2022 17:15,80.227
3475,3/31/2022 17:30,78.91
3476,3/31/2022 17:45,77.378
3477,3/31/2022 18:00,75.724
3478,3/31/2022 18:15,73.947
3479,3/31/2022 18:30,72.178
3480,3/31/2022 18:45,70.416
3481,3/31/2022 19:00,68.742
3482,3/31/2022 19:15,67.114
3483,3/31/2022 19:30,65.574
3484,3/31/2022 19:45,64.204
3485,3/31/2022 20:00,64.117
3486,3/31/2022 20:15,66.173
3487,3/31/2022 20:30,68.056
3488,3/31/2022 20:45,69.6
3489,3/31/2022 21:00,70.716
3490,3/31/2022 21:15,71.361
3491,3/31/2022 21:30,70.372
3492,3/31/2022 21:45,69.471
3493,3/31/2022 22:00,68.527
3494,3/31/2022 22:15,67.543
3495,3/31/2022 22:30,66.6
3496,3/31/2022 22:45,65.658
3497,3/31/2022 23:00,64.803
3498,3/31/2022 23:15,63.99
3499,3/31/2022 23:30,63.262
3500,3/31/2022 23:45,62.533
3501,4/1/2022 0:00,61.891
3502,4/1/2022 0:15,61.29
3503,4/1/2022 0:30,60.647
3504,4/1/2022 0:45,60.046
3505,4/1/2022 1:00,59.486
3506,4/1/2022 1:15,58.928
3507,4/1/2022 1:30,58.368
3508,4/1/2022 1:45,57.807
3509,4/1/2022 2:00,57.333
3510,4/1/2022 2:15,56.815
3511,4/1/2022 2:30,56.34
3512,4/1/2022 2:45,55.906
3513,4/1/2022 3:00,55.472
3514,4/1/2022 3:15,55.038
3515,4/1/2022 3:30,54.604
3516,4/1/2022 3:45,54.212
3517,4/1/2022 4:00,53.82
3518,4/1/2022 4:15,53.472
3519,4/1/2022 4:30,53.078
3520,4/1/2022 4:45,52.772
3521,4/1/2022 5:00,52.466
3522,4/1/2022 5:15,52.203
3523,4/1/2022 5:30,51.895
3524,4/1/2022 5:45,51.633
3525,4/1/2022 6:00,51.37
3526,4/1/2022 6:15,51.148
3527,4/1/2022 6:30,51.062
3528,4/1/2022 6:45,51.062
3529,4/1/2022 7:00,51.37
3530,4/1/2022 7:15,51.984
3531,4/1/2022 7:30,52.86
3532,4/1/2022 7:45,53.908
3533,4/1/2022 8:00,54.995
3534,4/1/2022 8:15,56.208
3535,4/1/2022 8:30,57.506
3536,4/1/2022 8:45,58.971
3537,4/1/2022 9:00,60.561
3538,4/1/2022 9:15,62.276
3539,4/1/2022 9:30,64.117
3540,4/1/2022 9:45,66
3541,4/1/2022 10:00,67.885
3542,4/1/2022 10:15,69.858
3543,4/1/2022 10:30,71.791
3544,4/1/2022 10:45,73.774
3545,4/1/2022 11:00,75.724
3546,4/1/2022 11:15,77.553
3547,4/1/2022 11:30,76.55
3548,4/1/2022 11:45,77.639
3549,4/1/2022 12:00,78.427
3550,4/1/2022 12:15,79.128
3551,4/1/2022 12:30,80.316
3552,4/1/2022 12:45,80.096
3553,4/1/2022 13:00,77.684
3554,4/1/2022 13:15,76.203
3555,4/1/2022 13:30,75.767
3556,4/1/2022 13:45,75.767
3557,4/1/2022 14:00,76.028
3558,4/1/2022 14:15,76.636
3559,4/1/2022 14:30,77.072
3560,4/1/2022 14:45,77.292
3561,4/1/2022 15:00,77.292
3562,4/1/2022 15:15,77.072
3563,4/1/2022 15:30,76.636
3564,4/1/2022 15:45,76.114
3565,4/1/2022 16:00,75.767
3566,4/1/2022 16:15,75.42
3567,4/1/2022 16:30,75.074
3568,4/1/2022 16:45,74.77
3569,4/1/2022 17:00,74.683
3570,4/1/2022 17:15,74.64
3571,4/1/2022 17:30,74.727
3572,4/1/2022 17:45,74.727
3573,4/1/2022 18:00,74.381
3574,4/1/2022 18:15,73.688
3575,4/1/2022 18:30,72.869
3576,4/1/2022 18:45,71.964
3577,4/1/2022 19:00,70.974
3578,4/1/2022 19:15,70.029
3579,4/1/2022 19:30,69.085
3580,4/1/2022 19:45,68.056
3581,4/1/2022 20:00,67.071
3582,4/1/2022 20:15,66.087
3583,4/1/2022 20:30,65.145
3584,4/1/2022 20:45,64.204
3585,4/1/2022 21:00,63.262
3586,4/1/2022 21:15,62.406
3587,4/1/2022 21:30,61.547
3588,4/1/2022 21:45,60.733
3589,4/1/2022 22:00,60.003
3590,4/1/2022 22:15,59.445
3591,4/1/2022 22:30,61.462
3592,4/1/2022 22:45,63.99
3593,4/1/2022 23:00,66.686
3594,4/1/2022 23:15,66.943
3595,4/1/2022 23:30,66.515
3596,4/1/2022 23:45,65.829
3597,4/2/2022 0:00,65.102
3598,4/2/2022 0:15,64.375
3599,4/2/2022 0:30,63.604
3600,4/2/2022 0:45,62.834
3601,4/2/2022 1:00,62.191
3602,4/2/2022 1:15,61.547
3603,4/2/2022 1:30,60.991
3604,4/2/2022 1:45,60.433
3605,4/2/2022 2:00,59.916
3606,4/2/2022 2:15,59.401
3607,4/2/2022 2:30,58.928
3608,4/2/2022 2:45,58.455
3609,4/2/2022 3:00,57.979
3610,4/2/2022 3:15,57.549
3611,4/2/2022 3:30,57.16
3612,4/2/2022 3:45,56.772
3613,4/2/2022 4:00,56.426
3614,4/2/2022 4:15,56.079
3615,4/2/2022 4:30,55.733
3616,4/2/2022 4:45,55.429
3617,4/2/2022 5:00,55.125
3618,4/2/2022 5:15,54.82
3619,4/2/2022 5:30,54.561
3620,4/2/2022 5:45,54.255
3621,4/2/2022 6:00,53.951
3622,4/2/2022 6:15,53.69
3623,4/2/2022 6:30,53.472
3624,4/2/2022 6:45,53.341
3625,4/2/2022 7:00,53.384
3626,4/2/2022 7:15,53.69
3627,4/2/2022 7:30,54.169
3628,4/2/2022 7:45,54.777
3629,4/2/2022 8:00,55.515
3630,4/2/2022 8:15,56.426
3631,4/2/2022 8:30,57.42
3632,4/2/2022 8:45,58.582
3633,4/2/2022 9:00,59.873
3634,4/2/2022 9:15,61.248
3635,4/2/2022 9:30,62.704
3636,4/2/2022 9:45,64.247
3637,4/2/2022 10:00,65.872
3638,4/2/2022 10:15,67.5
3639,4/2/2022 10:30,69.129
3640,4/2/2022 10:45,70.803
3641,4/2/2022 11:00,72.567
3642,4/2/2022 11:15,74.295
3643,4/2/2022 11:30,75.985
3644,4/2/2022 11:45,77.596
3645,4/2/2022 12:00,79.173
3646,4/2/2022 12:15,80.713
3647,4/2/2022 12:30,82.263
3648,4/2/2022 12:45,83.736
3649,4/2/2022 13:00,85.172
3650,4/2/2022 13:15,86.572
3651,4/2/2022 13:30,87.847
3652,4/2/2022 13:45,88.993
3653,4/2/2022 14:00,90.055
3654,4/2/2022 14:15,90.982
3655,4/2/2022 14:30,91.823
3656,4/2/2022 14:45,92.527
3657,4/2/2022 15:00,93.139
3658,4/2/2022 15:15,93.612
3659,4/2/2022 15:30,93.943
3660,4/2/2022 15:45,94.134
3661,4/2/2022 16:00,94.23
3662,4/2/2022 16:15,94.181
3663,4/2/2022 16:30,93.992
3664,4/2/2022 16:45,93.659
3665,4/2/2022 17:00,93.186
3666,4/2/2022 17:15,92.62
3667,4/2/2022 17:30,91.87
3668,4/2/2022 17:45,90.936
3669,4/2/2022 18:00,89.823
3670,4/2/2022 18:15,88.488
3671,4/2/2022 18:30,87.028
3672,4/2/2022 18:45,85.442
3673,4/2/2022 19:00,83.824
3674,4/2/2022 19:15,82.175
3675,4/2/2022 19:30,80.58
3676,4/2/2022 19:45,79.041
3677,4/2/2022 20:00,77.596
3678,4/2/2022 20:15,76.289
3679,4/2/2022 20:30,75.029
3680,4/2/2022 20:45,73.861
3681,4/2/2022 21:00,72.783
3682,4/2/2022 21:15,71.748
3683,4/2/2022 21:30,70.803
3684,4/2/2022 21:45,69.901
3685,4/2/2022 22:00,69.042
3686,4/2/2022 22:15,68.227
3687,4/2/2022 22:30,67.5
3688,4/2/2022 22:45,66.772
3689,4/2/2022 23:00,66.087
3690,4/2/2022 23:15,65.403
3691,4/2/2022 23:30,64.717
3692,4/2/2022 23:45,64.117
3693,4/3/2022 0:00,63.518
3694,4/3/2022 0:15,62.919
3695,4/3/2022 0:30,62.362
3696,4/3/2022 0:45,61.804
3697,4/3/2022 1:00,61.29
3698,4/3/2022 1:15,60.818
3699,4/3/2022 1:30,60.346
3700,4/3/2022 1:45,59.873
3701,4/3/2022 2:00,59.445
3702,4/3/2022 2:15,59.056
3703,4/3/2022 2:30,58.626
3704,4/3/2022 2:45,58.239
3705,4/3/2022 3:00,57.85
3706,4/3/2022 3:15,57.42
3707,4/3/2022 3:30,57.031
3708,4/3/2022 3:45,56.599
3709,4/3/2022 4:00,56.208
3710,4/3/2022 4:15,55.819
3711,4/3/2022 4:30,55.429
3712,4/3/2022 4:45,55.081
3713,4/3/2022 5:00,54.734
3714,4/3/2022 5:15,54.343
3715,4/3/2022 5:30,53.994
3716,4/3/2022 5:45,53.645
3717,4/3/2022 6:00,53.298
3718,4/3/2022 6:15,52.992
3719,4/3/2022 6:30,52.729
3720,4/3/2022 6:45,52.597
3721,4/3/2022 7:00,52.729
3722,4/3/2022 7:15,53.078
3723,4/3/2022 7:30,53.602
3724,4/3/2022 7:45,54.3
3725,4/3/2022 8:00,55.125
3726,4/3/2022 8:15,56.079
3727,4/3/2022 8:30,57.204
3728,4/3/2022 8:45,58.455
3729,4/3/2022 9:00,59.83
3730,4/3/2022 9:15,61.29
3731,4/3/2022 9:30,62.919
3732,4/3/2022 9:45,64.589
3733,4/3/2022 10:00,66.344
3734,4/3/2022 10:15,68.142
3735,4/3/2022 10:30,69.942
3736,4/3/2022 10:45,71.791
3737,4/3/2022 11:00,73.645
3738,4/3/2022 11:15,75.42
3739,4/3/2022 11:30,77.117
3740,4/3/2022 11:45,78.69
3741,4/3/2022 12:00,80.227
3742,4/3/2022 12:15,81.73
3743,4/3/2022 12:30,83.109
3744,4/3/2022 12:45,84.452
3745,4/3/2022 13:00,85.712
3746,4/3/2022 13:15,86.799
3747,4/3/2022 13:30,87.894
3748,4/3/2022 13:45,88.855
3749,4/3/2022 14:00,89.685
3750,4/3/2022 14:15,88.579
3751,4/3/2022 14:30,84.677
3752,4/3/2022 14:45,81.864
3753,4/3/2022 15:00,79.48
3754,4/3/2022 15:15,77.815
3755,4/3/2022 15:30,77.117
3756,4/3/2022 15:45,77.553
3757,4/3/2022 16:00,78.559
3758,4/3/2022 16:15,79.304
3759,4/3/2022 16:30,79.655
3760,4/3/2022 16:45,79.655
3761,4/3/2022 17:00,79.392
3762,4/3/2022 17:15,78.91
3763,4/3/2022 17:30,78.296
3764,4/3/2022 17:45,77.553
3765,4/3/2022 18:00,76.681
3766,4/3/2022 18:15,75.681
3767,4/3/2022 18:30,74.511
3768,4/3/2022 18:45,73.256
3769,4/3/2022 19:00,72.567
3770,4/3/2022 19:15,72.653
3771,4/3/2022 19:30,73.904
3772,4/3/2022 19:45,75.247
3773,4/3/2022 20:00,76.246
3774,4/3/2022 20:15,75.853
3775,4/3/2022 20:30,74.77
3776,4/3/2022 20:45,73.602
3777,4/3/2022 21:00,72.567
3778,4/3/2022 21:15,71.49
3779,4/3/2022 21:30,70.502
3780,4/3/2022 21:45,69.557
3781,4/3/2022 22:00,68.657
3782,4/3/2022 22:15,67.757
3783,4/3/2022 22:30,66.943
3784,4/3/2022 22:45,66.173
3785,4/3/2022 23:00,65.487
3786,4/3/2022 23:15,64.803
3787,4/3/2022 23:30,64.161
3788,4/3/2022 23:45,63.561
3789,4/4/2022 0:00,62.962
3790,4/4/2022 0:15,62.362
3791,4/4/2022 0:30,61.804
3792,4/4/2022 0:45,61.248
3793,4/4/2022 1:00,60.69
3794,4/4/2022 1:15,60.174
3795,4/4/2022 1:30,59.702
3796,4/4/2022 1:45,59.229
3797,4/4/2022 2:00,58.798
3798,4/4/2022 2:15,58.325
3799,4/4/2022 2:30,57.893
3800,4/4/2022 2:45,57.463
3801,4/4/2022 3:00,57.074
3802,4/4/2022 3:15,56.685
3803,4/4/2022 3:30,56.295
3804,4/4/2022 3:45,55.949
3805,4/4/2022 4:00,55.602
3806,4/4/2022 4:15,55.342
3807,4/4/2022 4:30,55.081
3808,4/4/2022 4:45,54.82
3809,4/4/2022 5:00,54.648
3810,4/4/2022 5:15,54.473
3811,4/4/2022 5:30,54.3
3812,4/4/2022 5:45,54.126
3813,4/4/2022 6:00,54.037
3814,4/4/2022 6:15,53.951
3815,4/4/2022 6:30,53.908
3816,4/4/2022 6:45,53.908
3817,4/4/2022 7:00,53.994
3818,4/4/2022 7:15,54.212
3819,4/4/2022 7:30,54.516
3820,4/4/2022 7:45,54.909
3821,4/4/2022 8:00,55.472
3822,4/4/2022 8:15,56.079
3823,4/4/2022 8:30,56.815
3824,4/4/2022 8:45,57.722
3825,4/4/2022 9:00,58.798
3826,4/4/2022 9:15,60.003
3827,4/4/2022 9:30,61.376
3828,4/4/2022 9:45,62.875
3829,4/4/2022 10:00,64.418
3830,4/4/2022 10:15,66
3831,4/4/2022 10:30,67.586
3832,4/4/2022 10:45,69.557
3833,4/4/2022 11:00,71.62
3834,4/4/2022 11:15,72.739
3835,4/4/2022 11:30,73.947
3836,4/4/2022 11:45,74.511
3837,4/4/2022 12:00,74.597
3838,4/4/2022 12:15,75.029
3839,4/4/2022 12:30,75.247
3840,4/4/2022 12:45,75.637
3841,4/4/2022 13:00,76.071
3842,4/4/2022 13:15,76.507
3843,4/4/2022 13:30,76.854
3844,4/4/2022 13:45,76.942
3845,4/4/2022 14:00,76.899
3846,4/4/2022 14:15,76.636
3847,4/4/2022 14:30,76.246
3848,4/4/2022 14:45,75.637
3849,4/4/2022 15:00,74.943
3850,4/4/2022 15:15,74.163
3851,4/4/2022 15:30,73.299
3852,4/4/2022 15:45,72.264
3853,4/4/2022 16:00,71.231
3854,4/4/2022 16:15,70.201
3855,4/4/2022 16:30,69.256
3856,4/4/2022 16:45,68.27
3857,4/4/2022 17:00,67.285
3858,4/4/2022 17:15,66.344
3859,4/4/2022 17:30,67.671
3860,4/4/2022 17:45,67.627
3861,4/4/2022 18:00,67.199
3862,4/4/2022 18:15,66.643
3863,4/4/2022 18:30,65.959
3864,4/4/2022 18:45,65.273
3865,4/4/2022 19:00,64.589
3866,4/4/2022 19:15,63.903
3867,4/4/2022 19:30,63.262
3868,4/4/2022 19:45,62.62
3869,4/4/2022 20:00,61.977
3870,4/4/2022 20:15,61.376
3871,4/4/2022 20:30,63.903
3872,4/4/2022 20:45,65.487
3873,4/4/2022 21:00,66.214
3874,4/4/2022 21:15,68.313
3875,4/4/2022 21:30,69.17
3876,4/4/2022 21:45,68.913
3877,4/4/2022 22:00,68.356
3878,4/4/2022 22:15,67.714
3879,4/4/2022 22:30,67.028
3880,4/4/2022 22:45,66.344
3881,4/4/2022 23:00,65.701
3882,4/4/2022 23:15,65.102
3883,4/4/2022 23:30,64.546
3884,4/4/2022 23:45,63.99
3885,4/5/2022 0:00,63.475
3886,4/5/2022 0:15,63.005
3887,4/5/2022 0:30,62.49
3888,4/5/2022 0:45,62.062
3889,4/5/2022 1:00,61.59
3890,4/5/2022 1:15,61.119
3891,4/5/2022 1:30,60.733
3892,4/5/2022 1:45,60.346
3893,4/5/2022 2:00,60.003
3894,4/5/2022 2:15,59.659
3895,4/5/2022 2:30,59.272
3896,4/5/2022 2:45,58.885
3897,4/5/2022 3:00,58.541
3898,4/5/2022 3:15,58.152
3899,4/5/2022 3:30,57.807
3900,4/5/2022 3:45,57.463
3901,4/5/2022 4:00,57.16
3902,4/5/2022 4:15,56.858
3903,4/5/2022 4:30,56.556
3904,4/5/2022 4:45,56.295
3905,4/5/2022 5:00,55.992
3906,4/5/2022 5:15,55.69
3907,4/5/2022 5:30,55.386
3908,4/5/2022 5:45,55.081
3909,4/5/2022 6:00,54.82
3910,4/5/2022 6:15,54.561
3911,4/5/2022 6:30,54.343
3912,4/5/2022 6:45,54.255
3913,4/5/2022 7:00,54.343
3914,4/5/2022 7:15,54.604
3915,4/5/2022 7:30,54.995
3916,4/5/2022 7:45,55.472
3917,4/5/2022 8:00,56.035
3918,4/5/2022 8:15,56.728
3919,4/5/2022 8:30,57.506
3920,4/5/2022 8:45,58.411
3921,4/5/2022 9:00,59.486
3922,4/5/2022 9:15,60.647
3923,4/5/2022 9:30,61.891
3924,4/5/2022 9:45,63.304
3925,4/5/2022 10:00,64.76
3926,4/5/2022 10:15,66.344
3927,4/5/2022 10:30,67.928
3928,4/5/2022 10:45,69.6
3929,4/5/2022 11:00,71.19
3930,4/5/2022 11:15,72.783
3931,4/5/2022 11:30,74.295
3932,4/5/2022 11:45,75.724
3933,4/5/2022 12:00,77.117
3934,4/5/2022 12:15,78.514
3935,4/5/2022 12:30,79.788
3936,4/5/2022 12:45,80.978
3937,4/5/2022 13:00,82.085
3938,4/5/2022 13:15,83.199
3939,4/5/2022 13:30,84.272
3940,4/5/2022 13:45,85.217
3941,4/5/2022 14:00,86.119
3942,4/5/2022 14:15,86.891
3943,4/5/2022 14:30,87.62
3944,4/5/2022 14:45,88.259
3945,4/5/2022 15:00,88.81
3946,4/5/2022 15:15,89.224
3947,4/5/2022 15:30,89.546
3948,4/5/2022 15:45,89.731
3949,4/5/2022 16:00,89.823
3950,4/5/2022 16:15,89.823
3951,4/5/2022 16:30,89.685
3952,4/5/2022 16:45,89.407
3953,4/5/2022 17:00,89.085
3954,4/5/2022 17:15,88.626
3955,4/5/2022 17:30,88.03
3956,4/5/2022 17:45,87.3
3957,4/5/2022 18:00,86.346
3958,4/5/2022 18:15,85.262
3959,4/5/2022 18:30,84.049
3960,4/5/2022 18:45,82.798
3961,4/5/2022 19:00,81.466
3962,4/5/2022 19:15,80.096
3963,4/5/2022 19:30,78.733
3964,4/5/2022 19:45,77.421
3965,4/5/2022 20:00,76.203
3966,4/5/2022 20:15,75.029
3967,4/5/2022 20:30,73.904
3968,4/5/2022 20:45,72.826
3969,4/5/2022 21:00,71.834
3970,4/5/2022 21:15,70.887
3971,4/5/2022 21:30,69.985
3972,4/5/2022 21:45,69.129
3973,4/5/2022 22:00,68.356
3974,4/5/2022 22:15,67.627
3975,4/5/2022 22:30,66.9
3976,4/5/2022 22:45,66.214
3977,4/5/2022 23:00,65.574
3978,4/5/2022 23:15,64.931
3979,4/5/2022 23:30,64.332
3980,4/5/2022 23:45,63.775
3981,4/6/2022 0:00,63.176
3982,4/6/2022 0:15,62.661
3983,4/6/2022 0:30,62.148
3984,4/6/2022 0:45,61.633
3985,4/6/2022 1:00,61.162
3986,4/6/2022 1:15,60.69
3987,4/6/2022 1:30,60.217
3988,4/6/2022 1:45,59.788
3989,4/6/2022 2:00,59.401
3990,4/6/2022 2:15,58.971
3991,4/6/2022 2:30,58.582
3992,4/6/2022 2:45,58.239
3993,4/6/2022 3:00,57.893
3994,4/6/2022 3:15,57.549
3995,4/6/2022 3:30,57.204
3996,4/6/2022 3:45,56.815
3997,4/6/2022 4:00,56.469
3998,4/6/2022 4:15,56.122
3999,4/6/2022 4:30,55.776
4000,4/6/2022 4:45,55.429
4001,4/6/2022 5:00,55.081
4002,4/6/2022 5:15,54.734
4003,4/6/2022 5:30,54.43
4004,4/6/2022 5:45,54.126
4005,4/6/2022 6:00,53.82
4006,4/6/2022 6:15,53.559
4007,4/6/2022 6:30,53.384
4008,4/6/2022 6:45,53.253
4009,4/6/2022 7:00,53.341
4010,4/6/2022 7:15,53.559
4011,4/6/2022 7:30,53.951
4012,4/6/2022 7:45,54.473
4013,4/6/2022 8:00,55.125
4014,4/6/2022 8:15,55.949
4015,4/6/2022 8:30,56.901
4016,4/6/2022 8:45,58.066
4017,4/6/2022 9:00,59.358
4018,4/6/2022 9:15,60.818
4019,4/6/2022 9:30,62.362
4020,4/6/2022 9:45,64.074
4021,4/6/2022 10:00,65.916
4022,4/6/2022 10:15,67.757
4023,4/6/2022 10:30,69.685
4024,4/6/2022 10:45,71.62
4025,4/6/2022 11:00,73.558
4026,4/6/2022 11:15,75.551
4027,4/6/2022 11:30,76.681
4028,4/6/2022 11:45,76.811
4029,4/6/2022 12:00,77.509
4030,4/6/2022 12:15,77.945
4031,4/6/2022 12:30,78.865
4032,4/6/2022 12:45,79.392
4033,4/6/2022 13:00,80.051
4034,4/6/2022 13:15,80.935
4035,4/6/2022 13:30,81.288
4036,4/6/2022 13:45,81.597
4037,4/6/2022 14:00,81.775
4038,4/6/2022 14:15,82.13
4039,4/6/2022 14:30,82.53
4040,4/6/2022 14:45,82.841
4041,4/6/2022 15:00,83.109
4042,4/6/2022 15:15,83.467
4043,4/6/2022 15:30,84.812
4044,4/6/2022 15:45,86.211
4045,4/6/2022 16:00,87.073
4046,4/6/2022 16:15,86.527
4047,4/6/2022 16:30,82.042
4048,4/6/2022 16:45,80.008
4049,4/6/2022 17:00,79.216
4050,4/6/2022 17:15,79.173
4051,4/6/2022 17:30,79.567
4052,4/6/2022 17:45,80.096
4053,4/6/2022 18:00,80.845
4054,4/6/2022 18:15,80.802
4055,4/6/2022 18:30,80.492
4056,4/6/2022 18:45,80.051
4057,4/6/2022 19:00,79.48
4058,4/6/2022 19:15,78.822
4059,4/6/2022 19:30,78.121
4060,4/6/2022 19:45,77.378
4061,4/6/2022 20:00,76.636
4062,4/6/2022 20:15,75.853
4063,4/6/2022 20:30,75.074
4064,4/6/2022 20:45,74.338
4065,4/6/2022 21:00,73.645
4066,4/6/2022 21:15,72.997
4067,4/6/2022 21:30,72.351
4068,4/6/2022 21:45,71.748
4069,4/6/2022 22:00,71.146
4070,4/6/2022 22:15,70.587
4071,4/6/2022 22:30,70.072
4072,4/6/2022 22:45,69.557
4073,4/6/2022 23:00,69.042
4074,4/6/2022 23:15,68.571
4075,4/6/2022 23:30,68.099
4076,4/6/2022 23:45,67.627
4077,4/7/2022 0:00,67.199
4078,4/7/2022 0:15,66.729
4079,4/7/2022 0:30,66.301
4080,4/7/2022 0:45,65.872
4081,4/7/2022 1:00,65.487
4082,4/7/2022 1:15,65.059
4083,4/7/2022 1:30,64.632
4084,4/7/2022 1:45,64.247
4085,4/7/2022 2:00,63.862
4086,4/7/2022 2:15,63.475
4087,4/7/2022 2:30,63.09
4088,4/7/2022 2:45,62.748
4089,4/7/2022 3:00,62.362
4090,4/7/2022 3:15,61.977
4091,4/7/2022 3:30,61.633
4092,4/7/2022 3:45,61.29
4093,4/7/2022 4:00,60.948
4094,4/7/2022 4:15,60.604
4095,4/7/2022 4:30,60.303
4096,4/7/2022 4:45,60.003
4097,4/7/2022 5:00,59.745
4098,4/7/2022 5:15,59.486
4099,4/7/2022 5:30,59.185
4100,4/7/2022 5:45,58.928
4101,4/7/2022 6:00,58.669
4102,4/7/2022 6:15,58.455
4103,4/7/2022 6:30,58.325
4104,4/7/2022 6:45,58.368
4105,4/7/2022 7:00,58.582
4106,4/7/2022 7:15,59.014
4107,4/7/2022 7:30,59.572
4108,4/7/2022 7:45,60.303
4109,4/7/2022 8:00,61.162
4110,4/7/2022 8:15,62.148
4111,4/7/2022 8:30,63.262
4112,4/7/2022 8:45,64.546
4113,4/7/2022 9:00,65.916
4114,4/7/2022 9:15,67.456
4115,4/7/2022 9:30,69.17
4116,4/7/2022 9:45,70.974
4117,4/7/2022 10:00,72.869
4118,4/7/2022 10:15,74.856
4119,4/7/2022 10:30,76.854
4120,4/7/2022 10:45,79.435
4121,4/7/2022 11:00,79.743
4122,4/7/2022 11:15,79.261
4123,4/7/2022 11:30,79.084
4124,4/7/2022 11:45,79.48
4125,4/7/2022 12:00,80.757
4126,4/7/2022 12:15,82.441
4127,4/7/2022 12:30,84.362
4128,4/7/2022 12:45,86.211
4129,4/7/2022 13:00,87.665
4130,4/7/2022 13:15,89.362
4131,4/7/2022 13:30,91.123
4132,4/7/2022 13:45,92.903
4133,4/7/2022 14:00,94.609
4134,4/7/2022 14:15,96.192
4135,4/7/2022 14:30,97.063
4136,4/7/2022 14:45,97.891
4137,4/7/2022 15:00,98.773
4138,4/7/2022 15:15,99.613
4139,4/7/2022 15:30,100.357
4140,4/7/2022 15:45,100.557
4141,4/7/2022 16:00,100.557
4142,4/7/2022 16:15,101.007
4143,4/7/2022 16:30,101.509
4144,4/7/2022 16:45,101.912
4145,4/7/2022 17:00,102.265
4146,4/7/2022 17:15,102.468
4147,4/7/2022 17:30,102.519
4148,4/7/2022 17:45,101.057
4149,4/7/2022 18:00,96.53
4150,4/7/2022 18:15,93.045
4151,4/7/2022 18:30,90.471
4152,4/7/2022 18:45,89.085
4153,4/7/2022 19:00,87.894
4154,4/7/2022 19:15,87.163
4155,4/7/2022 19:30,86.346
4156,4/7/2022 19:45,85.532
4157,4/7/2022 20:00,84.677
4158,4/7/2022 20:15,83.824
4159,4/7/2022 20:30,83.021
4160,4/7/2022 20:45,82.218
4161,4/7/2022 21:00,81.466
4162,4/7/2022 21:15,80.668
4163,4/7/2022 21:30,79.92
4164,4/7/2022 21:45,79.173
4165,4/7/2022 22:00,78.427
4166,4/7/2022 22:15,77.77
4167,4/7/2022 22:30,77.117
4168,4/7/2022 22:45,76.507
4169,4/7/2022 23:00,75.898
4170,4/7/2022 23:15,75.247
4171,4/7/2022 23:30,74.597
4172,4/7/2022 23:45,73.947
4173,4/8/2022 0:00,73.386
4174,4/8/2022 0:15,72.783
4175,4/8/2022 0:30,72.221
4176,4/8/2022 0:45,71.661
4177,4/8/2022 1:00,71.103
4178,4/8/2022 1:15,70.587
4179,4/8/2022 1:30,70.072
4180,4/8/2022 1:45,69.6
4181,4/8/2022 2:00,69.129
4182,4/8/2022 2:15,68.657
4183,4/8/2022 2:30,68.185
4184,4/8/2022 2:45,67.714
4185,4/8/2022 3:00,67.285
4186,4/8/2022 3:15,66.9
4187,4/8/2022 3:30,66.472
4188,4/8/2022 3:45,66.087
4189,4/8/2022 4:00,65.701
4190,4/8/2022 4:15,65.359
4191,4/8/2022 4:30,65.059
4192,4/8/2022 4:45,64.803
4193,4/8/2022 5:00,64.546
4194,4/8/2022 5:15,64.332
4195,4/8/2022 5:30,64.074
4196,4/8/2022 5:45,63.862
4197,4/8/2022 6:00,63.561
4198,4/8/2022 6:15,63.304
4199,4/8/2022 6:30,63.005
4200,4/8/2022 6:45,62.834
4201,4/8/2022 7:00,62.919
4202,4/8/2022 7:15,63.133
4203,4/8/2022 7:30,63.475
4204,4/8/2022 7:45,63.903
4205,4/8/2022 8:00,64.459
4206,4/8/2022 8:15,65.145
4207,4/8/2022 8:30,65.916
4208,4/8/2022 8:45,66.814
4209,4/8/2022 9:00,67.885
4210,4/8/2022 9:15,69.042
4211,4/8/2022 9:30,70.372
4212,4/8/2022 9:45,71.748
4213,4/8/2022 10:00,73.213
4214,4/8/2022 10:15,74.727
4215,4/8/2022 10:30,76.332
4216,4/8/2022 10:45,78.121
4217,4/8/2022 11:00,79.48
4218,4/8/2022 11:15,79.963
4219,4/8/2022 11:30,80.139
4220,4/8/2022 11:45,80.978
4221,4/8/2022 12:00,81.997
4222,4/8/2022 12:15,83.154
4223,4/8/2022 12:30,84.227
4224,4/8/2022 12:45,85.802
4225,4/8/2022 13:00,87.847
4226,4/8/2022 13:15,89.962
4227,4/8/2022 13:30,92.057
4228,4/8/2022 13:45,93.943
4229,4/8/2022 14:00,95.711
4230,4/8/2022 14:15,97.257
4231,4/8/2022 14:30,98.479
4232,4/8/2022 14:45,99.514
4233,4/8/2022 15:00,100.258
4234,4/8/2022 15:15,100.756
4235,4/8/2022 15:30,101.057
4236,4/8/2022 15:45,99.662
4237,4/8/2022 16:00,94.753
4238,4/8/2022 16:15,94.705
4239,4/8/2022 16:30,94.849
4240,4/8/2022 16:45,94.944
4241,4/8/2022 17:00,94.896
4242,4/8/2022 17:15,94.514
4243,4/8/2022 17:30,93.801
4244,4/8/2022 17:45,92.763
4245,4/8/2022 18:00,91.402
4246,4/8/2022 18:15,89.823
4247,4/8/2022 18:30,88.306
4248,4/8/2022 18:45,86.709
4249,4/8/2022 19:00,85.035
4250,4/8/2022 19:15,83.377
4251,4/8/2022 19:30,81.73
4252,4/8/2022 19:45,80.184
4253,4/8/2022 20:00,78.733
4254,4/8/2022 20:15,77.292
4255,4/8/2022 20:30,75.942
4256,4/8/2022 20:45,74.64
4257,4/8/2022 21:00,73.429
4258,4/8/2022 21:15,72.307
4259,4/8/2022 21:30,71.19
4260,4/8/2022 21:45,70.158
4261,4/8/2022 22:00,69.17
4262,4/8/2022 22:15,68.27
4263,4/8/2022 22:30,67.372
4264,4/8/2022 22:45,66.558
4265,4/8/2022 23:00,65.745
4266,4/8/2022 23:15,64.974
4267,4/8/2022 23:30,64.288
4268,4/8/2022 23:45,63.561
4269,4/9/2022 0:00,62.875
4270,4/9/2022 0:15,62.233
4271,4/9/2022 0:30,61.633
4272,4/9/2022 0:45,61.032
4273,4/9/2022 1:00,60.433
4274,4/9/2022 1:15,59.873
4275,4/9/2022 1:30,59.315
4276,4/9/2022 1:45,58.755
4277,4/9/2022 2:00,58.152
4278,4/9/2022 2:15,57.592
4279,4/9/2022 2:30,56.988
4280,4/9/2022 2:45,56.426
4281,4/9/2022 3:00,55.863
4282,4/9/2022 3:15,55.386
4283,4/9/2022 3:30,54.995
4284,4/9/2022 3:45,54.648
4285,4/9/2022 4:00,54.343
4286,4/9/2022 4:15,54.082
4287,4/9/2022 4:30,53.776
4288,4/9/2022 4:45,53.427
4289,4/9/2022 5:00,53.078
4290,4/9/2022 5:15,52.729
4291,4/9/2022 5:30,52.423
4292,4/9/2022 5:45,52.072
4293,4/9/2022 6:00,51.764
4294,4/9/2022 6:15,51.501
4295,4/9/2022 6:30,51.237
4296,4/9/2022 6:45,51.062
4297,4/9/2022 7:00,50.886
4298,4/9/2022 7:15,50.752
4299,4/9/2022 7:30,50.709
4300,4/9/2022 7:45,50.664
4301,4/9/2022 8:00,50.709
4302,4/9/2022 8:15,50.797
4303,4/9/2022 8:30,50.929
4304,4/9/2022 8:45,51.148
4305,4/9/2022 9:00,51.501
4306,4/9/2022 9:15,51.984
4307,4/9/2022 9:30,52.772
4308,4/9/2022 9:45,53.82
4309,4/9/2022 10:00,55.125
4310,4/9/2022 10:15,56.685
4311,4/9/2022 10:30,58.411
4312,4/9/2022 10:45,60.346
4313,4/9/2022 11:00,62.362
4314,4/9/2022 11:15,64.717
4315,4/9/2022 11:30,67.114
4316,4/9/2022 11:45,69.213
4317,4/9/2022 12:00,70.974
4318,4/9/2022 12:15,72.739
4319,4/9/2022 12:30,74.511
4320,4/9/2022 12:45,76.246
4321,4/9/2022 13:00,77.99
4322,4/9/2022 13:15,79.612
4323,4/9/2022 13:30,81.154
4324,4/9/2022 13:45,82.042
4325,4/9/2022 14:00,80.845
4326,4/9/2022 14:15,79.831
4327,4/9/2022 14:30,78.471
4328,4/9/2022 14:45,77.378
4329,4/9/2022 15:00,76.942
4330,4/9/2022 15:15,77.553
4331,4/9/2022 15:30,78.471
4332,4/9/2022 15:45,79.48
4333,4/9/2022 16:00,80.449
4334,4/9/2022 16:15,81.333
4335,4/9/2022 16:30,82.085
4336,4/9/2022 16:45,82.665
4337,4/9/2022 17:00,83.154
4338,4/9/2022 17:15,83.467
4339,4/9/2022 17:30,83.646
4340,4/9/2022 17:45,83.556
4341,4/9/2022 18:00,83.199
4342,4/9/2022 18:15,82.665
4343,4/9/2022 18:30,81.864
4344,4/9/2022 18:45,81.023
4345,4/9/2022 19:00,80.096
4346,4/9/2022 19:15,79.128
4347,4/9/2022 19:30,78.121
4348,4/9/2022 19:45,77.117
4349,4/9/2022 20:00,76.071
4350,4/9/2022 20:15,75.117
4351,4/9/2022 20:30,74.163
4352,4/9/2022 20:45,73.342
4353,4/9/2022 21:00,72.567
4354,4/9/2022 21:15,71.791
4355,4/9/2022 21:30,71.017
4356,4/9/2022 21:45,70.286
4357,4/9/2022 22:00,69.557
4358,4/9/2022 22:15,68.871
4359,4/9/2022 22:30,68.227
4360,4/9/2022 22:45,67.586
4361,4/9/2022 23:00,66.985
4362,4/9/2022 23:15,66.429
4363,4/9/2022 23:30,65.916
4364,4/9/2022 23:45,65.403
4365,4/10/2022 0:00,64.974
4366,4/10/2022 0:15,64.632
4367,4/10/2022 0:30,64.332
4368,4/10/2022 0:45,64.033
4369,4/10/2022 1:00,63.732
4370,4/10/2022 1:15,63.39
4371,4/10/2022 1:30,63.048
4372,4/10/2022 1:45,62.661
4373,4/10/2022 2:00,62.319
4374,4/10/2022 2:15,61.934
4375,4/10/2022 2:30,61.547
4376,4/10/2022 2:45,61.205
4377,4/10/2022 3:00,60.861
4378,4/10/2022 3:15,60.433
4379,4/10/2022 3:30,60.046
4380,4/10/2022 3:45,59.659
4381,4/10/2022 4:00,59.229
4382,4/10/2022 4:15,58.842
4383,4/10/2022 4:30,58.455
4384,4/10/2022 4:45,58.066
4385,4/10/2022 5:00,57.679
4386,4/10/2022 5:15,57.333
4387,4/10/2022 5:30,57.031
4388,4/10/2022 5:45,56.728
4389,4/10/2022 6:00,56.469
4390,4/10/2022 6:15,56.251
4391,4/10/2022 6:30,56.165
4392,4/10/2022 6:45,56.165
4393,4/10/2022 7:00,56.383
4394,4/10/2022 7:15,56.728
4395,4/10/2022 7:30,57.247
4396,4/10/2022 7:45,57.85
4397,4/10/2022 8:00,58.541
4398,4/10/2022 8:15,59.315
4399,4/10/2022 8:30,60.174
4400,4/10/2022 8:45,61.205
4401,4/10/2022 9:00,62.319
4402,4/10/2022 9:15,63.561
4403,4/10/2022 9:30,64.888
4404,4/10/2022 9:45,66.301
4405,4/10/2022 10:00,67.798
4406,4/10/2022 10:15,69.343
4407,4/10/2022 10:30,70.974
4408,4/10/2022 10:45,72.61
4409,4/10/2022 11:00,74.25
4410,4/10/2022 11:15,75.898
4411,4/10/2022 11:30,77.464
4412,4/10/2022 11:45,79.041
4413,4/10/2022 12:00,80.492
4414,4/10/2022 12:15,81.819
4415,4/10/2022 12:30,83.064
4416,4/10/2022 12:45,84.137
4417,4/10/2022 13:00,84.542
4418,4/10/2022 13:15,83.287
4419,4/10/2022 13:30,82.353
4420,4/10/2022 13:45,82.13
4421,4/10/2022 14:00,82.175
4422,4/10/2022 14:15,82.575
4423,4/10/2022 14:30,83.332
4424,4/10/2022 14:45,84.182
4425,4/10/2022 15:00,85.172
4426,4/10/2022 15:15,86.164
4427,4/10/2022 15:30,87.118
4428,4/10/2022 15:45,88.03
4429,4/10/2022 16:00,88.855
4430,4/10/2022 16:15,89.638
4431,4/10/2022 16:30,90.286
4432,4/10/2022 16:45,90.844
4433,4/10/2022 17:00,91.17
4434,4/10/2022 17:15,91.355
4435,4/10/2022 17:30,91.308
4436,4/10/2022 17:45,91.076
4437,4/10/2022 18:00,90.518
4438,4/10/2022 18:15,89.546
4439,4/10/2022 18:30,88.351
4440,4/10/2022 18:45,85.532
4441,4/10/2022 19:00,82.708
4442,4/10/2022 19:15,80.361
4443,4/10/2022 19:30,78.165
4444,4/10/2022 19:45,76.203
4445,4/10/2022 20:00,74.424
4446,4/10/2022 20:15,72.783
4447,4/10/2022 20:30,71.317
4448,4/10/2022 20:45,69.985
4449,4/10/2022 21:00,68.785
4450,4/10/2022 21:15,67.671
4451,4/10/2022 21:30,66.643
4452,4/10/2022 21:45,65.701
4453,4/10/2022 22:00,64.803
4454,4/10/2022 22:15,63.946
4455,4/10/2022 22:30,63.176
4456,4/10/2022 22:45,62.49
4457,4/10/2022 23:00,61.804
4458,4/10/2022 23:15,61.162
4459,4/10/2022 23:30,60.561
4460,4/10/2022 23:45,60.046
4461,4/11/2022 0:00,59.529
4462,4/11/2022 0:15,59.056
4463,4/11/2022 0:30,58.626
4464,4/11/2022 0:45,58.195
4465,4/11/2022 1:00,57.807
4466,4/11/2022 1:15,57.42
4467,4/11/2022 1:30,57.117
4468,4/11/2022 1:45,56.858
4469,4/11/2022 2:00,56.599
4470,4/11/2022 2:15,56.34
4471,4/11/2022 2:30,56.122
4472,4/11/2022 2:45,55.863
4473,4/11/2022 3:00,55.602
4474,4/11/2022 3:15,55.342
4475,4/11/2022 3:30,55.168
4476,4/11/2022 3:45,55.038
4477,4/11/2022 4:00,54.909
4478,4/11/2022 4:15,54.82
4479,4/11/2022 4:30,54.691
4480,4/11/2022 4:45,54.604
4481,4/11/2022 5:00,54.516
4482,4/11/2022 5:15,54.473
4483,4/11/2022 5:30,54.387
4484,4/11/2022 5:45,54.343
4485,4/11/2022 6:00,54.3
4486,4/11/2022 6:15,54.212
4487,4/11/2022 6:30,54.212
4488,4/11/2022 6:45,54.343
4489,4/11/2022 7:00,56.901
4490,4/11/2022 7:15,58.368
4491,4/11/2022 7:30,58.842
4492,4/11/2022 7:45,58.971
4493,4/11/2022 8:00,59.056
4494,4/11/2022 8:15,59.572
4495,4/11/2022 8:30,60.433
4496,4/11/2022 8:45,61.72
4497,4/11/2022 9:00,63.775
4498,4/11/2022 9:15,64.546
4499,4/11/2022 9:30,64.459
4500,4/11/2022 9:45,64.418
4501,4/11/2022 10:00,65.059
4502,4/11/2022 10:15,65.701
4503,4/11/2022 10:30,67.885
4504,4/11/2022 10:45,69.728
4505,4/11/2022 11:00,73.645
4506,4/11/2022 11:15,76.55
4507,4/11/2022 11:30,78.471
4508,4/11/2022 11:45,78.296
4509,4/11/2022 12:00,78.208
4510,4/11/2022 12:15,77.77
4511,4/11/2022 12:30,77.553
4512,4/11/2022 12:45,77.203
4513,4/11/2022 13:00,76.768
4514,4/11/2022 13:15,76.246
4515,4/11/2022 13:30,75.637
4516,4/11/2022 13:45,75.029
4517,4/11/2022 14:00,74.381
4518,4/11/2022 14:15,73.731
4519,4/11/2022 14:30,73.126
4520,4/11/2022 14:45,71.748
4521,4/11/2022 15:00,71.577
4522,4/11/2022 15:15,73.472
4523,4/11/2022 15:30,75.247
4524,4/11/2022 15:45,76.419
4525,4/11/2022 16:00,77.553
4526,4/11/2022 16:15,78.777
4527,4/11/2022 16:30,78.514
4528,4/11/2022 16:45,78.296
4529,4/11/2022 17:00,77.945
4530,4/11/2022 17:15,77.553
4531,4/11/2022 17:30,77.072
4532,4/11/2022 17:45,76.332
4533,4/11/2022 18:00,75.333
4534,4/11/2022 18:15,74.163
4535,4/11/2022 18:30,72.869
4536,4/11/2022 18:45,71.49
4537,4/11/2022 19:00,70.115
4538,4/11/2022 19:15,68.742
4539,4/11/2022 19:30,67.372
4540,4/11/2022 19:45,66.087
4541,4/11/2022 20:00,64.845
4542,4/11/2022 20:15,63.689
4543,4/11/2022 20:30,62.577
4544,4/11/2022 20:45,61.547
4545,4/11/2022 21:00,60.604
4546,4/11/2022 21:15,59.702
4547,4/11/2022 21:30,58.842
4548,4/11/2022 21:45,58.023
4549,4/11/2022 22:00,57.247
4550,4/11/2022 22:15,56.512
4551,4/11/2022 22:30,55.819
4552,4/11/2022 22:45,55.213
4553,4/11/2022 23:00,54.604
4554,4/11/2022 23:15,54.037
4555,4/11/2022 23:30,53.472
4556,4/11/2022 23:45,52.947
4557,4/12/2022 0:00,52.466
4558,4/12/2022 0:15,51.984
4559,4/12/2022 0:30,51.544
4560,4/12/2022 0:45,51.148
4561,4/12/2022 1:00,50.797
4562,4/12/2022 1:15,50.4
4563,4/12/2022 1:30,50.002
4564,4/12/2022 1:45,49.692
4565,4/12/2022 2:00,49.338
4566,4/12/2022 2:15,49.028
4567,4/12/2022 2:30,48.717
4568,4/12/2022 2:45,48.405
4569,4/12/2022 3:00,48.137
4570,4/12/2022 3:15,47.871
4571,4/12/2022 3:30,47.602
4572,4/12/2022 3:45,47.334
4573,4/12/2022 4:00,47.109
4574,4/12/2022 4:15,46.841
4575,4/12/2022 4:30,46.571
4576,4/12/2022 4:45,46.301
4577,4/12/2022 5:00,46.121
4578,4/12/2022 5:15,45.986
4579,4/12/2022 5:30,45.806
4580,4/12/2022 5:45,45.714
4581,4/12/2022 6:00,45.579
4582,4/12/2022 6:15,45.444
4583,4/12/2022 6:30,45.444
4584,4/12/2022 6:45,45.534
4585,4/12/2022 7:00,45.941
4586,4/12/2022 7:15,46.526
4587,4/12/2022 7:30,47.334
4588,4/12/2022 7:45,48.227
4589,4/12/2022 8:00,49.204
4590,4/12/2022 8:15,50.268
4591,4/12/2022 8:30,51.633
4592,4/12/2022 8:45,53.951
4593,4/12/2022 9:00,56.642
4594,4/12/2022 9:15,59.401
4595,4/12/2022 9:30,61.848
4596,4/12/2022 9:45,63.775
4597,4/12/2022 10:00,66.643
4598,4/12/2022 10:15,68.698
4599,4/12/2022 10:30,70.543
4600,4/12/2022 10:45,72.437
4601,4/12/2022 11:00,74.206
4602,4/12/2022 11:15,75.942
4603,4/12/2022 11:30,77.509
4604,4/12/2022 11:45,78.91
4605,4/12/2022 12:00,80.227
4606,4/12/2022 12:15,81.376
4607,4/12/2022 12:30,82.486
4608,4/12/2022 12:45,83.511
4609,4/12/2022 13:00,84.497
4610,4/12/2022 13:15,85.172
4611,4/12/2022 13:30,85.487
4612,4/12/2022 13:45,85.939
4613,4/12/2022 14:00,86.301
4614,4/12/2022 14:15,86.572
4615,4/12/2022 14:30,86.799
4616,4/12/2022 14:45,87.073
4617,4/12/2022 15:00,87.255
4618,4/12/2022 15:15,87.346
4619,4/12/2022 15:30,87.163
4620,4/12/2022 15:45,86.844
4621,4/12/2022 16:00,86.301
4622,4/12/2022 16:15,85.939
4623,4/12/2022 16:30,85.757
4624,4/12/2022 16:45,85.622
4625,4/12/2022 17:00,85.487
4626,4/12/2022 17:15,85.217
4627,4/12/2022 17:30,84.767
4628,4/12/2022 17:45,84.137
4629,4/12/2022 18:00,83.154
4630,4/12/2022 18:15,81.687
4631,4/12/2022 18:30,79.92
4632,4/12/2022 18:45,78.471
4633,4/12/2022 19:00,77.596
4634,4/12/2022 19:15,77.029
4635,4/12/2022 19:30,76.854
4636,4/12/2022 19:45,76.114
4637,4/12/2022 20:00,74.77
4638,4/12/2022 20:15,73.213
4639,4/12/2022 20:30,71.62
4640,4/12/2022 20:45,70.029
4641,4/12/2022 21:00,68.571
4642,4/12/2022 21:15,67.199
4643,4/12/2022 21:30,65.872
4644,4/12/2022 21:45,64.674
4645,4/12/2022 22:00,63.604
4646,4/12/2022 22:15,62.577
4647,4/12/2022 22:30,61.677
4648,4/12/2022 22:45,60.818
4649,4/12/2022 23:00,60.003
4650,4/12/2022 23:15,59.229
4651,4/12/2022 23:30,58.541
4652,4/12/2022 23:45,57.85
4653,4/13/2022 0:00,57.247
4654,4/13/2022 0:15,56.685
4655,4/13/2022 0:30,56.122
4656,4/13/2022 0:45,55.602
4657,4/13/2022 1:00,55.125
4658,4/13/2022 1:15,54.691
4659,4/13/2022 1:30,54.212
4660,4/13/2022 1:45,53.82
4661,4/13/2022 2:00,53.384
4662,4/13/2022 2:15,53.035
4663,4/13/2022 2:30,52.641
4664,4/13/2022 2:45,52.291
4665,4/13/2022 3:00,51.94
4666,4/13/2022 3:15,51.589
4667,4/13/2022 3:30,51.237
4668,4/13/2022 3:45,50.886
4669,4/13/2022 4:00,50.576
4670,4/13/2022 4:15,50.356
4671,4/13/2022 4:30,50.135
4672,4/13/2022 4:45,49.914
4673,4/13/2022 5:00,49.692
4674,4/13/2022 5:15,49.471
4675,4/13/2022 5:30,49.294
4676,4/13/2022 5:45,49.116
4677,4/13/2022 6:00,48.983
4678,4/13/2022 6:15,48.895
4679,4/13/2022 6:30,48.895
4680,4/13/2022 6:45,48.983
4681,4/13/2022 7:00,49.116
4682,4/13/2022 7:15,49.383
4683,4/13/2022 7:30,49.737
4684,4/13/2022 7:45,50.311
4685,4/13/2022 8:00,50.886
4686,4/13/2022 8:15,51.544
4687,4/13/2022 8:30,52.16
4688,4/13/2022 8:45,52.772
4689,4/13/2022 9:00,53.341
4690,4/13/2022 9:15,53.994
4691,4/13/2022 9:30,54.648
4692,4/13/2022 9:45,55.429
4693,4/13/2022 10:00,56.208
4694,4/13/2022 10:15,57.204
4695,4/13/2022 10:30,58.066
4696,4/13/2022 10:45,58.928
4697,4/13/2022 11:00,59.916
4698,4/13/2022 11:15,60.904
4699,4/13/2022 11:30,61.934
4700,4/13/2022 11:45,63.048
4701,4/13/2022 12:00,64.204
4702,4/13/2022 12:15,65.145
4703,4/13/2022 12:30,66.087
4704,4/13/2022 12:45,67.114
4705,4/13/2022 13:00,68.227
4706,4/13/2022 13:15,69.427
4707,4/13/2022 13:30,70.587
4708,4/13/2022 13:45,71.791
4709,4/13/2022 14:00,72.955
4710,4/13/2022 14:15,74.12
4711,4/13/2022 14:30,75.16
4712,4/13/2022 14:45,76.071
4713,4/13/2022 15:00,76.768
4714,4/13/2022 15:15,77.378
4715,4/13/2022 15:30,77.902
4716,4/13/2022 15:45,78.339
4717,4/13/2022 16:00,78.733
4718,4/13/2022 16:15,78.953
4719,4/13/2022 16:30,78.996
4720,4/13/2022 16:45,78.91
4721,4/13/2022 17:00,78.69
4722,4/13/2022 17:15,78.339
4723,4/13/2022 17:30,77.815
4724,4/13/2022 17:45,77.16
4725,4/13/2022 18:00,76.332
4726,4/13/2022 18:15,75.376
4727,4/13/2022 18:30,74.338
4728,4/13/2022 18:45,73.256
4729,4/13/2022 19:00,72.136
4730,4/13/2022 19:15,71.017
4731,4/13/2022 19:30,69.901
4732,4/13/2022 19:45,68.828
4733,4/13/2022 20:00,67.842
4734,4/13/2022 20:15,66.943
4735,4/13/2022 20:30,66.087
4736,4/13/2022 20:45,65.273
4737,4/13/2022 21:00,64.546
4738,4/13/2022 21:15,63.862
4739,4/13/2022 21:30,63.219
4740,4/13/2022 21:45,62.62
4741,4/13/2022 22:00,62.062
4742,4/13/2022 22:15,61.59
4743,4/13/2022 22:30,61.119
4744,4/13/2022 22:45,60.69
4745,4/13/2022 23:00,60.303
4746,4/13/2022 23:15,59.959
4747,4/13/2022 23:30,59.616
4748,4/13/2022 23:45,59.272
4749,4/14/2022 0:00,58.885
4750,4/14/2022 0:15,58.541
4751,4/14/2022 0:30,58.152
4752,4/14/2022 0:45,57.807
4753,4/14/2022 1:00,57.506
4754,4/14/2022 1:15,57.204
4755,4/14/2022 1:30,56.944
4756,4/14/2022 1:45,56.728
4757,4/14/2022 2:00,56.512
4758,4/14/2022 2:15,56.295
4759,4/14/2022 2:30,56.165
4760,4/14/2022 2:45,56.035
4761,4/14/2022 3:00,55.863
4762,4/14/2022 3:15,55.733
4763,4/14/2022 3:30,55.602
4764,4/14/2022 3:45,55.429
4765,4/14/2022 4:00,55.299
4766,4/14/2022 4:15,55.168
4767,4/14/2022 4:30,55.038
4768,4/14/2022 4:45,54.909
4769,4/14/2022 5:00,54.82
4770,4/14/2022 5:15,54.734
4771,4/14/2022 5:30,54.648
4772,4/14/2022 5:45,54.604
4773,4/14/2022 6:00,54.516
4774,4/14/2022 6:15,54.516
4775,4/14/2022 6:30,54.473
4776,4/14/2022 6:45,54.473
4777,4/14/2022 7:00,54.516
4778,4/14/2022 7:15,54.516
4779,4/14/2022 7:30,54.516
4780,4/14/2022 7:45,54.516
4781,4/14/2022 8:00,54.516
4782,4/14/2022 8:15,54.516
4783,4/14/2022 8:30,54.561
4784,4/14/2022 8:45,54.648
4785,4/14/2022 9:00,54.777
4786,4/14/2022 9:15,54.952
4787,4/14/2022 9:30,55.168
4788,4/14/2022 9:45,55.386
4789,4/14/2022 10:00,55.602
4790,4/14/2022 10:15,55.863
4791,4/14/2022 10:30,56.122
4792,4/14/2022 10:45,56.469
4793,4/14/2022 11:00,56.944
4794,4/14/2022 11:15,57.376
4795,4/14/2022 11:30,57.807
4796,4/14/2022 11:45,58.152
4797,4/14/2022 12:00,58.455
4798,4/14/2022 12:15,58.798
4799,4/14/2022 12:30,59.099
4800,4/14/2022 12:45,59.315
4801,4/14/2022 13:00,59.445
4802,4/14/2022 13:15,59.572
4803,4/14/2022 13:30,59.788
4804,4/14/2022 13:45,60.089
4805,4/14/2022 14:00,60.433
4806,4/14/2022 14:15,60.733
4807,4/14/2022 14:30,61.032
4808,4/14/2022 14:45,61.333
4809,4/14/2022 15:00,61.59
4810,4/14/2022 15:15,61.761
4811,4/14/2022 15:30,61.891
4812,4/14/2022 15:45,61.977
4813,4/14/2022 16:00,62.019
4814,4/14/2022 16:15,62.019
4815,4/14/2022 16:30,61.977
4816,4/14/2022 16:45,61.848
4817,4/14/2022 17:00,61.72
4818,4/14/2022 17:15,61.547
4819,4/14/2022 17:30,61.376
4820,4/14/2022 17:45,61.547
4821,4/14/2022 18:00,61.633
4822,4/14/2022 18:15,61.506
4823,4/14/2022 18:30,61.29
4824,4/14/2022 18:45,61.032
4825,4/14/2022 19:00,60.69
4826,4/14/2022 19:15,60.39
4827,4/14/2022 19:30,60.132
4828,4/14/2022 19:45,60.775
4829,4/14/2022 20:00,61.205
4830,4/14/2022 20:15,61.29
4831,4/14/2022 20:30,61.205
4832,4/14/2022 20:45,61.032
4833,4/14/2022 21:00,60.818
4834,4/14/2022 21:15,60.604
4835,4/14/2022 21:30,60.346
4836,4/14/2022 21:45,60.132
4837,4/14/2022 22:00,59.873
4838,4/14/2022 22:15,59.659
4839,4/14/2022 22:30,59.445
4840,4/14/2022 22:45,59.229
4841,4/14/2022 23:00,59.014
4842,4/14/2022 23:15,58.798
4843,4/14/2022 23:30,58.582
4844,4/14/2022 23:45,58.368
4845,4/15/2022 0:00,58.152
4846,4/15/2022 0:15,57.979
4847,4/15/2022 0:30,57.765
4848,4/15/2022 0:45,57.549
4849,4/15/2022 1:00,57.29
4850,4/15/2022 1:15,57.074
4851,4/15/2022 1:30,56.815
4852,4/15/2022 1:45,56.599
4853,4/15/2022 2:00,56.383
4854,4/15/2022 2:15,56.122
4855,4/15/2022 2:30,55.906
4856,4/15/2022 2:45,55.69
4857,4/15/2022 3:00,55.429
4858,4/15/2022 3:15,55.168
4859,4/15/2022 3:30,54.952
4860,4/15/2022 3:45,54.734
4861,4/15/2022 4:00,54.516
4862,4/15/2022 4:15,54.343
4863,4/15/2022 4:30,54.126
4864,4/15/2022 4:45,53.951
4865,4/15/2022 5:00,53.776
4866,4/15/2022 5:15,53.559
4867,4/15/2022 5:30,53.384
4868,4/15/2022 5:45,53.166
4869,4/15/2022 6:00,52.903
4870,4/15/2022 6:15,52.686
4871,4/15/2022 6:30,52.466
4872,4/15/2022 6:45,52.291
4873,4/15/2022 7:00,52.16
4874,4/15/2022 7:15,52.029
4875,4/15/2022 7:30,51.984
4876,4/15/2022 7:45,51.94
4877,4/15/2022 8:00,51.984
4878,4/15/2022 8:15,52.029
4879,4/15/2022 8:30,52.335
4880,4/15/2022 8:45,54.037
4881,4/15/2022 9:00,56.035
4882,4/15/2022 9:15,58.325
4883,4/15/2022 9:30,60.303
4884,4/15/2022 9:45,61.891
4885,4/15/2022 10:00,63.09
4886,4/15/2022 10:15,64.288
4887,4/15/2022 10:30,65.574
4888,4/15/2022 10:45,66.814
4889,4/15/2022 11:00,68.056
4890,4/15/2022 11:15,69.213
4891,4/15/2022 11:30,70.286
4892,4/15/2022 11:45,71.274
4893,4/15/2022 12:00,72.178
4894,4/15/2022 12:15,72.997
4895,4/15/2022 12:30,73.645
4896,4/15/2022 12:45,74.25
4897,4/15/2022 13:00,74.813
4898,4/15/2022 13:15,75.333
4899,4/15/2022 13:30,75.898
4900,4/15/2022 13:45,76.419
4901,4/15/2022 14:00,76.899
4902,4/15/2022 14:15,77.335
4903,4/15/2022 14:30,77.727
4904,4/15/2022 14:45,78.121
4905,4/15/2022 15:00,78.382
4906,4/15/2022 15:15,78.559
4907,4/15/2022 15:30,78.69
4908,4/15/2022 15:45,78.865
4909,4/15/2022 16:00,79.084
4910,4/15/2022 16:15,79.392
4911,4/15/2022 16:30,79.655
4912,4/15/2022 16:45,79.743
4913,4/15/2022 17:00,79.612
4914,4/15/2022 17:15,79.216
4915,4/15/2022 17:30,78.822
4916,4/15/2022 17:45,78.427
4917,4/15/2022 18:00,77.945
4918,4/15/2022 18:15,77.378
4919,4/15/2022 18:30,77.117
4920,4/15/2022 18:45,77.378
4921,4/15/2022 19:00,77.596
4922,4/15/2022 19:15,77.553
4923,4/15/2022 19:30,76.768
4924,4/15/2022 19:45,75.637
4925,4/15/2022 20:00,74.424
4926,4/15/2022 20:15,73.17
4927,4/15/2022 20:30,72.007
4928,4/15/2022 20:45,70.887
4929,4/15/2022 21:00,69.858
4930,4/15/2022 21:15,68.871
4931,4/15/2022 21:30,67.971
4932,4/15/2022 21:45,67.114
4933,4/15/2022 22:00,66.344
4934,4/15/2022 22:15,65.658
4935,4/15/2022 22:30,65.017
4936,4/15/2022 22:45,64.459
4937,4/15/2022 23:00,64.033
4938,4/15/2022 23:15,63.604
4939,4/15/2022 23:30,63.262
4940,4/15/2022 23:45,62.919
4941,4/16/2022 0:00,62.62
4942,4/16/2022 0:15,62.319
4943,4/16/2022 0:30,62.062
4944,4/16/2022 0:45,61.848
4945,4/16/2022 1:00,61.677
4946,4/16/2022 1:15,61.506
4947,4/16/2022 1:30,61.333
4948,4/16/2022 1:45,61.205
4949,4/16/2022 2:00,61.119
4950,4/16/2022 2:15,60.948
4951,4/16/2022 2:30,60.818
4952,4/16/2022 2:45,60.647
4953,4/16/2022 3:00,60.474
4954,4/16/2022 3:15,60.26
4955,4/16/2022 3:30,60.003
4956,4/16/2022 3:45,59.788
4957,4/16/2022 4:00,59.529
4958,4/16/2022 4:15,59.315
4959,4/16/2022 4:30,59.142
4960,4/16/2022 4:45,58.928
4961,4/16/2022 5:00,58.712
4962,4/16/2022 5:15,58.541
4963,4/16/2022 5:30,58.411
4964,4/16/2022 5:45,58.239
4965,4/16/2022 6:00,58.109
4966,4/16/2022 6:15,57.979
4967,4/16/2022 6:30,57.893
4968,4/16/2022 6:45,57.893
4969,4/16/2022 7:00,57.936
4970,4/16/2022 7:15,57.979
4971,4/16/2022 7:30,58.023
4972,4/16/2022 7:45,58.066
4973,4/16/2022 8:00,58.195
4974,4/16/2022 8:15,58.368
4975,4/16/2022 8:30,58.626
4976,4/16/2022 8:45,58.928
4977,4/16/2022 9:00,60.26
4978,4/16/2022 9:15,62.233
4979,4/16/2022 9:30,64.288
4980,4/16/2022 9:45,66.729
4981,4/16/2022 10:00,70.115
4982,4/16/2022 10:15,73.04
4983,4/16/2022 10:30,75.853
4984,4/16/2022 10:45,78.559
4985,4/16/2022 11:00,81.154
4986,4/16/2022 11:15,83.467
4987,4/16/2022 11:30,85.352
4988,4/16/2022 11:45,86.572
4989,4/16/2022 12:00,85.532
4990,4/16/2022 12:15,84.632
4991,4/16/2022 12:30,84.094
4992,4/16/2022 12:45,84.137
4993,4/16/2022 13:00,86.119
4994,4/16/2022 13:15,86.664
4995,4/16/2022 13:30,85.802
4996,4/16/2022 13:45,84.137
4997,4/16/2022 14:00,82.353
4998,4/16/2022 14:15,80.802
4999,4/16/2022 14:30,79.743
5000,4/16/2022 14:45,79.261
5001,4/16/2022 15:00,79.304
5002,4/16/2022 15:15,79.612
5003,4/16/2022 15:30,79.963
5004,4/16/2022 15:45,80.316
5005,4/16/2022 16:00,80.625
5006,4/16/2022 16:15,80.802
5007,4/16/2022 16:30,80.935
5008,4/16/2022 16:45,80.89
5009,4/16/2022 17:00,80.802
5010,4/16/2022 17:15,80.537
5011,4/16/2022 17:30,80.227
5012,4/16/2022 17:45,79.743
5013,4/16/2022 18:00,79.084
5014,4/16/2022 18:15,78.208
5015,4/16/2022 18:30,77.16
5016,4/16/2022 18:45,76.028
5017,4/16/2022 19:00,74.77
5018,4/16/2022 19:15,73.429
5019,4/16/2022 19:30,72.093
5020,4/16/2022 19:45,70.759
5021,4/16/2022 20:00,69.471
5022,4/16/2022 20:15,68.185
5023,4/16/2022 20:30,66.985
5024,4/16/2022 20:45,65.829
5025,4/16/2022 21:00,64.674
5026,4/16/2022 21:15,63.604
5027,4/16/2022 21:30,62.577
5028,4/16/2022 21:45,61.633
5029,4/16/2022 22:00,60.733
5030,4/16/2022 22:15,59.916
5031,4/16/2022 22:30,59.099
5032,4/16/2022 22:45,58.368
5033,4/16/2022 23:00,57.679
5034,4/16/2022 23:15,56.988
5035,4/16/2022 23:30,56.34
5036,4/16/2022 23:45,55.776
5037,4/17/2022 0:00,55.168
5038,4/17/2022 0:15,54.648
5039,4/17/2022 0:30,54.126
5040,4/17/2022 0:45,53.645
5041,4/17/2022 1:00,53.166
5042,4/17/2022 1:15,52.729
5043,4/17/2022 1:30,52.291
5044,4/17/2022 1:45,51.895
5045,4/17/2022 2:00,51.458
5046,4/17/2022 2:15,51.105
5047,4/17/2022 2:30,50.709
5048,4/17/2022 2:45,50.356
5049,4/17/2022 3:00,50.047
5050,4/17/2022 3:15,49.737
5051,4/17/2022 3:30,49.428
5052,4/17/2022 3:45,49.204
5053,4/17/2022 4:00,48.938
5054,4/17/2022 4:15,48.717
5055,4/17/2022 4:30,48.493
5056,4/17/2022 4:45,48.272
5057,4/17/2022 5:00,48.049
5058,4/17/2022 5:15,47.826
5059,4/17/2022 5:30,47.602
5060,4/17/2022 5:45,47.377
5061,4/17/2022 6:00,47.154
5062,4/17/2022 6:15,46.974
5063,4/17/2022 6:30,46.796
5064,4/17/2022 6:45,46.796
5065,4/17/2022 7:00,47.019
5066,4/17/2022 7:15,47.467
5067,4/17/2022 7:30,48.094
5068,4/17/2022 7:45,48.85
5069,4/17/2022 8:00,49.604
5070,4/17/2022 8:15,50.445
5071,4/17/2022 8:30,51.413
5072,4/17/2022 8:45,52.466
5073,4/17/2022 9:00,53.645
5074,4/17/2022 9:15,54.909
5075,4/17/2022 9:30,56.251
5076,4/17/2022 9:45,57.679
5077,4/17/2022 10:00,59.142
5078,4/17/2022 10:15,60.69
5079,4/17/2022 10:30,62.276
5080,4/17/2022 10:45,63.862
5081,4/17/2022 11:00,65.444
5082,4/17/2022 11:15,66.985
5083,4/17/2022 11:30,68.527
5084,4/17/2022 11:45,70.072
5085,4/17/2022 12:00,71.146
5086,4/17/2022 12:15,72.093
5087,4/17/2022 12:30,73.299
5088,4/17/2022 12:45,74.813
5089,4/17/2022 13:00,76.507
5090,4/17/2022 13:15,78.296
5091,4/17/2022 13:30,80.051
5092,4/17/2022 13:45,81.775
5093,4/17/2022 14:00,83.332
5094,4/17/2022 14:15,84.767
5095,4/17/2022 14:30,85.984
5096,4/17/2022 14:45,86.981
5097,4/17/2022 15:00,87.757
5098,4/17/2022 15:15,88.259
5099,4/17/2022 15:30,88.259
5100,4/17/2022 15:45,86.572
5101,4/17/2022 16:00,84.945
5102,4/17/2022 16:15,84.004
5103,4/17/2022 16:30,83.467
5104,4/17/2022 16:45,83.064
5105,4/17/2022 17:00,82.665
5106,4/17/2022 17:15,82.308
5107,4/17/2022 17:30,81.864
5108,4/17/2022 17:45,81.333
5109,4/17/2022 18:00,80.668
5110,4/17/2022 18:15,79.743
5111,4/17/2022 18:30,78.69
5112,4/17/2022 18:45,77.421
5113,4/17/2022 19:00,76.071
5114,4/17/2022 19:15,74.64
5115,4/17/2022 19:30,73.213
5116,4/17/2022 19:45,71.834
5117,4/17/2022 20:00,70.502
5118,4/17/2022 20:15,69.17
5119,4/17/2022 20:30,67.928
5120,4/17/2022 20:45,66.772
5121,4/17/2022 21:00,65.701
5122,4/17/2022 21:15,64.674
5123,4/17/2022 21:30,63.689
5124,4/17/2022 21:45,62.748
5125,4/17/2022 22:00,61.848
5126,4/17/2022 22:15,61.032
5127,4/17/2022 22:30,60.217
5128,4/17/2022 22:45,59.486
5129,4/17/2022 23:00,58.755
5130,4/17/2022 23:15,58.109
5131,4/17/2022 23:30,57.463
5132,4/17/2022 23:45,56.901
5133,4/18/2022 0:00,56.34
5134,4/18/2022 0:15,55.776
5135,4/18/2022 0:30,55.256
5136,4/18/2022 0:45,54.777
5137,4/18/2022 1:00,54.3
5138,4/18/2022 1:15,53.865
5139,4/18/2022 1:30,53.427
5140,4/18/2022 1:45,53.035
5141,4/18/2022 2:00,52.597
5142,4/18/2022 2:15,52.203
5143,4/18/2022 2:30,51.852
5144,4/18/2022 2:45,51.501
5145,4/18/2022 3:00,51.148
5146,4/18/2022 3:15,50.886
5147,4/18/2022 3:30,50.621
5148,4/18/2022 3:45,50.356
5149,4/18/2022 4:00,50.135
5150,4/18/2022 4:15,49.914
5151,4/18/2022 4:30,49.737
5152,4/18/2022 4:45,49.516
5153,4/18/2022 5:00,49.294
5154,4/18/2022 5:15,49.161
5155,4/18/2022 5:30,48.983
5156,4/18/2022 5:45,48.85
5157,4/18/2022 6:00,48.717
5158,4/18/2022 6:15,48.628
5159,4/18/2022 6:30,48.538
5160,4/18/2022 6:45,48.672
5161,4/18/2022 7:00,48.983
5162,4/18/2022 7:15,49.471
5163,4/18/2022 7:30,50.092
5164,4/18/2022 7:45,50.886
5165,4/18/2022 8:00,51.764
5166,4/18/2022 8:15,52.729
5167,4/18/2022 8:30,53.776
5168,4/18/2022 8:45,54.995
5169,4/18/2022 9:00,56.295
5170,4/18/2022 9:15,57.592
5171,4/18/2022 9:30,58.928
5172,4/18/2022 9:45,60.26
5173,4/18/2022 10:00,61.59
5174,4/18/2022 10:15,62.919
5175,4/18/2022 10:30,64.332
5176,4/18/2022 10:45,65.829
5177,4/18/2022 11:00,67.413
5178,4/18/2022 11:15,68.956
5179,4/18/2022 11:30,70.372
5180,4/18/2022 11:45,71.748
5181,4/18/2022 12:00,73.083
5182,4/18/2022 12:15,74.424
5183,4/18/2022 12:30,75.767
5184,4/18/2022 12:45,77.072
5185,4/18/2022 13:00,78.339
5186,4/18/2022 13:15,79.524
5187,4/18/2022 13:30,80.668
5188,4/18/2022 13:45,81.775
5189,4/18/2022 14:00,82.841
5190,4/18/2022 14:15,83.824
5191,4/18/2022 14:30,84.677
5192,4/18/2022 14:45,85.442
5193,4/18/2022 15:00,86.029
5194,4/18/2022 15:15,86.437
5195,4/18/2022 15:30,86.664
5196,4/18/2022 15:45,86.617
5197,4/18/2022 16:00,86.346
5198,4/18/2022 16:15,85.939
5199,4/18/2022 16:30,85.397
5200,4/18/2022 16:45,84.722
5201,4/18/2022 17:00,84.004
5202,4/18/2022 17:15,83.242
5203,4/18/2022 17:30,82.396
5204,4/18/2022 17:45,81.642
5205,4/18/2022 18:00,80.845
5206,4/18/2022 18:15,79.963
5207,4/18/2022 18:30,78.953
5208,4/18/2022 18:45,77.902
5209,4/18/2022 19:00,76.725
5210,4/18/2022 19:15,75.508
5211,4/18/2022 19:30,74.295
5212,4/18/2022 19:45,73.213
5213,4/18/2022 20:00,72.178
5214,4/18/2022 20:15,71.231
5215,4/18/2022 20:30,70.372
5216,4/18/2022 20:45,69.6
5217,4/18/2022 21:00,68.828
5218,4/18/2022 21:15,68.142
5219,4/18/2022 21:30,67.5
5220,4/18/2022 21:45,66.9
5221,4/18/2022 22:00,66.385
5222,4/18/2022 22:15,65.916
5223,4/18/2022 22:30,65.487
5224,4/18/2022 22:45,65.059
5225,4/18/2022 23:00,64.717
5226,4/18/2022 23:15,64.375
5227,4/18/2022 23:30,64.033
5228,4/18/2022 23:45,63.648
5229,4/19/2022 0:00,63.304
5230,4/19/2022 0:15,62.962
5231,4/19/2022 0:30,62.62
5232,4/19/2022 0:45,62.319
5233,4/19/2022 1:00,62.062
5234,4/19/2022 1:15,61.848
5235,4/19/2022 1:30,61.59
5236,4/19/2022 1:45,61.376
5237,4/19/2022 2:00,61.205
5238,4/19/2022 2:15,60.991
5239,4/19/2022 2:30,60.818
5240,4/19/2022 2:45,60.647
5241,4/19/2022 3:00,60.433
5242,4/19/2022 3:15,60.217
5243,4/19/2022 3:30,60.003
5244,4/19/2022 3:45,59.745
5245,4/19/2022 4:00,59.529
5246,4/19/2022 4:15,59.272
5247,4/19/2022 4:30,59.014
5248,4/19/2022 4:45,58.712
5249,4/19/2022 5:00,58.411
5250,4/19/2022 5:15,58.152
5251,4/19/2022 5:30,57.893
5252,4/19/2022 5:45,57.636
5253,4/19/2022 6:00,57.463
5254,4/19/2022 6:15,57.29
5255,4/19/2022 6:30,57.204
5256,4/19/2022 6:45,57.16
5257,4/19/2022 7:00,57.16
5258,4/19/2022 7:15,57.247
5259,4/19/2022 7:30,57.376
5260,4/19/2022 7:45,57.506
5261,4/19/2022 8:00,57.722
5262,4/19/2022 8:15,57.936
5263,4/19/2022 8:30,58.195
5264,4/19/2022 8:45,58.498
5265,4/19/2022 9:00,58.885
5266,4/19/2022 9:15,59.572
5267,4/19/2022 9:30,60.346
5268,4/19/2022 9:45,61.205
5269,4/19/2022 10:00,62.105
5270,4/19/2022 10:15,63.133
5271,4/19/2022 10:30,64.332
5272,4/19/2022 10:45,65.615
5273,4/19/2022 11:00,66.943
5274,4/19/2022 11:15,68.356
5275,4/19/2022 11:30,69.771
5276,4/19/2022 11:45,71.231
5277,4/19/2022 12:00,72.61
5278,4/19/2022 12:15,73.947
5279,4/19/2022 12:30,75.247
5280,4/19/2022 12:45,76.55
5281,4/19/2022 13:00,77.815
5282,4/19/2022 13:15,78.953
5283,4/19/2022 13:30,80.096
5284,4/19/2022 13:45,81.111
5285,4/19/2022 14:00,82.042
5286,4/19/2022 14:15,82.886
5287,4/19/2022 14:30,83.646
5288,4/19/2022 14:45,84.317
5289,4/19/2022 15:00,84.857
5290,4/19/2022 15:15,85.307
5291,4/19/2022 15:30,85.667
5292,4/19/2022 15:45,85.939
5293,4/19/2022 16:00,86.029
5294,4/19/2022 16:15,86.074
5295,4/19/2022 16:30,85.984
5296,4/19/2022 16:45,85.712
5297,4/19/2022 17:00,85.397
5298,4/19/2022 17:15,84.9
5299,4/19/2022 17:30,84.317
5300,4/19/2022 17:45,83.646
5301,4/19/2022 18:00,82.841
5302,4/19/2022 18:15,81.864
5303,4/19/2022 18:30,80.757
5304,4/19/2022 18:45,79.48
5305,4/19/2022 19:00,78.165
5306,4/19/2022 19:15,76.768
5307,4/19/2022 19:30,75.376
5308,4/19/2022 19:45,73.99
5309,4/19/2022 20:00,72.696
5310,4/19/2022 20:15,71.404
5311,4/19/2022 20:30,70.201
5312,4/19/2022 20:45,69.085
5313,4/19/2022 21:00,68.013
5314,4/19/2022 21:15,66.985
5315,4/19/2022 21:30,66.043
5316,4/19/2022 21:45,65.145
5317,4/19/2022 22:00,64.332
5318,4/19/2022 22:15,63.561
5319,4/19/2022 22:30,62.834
5320,4/19/2022 22:45,62.191
5321,4/19/2022 23:00,61.547
5322,4/19/2022 23:15,60.991
5323,4/19/2022 23:30,60.433
5324,4/19/2022 23:45,59.916
5325,4/20/2022 0:00,59.401
5326,4/20/2022 0:15,58.885
5327,4/20/2022 0:30,58.455
5328,4/20/2022 0:45,58.023
5329,4/20/2022 1:00,57.679
5330,4/20/2022 1:15,57.463
5331,4/20/2022 1:30,57.16
5332,4/20/2022 1:45,56.901
5333,4/20/2022 2:00,56.642
5334,4/20/2022 2:15,56.469
5335,4/20/2022 2:30,56.295
5336,4/20/2022 2:45,56.165
5337,4/20/2022 3:00,56.035
5338,4/20/2022 3:15,55.949
5339,4/20/2022 3:30,55.863
5340,4/20/2022 3:45,55.733
5341,4/20/2022 4:00,55.647
5342,4/20/2022 4:15,55.515
5343,4/20/2022 4:30,55.386
5344,4/20/2022 4:45,55.213
5345,4/20/2022 5:00,55.081
5346,4/20/2022 5:15,54.952
5347,4/20/2022 5:30,54.865
5348,4/20/2022 5:45,54.82
5349,4/20/2022 6:00,54.82
5350,4/20/2022 6:15,54.82
5351,4/20/2022 6:30,54.909
5352,4/20/2022 6:45,54.995
5353,4/20/2022 7:00,55.256
5354,4/20/2022 7:15,55.733
5355,4/20/2022 7:30,56.251
5356,4/20/2022 7:45,56.858
5357,4/20/2022 8:00,57.506
5358,4/20/2022 8:15,58.152
5359,4/20/2022 8:30,58.798
5360,4/20/2022 8:45,59.529
5361,4/20/2022 9:00,60.517
5362,4/20/2022 9:15,61.547
5363,4/20/2022 9:30,62.577
5364,4/20/2022 9:45,63.732
5365,4/20/2022 10:00,64.974
5366,4/20/2022 10:15,66.344
5367,4/20/2022 10:30,67.798
5368,4/20/2022 10:45,69.256
5369,4/20/2022 11:00,70.759
5370,4/20/2022 11:15,72.221
5371,4/20/2022 11:30,73.688
5372,4/20/2022 11:45,75.117
5373,4/20/2022 12:00,76.464
5374,4/20/2022 12:15,77.77
5375,4/20/2022 12:30,78.953
5376,4/20/2022 12:45,80.096
5377,4/20/2022 13:00,81.154
5378,4/20/2022 13:15,82.042
5379,4/20/2022 13:30,82.62
5380,4/20/2022 13:45,82.976
5381,4/20/2022 14:00,83.154
5382,4/20/2022 14:15,83.287
5383,4/20/2022 14:30,83.377
5384,4/20/2022 14:45,83.377
5385,4/20/2022 15:00,83.287
5386,4/20/2022 15:15,83.064
5387,4/20/2022 15:30,82.753
5388,4/20/2022 15:45,82.353
5389,4/20/2022 16:00,81.909
5390,4/20/2022 16:15,81.509
5391,4/20/2022 16:30,81.154
5392,4/20/2022 16:45,80.713
5393,4/20/2022 17:00,80.184
5394,4/20/2022 17:15,79.567
5395,4/20/2022 17:30,78.865
5396,4/20/2022 17:45,78.121
5397,4/20/2022 18:00,77.292
5398,4/20/2022 18:15,76.375
5399,4/20/2022 18:30,75.463
5400,4/20/2022 18:45,74.511
5401,4/20/2022 19:00,73.602
5402,4/20/2022 19:15,72.696
5403,4/20/2022 19:30,71.791
5404,4/20/2022 19:45,70.93
5405,4/20/2022 20:00,70.115
5406,4/20/2022 20:15,69.256
5407,4/20/2022 20:30,68.4
5408,4/20/2022 20:45,67.586
5409,4/20/2022 21:00,66.772
5410,4/20/2022 21:15,66
5411,4/20/2022 21:30,65.316
5412,4/20/2022 21:45,64.632
5413,4/20/2022 22:00,64.033
5414,4/20/2022 22:15,63.518
5415,4/20/2022 22:30,63.005
5416,4/20/2022 22:45,62.577
5417,4/20/2022 23:00,62.191
5418,4/20/2022 23:15,61.804
5419,4/20/2022 23:30,61.506
5420,4/20/2022 23:45,61.205
5421,4/21/2022 0:00,60.948
5422,4/21/2022 0:15,60.69
5423,4/21/2022 0:30,60.474
5424,4/21/2022 0:45,60.26
5425,4/21/2022 1:00,60.046
5426,4/21/2022 1:15,59.873
5427,4/21/2022 1:30,59.702
5428,4/21/2022 1:45,59.529
5429,4/21/2022 2:00,59.358
5430,4/21/2022 2:15,59.229
5431,4/21/2022 2:30,59.099
5432,4/21/2022 2:45,58.971
5433,4/21/2022 3:00,58.842
5434,4/21/2022 3:15,58.712
5435,4/21/2022 3:30,58.626
5436,4/21/2022 3:45,58.498
5437,4/21/2022 4:00,58.368
5438,4/21/2022 4:15,58.239
5439,4/21/2022 4:30,58.023
5440,4/21/2022 4:45,57.85
5441,4/21/2022 5:00,57.636
5442,4/21/2022 5:15,57.42
5443,4/21/2022 5:30,57.204
5444,4/21/2022 5:45,56.988
5445,4/21/2022 6:00,56.772
5446,4/21/2022 6:15,56.599
5447,4/21/2022 6:30,56.426
5448,4/21/2022 6:45,56.383
5449,4/21/2022 7:00,56.469
5450,4/21/2022 7:15,56.599
5451,4/21/2022 7:30,56.858
5452,4/21/2022 7:45,57.16
5453,4/21/2022 8:00,57.506
5454,4/21/2022 8:15,57.936
5455,4/21/2022 8:30,58.368
5456,4/21/2022 8:45,58.798
5457,4/21/2022 9:00,59.272
5458,4/21/2022 9:15,59.659
5459,4/21/2022 9:30,60.003
5460,4/21/2022 9:45,60.474
5461,4/21/2022 10:00,61.032
5462,4/21/2022 10:15,61.677
5463,4/21/2022 10:30,62.406
5464,4/21/2022 10:45,63.347
5465,4/21/2022 11:00,64.288
5466,4/21/2022 11:15,65.316
5467,4/21/2022 11:30,66.214
5468,4/21/2022 11:45,66.985
5469,4/21/2022 12:00,67.671
5470,4/21/2022 12:15,68.4
5471,4/21/2022 12:30,69.085
5472,4/21/2022 12:45,69.728
5473,4/21/2022 13:00,70.372
5474,4/21/2022 13:15,71.103
5475,4/21/2022 13:30,71.92
5476,4/21/2022 13:45,72.61
5477,4/21/2022 14:00,73.429
5478,4/21/2022 14:15,74.295
5479,4/21/2022 14:30,75.16
5480,4/21/2022 14:45,75.985
5481,4/21/2022 15:00,76.593
5482,4/21/2022 15:15,76.986
5483,4/21/2022 15:30,77.247
5484,4/21/2022 15:45,77.464
5485,4/21/2022 16:00,77.509
5486,4/21/2022 16:15,77.378
5487,4/21/2022 16:30,77.029
5488,4/21/2022 16:45,76.55
5489,4/21/2022 17:00,75.942
5490,4/21/2022 17:15,75.333
5491,4/21/2022 17:30,74.727
5492,4/21/2022 17:45,74.206
5493,4/21/2022 18:00,73.731
5494,4/21/2022 18:15,73.126
5495,4/21/2022 18:30,72.437
5496,4/21/2022 18:45,71.661
5497,4/21/2022 19:00,70.803
5498,4/21/2022 19:15,69.858
5499,4/21/2022 19:30,68.871
5500,4/21/2022 19:45,67.885
5501,4/21/2022 20:00,66.943
5502,4/21/2022 20:15,66
5503,4/21/2022 20:30,65.145
5504,4/21/2022 20:45,64.288
5505,4/21/2022 21:00,63.475
5506,4/21/2022 21:15,62.704
5507,4/21/2022 21:30,61.977
5508,4/21/2022 21:45,61.333
5509,4/21/2022 22:00,60.733
5510,4/21/2022 22:15,60.174
5511,4/21/2022 22:30,59.702
5512,4/21/2022 22:45,59.315
5513,4/21/2022 23:00,58.928
5514,4/21/2022 23:15,58.626
5515,4/21/2022 23:30,58.455
5516,4/21/2022 23:45,58.325
5517,4/22/2022 0:00,58.195
5518,4/22/2022 0:15,58.066
5519,4/22/2022 0:30,57.936
5520,4/22/2022 0:45,57.807
5521,4/22/2022 1:00,57.679
5522,4/22/2022 1:15,57.549
5523,4/22/2022 1:30,57.376
5524,4/22/2022 1:45,57.204
5525,4/22/2022 2:00,57.074
5526,4/22/2022 2:15,56.901
5527,4/22/2022 2:30,56.772
5528,4/22/2022 2:45,56.642
5529,4/22/2022 3:00,56.512
5530,4/22/2022 3:15,56.34
5531,4/22/2022 3:30,56.165
5532,4/22/2022 3:45,55.949
5533,4/22/2022 4:00,55.776
5534,4/22/2022 4:15,55.558
5535,4/22/2022 4:30,55.386
5536,4/22/2022 4:45,55.213
5537,4/22/2022 5:00,55.038
5538,4/22/2022 5:15,54.865
5539,4/22/2022 5:30,54.691
5540,4/22/2022 5:45,54.561
5541,4/22/2022 6:00,54.43
5542,4/22/2022 6:15,54.343
5543,4/22/2022 6:30,54.212
5544,4/22/2022 6:45,54.126
5545,4/22/2022 7:00,53.994
5546,4/22/2022 7:15,53.865
5547,4/22/2022 7:30,53.776
5548,4/22/2022 7:45,53.69
5549,4/22/2022 8:00,53.69
5550,4/22/2022 8:15,53.733
5551,4/22/2022 8:30,53.82
5552,4/22/2022 8:45,54.82
5553,4/22/2022 9:00,57.117
5554,4/22/2022 9:15,59.056
5555,4/22/2022 9:30,60.604
5556,4/22/2022 9:45,62.191
5557,4/22/2022 10:00,63.946
5558,4/22/2022 10:15,66
5559,4/22/2022 10:30,67.798
5560,4/22/2022 10:45,69.557
5561,4/22/2022 11:00,71.404
5562,4/22/2022 11:15,72.869
5563,4/22/2022 11:30,74.511
5564,4/22/2022 11:45,75.985
5565,4/22/2022 12:00,77.421
5566,4/22/2022 12:15,78.733
5567,4/22/2022 12:30,80.051
5568,4/22/2022 12:45,80.978
5569,4/22/2022 13:00,81.952
5570,4/22/2022 13:15,82.665
5571,4/22/2022 13:30,83.332
5572,4/22/2022 13:45,84.094
5573,4/22/2022 14:00,84.767
5574,4/22/2022 14:15,85.307
5575,4/22/2022 14:30,85.487
5576,4/22/2022 14:45,85.622
5577,4/22/2022 15:00,85.712
5578,4/22/2022 15:15,85.577
5579,4/22/2022 15:30,85.442
5580,4/22/2022 15:45,85.217
5581,4/22/2022 16:00,84.9
5582,4/22/2022 16:15,84.407
5583,4/22/2022 16:30,83.601
5584,4/22/2022 16:45,82.218
5585,4/22/2022 17:00,81.023
5586,4/22/2022 17:15,80.361
5587,4/22/2022 17:30,79.92
5588,4/22/2022 17:45,79.392
5589,4/22/2022 18:00,78.645
5590,4/22/2022 18:15,77.77
5591,4/22/2022 18:30,76.854
5592,4/22/2022 18:45,75.81
5593,4/22/2022 19:00,74.77
5594,4/22/2022 19:15,73.731
5595,4/22/2022 19:30,72.653
5596,4/22/2022 19:45,71.661
5597,4/22/2022 20:00,70.673
5598,4/22/2022 20:15,69.728
5599,4/22/2022 20:30,68.828
5600,4/22/2022 20:45,68.013
5601,4/22/2022 21:00,67.242
5602,4/22/2022 21:15,66.472
5603,4/22/2022 21:30,65.745
5604,4/22/2022 21:45,65.059
5605,4/22/2022 22:00,64.418
5606,4/22/2022 22:15,63.819
5607,4/22/2022 22:30,63.262
5608,4/22/2022 22:45,62.704
5609,4/22/2022 23:00,62.191
5610,4/22/2022 23:15,61.677
5611,4/22/2022 23:30,61.162
5612,4/22/2022 23:45,60.69
5613,4/23/2022 0:00,60.217
5614,4/23/2022 0:15,59.788
5615,4/23/2022 0:30,59.358
5616,4/23/2022 0:45,58.928
5617,4/23/2022 1:00,58.498
5618,4/23/2022 1:15,58.066
5619,4/23/2022 1:30,57.679
5620,4/23/2022 1:45,57.247
5621,4/23/2022 2:00,56.901
5622,4/23/2022 2:15,56.512
5623,4/23/2022 2:30,56.165
5624,4/23/2022 2:45,55.819
5625,4/23/2022 3:00,55.472
5626,4/23/2022 3:15,55.125
5627,4/23/2022 3:30,54.82
5628,4/23/2022 3:45,54.516
5629,4/23/2022 4:00,54.212
5630,4/23/2022 4:15,53.908
5631,4/23/2022 4:30,53.645
5632,4/23/2022 4:45,53.341
5633,4/23/2022 5:00,53.078
5634,4/23/2022 5:15,52.817
5635,4/23/2022 5:30,52.597
5636,4/23/2022 5:45,52.378
5637,4/23/2022 6:00,52.16
5638,4/23/2022 6:15,51.984
5639,4/23/2022 6:30,51.895
5640,4/23/2022 6:45,51.94
5641,4/23/2022 7:00,52.246
5642,4/23/2022 7:15,52.772
5643,4/23/2022 7:30,53.472
5644,4/23/2022 7:45,54.3
5645,4/23/2022 8:00,55.256
5646,4/23/2022 8:15,56.295
5647,4/23/2022 8:30,57.506
5648,4/23/2022 8:45,58.755
5649,4/23/2022 9:00,60.132
5650,4/23/2022 9:15,61.59
5651,4/23/2022 9:30,63.09
5652,4/23/2022 9:45,64.632
5653,4/23/2022 10:00,66.258
5654,4/23/2022 10:15,67.885
5655,4/23/2022 10:30,69.514
5656,4/23/2022 10:45,71.146
5657,4/23/2022 11:00,72.783
5658,4/23/2022 11:15,74.338
5659,4/23/2022 11:30,75.898
5660,4/23/2022 11:45,77.421
5661,4/23/2022 12:00,78.91
5662,4/23/2022 12:15,80.361
5663,4/23/2022 12:30,81.73
5664,4/23/2022 12:45,83.154
5665,4/23/2022 13:00,84.677
5666,4/23/2022 13:15,87.255
5667,4/23/2022 13:30,89.132
5668,4/23/2022 13:45,90.471
5669,4/23/2022 14:00,91.729
5670,4/23/2022 14:15,92.856
5671,4/23/2022 14:30,93.897
5672,4/23/2022 14:45,94.705
5673,4/23/2022 15:00,95.374
5674,4/23/2022 15:15,95.904
5675,4/23/2022 15:30,96.145
5676,4/23/2022 15:45,96.24
5677,4/23/2022 16:00,96.096
5678,4/23/2022 16:15,95.806
5679,4/23/2022 16:30,95.279
5680,4/23/2022 16:45,94.658
5681,4/23/2022 17:00,93.848
5682,4/23/2022 17:15,92.809
5683,4/23/2022 17:30,91.683
5684,4/23/2022 17:45,90.424
5685,4/23/2022 18:00,89.132
5686,4/23/2022 18:15,87.757
5687,4/23/2022 18:30,86.391
5688,4/23/2022 18:45,84.99
5689,4/23/2022 19:00,83.556
5690,4/23/2022 19:15,82.175
5691,4/23/2022 19:30,80.802
5692,4/23/2022 19:45,79.48
5693,4/23/2022 20:00,78.208
5694,4/23/2022 20:15,76.986
5695,4/23/2022 20:30,75.853
5696,4/23/2022 20:45,74.77
5697,4/23/2022 21:00,73.731
5698,4/23/2022 21:15,72.739
5699,4/23/2022 21:30,71.791
5700,4/23/2022 21:45,70.887
5701,4/23/2022 22:00,70.072
5702,4/23/2022 22:15,69.256
5703,4/23/2022 22:30,68.484
5704,4/23/2022 22:45,67.798
5705,4/23/2022 23:00,67.114
5706,4/23/2022 23:15,66.429
5707,4/23/2022 23:30,65.829
5708,4/23/2022 23:45,65.23
5709,4/24/2022 0:00,64.632
5710,4/24/2022 0:15,64.074
5711,4/24/2022 0:30,63.518
5712,4/24/2022 0:45,63.005
5713,4/24/2022 1:00,62.447
5714,4/24/2022 1:15,61.977
5715,4/24/2022 1:30,61.506
5716,4/24/2022 1:45,61.032
5717,4/24/2022 2:00,60.604
5718,4/24/2022 2:15,60.174
5719,4/24/2022 2:30,59.745
5720,4/24/2022 2:45,59.358
5721,4/24/2022 3:00,58.928
5722,4/24/2022 3:15,58.541
5723,4/24/2022 3:30,58.152
5724,4/24/2022 3:45,57.765
5725,4/24/2022 4:00,57.42
5726,4/24/2022 4:15,57.16
5727,4/24/2022 4:30,56.988
5728,4/24/2022 4:45,56.858
5729,4/24/2022 5:00,56.728
5730,4/24/2022 5:15,56.642
5731,4/24/2022 5:30,56.556
5732,4/24/2022 5:45,56.469
5733,4/24/2022 6:00,56.426
5734,4/24/2022 6:15,56.383
5735,4/24/2022 6:30,56.426
5736,4/24/2022 6:45,56.469
5737,4/24/2022 7:00,56.599
5738,4/24/2022 7:15,56.772
5739,4/24/2022 7:30,56.988
5740,4/24/2022 7:45,57.29
5741,4/24/2022 8:00,57.636
5742,4/24/2022 8:15,58.109
5743,4/24/2022 8:30,58.712
5744,4/24/2022 8:45,59.445
5745,4/24/2022 9:00,60.26
5746,4/24/2022 9:15,61.248
5747,4/24/2022 9:30,62.406
5748,4/24/2022 9:45,63.819
5749,4/24/2022 10:00,65.745
5750,4/24/2022 10:15,68.313
5751,4/24/2022 10:30,71.404
5752,4/24/2022 10:45,74.683
5753,4/24/2022 11:00,78.033
5754,4/24/2022 11:15,81.199
5755,4/24/2022 11:30,84.227
5756,4/24/2022 11:45,87.073
5757,4/24/2022 12:00,89.316
5758,4/24/2022 12:15,89.593
5759,4/24/2022 12:30,89.499
5760,4/24/2022 12:45,89.731
5761,4/24/2022 13:00,90.333
5762,4/24/2022 13:15,92.057
5763,4/24/2022 13:30,93.234
5764,4/24/2022 13:45,94.134
5765,4/24/2022 14:00,94.991
5766,4/24/2022 14:15,95.855
5767,4/24/2022 14:30,96.579
5768,4/24/2022 14:45,97.16
5769,4/24/2022 15:00,97.648
5770,4/24/2022 15:15,97.99
5771,4/24/2022 15:30,98.184
5772,4/24/2022 15:45,98.184
5773,4/24/2022 16:00,97.99
5774,4/24/2022 16:15,97.648
5775,4/24/2022 16:30,97.063
5776,4/24/2022 16:45,96.386
5777,4/24/2022 17:00,95.472
5778,4/24/2022 17:15,94.419
5779,4/24/2022 17:30,93.234
5780,4/24/2022 17:45,91.963
5781,4/24/2022 18:00,90.565
5782,4/24/2022 18:15,89.132
5783,4/24/2022 18:30,87.665
5784,4/24/2022 18:45,86.164
5785,4/24/2022 19:00,84.632
5786,4/24/2022 19:15,83.064
5787,4/24/2022 19:30,81.597
5788,4/24/2022 19:45,80.139
5789,4/24/2022 20:00,78.733
5790,4/24/2022 20:15,77.378
5791,4/24/2022 20:30,76.114
5792,4/24/2022 20:45,74.856
5793,4/24/2022 21:00,73.688
5794,4/24/2022 21:15,72.567
5795,4/24/2022 21:30,71.49
5796,4/24/2022 21:45,70.459
5797,4/24/2022 22:00,69.427
5798,4/24/2022 22:15,68.484
5799,4/24/2022 22:30,67.543
5800,4/24/2022 22:45,66.6
5801,4/24/2022 23:00,65.745
5802,4/24/2022 23:15,64.931
5803,4/24/2022 23:30,64.161
5804,4/24/2022 23:45,63.475
5805,4/25/2022 0:00,62.791
5806,4/25/2022 0:15,62.191
5807,4/25/2022 0:30,61.59
5808,4/25/2022 0:45,61.032
5809,4/25/2022 1:00,60.517
5810,4/25/2022 1:15,60.003
5811,4/25/2022 1:30,59.486
5812,4/25/2022 1:45,59.056
5813,4/25/2022 2:00,58.626
5814,4/25/2022 2:15,58.239
5815,4/25/2022 2:30,57.893
5816,4/25/2022 2:45,57.506
5817,4/25/2022 3:00,57.16
5818,4/25/2022 3:15,56.858
5819,4/25/2022 3:30,56.556
5820,4/25/2022 3:45,56.295
5821,4/25/2022 4:00,56.035
5822,4/25/2022 4:15,55.776
5823,4/25/2022 4:30,55.558
5824,4/25/2022 4:45,55.342
5825,4/25/2022 5:00,55.125
5826,4/25/2022 5:15,54.909
5827,4/25/2022 5:30,54.734
5828,4/25/2022 5:45,54.516
5829,4/25/2022 6:00,54.387
5830,4/25/2022 6:15,54.212
5831,4/25/2022 6:30,54.126
5832,4/25/2022 6:45,54.037
5833,4/25/2022 7:00,54.037
5834,4/25/2022 7:15,55.038
5835,4/25/2022 7:30,57.506
5836,4/25/2022 7:45,60.346
5837,4/25/2022 8:00,62.704
5838,4/25/2022 8:15,64.247
5839,4/25/2022 8:30,65.574
5840,4/25/2022 8:45,67.158
5841,4/25/2022 9:00,68.956
5842,4/25/2022 9:15,70.93
5843,4/25/2022 9:30,73.213
5844,4/25/2022 9:45,75.898
5845,4/25/2022 10:00,78.339
5846,4/25/2022 10:15,80.537
5847,4/25/2022 10:30,82.441
5848,4/25/2022 10:45,84.227
5849,4/25/2022 11:00,85.894
5850,4/25/2022 11:15,87.528
5851,4/25/2022 11:30,89.085
5852,4/25/2022 11:45,90.612
5853,4/25/2022 12:00,91.963
5854,4/25/2022 12:15,93.139
5855,4/25/2022 12:30,94.276
5856,4/25/2022 12:45,95.328
5857,4/25/2022 13:00,96.337
5858,4/25/2022 13:15,97.306
5859,4/25/2022 13:30,98.184
5860,4/25/2022 13:45,98.971
5861,4/25/2022 14:00,99.514
5862,4/25/2022 14:15,99.91
5863,4/25/2022 14:30,100.207
5864,4/25/2022 14:45,100.407
5865,4/25/2022 15:00,100.557
5866,4/25/2022 15:15,100.657
5867,4/25/2022 15:30,100.357
5868,4/25/2022 15:45,98.676
5869,4/25/2022 16:00,97.891
5870,4/25/2022 16:15,97.696
5871,4/25/2022 16:30,97.648
5872,4/25/2022 16:45,97.696
5873,4/25/2022 17:00,97.648
5874,4/25/2022 17:15,97.452
5875,4/25/2022 17:30,96.966
5876,4/25/2022 17:45,96.289
5877,4/25/2022 18:00,95.423
5878,4/25/2022 18:15,94.467
5879,4/25/2022 18:30,93.375
5880,4/25/2022 18:45,92.244
5881,4/25/2022 19:00,91.076
5882,4/25/2022 19:15,89.776
5883,4/25/2022 19:30,88.488
5884,4/25/2022 19:45,87.163
5885,4/25/2022 20:00,85.849
5886,4/25/2022 20:15,84.497
5887,4/25/2022 20:30,83.422
5888,4/25/2022 20:45,82.841
5889,4/25/2022 21:00,82.486
5890,4/25/2022 21:15,81.775
5891,4/25/2022 21:30,80.668
5892,4/25/2022 21:45,79.392
5893,4/25/2022 22:00,78.121
5894,4/25/2022 22:15,76.854
5895,4/25/2022 22:30,75.637
5896,4/25/2022 22:45,74.597
5897,4/25/2022 23:00,73.558
5898,4/25/2022 23:15,72.61
5899,4/25/2022 23:30,71.62
5900,4/25/2022 23:45,70.716
5901,4/26/2022 0:00,69.858
5902,4/26/2022 0:15,69.042
5903,4/26/2022 0:30,68.227
5904,4/26/2022 0:45,67.5
5905,4/26/2022 1:00,66.814
5906,4/26/2022 1:15,66.173
5907,4/26/2022 1:30,65.574
5908,4/26/2022 1:45,65.059
5909,4/26/2022 2:00,64.546
5910,4/26/2022 2:15,64.074
5911,4/26/2022 2:30,63.775
5912,4/26/2022 2:45,63.39
5913,4/26/2022 3:00,62.962
5914,4/26/2022 3:15,62.533
5915,4/26/2022 3:30,62.148
5916,4/26/2022 3:45,61.761
5917,4/26/2022 4:00,61.376
5918,4/26/2022 4:15,61.032
5919,4/26/2022 4:30,60.69
5920,4/26/2022 4:45,60.303
5921,4/26/2022 5:00,59.959
5922,4/26/2022 5:15,59.659
5923,4/26/2022 5:30,59.315
5924,4/26/2022 5:45,59.014
5925,4/26/2022 6:00,58.712
5926,4/26/2022 6:15,58.541
5927,4/26/2022 6:30,58.411
5928,4/26/2022 6:45,59.358
5929,4/26/2022 7:00,60.733
5930,4/26/2022 7:15,62.447
5931,4/26/2022 7:30,64.632
5932,4/26/2022 7:45,66.385
5933,4/26/2022 8:00,67.842
5934,4/26/2022 8:15,68.698
5935,4/26/2022 8:30,69.514
5936,4/26/2022 8:45,70.416
5937,4/26/2022 9:00,71.447
5938,4/26/2022 9:15,72.653
5939,4/26/2022 9:30,74.163
5940,4/26/2022 9:45,75.898
5941,4/26/2022 10:00,77.639
5942,4/26/2022 10:15,78.296
5943,4/26/2022 10:30,77.77
5944,4/26/2022 10:45,77.16
5945,4/26/2022 11:00,76.636
5946,4/26/2022 11:15,76.289
5947,4/26/2022 11:30,76.028
5948,4/26/2022 11:45,75.898
5949,4/26/2022 12:00,75.81
5950,4/26/2022 12:15,75.681
5951,4/26/2022 12:30,75.594
5952,4/26/2022 12:45,75.508
5953,4/26/2022 13:00,75.42
5954,4/26/2022 13:15,75.29
5955,4/26/2022 13:30,75.117
5956,4/26/2022 13:45,74.899
5957,4/26/2022 14:00,74.597
5958,4/26/2022 14:15,74.338
5959,4/26/2022 14:30,74.077
5960,4/26/2022 14:45,73.818
5961,4/26/2022 15:00,73.558
5962,4/26/2022 15:15,73.342
5963,4/26/2022 15:30,73.213
5964,4/26/2022 15:45,72.955
5965,4/26/2022 16:00,72.61
5966,4/26/2022 16:15,72.178
5967,4/26/2022 16:30,71.661
5968,4/26/2022 16:45,71.661
5969,4/26/2022 17:00,72.221
5970,4/26/2022 17:15,72.997
5971,4/26/2022 17:30,73.645
5972,4/26/2022 17:45,74.511
5973,4/26/2022 18:00,74.77
5974,4/26/2022 18:15,74.727
5975,4/26/2022 18:30,74.64
5976,4/26/2022 18:45,74.511
5977,4/26/2022 19:00,74.338
5978,4/26/2022 19:15,74.163
5979,4/26/2022 19:30,73.904
5980,4/26/2022 19:45,73.558
5981,4/26/2022 20:00,73.213
5982,4/26/2022 20:15,72.783
5983,4/26/2022 20:30,72.264
5984,4/26/2022 20:45,71.748
5985,4/26/2022 21:00,71.231
5986,4/26/2022 21:15,70.63
5987,4/26/2022 21:30,70.029
5988,4/26/2022 21:45,69.427
5989,4/26/2022 22:00,68.828
5990,4/26/2022 22:15,68.185
5991,4/26/2022 22:30,67.586
5992,4/26/2022 22:45,66.985
5993,4/26/2022 23:00,66.385
5994,4/26/2022 23:15,65.788
5995,4/26/2022 23:30,65.23
5996,4/26/2022 23:45,64.674
5997,4/27/2022 0:00,64.117
5998,4/27/2022 0:15,63.604
5999,4/27/2022 0:30,63.133
6000,4/27/2022 0:45,62.661
6001,4/27/2022 1:00,62.191
6002,4/27/2022 1:15,61.761
6003,4/27/2022 1:30,61.333
6004,4/27/2022 1:45,60.948
6005,4/27/2022 2:00,60.561
6006,4/27/2022 2:15,60.174
6007,4/27/2022 2:30,59.83
6008,4/27/2022 2:45,59.445
6009,4/27/2022 3:00,59.099
6010,4/27/2022 3:15,58.798
6011,4/27/2022 3:30,58.455
6012,4/27/2022 3:45,58.152
6013,4/27/2022 4:00,57.85
6014,4/27/2022 4:15,57.592
6015,4/27/2022 4:30,57.29
6016,4/27/2022 4:45,57.031
6017,4/27/2022 5:00,56.772
6018,4/27/2022 5:15,56.512
6019,4/27/2022 5:30,56.251
6020,4/27/2022 5:45,55.992
6021,4/27/2022 6:00,55.733
6022,4/27/2022 6:15,55.515
6023,4/27/2022 6:30,55.342
6024,4/27/2022 6:45,55.168
6025,4/27/2022 7:00,55.081
6026,4/27/2022 7:15,54.952
6027,4/27/2022 7:30,54.865
6028,4/27/2022 7:45,54.82
6029,4/27/2022 8:00,54.82
6030,4/27/2022 8:15,54.82
6031,4/27/2022 8:30,54.909
6032,4/27/2022 8:45,54.995
6033,4/27/2022 9:00,55.125
6034,4/27/2022 9:15,55.299
6035,4/27/2022 9:30,55.515
6036,4/27/2022 9:45,55.776
6037,4/27/2022 10:00,56.079
6038,4/27/2022 10:15,56.426
6039,4/27/2022 10:30,56.772
6040,4/27/2022 10:45,57.16
6041,4/27/2022 11:00,57.592
6042,4/27/2022 11:15,58.023
6043,4/27/2022 11:30,58.455
6044,4/27/2022 11:45,58.928
6045,4/27/2022 12:00,59.445
6046,4/27/2022 12:15,60.003
6047,4/27/2022 12:30,60.517
6048,4/27/2022 12:45,61.119
6049,4/27/2022 13:00,61.72
6050,4/27/2022 13:15,62.319
6051,4/27/2022 13:30,63.005
6052,4/27/2022 13:45,63.689
6053,4/27/2022 14:00,64.674
6054,4/27/2022 14:15,65.53
6055,4/27/2022 14:30,66.301
6056,4/27/2022 14:45,67.028
6057,4/27/2022 15:00,67.798
6058,4/27/2022 15:15,68.527
6059,4/27/2022 15:30,69.17
6060,4/27/2022 15:45,69.771
6061,4/27/2022 16:00,70.243
6062,4/27/2022 16:15,70.502
6063,4/27/2022 16:30,70.673
6064,4/27/2022 16:45,70.846
6065,4/27/2022 17:00,71.017
6066,4/27/2022 17:15,71.146
6067,4/27/2022 17:30,71.19
6068,4/27/2022 17:45,71.146
6069,4/27/2022 18:00,70.974
6070,4/27/2022 18:15,70.803
6071,4/27/2022 18:30,70.716
6072,4/27/2022 18:45,70.502
6073,4/27/2022 19:00,70.201
6074,4/27/2022 19:15,69.858
6075,4/27/2022 19:30,69.471
6076,4/27/2022 19:45,69.042
6077,4/27/2022 20:00,68.614
6078,4/27/2022 20:15,68.142
6079,4/27/2022 20:30,67.627
6080,4/27/2022 20:45,67.158
6081,4/27/2022 21:00,66.643
6082,4/27/2022 21:15,66.13
6083,4/27/2022 21:30,65.615
6084,4/27/2022 21:45,65.145
6085,4/27/2022 22:00,64.632
6086,4/27/2022 22:15,64.204
6087,4/27/2022 22:30,63.732
6088,4/27/2022 22:45,63.304
6089,4/27/2022 23:00,62.919
6090,4/27/2022 23:15,62.49
6091,4/27/2022 23:30,62.105
6092,4/27/2022 23:45,61.72
6093,4/28/2022 0:00,61.29
6094,4/28/2022 0:15,60.904
6095,4/28/2022 0:30,60.517
6096,4/28/2022 0:45,60.174
6097,4/28/2022 1:00,59.788
6098,4/28/2022 1:15,59.445
6099,4/28/2022 1:30,59.099
6100,4/28/2022 1:45,58.798
6101,4/28/2022 2:00,58.455
6102,4/28/2022 2:15,58.152
6103,4/28/2022 2:30,57.85
6104,4/28/2022 2:45,57.549
6105,4/28/2022 3:00,57.29
6106,4/28/2022 3:15,56.988
6107,4/28/2022 3:30,56.728
6108,4/28/2022 3:45,56.469
6109,4/28/2022 4:00,56.251
6110,4/28/2022 4:15,56.035
6111,4/28/2022 4:30,55.819
6112,4/28/2022 4:45,55.647
6113,4/28/2022 5:00,55.472
6114,4/28/2022 5:15,55.342
6115,4/28/2022 5:30,55.213
6116,4/28/2022 5:45,55.081
6117,4/28/2022 6:00,54.909
6118,4/28/2022 6:15,54.82
6119,4/28/2022 6:30,54.691
6120,4/28/2022 6:45,54.604
6121,4/28/2022 7:00,54.516
6122,4/28/2022 7:15,54.473
6123,4/28/2022 7:30,55.168
6124,4/28/2022 7:45,56.512
6125,4/28/2022 8:00,58.712
6126,4/28/2022 8:15,60.948
6127,4/28/2022 8:30,62.875
6128,4/28/2022 8:45,64.375
6129,4/28/2022 9:00,65.188
6130,4/28/2022 9:15,65.829
6131,4/28/2022 9:30,66.385
6132,4/28/2022 9:45,66.943
6133,4/28/2022 10:00,67.456
6134,4/28/2022 10:15,67.885
6135,4/28/2022 10:30,68.185
6136,4/28/2022 10:45,68.443
6137,4/28/2022 11:00,68.742
6138,4/28/2022 11:15,68.999
6139,4/28/2022 11:30,69.3
6140,4/28/2022 11:45,69.6
6141,4/28/2022 12:00,69.942
6142,4/28/2022 12:15,70.243
6143,4/28/2022 12:30,70.543
6144,4/28/2022 12:45,70.803
6145,4/28/2022 13:00,71.103
6146,4/28/2022 13:15,71.361
6147,4/28/2022 13:30,71.533
6148,4/28/2022 13:45,71.62
6149,4/28/2022 14:00,71.577
6150,4/28/2022 14:15,71.533
6151,4/28/2022 14:30,71.49
6152,4/28/2022 14:45,71.404
6153,4/28/2022 15:00,71.274
6154,4/28/2022 15:15,71.146
6155,4/28/2022 15:30,70.93
6156,4/28/2022 15:45,70.716
6157,4/28/2022 16:00,70.502
6158,4/28/2022 16:15,70.201
6159,4/28/2022 16:30,69.901
6160,4/28/2022 16:45,69.858
6161,4/28/2022 17:00,70.459
6162,4/28/2022 17:15,71.231
6163,4/28/2022 17:30,71.49
6164,4/28/2022 17:45,71.447
6165,4/28/2022 18:00,71.317
6166,4/28/2022 18:15,71.017
6167,4/28/2022 18:30,70.587
6168,4/28/2022 18:45,70.072
6169,4/28/2022 19:00,69.471
6170,4/28/2022 19:15,68.828
6171,4/28/2022 19:30,68.142
6172,4/28/2022 19:45,67.372
6173,4/28/2022 20:00,66.6
6174,4/28/2022 20:15,66.043
6175,4/28/2022 20:30,66.214
6176,4/28/2022 20:45,66.643
6177,4/28/2022 21:00,67.285
6178,4/28/2022 21:15,67.456
6179,4/28/2022 21:30,67.285
6180,4/28/2022 21:45,67.028
6181,4/28/2022 22:00,66.686
6182,4/28/2022 22:15,66.301
6183,4/28/2022 22:30,65.916
6184,4/28/2022 22:45,65.487
6185,4/28/2022 23:00,65.017
6186,4/28/2022 23:15,64.546
6187,4/28/2022 23:30,64.117
6188,4/28/2022 23:45,63.689
6189,4/29/2022 0:00,63.219
6190,4/29/2022 0:15,62.791
6191,4/29/2022 0:30,62.406
6192,4/29/2022 0:45,61.977
6193,4/29/2022 1:00,61.59
6194,4/29/2022 1:15,61.205
6195,4/29/2022 1:30,60.818
6196,4/29/2022 1:45,60.433
6197,4/29/2022 2:00,60.089
6198,4/29/2022 2:15,59.702
6199,4/29/2022 2:30,59.315
6200,4/29/2022 2:45,58.971
6201,4/29/2022 3:00,58.582
6202,4/29/2022 3:15,58.239
6203,4/29/2022 3:30,57.893
6204,4/29/2022 3:45,57.549
6205,4/29/2022 4:00,57.204
6206,4/29/2022 4:15,56.901
6207,4/29/2022 4:30,56.556
6208,4/29/2022 4:45,56.208
6209,4/29/2022 5:00,55.906
6210,4/29/2022 5:15,55.602
6211,4/29/2022 5:30,55.299
6212,4/29/2022 5:45,55.386
6213,4/29/2022 6:00,56.858
6214,4/29/2022 6:15,58.325
6215,4/29/2022 6:30,59.959
6216,4/29/2022 6:45,61.333
6217,4/29/2022 7:00,62.447
6218,4/29/2022 7:15,62.962
6219,4/29/2022 7:30,63.176
6220,4/29/2022 7:45,63.475
6221,4/29/2022 8:00,63.819
6222,4/29/2022 8:15,64.288
6223,4/29/2022 8:30,64.803
6224,4/29/2022 8:45,65.444
6225,4/29/2022 9:00,66.13
6226,4/29/2022 9:15,66.772
6227,4/29/2022 9:30,67.372
6228,4/29/2022 9:45,67.842
6229,4/29/2022 10:00,68.27
6230,4/29/2022 10:15,68.614
6231,4/29/2022 10:30,68.913
6232,4/29/2022 10:45,69.17
6233,4/29/2022 11:00,69.386
6234,4/29/2022 11:15,69.6
6235,4/29/2022 11:30,69.858
6236,4/29/2022 11:45,70.158
6237,4/29/2022 12:00,70.329
6238,4/29/2022 12:15,70.63
6239,4/29/2022 12:30,71.146
6240,4/29/2022 12:45,71.92
6241,4/29/2022 13:00,72.783
6242,4/29/2022 13:15,73.861
6243,4/29/2022 13:30,75.16
6244,4/29/2022 13:45,76.593
6245,4/29/2022 14:00,78.121
6246,4/29/2022 14:15,79.743
6247,4/29/2022 14:30,81.333
6248,4/29/2022 14:45,82.931
6249,4/29/2022 15:00,84.452
6250,4/29/2022 15:15,85.849
6251,4/29/2022 15:30,87.118
6252,4/29/2022 15:45,88.306
6253,4/29/2022 16:00,89.316
6254,4/29/2022 16:15,90.147
6255,4/29/2022 16:30,90.844
6256,4/29/2022 16:45,91.402
6257,4/29/2022 17:00,91.87
6258,4/29/2022 17:15,92.291
6259,4/29/2022 17:30,92.574
6260,4/29/2022 17:45,92.62
6261,4/29/2022 18:00,92.433
6262,4/29/2022 18:15,91.963
6263,4/29/2022 18:30,91.263
6264,4/29/2022 18:45,90.424
6265,4/29/2022 19:00,89.407
6266,4/29/2022 19:15,88.259
6267,4/29/2022 19:30,87.073
6268,4/29/2022 19:45,85.802
6269,4/29/2022 20:00,84.542
6270,4/29/2022 20:15,83.287
6271,4/29/2022 20:30,81.997
6272,4/29/2022 20:45,80.757
6273,4/29/2022 21:00,79.524
6274,4/29/2022 21:15,78.339
6275,4/29/2022 21:30,77.247
6276,4/29/2022 21:45,76.203
6277,4/29/2022 22:00,75.16
6278,4/29/2022 22:15,74.206
6279,4/29/2022 22:30,73.299
6280,4/29/2022 22:45,72.394
6281,4/29/2022 23:00,71.577
6282,4/29/2022 23:15,70.759
6283,4/29/2022 23:30,69.985
6284,4/29/2022 23:45,69.256
6285,4/30/2022 0:00,68.527
6286,4/30/2022 0:15,67.885
6287,4/30/2022 0:30,67.199
6288,4/30/2022 0:45,66.6
6289,4/30/2022 1:00,66
6290,4/30/2022 1:15,65.403
6291,4/30/2022 1:30,64.888
6292,4/30/2022 1:45,64.375
6293,4/30/2022 2:00,63.903
6294,4/30/2022 2:15,63.433
6295,4/30/2022 2:30,63.005
6296,4/30/2022 2:45,62.577
6297,4/30/2022 3:00,62.148
6298,4/30/2022 3:15,61.761
6299,4/30/2022 3:30,61.376
6300,4/30/2022 3:45,61.032
6301,4/30/2022 4:00,60.69
6302,4/30/2022 4:15,60.346
6303,4/30/2022 4:30,60.046
6304,4/30/2022 4:45,59.745
6305,4/30/2022 5:00,59.445
6306,4/30/2022 5:15,59.142
6307,4/30/2022 5:30,58.842
6308,4/30/2022 5:45,58.582
6309,4/30/2022 6:00,58.368
6310,4/30/2022 6:15,58.152
6311,4/30/2022 6:30,57.936
6312,4/30/2022 6:45,57.807
6313,4/30/2022 7:00,57.679
6314,4/30/2022 7:15,57.592
6315,4/30/2022 7:30,57.506
6316,4/30/2022 7:45,57.506
6317,4/30/2022 8:00,57.463
6318,4/30/2022 8:15,57.506
6319,4/30/2022 8:30,57.506
6320,4/30/2022 8:45,57.549
6321,4/30/2022 9:00,57.636
6322,4/30/2022 9:15,57.807
6323,4/30/2022 9:30,58.928
6324,4/30/2022 9:45,60.733
6325,4/30/2022 10:00,62.49
6326,4/30/2022 10:15,63.946
6327,4/30/2022 10:30,65.145
6328,4/30/2022 10:45,66.472
6329,4/30/2022 11:00,67.885
6330,4/30/2022 11:15,69.343
6331,4/30/2022 11:30,70.887
6332,4/30/2022 11:45,72.394
6333,4/30/2022 12:00,73.904
6334,4/30/2022 12:15,75.333
6335,4/30/2022 12:30,76.681
6336,4/30/2022 12:45,77.99
6337,4/30/2022 13:00,79.173
6338,4/30/2022 13:15,80.272
6339,4/30/2022 13:30,81.244
6340,4/30/2022 13:45,82.175
6341,4/30/2022 14:00,82.976
6342,4/30/2022 14:15,83.736
6343,4/30/2022 14:30,84.362
6344,4/30/2022 14:45,84.9
6345,4/30/2022 15:00,85.352
6346,4/30/2022 15:15,85.712
6347,4/30/2022 15:30,86.074
6348,4/30/2022 15:45,86.346
6349,4/30/2022 16:00,86.482
6350,4/30/2022 16:15,86.482
6351,4/30/2022 16:30,86.346
6352,4/30/2022 16:45,85.939
6353,4/30/2022 17:00,85.352
6354,4/30/2022 17:15,84.632
6355,4/30/2022 17:30,83.779
6356,4/30/2022 17:45,82.886
6357,4/30/2022 18:00,81.952
6358,4/30/2022 18:15,80.978
6359,4/30/2022 18:30,79.963
6360,4/30/2022 18:45,78.91
6361,4/30/2022 19:00,77.815
6362,4/30/2022 19:15,76.681
6363,4/30/2022 19:30,75.551
6364,4/30/2022 19:45,74.338
6365,4/30/2022 20:00,73.126
6366,4/30/2022 20:15,71.964
6367,4/30/2022 20:30,70.759
6368,4/30/2022 20:45,69.6
6369,4/30/2022 21:00,68.484
6370,4/30/2022 21:15,67.413
6371,4/30/2022 21:30,66.344
6372,4/30/2022 21:45,65.316
6373,4/30/2022 22:00,64.332
6374,4/30/2022 22:15,63.39
6375,4/30/2022 22:30,62.49
6376,4/30/2022 22:45,61.633
6377,4/30/2022 23:00,60.775
6378,4/30/2022 23:15,60.003
6379,4/30/2022 23:30,59.229
6380,4/30/2022 23:45,58.498
6381,5/1/2022 0:00,57.807
6382,5/1/2022 0:15,57.16
6383,5/1/2022 0:30,56.599
6384,5/1/2022 0:45,56.035
6385,5/1/2022 1:00,55.558
6386,5/1/2022 1:15,55.081
6387,5/1/2022 1:30,54.648
6388,5/1/2022 1:45,54.212
6389,5/1/2022 2:00,53.776
6390,5/1/2022 2:15,53.341
6391,5/1/2022 2:30,52.903
6392,5/1/2022 2:45,52.509
6393,5/1/2022 3:00,52.072
6394,5/1/2022 3:15,51.678
6395,5/1/2022 3:30,51.325
6396,5/1/2022 3:45,50.929
6397,5/1/2022 4:00,50.576
6398,5/1/2022 4:15,50.223
6399,5/1/2022 4:30,49.914
6400,5/1/2022 4:45,49.604
6401,5/1/2022 5:00,49.294
6402,5/1/2022 5:15,48.983
6403,5/1/2022 5:30,48.717
6404,5/1/2022 5:45,48.493
6405,5/1/2022 6:00,48.315
6406,5/1/2022 6:15,48.227
6407,5/1/2022 6:30,48.227
6408,5/1/2022 6:45,48.315
6409,5/1/2022 7:00,48.405
6410,5/1/2022 7:15,48.628
6411,5/1/2022 7:30,48.938
6412,5/1/2022 7:45,49.383
6413,5/1/2022 8:00,49.959
6414,5/1/2022 8:15,50.664
6415,5/1/2022 8:30,51.544
6416,5/1/2022 8:45,52.597
6417,5/1/2022 9:00,53.733
6418,5/1/2022 9:15,54.995
6419,5/1/2022 9:30,56.34
6420,5/1/2022 9:45,57.765
6421,5/1/2022 10:00,59.142
6422,5/1/2022 10:15,60.26
6423,5/1/2022 10:30,61.205
6424,5/1/2022 10:45,62.019
6425,5/1/2022 11:00,62.791
6426,5/1/2022 11:15,63.475
6427,5/1/2022 11:30,64.117
6428,5/1/2022 11:45,64.845
6429,5/1/2022 12:00,65.615
6430,5/1/2022 12:15,66.515
6431,5/1/2022 12:30,67.5
6432,5/1/2022 12:45,68.484
6433,5/1/2022 13:00,69.427
6434,5/1/2022 13:15,70.286
6435,5/1/2022 13:30,71.017
6436,5/1/2022 13:45,71.661
6437,5/1/2022 14:00,72.221
6438,5/1/2022 14:15,72.739
6439,5/1/2022 14:30,73.213
6440,5/1/2022 14:45,73.602
6441,5/1/2022 15:00,73.99
6442,5/1/2022 15:15,74.381
6443,5/1/2022 15:30,74.727
6444,5/1/2022 15:45,74.856
6445,5/1/2022 16:00,74.727
6446,5/1/2022 16:15,74.64
6447,5/1/2022 16:30,74.813
6448,5/1/2022 16:45,74.424
6449,5/1/2022 17:00,73.731
6450,5/1/2022 17:15,73.256
6451,5/1/2022 17:30,73.04
6452,5/1/2022 17:45,72.955
6453,5/1/2022 18:00,72.997
6454,5/1/2022 18:15,73.04
6455,5/1/2022 18:30,73.04
6456,5/1/2022 18:45,73.083
6457,5/1/2022 19:00,73.083
6458,5/1/2022 19:15,73.126
6459,5/1/2022 19:30,73.083
6460,5/1/2022 19:45,73.083
6461,5/1/2022 20:00,73.04
6462,5/1/2022 20:15,72.997
6463,5/1/2022 20:30,72.955
6464,5/1/2022 20:45,72.869
6465,5/1/2022 21:00,72.783
6466,5/1/2022 21:15,72.739
6467,5/1/2022 21:30,72.739
6468,5/1/2022 21:45,72.783
6469,5/1/2022 22:00,72.783
6470,5/1/2022 22:15,72.826
6471,5/1/2022 22:30,72.826
6472,5/1/2022 22:45,72.826
6473,5/1/2022 23:00,72.783
6474,5/1/2022 23:15,72.783
6475,5/1/2022 23:30,72.696
6476,5/1/2022 23:45,72.653
6477,5/2/2022 0:00,72.567
6478,5/2/2022 0:15,72.437
6479,5/2/2022 0:30,72.307
6480,5/2/2022 0:45,72.178
6481,5/2/2022 1:00,72.05
6482,5/2/2022 1:15,71.877
6483,5/2/2022 1:30,71.704
6484,5/2/2022 1:45,71.533
6485,5/2/2022 2:00,71.317
6486,5/2/2022 2:15,71.103
6487,5/2/2022 2:30,70.93
6488,5/2/2022 2:45,70.716
6489,5/2/2022 3:00,70.543
6490,5/2/2022 3:15,70.329
6491,5/2/2022 3:30,70.158
6492,5/2/2022 3:45,69.985
6493,5/2/2022 4:00,69.771
6494,5/2/2022 4:15,69.6
6495,5/2/2022 4:30,69.427
6496,5/2/2022 4:45,69.256
6497,5/2/2022 5:00,69.085
6498,5/2/2022 5:15,68.913
6499,5/2/2022 5:30,68.785
6500,5/2/2022 5:45,68.614
6501,5/2/2022 6:00,68.484
6502,5/2/2022 6:15,68.356
6503,5/2/2022 6:30,68.227
6504,5/2/2022 6:45,68.099
6505,5/2/2022 7:00,68.013
6506,5/2/2022 7:15,67.928
6507,5/2/2022 7:30,67.885
6508,5/2/2022 7:45,67.798
6509,5/2/2022 8:00,67.757
6510,5/2/2022 8:15,67.842
6511,5/2/2022 8:30,67.928
6512,5/2/2022 8:45,67.885
6513,5/2/2022 9:00,67.885
6514,5/2/2022 9:15,67.885
6515,5/2/2022 9:30,67.928
6516,5/2/2022 9:45,67.928
6517,5/2/2022 10:00,67.971
6518,5/2/2022 10:15,68.013
6519,5/2/2022 10:30,68.056
6520,5/2/2022 10:45,68.142
6521,5/2/2022 11:00,68.227
6522,5/2/2022 11:15,68.356
6523,5/2/2022 11:30,68.484
6524,5/2/2022 11:45,68.614
6525,5/2/2022 12:00,68.742
6526,5/2/2022 12:15,68.871
6527,5/2/2022 12:30,69.042
6528,5/2/2022 12:45,69.17
6529,5/2/2022 13:00,69.343
6530,5/2/2022 13:15,69.514
6531,5/2/2022 13:30,69.685
6532,5/2/2022 13:45,69.858
6533,5/2/2022 14:00,70.029
6534,5/2/2022 14:15,70.201
6535,5/2/2022 14:30,70.416
6536,5/2/2022 14:45,70.673
6537,5/2/2022 15:00,70.93
6538,5/2/2022 15:15,71.877
6539,5/2/2022 15:30,73.688
6540,5/2/2022 15:45,74.163
6541,5/2/2022 16:00,74.163
6542,5/2/2022 16:15,74.034
6543,5/2/2022 16:30,73.947
6544,5/2/2022 16:45,73.861
6545,5/2/2022 17:00,73.774
6546,5/2/2022 17:15,73.645
6547,5/2/2022 17:30,73.602
6548,5/2/2022 17:45,73.558
6549,5/2/2022 18:00,73.602
6550,5/2/2022 18:15,73.645
6551,5/2/2022 18:30,73.731
6552,5/2/2022 18:45,73.774
6553,5/2/2022 19:00,73.818
6554,5/2/2022 19:15,73.818
6555,5/2/2022 19:30,73.861
6556,5/2/2022 19:45,73.818
6557,5/2/2022 20:00,73.818
6558,5/2/2022 20:15,73.861
6559,5/2/2022 20:30,73.904
6560,5/2/2022 20:45,73.947
6561,5/2/2022 21:00,73.99
6562,5/2/2022 21:15,73.947
6563,5/2/2022 21:30,73.861
6564,5/2/2022 21:45,73.818
6565,5/2/2022 22:00,73.818
6566,5/2/2022 22:15,73.774
6567,5/2/2022 22:30,73.774
6568,5/2/2022 22:45,73.731
6569,5/2/2022 23:00,73.731
6570,5/2/2022 23:15,73.688
6571,5/2/2022 23:30,73.645
6572,5/2/2022 23:45,73.645
6573,5/3/2022 0:00,73.558
6574,5/3/2022 0:15,73.515
6575,5/3/2022 0:30,73.472
6576,5/3/2022 0:45,73.429
6577,5/3/2022 1:00,73.342
6578,5/3/2022 1:15,73.299
6579,5/3/2022 1:30,73.213
6580,5/3/2022 1:45,73.126
6581,5/3/2022 2:00,72.997
6582,5/3/2022 2:15,72.912
6583,5/3/2022 2:30,72.826
6584,5/3/2022 2:45,72.653
6585,5/3/2022 3:00,72.48
6586,5/3/2022 3:15,72.307
6587,5/3/2022 3:30,72.093
6588,5/3/2022 3:45,71.877
6589,5/3/2022 4:00,71.661
6590,5/3/2022 4:15,71.49
6591,5/3/2022 4:30,71.274
6592,5/3/2022 4:45,71.06
6593,5/3/2022 5:00,70.887
6594,5/3/2022 5:15,70.673
6595,5/3/2022 5:30,70.502
6596,5/3/2022 5:45,70.329
6597,5/3/2022 6:00,70.158
6598,5/3/2022 6:15,69.985
6599,5/3/2022 6:30,69.858
6600,5/3/2022 6:45,69.728
6601,5/3/2022 7:00,69.643
6602,5/3/2022 7:15,69.557
6603,5/3/2022 7:30,69.471
6604,5/3/2022 7:45,69.386
6605,5/3/2022 8:00,69.3
6606,5/3/2022 8:15,69.213
6607,5/3/2022 8:30,69.17
6608,5/3/2022 8:45,69.085
6609,5/3/2022 9:00,69.042
6610,5/3/2022 9:15,68.999
6611,5/3/2022 9:30,68.956
6612,5/3/2022 9:45,68.913
6613,5/3/2022 10:00,68.913
6614,5/3/2022 10:15,68.913
6615,5/3/2022 10:30,68.956
6616,5/3/2022 10:45,68.999
6617,5/3/2022 11:00,69.085
6618,5/3/2022 11:15,69.213
6619,5/3/2022 11:30,69.343
6620,5/3/2022 11:45,69.471
6621,5/3/2022 12:00,69.643
6622,5/3/2022 12:15,69.814
6623,5/3/2022 12:30,69.985
6624,5/3/2022 12:45,70.158
6625,5/3/2022 13:00,70.372
6626,5/3/2022 13:15,70.587
6627,5/3/2022 13:30,70.803
6628,5/3/2022 13:45,71.06
6629,5/3/2022 14:00,71.231
6630,5/3/2022 14:15,71.447
6631,5/3/2022 14:30,71.704
6632,5/3/2022 14:45,71.964
6633,5/3/2022 15:00,72.264
6634,5/3/2022 15:15,73.299
6635,5/3/2022 15:30,75.16
6636,5/3/2022 15:45,75.81
6637,5/3/2022 16:00,75.985
6638,5/3/2022 16:15,75.942
6639,5/3/2022 16:30,75.853
6640,5/3/2022 16:45,75.767
6641,5/3/2022 17:00,75.681
6642,5/3/2022 17:15,75.637
6643,5/3/2022 17:30,75.637
6644,5/3/2022 17:45,75.681
6645,5/3/2022 18:00,75.767
6646,5/3/2022 18:15,75.898
6647,5/3/2022 18:30,76.028
6648,5/3/2022 18:45,76.114
6649,5/3/2022 19:00,76.158
6650,5/3/2022 19:15,76.203
6651,5/3/2022 19:30,76.203
6652,5/3/2022 19:45,76.246
6653,5/3/2022 20:00,76.246
6654,5/3/2022 20:15,76.332
6655,5/3/2022 20:30,76.375
6656,5/3/2022 20:45,76.419
6657,5/3/2022 21:00,76.464
6658,5/3/2022 21:15,76.464
6659,5/3/2022 21:30,76.464
6660,5/3/2022 21:45,76.464
6661,5/3/2022 22:00,76.419
6662,5/3/2022 22:15,76.419
6663,5/3/2022 22:30,76.375
6664,5/3/2022 22:45,76.332
6665,5/3/2022 23:00,76.332
6666,5/3/2022 23:15,76.289
6667,5/3/2022 23:30,76.246
6668,5/3/2022 23:45,76.158
6669,5/4/2022 0:00,76.071
6670,5/4/2022 0:15,75.985
6671,5/4/2022 0:30,75.853
6672,5/4/2022 0:45,75.724
6673,5/4/2022 1:00,75.594
6674,5/4/2022 1:15,75.463
6675,5/4/2022 1:30,75.333
6676,5/4/2022 1:45,75.16
6677,5/4/2022 2:00,75.029
6678,5/4/2022 2:15,74.856
6679,5/4/2022 2:30,74.683
6680,5/4/2022 2:45,74.554
6681,5/4/2022 3:00,74.381
6682,5/4/2022 3:15,74.206
6683,5/4/2022 3:30,74.034
6684,5/4/2022 3:45,73.904
6685,5/4/2022 4:00,73.731
6686,5/4/2022 4:15,73.558
6687,5/4/2022 4:30,73.386
6688,5/4/2022 4:45,73.17
6689,5/4/2022 5:00,72.997
6690,5/4/2022 5:15,72.783
6691,5/4/2022 5:30,72.61
6692,5/4/2022 5:45,72.437
6693,5/4/2022 6:00,72.264
6694,5/4/2022 6:15,72.221
6695,5/4/2022 6:30,72.136
6696,5/4/2022 6:45,72.05
6697,5/4/2022 7:00,72.007
6698,5/4/2022 7:15,71.92
6699,5/4/2022 7:30,71.834
6700,5/4/2022 7:45,71.791
6701,5/4/2022 8:00,71.704
6702,5/4/2022 8:15,71.62
6703,5/4/2022 8:30,71.577
6704,5/4/2022 8:45,71.49
6705,5/4/2022 9:00,71.49
6706,5/4/2022 9:15,71.447
6707,5/4/2022 9:30,71.49
6708,5/4/2022 9:45,71.49
6709,5/4/2022 10:00,71.577
6710,5/4/2022 10:15,71.661
6711,5/4/2022 10:30,71.748
6712,5/4/2022 10:45,71.877
6713,5/4/2022 11:00,72.05
6714,5/4/2022 11:15,72.221
6715,5/4/2022 11:30,72.394
6716,5/4/2022 11:45,72.61
6717,5/4/2022 12:00,72.783
6718,5/4/2022 12:15,72.997
6719,5/4/2022 12:30,73.256
6720,5/4/2022 12:45,73.472
6721,5/4/2022 13:00,73.731
6722,5/4/2022 13:15,73.99
6723,5/4/2022 13:30,74.295
6724,5/4/2022 13:45,74.813
6725,5/4/2022 14:00,76.725
6726,5/4/2022 14:15,80.361
6727,5/4/2022 14:30,83.914
6728,5/4/2022 14:45,85.352
6729,5/4/2022 15:00,83.422
6730,5/4/2022 15:15,81.687
6731,5/4/2022 15:30,80.361
6732,5/4/2022 15:45,79.392
6733,5/4/2022 16:00,78.733
6734,5/4/2022 16:15,78.296
6735,5/4/2022 16:30,78.033
6736,5/4/2022 16:45,77.859
6737,5/4/2022 17:00,77.727
6738,5/4/2022 17:15,77.639
6739,5/4/2022 17:30,77.553
6740,5/4/2022 17:45,77.464
6741,5/4/2022 18:00,77.378
6742,5/4/2022 18:15,77.247
6743,5/4/2022 18:30,77.072
6744,5/4/2022 18:45,76.854
6745,5/4/2022 19:00,76.507
6746,5/4/2022 19:15,76.071
6747,5/4/2022 19:30,75.724
6748,5/4/2022 19:45,75.463
6749,5/4/2022 20:00,75.29
6750,5/4/2022 20:15,75.16
6751,5/4/2022 20:30,75.117
6752,5/4/2022 20:45,75.333
6753,5/4/2022 21:00,75.551
6754,5/4/2022 21:15,75.767
6755,5/4/2022 21:30,75.551
6756,5/4/2022 21:45,75.333
6757,5/4/2022 22:00,75.204
6758,5/4/2022 22:15,75.16
6759,5/4/2022 22:30,75.029
6760,5/4/2022 22:45,74.899
6761,5/4/2022 23:00,74.813
6762,5/4/2022 23:15,74.727
6763,5/4/2022 23:30,74.727
6764,5/4/2022 23:45,74.64
6765,5/5/2022 0:00,74.554
6766,5/5/2022 0:15,74.467
6767,5/5/2022 0:30,74.424
6768,5/5/2022 0:45,74.338
6769,5/5/2022 1:00,74.295
6770,5/5/2022 1:15,74.206
6771,5/5/2022 1:30,74.12
6772,5/5/2022 1:45,74.034
6773,5/5/2022 2:00,73.947
6774,5/5/2022 2:15,73.904
6775,5/5/2022 2:30,73.774
6776,5/5/2022 2:45,73.688
6777,5/5/2022 3:00,73.515
6778,5/5/2022 3:15,73.342
6779,5/5/2022 3:30,73.17
6780,5/5/2022 3:45,73.04
6781,5/5/2022 4:00,72.869
6782,5/5/2022 4:15,72.739
6783,5/5/2022 4:30,72.61
6784,5/5/2022 4:45,72.48
6785,5/5/2022 5:00,72.351
6786,5/5/2022 5:15,72.221
6787,5/5/2022 5:30,72.093
6788,5/5/2022 5:45,72.05
6789,5/5/2022 6:00,72.093
6790,5/5/2022 6:15,72.093
6791,5/5/2022 6:30,71.964
6792,5/5/2022 6:45,71.834
6793,5/5/2022 7:00,71.748
6794,5/5/2022 7:15,71.661
6795,5/5/2022 7:30,71.661
6796,5/5/2022 7:45,71.62
6797,5/5/2022 8:00,71.62
6798,5/5/2022 8:15,71.577
6799,5/5/2022 8:30,71.661
6800,5/5/2022 8:45,71.92
6801,5/5/2022 9:00,72.221
6802,5/5/2022 9:15,71.317
6803,5/5/2022 9:30,71.017
6804,5/5/2022 9:45,70.846
6805,5/5/2022 10:00,70.803
6806,5/5/2022 10:15,70.846
6807,5/5/2022 10:30,70.887
6808,5/5/2022 10:45,70.974
6809,5/5/2022 11:00,71.06
6810,5/5/2022 11:15,71.19
6811,5/5/2022 11:30,71.274
6812,5/5/2022 11:45,71.404
6813,5/5/2022 12:00,71.533
6814,5/5/2022 12:15,71.661
6815,5/5/2022 12:30,71.748
6816,5/5/2022 12:45,71.92
6817,5/5/2022 13:00,72.093
6818,5/5/2022 13:15,72.264
6819,5/5/2022 13:30,72.523
6820,5/5/2022 13:45,72.739
6821,5/5/2022 14:00,72.912
6822,5/5/2022 14:15,73.04
6823,5/5/2022 14:30,73.083
6824,5/5/2022 14:45,73.126
6825,5/5/2022 15:00,73.126
6826,5/5/2022 15:15,73.213
6827,5/5/2022 15:30,73.256
6828,5/5/2022 15:45,73.342
6829,5/5/2022 16:00,73.386
6830,5/5/2022 16:15,73.429
6831,5/5/2022 16:30,73.472
6832,5/5/2022 16:45,73.558
6833,5/5/2022 17:00,73.558
6834,5/5/2022 17:15,73.558
6835,5/5/2022 17:30,73.558
6836,5/5/2022 17:45,73.558
6837,5/5/2022 18:00,73.602
6838,5/5/2022 18:15,73.602
6839,5/5/2022 18:30,73.558
6840,5/5/2022 18:45,73.558
6841,5/5/2022 19:00,73.472
6842,5/5/2022 19:15,73.429
6843,5/5/2022 19:30,73.386
6844,5/5/2022 19:45,73.299
6845,5/5/2022 20:00,73.213
6846,5/5/2022 20:15,73.17
6847,5/5/2022 20:30,73.083
6848,5/5/2022 20:45,72.997
6849,5/5/2022 21:00,72.955
6850,5/5/2022 21:15,72.869
6851,5/5/2022 21:30,72.783
6852,5/5/2022 21:45,72.739
6853,5/5/2022 22:00,72.696
6854,5/5/2022 22:15,72.61
6855,5/5/2022 22:30,72.567
6856,5/5/2022 22:45,72.523
6857,5/5/2022 23:00,72.437
6858,5/5/2022 23:15,72.394
6859,5/5/2022 23:30,72.307
6860,5/5/2022 23:45,72.221
6861,5/6/2022 0:00,72.136
6862,5/6/2022 0:15,72.093
6863,5/6/2022 0:30,72.007
6864,5/6/2022 0:45,71.964
6865,5/6/2022 1:00,71.877
6866,5/6/2022 1:15,71.834
6867,5/6/2022 1:30,71.748
6868,5/6/2022 1:45,71.704
6869,5/6/2022 2:00,71.661
6870,5/6/2022 2:15,71.577
6871,5/6/2022 2:30,71.533
6872,5/6/2022 2:45,71.447
6873,5/6/2022 3:00,71.404
6874,5/6/2022 3:15,71.317
6875,5/6/2022 3:30,71.274
6876,5/6/2022 3:45,71.19
6877,5/6/2022 4:00,71.146
6878,5/6/2022 4:15,71.06
6879,5/6/2022 4:30,70.974
6880,5/6/2022 4:45,70.887
6881,5/6/2022 5:00,70.846
6882,5/6/2022 5:15,70.759
6883,5/6/2022 5:30,70.716
6884,5/6/2022 5:45,70.63
6885,5/6/2022 6:00,70.587
6886,5/6/2022 6:15,70.543
6887,5/6/2022 6:30,70.459
6888,5/6/2022 6:45,70.459
6889,5/6/2022 7:00,70.459
6890,5/6/2022 7:15,70.459
6891,5/6/2022 7:30,70.459
6892,5/6/2022 7:45,70.416
6893,5/6/2022 8:00,70.459
6894,5/6/2022 8:15,70.459
6895,5/6/2022 8:30,70.502
6896,5/6/2022 8:45,70.502
6897,5/6/2022 9:00,70.543
6898,5/6/2022 9:15,70.587
6899,5/6/2022 9:30,70.587
6900,5/6/2022 9:45,70.63
6901,5/6/2022 10:00,70.673
6902,5/6/2022 10:15,70.759
6903,5/6/2022 10:30,70.803
6904,5/6/2022 10:45,70.887
6905,5/6/2022 11:00,70.974
6906,5/6/2022 11:15,71.06
6907,5/6/2022 11:30,71.103
6908,5/6/2022 11:45,71.146
6909,5/6/2022 12:00,71.231
6910,5/6/2022 12:15,71.274
6911,5/6/2022 12:30,71.404
6912,5/6/2022 12:45,71.533
6913,5/6/2022 13:00,71.62
6914,5/6/2022 13:15,71.877
6915,5/6/2022 13:30,72.178
6916,5/6/2022 13:45,72.48
6917,5/6/2022 14:00,72.783
6918,5/6/2022 14:15,72.912
6919,5/6/2022 14:30,72.826
6920,5/6/2022 14:45,72.826
6921,5/6/2022 15:00,72.783
6922,5/6/2022 15:15,72.783
6923,5/6/2022 15:30,72.826
6924,5/6/2022 15:45,72.869
6925,5/6/2022 16:00,72.912
6926,5/6/2022 16:15,72.955
6927,5/6/2022 16:30,72.997
6928,5/6/2022 16:45,73.083
6929,5/6/2022 17:00,73.083
6930,5/6/2022 17:15,73.126
6931,5/6/2022 17:30,73.126
6932,5/6/2022 17:45,73.17
6933,5/6/2022 18:00,73.126
6934,5/6/2022 18:15,73.126
6935,5/6/2022 18:30,73.126
6936,5/6/2022 18:45,73.126
6937,5/6/2022 19:00,73.083
6938,5/6/2022 19:15,73.04
6939,5/6/2022 19:30,73.04
6940,5/6/2022 19:45,72.955
6941,5/6/2022 20:00,72.912
6942,5/6/2022 20:15,72.869
6943,5/6/2022 20:30,72.826
6944,5/6/2022 20:45,72.783
6945,5/6/2022 21:00,72.739
6946,5/6/2022 21:15,72.653
6947,5/6/2022 21:30,72.61
6948,5/6/2022 21:45,72.523
6949,5/6/2022 22:00,72.437
6950,5/6/2022 22:15,72.394
6951,5/6/2022 22:30,72.307
6952,5/6/2022 22:45,72.221
6953,5/6/2022 23:00,72.136
6954,5/6/2022 23:15,72.05
6955,5/6/2022 23:30,71.92
6956,5/6/2022 23:45,71.834
6957,5/7/2022 0:00,71.704
6958,5/7/2022 0:15,71.62
6959,5/7/2022 0:30,71.49
6960,5/7/2022 0:45,71.404
6961,5/7/2022 1:00,71.274
6962,5/7/2022 1:15,71.146
6963,5/7/2022 1:30,71.06
6964,5/7/2022 1:45,70.93
6965,5/7/2022 2:00,70.803
6966,5/7/2022 2:15,70.716
6967,5/7/2022 2:30,70.587
6968,5/7/2022 2:45,70.459
6969,5/7/2022 3:00,70.329
6970,5/7/2022 3:15,70.201
6971,5/7/2022 3:30,70.115
6972,5/7/2022 3:45,69.985
6973,5/7/2022 4:00,69.901
6974,5/7/2022 4:15,69.771
6975,5/7/2022 4:30,69.685
6976,5/7/2022 4:45,69.6
6977,5/7/2022 5:00,69.514
6978,5/7/2022 5:15,69.427
6979,5/7/2022 5:30,69.343
6980,5/7/2022 5:45,69.3
6981,5/7/2022 6:00,69.256
6982,5/7/2022 6:15,69.17
6983,5/7/2022 6:30,69.129
6984,5/7/2022 6:45,69.042
6985,5/7/2022 7:00,68.999
6986,5/7/2022 7:15,68.999
6987,5/7/2022 7:30,68.999
6988,5/7/2022 7:45,68.999
6989,5/7/2022 8:00,68.999
6990,5/7/2022 8:15,68.999
6991,5/7/2022 8:30,68.999
6992,5/7/2022 8:45,68.999
6993,5/7/2022 9:00,68.999
6994,5/7/2022 9:15,68.999
6995,5/7/2022 9:30,68.999
6996,5/7/2022 9:45,68.999
6997,5/7/2022 10:00,68.999
6998,5/7/2022 10:15,69.042
6999,5/7/2022 10:30,69.085
7000,5/7/2022 10:45,69.129
7001,5/7/2022 11:00,69.213
7002,5/7/2022 11:15,69.3
7003,5/7/2022 11:30,69.386
7004,5/7/2022 11:45,69.471
7005,5/7/2022 12:00,69.6
7006,5/7/2022 12:15,69.685
7007,5/7/2022 12:30,69.858
7008,5/7/2022 12:45,70.029
7009,5/7/2022 13:00,70.286
7010,5/7/2022 13:15,70.63
7011,5/7/2022 13:30,71.146
7012,5/7/2022 13:45,71.533
7013,5/7/2022 14:00,71.92
7014,5/7/2022 14:15,72.136
7015,5/7/2022 14:30,72.007
7016,5/7/2022 14:45,71.92
7017,5/7/2022 15:00,71.92
7018,5/7/2022 15:15,71.964
7019,5/7/2022 15:30,72.05
7020,5/7/2022 15:45,72.136
7021,5/7/2022 16:00,72.221
7022,5/7/2022 16:15,72.351
7023,5/7/2022 16:30,72.437
7024,5/7/2022 16:45,72.523
7025,5/7/2022 17:00,72.61
7026,5/7/2022 17:15,72.696
7027,5/7/2022 17:30,72.739
7028,5/7/2022 17:45,72.783
7029,5/7/2022 18:00,72.826
7030,5/7/2022 18:15,72.826
7031,5/7/2022 18:30,72.783
7032,5/7/2022 18:45,72.739
7033,5/7/2022 19:00,72.696
7034,5/7/2022 19:15,72.61
7035,5/7/2022 19:30,72.61
7036,5/7/2022 19:45,72.567
7037,5/7/2022 20:00,72.523
7038,5/7/2022 20:15,72.523
7039,5/7/2022 20:30,72.437
7040,5/7/2022 20:45,72.394
7041,5/7/2022 21:00,72.307
7042,5/7/2022 21:15,72.221
7043,5/7/2022 21:30,72.093
7044,5/7/2022 21:45,72.007
7045,5/7/2022 22:00,71.877
7046,5/7/2022 22:15,71.748
7047,5/7/2022 22:30,71.661
7048,5/7/2022 22:45,71.533
7049,5/7/2022 23:00,71.404
7050,5/7/2022 23:15,71.274
7051,5/7/2022 23:30,71.146
7052,5/7/2022 23:45,71.017
7053,5/8/2022 0:00,70.887
7054,5/8/2022 0:15,70.759
7055,5/8/2022 0:30,70.63
7056,5/8/2022 0:45,70.502
7057,5/8/2022 1:00,70.372
7058,5/8/2022 1:15,70.201
7059,5/8/2022 1:30,70.072
7060,5/8/2022 1:45,69.942
7061,5/8/2022 2:00,69.814
7062,5/8/2022 2:15,69.685
7063,5/8/2022 2:30,69.557
7064,5/8/2022 2:45,69.427
7065,5/8/2022 3:00,69.3
7066,5/8/2022 3:15,69.17
7067,5/8/2022 3:30,69.042
7068,5/8/2022 3:45,68.913
7069,5/8/2022 4:00,68.785
7070,5/8/2022 4:15,68.657
7071,5/8/2022 4:30,68.527
7072,5/8/2022 4:45,68.4
7073,5/8/2022 5:00,68.27
7074,5/8/2022 5:15,68.142
7075,5/8/2022 5:30,67.971
7076,5/8/2022 5:45,67.842
7077,5/8/2022 6:00,67.757
7078,5/8/2022 6:15,67.714
7079,5/8/2022 6:30,67.671
7080,5/8/2022 6:45,67.671
7081,5/8/2022 7:00,67.671
7082,5/8/2022 7:15,67.671
7083,5/8/2022 7:30,67.627
7084,5/8/2022 7:45,67.627
7085,5/8/2022 8:00,67.586
7086,5/8/2022 8:15,67.586
7087,5/8/2022 8:30,67.543
7088,5/8/2022 8:45,67.543
7089,5/8/2022 9:00,67.543
7090,5/8/2022 9:15,67.543
7091,5/8/2022 9:30,67.586
7092,5/8/2022 9:45,67.627
7093,5/8/2022 10:00,67.671
7094,5/8/2022 10:15,67.714
7095,5/8/2022 10:30,67.757
7096,5/8/2022 10:45,67.757
7097,5/8/2022 11:00,67.798
7098,5/8/2022 11:15,67.842
7099,5/8/2022 11:30,67.885
7100,5/8/2022 11:45,67.928
7101,5/8/2022 12:00,67.971
7102,5/8/2022 12:15,68.056
7103,5/8/2022 12:30,68.142
7104,5/8/2022 12:45,68.27
7105,5/8/2022 13:00,68.443
7106,5/8/2022 13:15,68.698
7107,5/8/2022 13:30,69.17
7108,5/8/2022 13:45,69.557
7109,5/8/2022 14:00,69.985
7110,5/8/2022 14:15,70.115
7111,5/8/2022 14:30,69.858
7112,5/8/2022 14:45,69.685
7113,5/8/2022 15:00,69.643
7114,5/8/2022 15:15,69.643
7115,5/8/2022 15:30,69.685
7116,5/8/2022 15:45,69.728
7117,5/8/2022 16:00,69.771
7118,5/8/2022 16:15,69.858
7119,5/8/2022 16:30,69.901
7120,5/8/2022 16:45,69.942
7121,5/8/2022 17:00,69.985
7122,5/8/2022 17:15,69.985
7123,5/8/2022 17:30,69.985
7124,5/8/2022 17:45,69.985
7125,5/8/2022 18:00,69.985
7126,5/8/2022 18:15,69.985
7127,5/8/2022 18:30,69.942
7128,5/8/2022 18:45,69.901
7129,5/8/2022 19:00,69.858
7130,5/8/2022 19:15,69.771
7131,5/8/2022 19:30,69.685
7132,5/8/2022 19:45,69.6
7133,5/8/2022 20:00,69.514
7134,5/8/2022 20:15,69.427
7135,5/8/2022 20:30,69.343
7136,5/8/2022 20:45,69.213
7137,5/8/2022 21:00,69.129
7138,5/8/2022 21:15,69.042
7139,5/8/2022 21:30,68.913
7140,5/8/2022 21:45,68.828
7141,5/8/2022 22:00,68.742
7142,5/8/2022 22:15,68.614
7143,5/8/2022 22:30,68.484
7144,5/8/2022 22:45,68.313
7145,5/8/2022 23:00,68.227
7146,5/8/2022 23:15,68.056
7147,5/8/2022 23:30,67.928
7148,5/8/2022 23:45,67.842
7149,5/9/2022 0:00,67.714
7150,5/9/2022 0:15,67.586
7151,5/9/2022 0:30,67.456
7152,5/9/2022 0:45,67.329
7153,5/9/2022 1:00,67.199
7154,5/9/2022 1:15,67.071
7155,5/9/2022 1:30,66.943
7156,5/9/2022 1:45,66.814
7157,5/9/2022 2:00,66.686
7158,5/9/2022 2:15,66.6
7159,5/9/2022 2:30,66.472
7160,5/9/2022 2:45,66.344
7161,5/9/2022 3:00,66.258
7162,5/9/2022 3:15,66.13
7163,5/9/2022 3:30,66
7164,5/9/2022 3:45,65.916
7165,5/9/2022 4:00,65.788
7166,5/9/2022 4:15,65.658
7167,5/9/2022 4:30,65.53
7168,5/9/2022 4:45,65.403
7169,5/9/2022 5:00,65.273
7170,5/9/2022 5:15,65.188
7171,5/9/2022 5:30,65.059
7172,5/9/2022 5:45,64.931
7173,5/9/2022 6:00,64.845
7174,5/9/2022 6:15,64.76
7175,5/9/2022 6:30,64.717
7176,5/9/2022 6:45,64.717
7177,5/9/2022 7:00,64.76
7178,5/9/2022 7:15,64.76
7179,5/9/2022 7:30,64.76
7180,5/9/2022 7:45,64.803
7181,5/9/2022 8:00,64.803
7182,5/9/2022 8:15,64.803
7183,5/9/2022 8:30,64.76
7184,5/9/2022 8:45,64.76
7185,5/9/2022 9:00,64.76
7186,5/9/2022 9:15,64.76
7187,5/9/2022 9:30,64.803
7188,5/9/2022 9:45,64.803
7189,5/9/2022 10:00,64.845
7190,5/9/2022 10:15,64.845
7191,5/9/2022 10:30,64.931
7192,5/9/2022 10:45,64.974
7193,5/9/2022 11:00,65.059
7194,5/9/2022 11:15,65.145
7195,5/9/2022 11:30,65.273
7196,5/9/2022 11:45,65.403
7197,5/9/2022 12:00,65.487
7198,5/9/2022 12:15,65.658
7199,5/9/2022 12:30,65.788
7200,5/9/2022 12:45,66
7201,5/9/2022 13:00,66.214
7202,5/9/2022 13:15,66.558
7203,5/9/2022 13:30,67.199
7204,5/9/2022 13:45,67.798
7205,5/9/2022 14:00,68.27
7206,5/9/2022 14:15,68.356
7207,5/9/2022 14:30,68.099
7208,5/9/2022 14:45,67.885
7209,5/9/2022 15:00,67.842
7210,5/9/2022 15:15,67.798
7211,5/9/2022 15:30,67.842
7212,5/9/2022 15:45,67.928
7213,5/9/2022 16:00,67.971
7214,5/9/2022 16:15,68.056
7215,5/9/2022 16:30,68.099
7216,5/9/2022 16:45,68.185
7217,5/9/2022 17:00,68.227
7218,5/9/2022 17:15,68.313
7219,5/9/2022 17:30,68.313
7220,5/9/2022 17:45,68.484
7221,5/9/2022 18:00,68.657
7222,5/9/2022 18:15,68.828
7223,5/9/2022 18:30,69.042
7224,5/9/2022 18:45,69.213
7225,5/9/2022 19:00,69.3
7226,5/9/2022 19:15,69.256
7227,5/9/2022 19:30,69.256
7228,5/9/2022 19:45,69.256
7229,5/9/2022 20:00,69.17
7230,5/9/2022 20:15,69.085
7231,5/9/2022 20:30,68.999
7232,5/9/2022 20:45,68.913
7233,5/9/2022 21:00,68.913
7234,5/9/2022 21:15,68.913
7235,5/9/2022 21:30,68.871
7236,5/9/2022 21:45,68.828
7237,5/9/2022 22:00,68.785
7238,5/9/2022 22:15,68.785
7239,5/9/2022 22:30,68.828
7240,5/9/2022 22:45,68.828
7241,5/9/2022 23:00,68.828
7242,5/9/2022 23:15,68.785
7243,5/9/2022 23:30,68.785
7244,5/9/2022 23:45,68.742
7245,5/10/2022 0:00,68.657
7246,5/10/2022 0:15,68.571
7247,5/10/2022 0:30,68.356
7248,5/10/2022 0:45,68.142
7249,5/10/2022 1:00,67.971
7250,5/10/2022 1:15,67.757
7251,5/10/2022 1:30,67.586
7252,5/10/2022 1:45,67.413
7253,5/10/2022 2:00,67.285
7254,5/10/2022 2:15,67.114
7255,5/10/2022 2:30,66.985
7256,5/10/2022 2:45,66.857
7257,5/10/2022 3:00,66.729
7258,5/10/2022 3:15,66.558
7259,5/10/2022 3:30,66.385
7260,5/10/2022 3:45,66.258
7261,5/10/2022 4:00,66.087
7262,5/10/2022 4:15,65.959
7263,5/10/2022 4:30,65.829
7264,5/10/2022 4:45,65.701
7265,5/10/2022 5:00,65.574
7266,5/10/2022 5:15,65.487
7267,5/10/2022 5:30,65.359
7268,5/10/2022 5:45,65.273
7269,5/10/2022 6:00,65.188
7270,5/10/2022 6:15,65.145
7271,5/10/2022 6:30,65.145
7272,5/10/2022 6:45,65.145
7273,5/10/2022 7:00,65.145
7274,5/10/2022 7:15,65.145
7275,5/10/2022 7:30,65.145
7276,5/10/2022 7:45,65.102
7277,5/10/2022 8:00,65.102
7278,5/10/2022 8:15,65.273
7279,5/10/2022 8:30,65.53
7280,5/10/2022 8:45,65.658
7281,5/10/2022 9:00,65.701
7282,5/10/2022 9:15,65.745
7283,5/10/2022 9:30,65.745
7284,5/10/2022 9:45,65.745
7285,5/10/2022 10:00,65.788
7286,5/10/2022 10:15,65.829
7287,5/10/2022 10:30,65.872
7288,5/10/2022 10:45,65.916
7289,5/10/2022 11:00,66.043
7290,5/10/2022 11:15,66.13
7291,5/10/2022 11:30,66.258
7292,5/10/2022 11:45,66.344
7293,5/10/2022 12:00,66.472
7294,5/10/2022 12:15,66.643
7295,5/10/2022 12:30,66.814
7296,5/10/2022 12:45,66.985
7297,5/10/2022 13:00,67.242
7298,5/10/2022 13:15,67.671
7299,5/10/2022 13:30,68.484
7300,5/10/2022 13:45,69.256
7301,5/10/2022 14:00,69.728
7302,5/10/2022 14:15,69.814
7303,5/10/2022 14:30,69.557
7304,5/10/2022 14:45,69.471
7305,5/10/2022 15:00,69.427
7306,5/10/2022 15:15,69.427
7307,5/10/2022 15:30,69.471
7308,5/10/2022 15:45,69.557
7309,5/10/2022 16:00,69.6
7310,5/10/2022 16:15,69.643
7311,5/10/2022 16:30,69.685
7312,5/10/2022 16:45,69.771
7313,5/10/2022 17:00,69.771
7314,5/10/2022 17:15,69.858
7315,5/10/2022 17:30,69.942
7316,5/10/2022 17:45,69.942
7317,5/10/2022 18:00,69.985
7318,5/10/2022 18:15,70.029
7319,5/10/2022 18:30,69.985
7320,5/10/2022 18:45,69.985
7321,5/10/2022 19:00,69.901
7322,5/10/2022 19:15,69.814
7323,5/10/2022 19:30,69.728
7324,5/10/2022 19:45,69.685
7325,5/10/2022 20:00,69.6
7326,5/10/2022 20:15,69.514
7327,5/10/2022 20:30,69.427
7328,5/10/2022 20:45,69.343
7329,5/10/2022 21:00,69.343
7330,5/10/2022 21:15,69.3
7331,5/10/2022 21:30,69.3
7332,5/10/2022 21:45,69.256
7333,5/10/2022 22:00,69.17
7334,5/10/2022 22:15,69.129
7335,5/10/2022 22:30,69.085
7336,5/10/2022 22:45,69.085
7337,5/10/2022 23:00,69.085
7338,5/10/2022 23:15,69.042
7339,5/10/2022 23:30,69.042
7340,5/10/2022 23:45,68.999
7341,5/11/2022 0:00,69.129
7342,5/11/2022 0:15,68.913
7343,5/11/2022 0:30,68.828
7344,5/11/2022 0:45,68.785
7345,5/11/2022 1:00,68.742
7346,5/11/2022 1:15,68.698
7347,5/11/2022 1:30,68.657
7348,5/11/2022 1:45,68.484
7349,5/11/2022 2:00,68.313
7350,5/11/2022 2:15,68.142
7351,5/11/2022 2:30,67.971
7352,5/11/2022 2:45,67.798
7353,5/11/2022 3:00,67.627
7354,5/11/2022 3:15,67.456
7355,5/11/2022 3:30,67.285
7356,5/11/2022 3:45,67.114
7357,5/11/2022 4:00,66.943
7358,5/11/2022 4:15,66.772
7359,5/11/2022 4:30,66.6
7360,5/11/2022 4:45,66.385
7361,5/11/2022 5:00,66.214
7362,5/11/2022 5:15,66.043
7363,5/11/2022 5:30,65.872
7364,5/11/2022 5:45,65.745
7365,5/11/2022 6:00,65.658
7366,5/11/2022 6:15,65.574
7367,5/11/2022 6:30,65.53
7368,5/11/2022 6:45,65.53
7369,5/11/2022 7:00,65.487
7370,5/11/2022 7:15,65.487
7371,5/11/2022 7:30,65.53
7372,5/11/2022 7:45,65.53
7373,5/11/2022 8:00,65.574
7374,5/11/2022 8:15,65.574
7375,5/11/2022 8:30,65.574
7376,5/11/2022 8:45,65.574
7377,5/11/2022 9:00,65.574
7378,5/11/2022 9:15,65.574
7379,5/11/2022 9:30,65.658
7380,5/11/2022 9:45,65.701
7381,5/11/2022 10:00,65.745
7382,5/11/2022 10:15,65.788
7383,5/11/2022 10:30,65.829
7384,5/11/2022 10:45,65.916
7385,5/11/2022 11:00,66.043
7386,5/11/2022 11:15,66.214
7387,5/11/2022 11:30,66.429
7388,5/11/2022 11:45,66.686
7389,5/11/2022 12:00,66.943
7390,5/11/2022 12:15,67.242
7391,5/11/2022 12:30,67.5
7392,5/11/2022 12:45,67.757
7393,5/11/2022 13:00,68.099
7394,5/11/2022 13:15,68.527
7395,5/11/2022 13:30,69.427
7396,5/11/2022 13:45,70.072
7397,5/11/2022 14:00,70.329
7398,5/11/2022 14:15,70.329
7399,5/11/2022 14:30,70.115
7400,5/11/2022 14:45,69.985
7401,5/11/2022 15:00,69.901
7402,5/11/2022 15:15,69.901
7403,5/11/2022 15:30,69.985
7404,5/11/2022 15:45,70.072
7405,5/11/2022 16:00,70.158
7406,5/11/2022 16:15,70.286
7407,5/11/2022 16:30,70.372
7408,5/11/2022 16:45,70.502
7409,5/11/2022 17:00,70.587
7410,5/11/2022 17:15,70.716
7411,5/11/2022 17:30,70.803
7412,5/11/2022 17:45,70.93
7413,5/11/2022 18:00,71.103
7414,5/11/2022 18:15,71.231
7415,5/11/2022 18:30,71.361
7416,5/11/2022 18:45,71.404
7417,5/11/2022 19:00,71.49
7418,5/11/2022 19:15,71.49
7419,5/11/2022 19:30,71.533
7420,5/11/2022 19:45,71.577
7421,5/11/2022 20:00,71.577
7422,5/11/2022 20:15,71.231
7423,5/11/2022 20:30,70.93
7424,5/11/2022 20:45,70.63
7425,5/11/2022 21:00,70.329
7426,5/11/2022 21:15,70.029
7427,5/11/2022 21:30,69.685
7428,5/11/2022 21:45,69.343
7429,5/11/2022 22:00,69.17
7430,5/11/2022 22:15,69.129
7431,5/11/2022 22:30,69.129
7432,5/11/2022 22:45,69.129
7433,5/11/2022 23:00,69.129
7434,5/11/2022 23:15,69.129
7435,5/11/2022 23:30,69.085
7436,5/11/2022 23:45,69.042
7437,5/12/2022 0:00,68.999
7438,5/12/2022 0:15,68.956
7439,5/12/2022 0:30,68.871
7440,5/12/2022 0:45,68.785
7441,5/12/2022 1:00,68.657
7442,5/12/2022 1:15,68.571
7443,5/12/2022 1:30,68.4
7444,5/12/2022 1:45,68.227
7445,5/12/2022 2:00,68.056
7446,5/12/2022 2:15,67.885
7447,5/12/2022 2:30,67.714
7448,5/12/2022 2:45,67.5
7449,5/12/2022 3:00,67.329
7450,5/12/2022 3:15,67.158
7451,5/12/2022 3:30,66.985
7452,5/12/2022 3:45,66.814
7453,5/12/2022 4:00,66.643
7454,5/12/2022 4:15,66.429
7455,5/12/2022 4:30,66.258
7456,5/12/2022 4:45,66.13
7457,5/12/2022 5:00,65.959
7458,5/12/2022 5:15,65.829
7459,5/12/2022 5:30,65.658
7460,5/12/2022 5:45,65.53
7461,5/12/2022 6:00,65.444
7462,5/12/2022 6:15,65.444
7463,5/12/2022 6:30,65.444
7464,5/12/2022 6:45,65.487
7465,5/12/2022 7:00,65.574
7466,5/12/2022 7:15,65.615
7467,5/12/2022 7:30,65.701
7468,5/12/2022 7:45,65.829
7469,5/12/2022 8:00,65.872
7470,5/12/2022 8:15,66.214
7471,5/12/2022 8:30,66.214
7472,5/12/2022 8:45,66.686
7473,5/12/2022 9:00,67.413
7474,5/12/2022 9:15,67.798
7475,5/12/2022 9:30,68.227
7476,5/12/2022 9:45,69.256
7477,5/12/2022 10:00,70.716
7478,5/12/2022 10:15,71.577
7479,5/12/2022 10:30,71.834
7480,5/12/2022 10:45,71.92
7481,5/12/2022 11:00,71.834
7482,5/12/2022 11:15,71.964
7483,5/12/2022 11:30,72.093
7484,5/12/2022 11:45,72.351
7485,5/12/2022 12:00,72.567
7486,5/12/2022 12:15,71.62
7487,5/12/2022 12:30,70.673
7488,5/12/2022 12:45,70.029
7489,5/12/2022 13:00,69.471
7490,5/12/2022 13:15,69.042
7491,5/12/2022 13:30,68.698
7492,5/12/2022 13:45,68.4
7493,5/12/2022 14:00,68.099
7494,5/12/2022 14:15,67.885
7495,5/12/2022 14:30,67.586
7496,5/12/2022 14:45,67.885
7497,5/12/2022 15:00,67.671
7498,5/12/2022 15:02,
7499,5/12/2022 15:02,
