Obs_Numb,Date_Time,Temp_F
1,2/23/2022 13:00,59.229
2,2/23/2022 13:15,59.272
3,2/23/2022 13:30,59.272
4,2/23/2022 13:45,59.272
5,2/23/2022 14:00,59.315
6,2/23/2022 14:15,59.272
7,2/23/2022 14:30,59.229
8,2/23/2022 14:45,59.229
9,2/23/2022 15:00,59.272
10,2/23/2022 15:15,59.272
11,2/23/2022 15:30,59.315
12,2/23/2022 15:45,59.358
13,2/23/2022 16:00,59.445
14,2/23/2022 16:15,59.401
15,2/23/2022 16:30,59.229
16,2/23/2022 16:45,59.056
17,2/23/2022 17:00,58.885
18,2/23/2022 17:15,59.185
19,2/23/2022 17:30,59.529
20,2/23/2022 17:45,59.916
21,2/23/2022 18:00,59.745
22,2/23/2022 18:15,59.529
23,2/23/2022 18:30,59.315
24,2/23/2022 18:45,59.142
25,2/23/2022 19:00,58.971
26,2/23/2022 19:15,58.971
27,2/23/2022 19:30,59.315
28,2/23/2022 19:45,59.788
29,2/23/2022 20:00,59.873
30,2/23/2022 20:15,59.659
31,2/23/2022 20:30,59.445
32,2/23/2022 20:45,59.272
33,2/23/2022 21:00,59.099
34,2/23/2022 21:15,58.971
35,2/23/2022 21:30,59.014
36,2/23/2022 21:45,59.445
37,2/23/2022 22:00,59.83
38,2/23/2022 22:15,59.873
39,2/23/2022 22:30,59.616
40,2/23/2022 22:45,59.445
41,2/23/2022 23:00,59.272
42,2/23/2022 23:15,59.185
43,2/23/2022 23:30,59.056
44,2/23/2022 23:45,58.971
45,2/24/2022 0:00,59.099
46,2/24/2022 0:15,59.486
47,2/24/2022 0:30,59.83
48,2/24/2022 0:45,59.83
49,2/24/2022 1:00,59.659
50,2/24/2022 1:15,59.486
51,2/24/2022 1:30,59.358
52,2/24/2022 1:45,59.229
53,2/24/2022 2:00,59.099
54,2/24/2022 2:15,59.014
55,2/24/2022 2:30,58.928
56,2/24/2022 2:45,59.315
57,2/24/2022 3:00,59.659
58,2/24/2022 3:15,59.916
59,2/24/2022 3:30,59.745
60,2/24/2022 3:45,59.572
61,2/24/2022 4:00,59.401
62,2/24/2022 4:15,59.272
63,2/24/2022 4:30,59.142
64,2/24/2022 4:45,59.014
65,2/24/2022 5:00,58.928
66,2/24/2022 5:15,59.014
67,2/24/2022 5:30,59.486
68,2/24/2022 5:45,59.83
69,2/24/2022 6:00,59.873
70,2/24/2022 6:15,59.616
71,2/24/2022 6:30,59.401
72,2/24/2022 6:45,59.229
73,2/24/2022 7:00,59.056
74,2/24/2022 7:15,58.885
75,2/24/2022 7:30,59.229
76,2/24/2022 7:45,59.616
77,2/24/2022 8:00,59.959
78,2/24/2022 8:15,59.745
79,2/24/2022 8:30,59.529
80,2/24/2022 8:45,59.315
81,2/24/2022 9:00,59.142
82,2/24/2022 9:15,58.971
83,2/24/2022 9:30,59.056
84,2/24/2022 9:45,59.486
85,2/24/2022 10:00,59.873
86,2/24/2022 10:15,59.788
87,2/24/2022 10:30,59.572
88,2/24/2022 10:45,59.358
89,2/24/2022 11:00,59.185
90,2/24/2022 11:15,59.099
91,2/24/2022 11:30,58.971
92,2/24/2022 11:45,58.971
93,2/24/2022 12:00,59.358
94,2/24/2022 12:15,59.702
95,2/24/2022 12:30,60.003
96,2/24/2022 12:45,60.132
97,2/24/2022 13:00,60.217
98,2/24/2022 13:15,60.303
99,2/24/2022 13:30,60.346
100,2/24/2022 13:45,60.433
101,2/24/2022 14:00,60.517
102,2/24/2022 14:15,60.604
103,2/24/2022 14:30,60.69
104,2/24/2022 14:45,60.733
105,2/24/2022 15:00,60.818
106,2/24/2022 15:15,60.904
107,2/24/2022 15:30,60.991
108,2/24/2022 15:45,61.032
109,2/24/2022 16:00,61.032
110,2/24/2022 16:15,60.991
111,2/24/2022 16:30,60.948
112,2/24/2022 16:45,60.904
113,2/24/2022 17:00,60.861
114,2/24/2022 17:15,60.818
115,2/24/2022 17:30,60.775
116,2/24/2022 17:45,60.775
117,2/24/2022 18:00,60.733
118,2/24/2022 18:15,60.733
119,2/24/2022 18:30,60.733
120,2/24/2022 18:45,60.733
121,2/24/2022 19:00,60.69
122,2/24/2022 19:15,60.69
123,2/24/2022 19:30,60.69
124,2/24/2022 19:45,60.69
125,2/24/2022 20:00,60.69
126,2/24/2022 20:15,60.69
127,2/24/2022 20:30,60.647
128,2/24/2022 20:45,60.647
129,2/24/2022 21:00,60.647
130,2/24/2022 21:15,60.647
131,2/24/2022 21:30,60.647
132,2/24/2022 21:45,60.647
133,2/24/2022 22:00,60.647
134,2/24/2022 22:15,60.647
135,2/24/2022 22:30,60.647
136,2/24/2022 22:45,60.647
137,2/24/2022 23:00,60.69
138,2/24/2022 23:15,60.69
139,2/24/2022 23:30,60.733
140,2/24/2022 23:45,60.733
141,2/25/2022 0:00,60.733
142,2/25/2022 0:15,60.775
143,2/25/2022 0:30,60.775
144,2/25/2022 0:45,60.775
145,2/25/2022 1:00,60.775
146,2/25/2022 1:15,60.818
147,2/25/2022 1:30,60.818
148,2/25/2022 1:45,60.818
149,2/25/2022 2:00,60.861
150,2/25/2022 2:15,60.861
151,2/25/2022 2:30,60.861
152,2/25/2022 2:45,60.861
153,2/25/2022 3:00,60.861
154,2/25/2022 3:15,60.904
155,2/25/2022 3:30,60.904
156,2/25/2022 3:45,60.904
157,2/25/2022 4:00,60.904
158,2/25/2022 4:15,60.904
159,2/25/2022 4:30,60.904
160,2/25/2022 4:45,60.904
161,2/25/2022 5:00,60.904
162,2/25/2022 5:15,60.904
163,2/25/2022 5:30,60.904
164,2/25/2022 5:45,60.904
165,2/25/2022 6:00,60.861
166,2/25/2022 6:15,60.861
167,2/25/2022 6:30,60.861
168,2/25/2022 6:45,60.861
169,2/25/2022 7:00,60.818
170,2/25/2022 7:15,60.818
171,2/25/2022 7:30,60.818
172,2/25/2022 7:45,60.818
173,2/25/2022 8:00,60.775
174,2/25/2022 8:15,60.775
175,2/25/2022 8:30,60.775
176,2/25/2022 8:45,60.775
177,2/25/2022 9:00,60.775
178,2/25/2022 9:15,60.775
179,2/25/2022 9:30,60.775
180,2/25/2022 9:45,60.733
181,2/25/2022 10:00,60.733
182,2/25/2022 10:15,60.733
183,2/25/2022 10:30,60.733
184,2/25/2022 10:45,60.733
185,2/25/2022 11:00,60.775
186,2/25/2022 11:15,60.775
187,2/25/2022 11:30,60.775
188,2/25/2022 11:45,60.818
189,2/25/2022 12:00,60.948
190,2/25/2022 12:15,60.948
191,2/25/2022 12:30,60.991
192,2/25/2022 12:45,61.032
193,2/25/2022 13:00,61.075
194,2/25/2022 13:15,61.075
195,2/25/2022 13:30,61.119
196,2/25/2022 13:45,61.205
197,2/25/2022 14:00,61.248
198,2/25/2022 14:15,61.29
199,2/25/2022 14:30,61.333
200,2/25/2022 14:45,61.376
201,2/25/2022 15:00,61.419
202,2/25/2022 15:15,61.419
203,2/25/2022 15:30,61.419
204,2/25/2022 15:45,61.419
205,2/25/2022 16:00,61.376
206,2/25/2022 16:15,61.376
207,2/25/2022 16:30,61.376
208,2/25/2022 16:45,61.376
209,2/25/2022 17:00,61.376
210,2/25/2022 17:15,61.376
211,2/25/2022 17:30,61.333
212,2/25/2022 17:45,61.333
213,2/25/2022 18:00,61.333
214,2/25/2022 18:15,61.29
215,2/25/2022 18:30,61.29
216,2/25/2022 18:45,61.29
217,2/25/2022 19:00,61.248
218,2/25/2022 19:15,61.248
219,2/25/2022 19:30,61.248
220,2/25/2022 19:45,61.248
221,2/25/2022 20:00,61.205
222,2/25/2022 20:15,61.205
223,2/25/2022 20:30,61.205
224,2/25/2022 20:45,61.205
225,2/25/2022 21:00,61.162
226,2/25/2022 21:15,61.162
227,2/25/2022 21:30,61.119
228,2/25/2022 21:45,61.119
229,2/25/2022 22:00,61.119
230,2/25/2022 22:15,61.119
231,2/25/2022 22:30,61.119
232,2/25/2022 22:45,61.119
233,2/25/2022 23:00,61.162
234,2/25/2022 23:15,61.162
235,2/25/2022 23:30,61.162
236,2/25/2022 23:45,61.205
237,2/26/2022 0:00,61.205
238,2/26/2022 0:15,61.205
239,2/26/2022 0:30,61.205
240,2/26/2022 0:45,61.248
241,2/26/2022 1:00,61.248
242,2/26/2022 1:15,61.248
243,2/26/2022 1:30,61.248
244,2/26/2022 1:45,61.29
245,2/26/2022 2:00,61.29
246,2/26/2022 2:15,61.29
247,2/26/2022 2:30,61.29
248,2/26/2022 2:45,61.29
249,2/26/2022 3:00,61.29
250,2/26/2022 3:15,61.333
251,2/26/2022 3:30,61.333
252,2/26/2022 3:45,61.333
253,2/26/2022 4:00,61.333
254,2/26/2022 4:15,61.333
255,2/26/2022 4:30,61.376
256,2/26/2022 4:45,61.376
257,2/26/2022 5:00,61.376
258,2/26/2022 5:15,61.333
259,2/26/2022 5:30,61.333
260,2/26/2022 5:45,61.333
261,2/26/2022 6:00,61.29
262,2/26/2022 6:15,61.29
263,2/26/2022 6:30,61.29
264,2/26/2022 6:45,61.29
265,2/26/2022 7:00,61.29
266,2/26/2022 7:15,61.248
267,2/26/2022 7:30,61.248
268,2/26/2022 7:45,61.248
269,2/26/2022 8:00,61.248
270,2/26/2022 8:15,61.205
271,2/26/2022 8:30,61.205
272,2/26/2022 8:45,61.162
273,2/26/2022 9:00,61.119
274,2/26/2022 9:15,61.119
275,2/26/2022 9:30,61.119
276,2/26/2022 9:45,61.075
277,2/26/2022 10:00,61.075
278,2/26/2022 10:15,61.032
279,2/26/2022 10:30,60.991
280,2/26/2022 10:45,61.032
281,2/26/2022 11:00,61.032
282,2/26/2022 11:15,60.948
283,2/26/2022 11:30,60.904
284,2/26/2022 11:45,60.904
285,2/26/2022 12:00,60.904
286,2/26/2022 12:15,60.948
287,2/26/2022 12:30,60.904
288,2/26/2022 12:45,60.948
289,2/26/2022 13:00,60.948
290,2/26/2022 13:15,60.991
291,2/26/2022 13:30,61.162
292,2/26/2022 13:45,61.205
293,2/26/2022 14:00,61.248
294,2/26/2022 14:15,61.333
295,2/26/2022 14:30,61.419
296,2/26/2022 14:45,61.506
297,2/26/2022 15:00,61.59
298,2/26/2022 15:15,61.677
299,2/26/2022 15:30,61.761
300,2/26/2022 15:45,61.804
301,2/26/2022 16:00,61.891
302,2/26/2022 16:15,61.934
303,2/26/2022 16:30,62.019
304,2/26/2022 16:45,62.062
305,2/26/2022 17:00,62.148
306,2/26/2022 17:15,61.891
307,2/26/2022 17:30,61.547
308,2/26/2022 17:45,61.205
309,2/26/2022 18:00,60.861
310,2/26/2022 18:15,60.561
311,2/26/2022 18:30,60.303
312,2/26/2022 18:45,60.046
313,2/26/2022 19:00,59.83
314,2/26/2022 19:15,59.616
315,2/26/2022 19:30,59.401
316,2/26/2022 19:45,59.229
317,2/26/2022 20:00,59.014
318,2/26/2022 20:15,58.885
319,2/26/2022 20:30,59.229
320,2/26/2022 20:45,59.572
321,2/26/2022 21:00,59.873
322,2/26/2022 21:15,59.659
323,2/26/2022 21:30,59.401
324,2/26/2022 21:45,59.229
325,2/26/2022 22:00,59.014
326,2/26/2022 22:15,58.885
327,2/26/2022 22:30,59.229
328,2/26/2022 22:45,59.616
329,2/26/2022 23:00,59.916
330,2/26/2022 23:15,59.702
331,2/26/2022 23:30,59.486
332,2/26/2022 23:45,59.315
333,2/27/2022 0:00,59.185
334,2/27/2022 0:15,59.056
335,2/27/2022 0:30,58.971
336,2/27/2022 0:45,59.014
337,2/27/2022 1:00,59.401
338,2/27/2022 1:15,59.702
339,2/27/2022 1:30,59.873
340,2/27/2022 1:45,59.616
341,2/27/2022 2:00,59.445
342,2/27/2022 2:15,59.272
343,2/27/2022 2:30,59.142
344,2/27/2022 2:45,59.014
345,2/27/2022 3:00,58.885
346,2/27/2022 3:15,59.229
347,2/27/2022 3:30,59.616
348,2/27/2022 3:45,59.873
349,2/27/2022 4:00,59.745
350,2/27/2022 4:15,59.529
351,2/27/2022 4:30,59.315
352,2/27/2022 4:45,59.185
353,2/27/2022 5:00,58.971
354,2/27/2022 5:15,59.014
355,2/27/2022 5:30,59.401
356,2/27/2022 5:45,59.745
357,2/27/2022 6:00,59.788
358,2/27/2022 6:15,59.486
359,2/27/2022 6:30,59.229
360,2/27/2022 6:45,59.056
361,2/27/2022 7:00,58.928
362,2/27/2022 7:15,59.315
363,2/27/2022 7:30,59.702
364,2/27/2022 7:45,59.873
365,2/27/2022 8:00,59.616
366,2/27/2022 8:15,59.358
367,2/27/2022 8:30,59.142
368,2/27/2022 8:45,58.971
369,2/27/2022 9:00,59.142
370,2/27/2022 9:15,59.529
371,2/27/2022 9:30,59.873
372,2/27/2022 9:45,59.702
373,2/27/2022 10:00,59.445
374,2/27/2022 10:15,59.229
375,2/27/2022 10:30,59.056
376,2/27/2022 10:45,58.971
377,2/27/2022 11:00,58.971
378,2/27/2022 11:15,59.315
379,2/27/2022 11:30,59.659
380,2/27/2022 11:45,59.916
381,2/27/2022 12:00,59.745
382,2/27/2022 12:15,60.046
383,2/27/2022 12:30,60.132
384,2/27/2022 12:45,60.217
385,2/27/2022 13:00,60.303
386,2/27/2022 13:15,60.433
387,2/27/2022 13:30,60.517
388,2/27/2022 13:45,60.604
389,2/27/2022 14:00,60.733
390,2/27/2022 14:15,60.818
391,2/27/2022 14:30,60.904
392,2/27/2022 14:45,60.991
393,2/27/2022 15:00,61.075
394,2/27/2022 15:15,61.205
395,2/27/2022 15:30,61.162
396,2/27/2022 15:45,61.075
397,2/27/2022 16:00,60.904
398,2/27/2022 16:15,60.647
399,2/27/2022 16:30,60.39
400,2/27/2022 16:45,60.174
401,2/27/2022 17:00,59.916
402,2/27/2022 17:15,59.702
403,2/27/2022 17:30,59.529
404,2/27/2022 17:45,59.401
405,2/27/2022 18:00,59.272
406,2/27/2022 18:15,59.185
407,2/27/2022 18:30,59.056
408,2/27/2022 18:45,59.014
409,2/27/2022 19:00,58.928
410,2/27/2022 19:15,58.928
411,2/27/2022 19:30,59.401
412,2/27/2022 19:45,59.916
413,2/27/2022 20:00,59.916
414,2/27/2022 20:15,59.788
415,2/27/2022 20:30,59.659
416,2/27/2022 20:45,59.529
417,2/27/2022 21:00,59.445
418,2/27/2022 21:15,59.358
419,2/27/2022 21:30,59.272
420,2/27/2022 21:45,59.229
421,2/27/2022 22:00,59.142
422,2/27/2022 22:15,59.056
423,2/27/2022 22:30,59.099
424,2/27/2022 22:45,59.099
425,2/27/2022 23:00,59.056
426,2/27/2022 23:15,59.056
427,2/27/2022 23:30,59.014
428,2/27/2022 23:45,58.971
429,2/28/2022 0:00,58.971
430,2/28/2022 0:15,58.971
431,2/28/2022 0:30,58.928
432,2/28/2022 0:45,59.358
433,2/28/2022 1:00,59.788
434,2/28/2022 1:15,59.959
435,2/28/2022 1:30,59.788
436,2/28/2022 1:45,59.702
437,2/28/2022 2:00,59.616
438,2/28/2022 2:15,59.572
439,2/28/2022 2:30,59.486
440,2/28/2022 2:45,59.445
441,2/28/2022 3:00,59.401
442,2/28/2022 3:15,59.315
443,2/28/2022 3:30,59.315
444,2/28/2022 3:45,59.229
445,2/28/2022 4:00,59.185
446,2/28/2022 4:15,59.142
447,2/28/2022 4:30,59.099
448,2/28/2022 4:45,59.014
449,2/28/2022 5:00,58.971
450,2/28/2022 5:15,59.099
451,2/28/2022 5:30,59.529
452,2/28/2022 5:45,59.959
453,2/28/2022 6:00,59.83
454,2/28/2022 6:15,59.659
455,2/28/2022 6:30,59.529
456,2/28/2022 6:45,59.401
457,2/28/2022 7:00,59.315
458,2/28/2022 7:15,59.229
459,2/28/2022 7:30,59.099
460,2/28/2022 7:45,59.014
461,2/28/2022 8:00,58.971
462,2/28/2022 8:15,59.056
463,2/28/2022 8:30,59.572
464,2/28/2022 8:45,59.959
465,2/28/2022 9:00,59.83
466,2/28/2022 9:15,59.659
467,2/28/2022 9:30,59.529
468,2/28/2022 9:45,59.401
469,2/28/2022 10:00,59.272
470,2/28/2022 10:15,59.185
471,2/28/2022 10:30,59.142
472,2/28/2022 10:45,59.014
473,2/28/2022 11:00,59.185
474,2/28/2022 11:15,59.401
475,2/28/2022 11:30,59.445
476,2/28/2022 11:45,59.529
477,2/28/2022 12:00,59.659
478,2/28/2022 12:15,59.745
479,2/28/2022 12:30,59.873
480,2/28/2022 12:45,59.959
481,2/28/2022 13:00,60.089
482,2/28/2022 13:15,60.26
483,2/28/2022 13:30,60.174
484,2/28/2022 13:45,60.089
485,2/28/2022 14:00,60.003
486,2/28/2022 14:15,59.916
487,2/28/2022 14:30,59.83
488,2/28/2022 14:45,59.745
489,2/28/2022 15:00,59.702
490,2/28/2022 15:15,59.616
491,2/28/2022 15:30,59.572
492,2/28/2022 15:45,59.529
493,2/28/2022 16:00,59.486
494,2/28/2022 16:15,59.445
495,2/28/2022 16:30,59.358
496,2/28/2022 16:45,59.315
497,2/28/2022 17:00,59.229
498,2/28/2022 17:15,59.056
499,2/28/2022 17:30,58.971
500,2/28/2022 17:45,59.014
501,2/28/2022 18:00,59.445
502,2/28/2022 18:15,59.916
503,2/28/2022 18:30,59.873
504,2/28/2022 18:45,59.745
505,2/28/2022 19:00,59.616
506,2/28/2022 19:15,59.529
507,2/28/2022 19:30,59.445
508,2/28/2022 19:45,59.358
509,2/28/2022 20:00,59.272
510,2/28/2022 20:15,59.229
511,2/28/2022 20:30,59.185
512,2/28/2022 20:45,59.099
513,2/28/2022 21:00,59.056
514,2/28/2022 21:15,59.056
515,2/28/2022 21:30,59.014
516,2/28/2022 21:45,58.971
517,2/28/2022 22:00,58.928
518,2/28/2022 22:15,59.401
519,2/28/2022 22:30,59.959
520,2/28/2022 22:45,59.83
521,2/28/2022 23:00,59.745
522,2/28/2022 23:15,59.745
523,2/28/2022 23:30,59.702
524,2/28/2022 23:45,59.659
525,3/1/2022 0:00,59.616
526,3/1/2022 0:15,59.572
527,3/1/2022 0:30,59.572
528,3/1/2022 0:45,59.486
529,3/1/2022 1:00,59.486
530,3/1/2022 1:15,59.445
531,3/1/2022 1:30,59.401
532,3/1/2022 1:45,59.401
533,3/1/2022 2:00,59.358
534,3/1/2022 2:15,59.358
535,3/1/2022 2:30,59.315
536,3/1/2022 2:45,59.315
537,3/1/2022 3:00,59.272
538,3/1/2022 3:15,59.272
539,3/1/2022 3:30,59.229
540,3/1/2022 3:45,59.229
541,3/1/2022 4:00,59.185
542,3/1/2022 4:15,59.142
543,3/1/2022 4:30,59.056
544,3/1/2022 4:45,59.014
545,3/1/2022 5:00,58.971
546,3/1/2022 5:15,58.928
547,3/1/2022 5:30,59.229
548,3/1/2022 5:45,59.702
549,3/1/2022 6:00,60.003
550,3/1/2022 6:15,59.83
551,3/1/2022 6:30,59.702
552,3/1/2022 6:45,59.572
553,3/1/2022 7:00,59.486
554,3/1/2022 7:15,59.401
555,3/1/2022 7:30,59.315
556,3/1/2022 7:45,59.229
557,3/1/2022 8:00,59.185
558,3/1/2022 8:15,59.099
559,3/1/2022 8:30,59.056
560,3/1/2022 8:45,58.971
561,3/1/2022 9:00,58.928
562,3/1/2022 9:15,58.885
563,3/1/2022 9:30,59.229
564,3/1/2022 9:45,59.788
565,3/1/2022 10:00,60.003
566,3/1/2022 10:15,59.873
567,3/1/2022 10:30,59.83
568,3/1/2022 10:45,59.616
569,3/1/2022 11:00,59.959
570,3/1/2022 11:15,60.089
571,3/1/2022 11:30,60.174
572,3/1/2022 11:45,60.26
573,3/1/2022 12:00,60.39
574,3/1/2022 12:15,60.474
575,3/1/2022 12:30,60.604
576,3/1/2022 12:45,60.69
577,3/1/2022 13:00,60.818
578,3/1/2022 13:15,60.904
579,3/1/2022 13:30,60.991
580,3/1/2022 13:45,61.119
581,3/1/2022 14:00,61.205
582,3/1/2022 14:15,61.376
583,3/1/2022 14:30,61.29
584,3/1/2022 14:45,61.032
585,3/1/2022 15:00,60.733
586,3/1/2022 15:15,60.517
587,3/1/2022 15:30,60.303
588,3/1/2022 15:45,60.089
589,3/1/2022 16:00,59.916
590,3/1/2022 16:15,59.745
591,3/1/2022 16:30,59.529
592,3/1/2022 16:45,59.358
593,3/1/2022 17:00,59.229
594,3/1/2022 17:15,59.099
595,3/1/2022 17:30,58.971
596,3/1/2022 17:45,59.185
597,3/1/2022 18:00,59.572
598,3/1/2022 18:15,59.959
599,3/1/2022 18:30,59.702
600,3/1/2022 18:45,59.486
601,3/1/2022 19:00,59.315
602,3/1/2022 19:15,59.142
603,3/1/2022 19:30,59.014
604,3/1/2022 19:45,59.014
605,3/1/2022 20:00,59.401
606,3/1/2022 20:15,59.83
607,3/1/2022 20:30,59.83
608,3/1/2022 20:45,59.572
609,3/1/2022 21:00,59.401
610,3/1/2022 21:15,59.229
611,3/1/2022 21:30,59.099
612,3/1/2022 21:45,58.971
613,3/1/2022 22:00,59.142
614,3/1/2022 22:15,59.702
615,3/1/2022 22:30,59.873
616,3/1/2022 22:45,59.702
617,3/1/2022 23:00,59.572
618,3/1/2022 23:15,59.445
619,3/1/2022 23:30,59.358
620,3/1/2022 23:45,59.229
621,3/2/2022 0:00,59.142
622,3/2/2022 0:15,59.056
623,3/2/2022 0:30,59.014
624,3/2/2022 0:45,58.928
625,3/2/2022 1:00,59.229
626,3/2/2022 1:15,59.572
627,3/2/2022 1:30,59.916
628,3/2/2022 1:45,59.83
629,3/2/2022 2:00,59.616
630,3/2/2022 2:15,59.486
631,3/2/2022 2:30,59.358
632,3/2/2022 2:45,59.315
633,3/2/2022 3:00,59.185
634,3/2/2022 3:15,59.099
635,3/2/2022 3:30,59.014
636,3/2/2022 3:45,58.928
637,3/2/2022 4:00,59.099
638,3/2/2022 4:15,59.486
639,3/2/2022 4:30,59.873
640,3/2/2022 4:45,59.83
641,3/2/2022 5:00,59.572
642,3/2/2022 5:15,59.401
643,3/2/2022 5:30,59.229
644,3/2/2022 5:45,59.056
645,3/2/2022 6:00,58.928
646,3/2/2022 6:15,59.229
647,3/2/2022 6:30,59.616
648,3/2/2022 6:45,59.959
649,3/2/2022 7:00,59.745
650,3/2/2022 7:15,59.486
651,3/2/2022 7:30,59.315
652,3/2/2022 7:45,59.142
653,3/2/2022 8:00,59.014
654,3/2/2022 8:15,58.971
655,3/2/2022 8:30,59.401
656,3/2/2022 8:45,59.788
657,3/2/2022 9:00,60.217
658,3/2/2022 9:15,60.303
659,3/2/2022 9:30,60.39
660,3/2/2022 9:45,60.517
661,3/2/2022 10:00,60.733
662,3/2/2022 10:15,60.861
663,3/2/2022 10:30,61.032
664,3/2/2022 10:45,60.733
665,3/2/2022 11:00,60.861
666,3/2/2022 11:15,61.162
667,3/2/2022 11:30,61.162
668,3/2/2022 11:45,61.162
669,3/2/2022 12:00,61.205
670,3/2/2022 12:15,61.248
671,3/2/2022 12:30,61.29
672,3/2/2022 12:45,61.333
673,3/2/2022 13:00,61.376
674,3/2/2022 13:15,61.462
675,3/2/2022 13:30,61.506
676,3/2/2022 13:45,61.547
677,3/2/2022 14:00,61.633
678,3/2/2022 14:15,61.677
679,3/2/2022 14:30,61.72
680,3/2/2022 14:45,61.804
681,3/2/2022 15:00,61.848
682,3/2/2022 15:15,61.891
683,3/2/2022 15:30,61.977
684,3/2/2022 15:45,62.019
685,3/2/2022 16:00,62.062
686,3/2/2022 16:15,62.105
687,3/2/2022 16:30,62.148
688,3/2/2022 16:45,62.191
689,3/2/2022 17:00,62.233
690,3/2/2022 17:15,62.233
691,3/2/2022 17:30,62.276
692,3/2/2022 17:45,62.319
693,3/2/2022 18:00,62.362
694,3/2/2022 18:15,62.362
695,3/2/2022 18:30,62.406
696,3/2/2022 18:45,62.406
697,3/2/2022 19:00,62.447
698,3/2/2022 19:15,62.447
699,3/2/2022 19:30,62.49
700,3/2/2022 19:45,62.49
701,3/2/2022 20:00,62.49
702,3/2/2022 20:15,62.533
703,3/2/2022 20:30,62.577
704,3/2/2022 20:45,62.577
705,3/2/2022 21:00,62.62
706,3/2/2022 21:15,62.62
707,3/2/2022 21:30,62.661
708,3/2/2022 21:45,62.661
709,3/2/2022 22:00,62.748
710,3/2/2022 22:15,62.748
711,3/2/2022 22:30,62.791
712,3/2/2022 22:45,62.834
713,3/2/2022 23:00,62.834
714,3/2/2022 23:15,62.875
715,3/2/2022 23:30,62.919
716,3/2/2022 23:45,62.919
717,3/3/2022 0:00,62.962
718,3/3/2022 0:15,62.962
719,3/3/2022 0:30,63.005
720,3/3/2022 0:45,63.005
721,3/3/2022 1:00,63.048
722,3/3/2022 1:15,63.048
723,3/3/2022 1:30,63.09
724,3/3/2022 1:45,63.09
725,3/3/2022 2:00,63.09
726,3/3/2022 2:15,63.133
727,3/3/2022 2:30,63.133
728,3/3/2022 2:45,63.176
729,3/3/2022 3:00,63.176
730,3/3/2022 3:15,63.219
731,3/3/2022 3:30,63.219
732,3/3/2022 3:45,63.262
733,3/3/2022 4:00,63.262
734,3/3/2022 4:15,63.262
735,3/3/2022 4:30,63.262
736,3/3/2022 4:45,63.262
737,3/3/2022 5:00,63.262
738,3/3/2022 5:15,63.304
739,3/3/2022 5:30,63.304
740,3/3/2022 5:45,63.304
741,3/3/2022 6:00,63.304
742,3/3/2022 6:15,63.304
743,3/3/2022 6:30,63.304
744,3/3/2022 6:45,63.347
745,3/3/2022 7:00,63.347
746,3/3/2022 7:15,63.347
747,3/3/2022 7:30,63.347
748,3/3/2022 7:45,63.347
749,3/3/2022 8:00,63.347
750,3/3/2022 8:15,63.347
751,3/3/2022 8:30,63.347
752,3/3/2022 8:45,63.347
753,3/3/2022 9:00,63.347
754,3/3/2022 9:15,63.347
755,3/3/2022 9:30,63.39
756,3/3/2022 9:45,63.39
757,3/3/2022 10:00,63.433
758,3/3/2022 10:15,63.475
759,3/3/2022 10:30,63.475
760,3/3/2022 10:45,63.475
761,3/3/2022 11:00,60.303
762,3/3/2022 11:15,60.517
763,3/3/2022 11:30,61.075
764,3/3/2022 11:45,61.205
765,3/3/2022 12:00,61.29
766,3/3/2022 12:15,61.376
767,3/3/2022 12:30,61.506
768,3/3/2022 12:45,61.59
769,3/3/2022 13:00,61.677
770,3/3/2022 13:15,61.761
771,3/3/2022 13:30,61.804
772,3/3/2022 13:45,61.891
773,3/3/2022 14:00,61.977
774,3/3/2022 14:15,62.019
775,3/3/2022 14:30,62.019
776,3/3/2022 14:45,61.804
777,3/3/2022 15:00,61.677
778,3/3/2022 15:15,61.506
779,3/3/2022 15:30,61.29
780,3/3/2022 15:45,61.162
781,3/3/2022 16:00,60.991
782,3/3/2022 16:15,60.775
783,3/3/2022 16:30,60.604
784,3/3/2022 16:45,60.346
785,3/3/2022 17:00,60.132
786,3/3/2022 17:15,59.916
787,3/3/2022 17:30,59.745
788,3/3/2022 17:45,59.572
789,3/3/2022 18:00,59.401
790,3/3/2022 18:15,59.229
791,3/3/2022 18:30,59.185
792,3/3/2022 18:45,59.099
793,3/3/2022 19:00,59.014
794,3/3/2022 19:15,58.971
795,3/3/2022 19:30,59.229
796,3/3/2022 19:45,59.745
797,3/3/2022 20:00,59.959
798,3/3/2022 20:15,59.788
799,3/3/2022 20:30,59.702
800,3/3/2022 20:45,59.616
801,3/3/2022 21:00,59.529
802,3/3/2022 21:15,59.486
803,3/3/2022 21:30,59.401
804,3/3/2022 21:45,59.358
805,3/3/2022 22:00,59.358
806,3/3/2022 22:15,59.315
807,3/3/2022 22:30,59.315
808,3/3/2022 22:45,59.272
809,3/3/2022 23:00,59.272
810,3/3/2022 23:15,59.229
811,3/3/2022 23:30,59.229
812,3/3/2022 23:45,59.229
813,3/4/2022 0:00,59.185
814,3/4/2022 0:15,59.185
815,3/4/2022 0:30,59.142
816,3/4/2022 0:45,59.142
817,3/4/2022 1:00,59.142
818,3/4/2022 1:15,59.099
819,3/4/2022 1:30,59.099
820,3/4/2022 1:45,59.099
821,3/4/2022 2:00,59.099
822,3/4/2022 2:15,59.056
823,3/4/2022 2:30,59.056
824,3/4/2022 2:45,59.056
825,3/4/2022 3:00,59.056
826,3/4/2022 3:15,59.014
827,3/4/2022 3:30,59.014
828,3/4/2022 3:45,58.971
829,3/4/2022 4:00,58.971
830,3/4/2022 4:15,59.272
831,3/4/2022 4:30,59.788
832,3/4/2022 4:45,59.959
833,3/4/2022 5:00,59.788
834,3/4/2022 5:15,59.659
835,3/4/2022 5:30,59.529
836,3/4/2022 5:45,59.445
837,3/4/2022 6:00,59.358
838,3/4/2022 6:15,59.272
839,3/4/2022 6:30,59.229
840,3/4/2022 6:45,59.142
841,3/4/2022 7:00,59.056
842,3/4/2022 7:15,59.014
843,3/4/2022 7:30,58.928
844,3/4/2022 7:45,59.315
845,3/4/2022 8:00,59.788
846,3/4/2022 8:15,59.873
847,3/4/2022 8:30,59.702
848,3/4/2022 8:45,59.529
849,3/4/2022 9:00,59.358
850,3/4/2022 9:15,59.272
851,3/4/2022 9:30,59.142
852,3/4/2022 9:45,59.056
853,3/4/2022 10:00,59.185
854,3/4/2022 10:15,59.358
855,3/4/2022 10:30,59.486
856,3/4/2022 10:45,59.788
857,3/4/2022 11:00,59.873
858,3/4/2022 11:15,60.003
859,3/4/2022 11:30,60.089
860,3/4/2022 11:45,60.217
861,3/4/2022 12:00,60.26
862,3/4/2022 12:15,60.303
863,3/4/2022 12:30,60.346
864,3/4/2022 12:45,60.433
865,3/4/2022 13:00,60.517
866,3/4/2022 13:15,60.647
867,3/4/2022 13:30,60.733
868,3/4/2022 13:45,60.775
869,3/4/2022 14:00,60.861
870,3/4/2022 14:15,60.733
871,3/4/2022 14:30,60.433
872,3/4/2022 14:45,60.174
873,3/4/2022 15:00,59.916
874,3/4/2022 15:15,59.659
875,3/4/2022 15:30,59.486
876,3/4/2022 15:45,59.272
877,3/4/2022 16:00,59.056
878,3/4/2022 16:15,58.928
879,3/4/2022 16:30,59.229
880,3/4/2022 16:45,59.486
881,3/4/2022 17:00,59.745
882,3/4/2022 17:15,59.788
883,3/4/2022 17:30,59.486
884,3/4/2022 17:45,59.229
885,3/4/2022 18:00,59.014
886,3/4/2022 18:15,59.056
887,3/4/2022 18:30,59.401
888,3/4/2022 18:45,59.702
889,3/4/2022 19:00,59.873
890,3/4/2022 19:15,59.529
891,3/4/2022 19:30,59.229
892,3/4/2022 19:45,58.971
893,3/4/2022 20:00,59.229
894,3/4/2022 20:15,59.529
895,3/4/2022 20:30,59.745
896,3/4/2022 20:45,59.788
897,3/4/2022 21:00,59.445
898,3/4/2022 21:15,59.099
899,3/4/2022 21:30,58.885
900,3/4/2022 21:45,59.229
901,3/4/2022 22:00,59.572
902,3/4/2022 22:15,59.745
903,3/4/2022 22:30,59.745
904,3/4/2022 22:45,59.358
905,3/4/2022 23:00,59.056
906,3/4/2022 23:15,59.014
907,3/4/2022 23:30,59.315
908,3/4/2022 23:45,59.616
909,3/5/2022 0:00,59.83
910,3/5/2022 0:15,59.745
911,3/5/2022 0:30,59.445
912,3/5/2022 0:45,59.185
913,3/5/2022 1:00,58.971
914,3/5/2022 1:15,59.014
915,3/5/2022 1:30,59.315
916,3/5/2022 1:45,59.529
917,3/5/2022 2:00,59.745
918,3/5/2022 2:15,59.873
919,3/5/2022 2:30,59.572
920,3/5/2022 2:45,59.229
921,3/5/2022 3:00,59.014
922,3/5/2022 3:15,59.056
923,3/5/2022 3:30,59.272
924,3/5/2022 3:45,59.486
925,3/5/2022 4:00,59.659
926,3/5/2022 4:15,59.83
927,3/5/2022 4:30,59.529
928,3/5/2022 4:45,59.229
929,3/5/2022 5:00,58.971
930,3/5/2022 5:15,59.014
931,3/5/2022 5:30,59.315
932,3/5/2022 5:45,59.486
933,3/5/2022 6:00,59.702
934,3/5/2022 6:15,59.83
935,3/5/2022 6:30,59.659
936,3/5/2022 6:45,59.229
937,3/5/2022 7:00,58.885
938,3/5/2022 7:15,59.142
939,3/5/2022 7:30,59.358
940,3/5/2022 7:45,59.572
941,3/5/2022 8:00,59.745
942,3/5/2022 8:15,59.873
943,3/5/2022 8:30,59.572
944,3/5/2022 8:45,59.142
945,3/5/2022 9:00,58.885
946,3/5/2022 9:15,59.185
947,3/5/2022 9:30,59.358
948,3/5/2022 9:45,59.572
949,3/5/2022 10:00,59.745
950,3/5/2022 10:15,59.873
951,3/5/2022 10:30,59.529
952,3/5/2022 10:45,59.056
953,3/5/2022 11:00,58.885
954,3/5/2022 11:15,59.142
955,3/5/2022 11:30,59.401
956,3/5/2022 11:45,59.702
957,3/5/2022 12:00,59.873
958,3/5/2022 12:15,59.616
959,3/5/2022 12:30,59.315
960,3/5/2022 12:45,59.014
961,3/5/2022 13:00,58.971
962,3/5/2022 13:15,59.272
963,3/5/2022 13:30,59.486
964,3/5/2022 13:45,59.659
965,3/5/2022 14:00,59.83
966,3/5/2022 14:15,59.572
967,3/5/2022 14:30,59.315
968,3/5/2022 14:45,59.014
969,3/5/2022 15:00,59.056
970,3/5/2022 15:15,59.358
971,3/5/2022 15:30,59.572
972,3/5/2022 15:45,59.745
973,3/5/2022 16:00,59.83
974,3/5/2022 16:15,59.445
975,3/5/2022 16:30,59.185
976,3/5/2022 16:45,58.928
977,3/5/2022 17:00,59.056
978,3/5/2022 17:15,59.315
979,3/5/2022 17:30,59.572
980,3/5/2022 17:45,59.788
981,3/5/2022 18:00,59.659
982,3/5/2022 18:15,59.229
983,3/5/2022 18:30,58.971
984,3/5/2022 18:45,59.142
985,3/5/2022 19:00,59.445
986,3/5/2022 19:15,59.702
987,3/5/2022 19:30,59.916
988,3/5/2022 19:45,59.572
989,3/5/2022 20:00,59.185
990,3/5/2022 20:15,58.885
991,3/5/2022 20:30,59.142
992,3/5/2022 20:45,59.401
993,3/5/2022 21:00,59.702
994,3/5/2022 21:15,59.916
995,3/5/2022 21:30,59.572
996,3/5/2022 21:45,59.229
997,3/5/2022 22:00,58.928
998,3/5/2022 22:15,59.099
999,3/5/2022 22:30,59.401
1000,3/5/2022 22:45,59.702
1001,3/5/2022 23:00,59.916
1002,3/5/2022 23:15,59.659
1003,3/5/2022 23:30,59.272
1004,3/5/2022 23:45,59.014
1005,3/6/2022 0:00,59.142
1006,3/6/2022 0:15,59.401
1007,3/6/2022 0:30,59.659
1008,3/6/2022 0:45,59.873
1009,3/6/2022 1:00,59.616
1010,3/6/2022 1:15,59.315
1011,3/6/2022 1:30,59.056
1012,3/6/2022 1:45,58.971
1013,3/6/2022 2:00,59.272
1014,3/6/2022 2:15,59.529
1015,3/6/2022 2:30,59.745
1016,3/6/2022 2:45,59.83
1017,3/6/2022 3:00,59.445
1018,3/6/2022 3:15,59.185
1019,3/6/2022 3:30,58.928
1020,3/6/2022 3:45,59.099
1021,3/6/2022 4:00,59.358
1022,3/6/2022 4:15,59.616
1023,3/6/2022 4:30,59.788
1024,3/6/2022 4:45,59.745
1025,3/6/2022 5:00,59.401
1026,3/6/2022 5:15,59.099
1027,3/6/2022 5:30,58.928
1028,3/6/2022 5:45,59.185
1029,3/6/2022 6:00,59.445
1030,3/6/2022 6:15,59.702
1031,3/6/2022 6:30,59.873
1032,3/6/2022 6:45,59.445
1033,3/6/2022 7:00,59.056
1034,3/6/2022 7:15,58.928
1035,3/6/2022 7:30,59.142
1036,3/6/2022 7:45,59.445
1037,3/6/2022 8:00,59.616
1038,3/6/2022 8:15,59.83
1039,3/6/2022 8:30,59.702
1040,3/6/2022 8:45,59.272
1041,3/6/2022 9:00,58.928
1042,3/6/2022 9:15,59.056
1043,3/6/2022 9:30,59.315
1044,3/6/2022 9:45,59.529
1045,3/6/2022 10:00,59.745
1046,3/6/2022 10:15,59.916
1047,3/6/2022 10:30,59.486
1048,3/6/2022 10:45,59.099
1049,3/6/2022 11:00,58.885
1050,3/6/2022 11:15,59.099
1051,3/6/2022 11:30,59.486
1052,3/6/2022 11:45,59.659
1053,3/6/2022 12:00,59.83
1054,3/6/2022 12:15,59.529
1055,3/6/2022 12:30,60.089
1056,3/6/2022 12:45,60.174
1057,3/6/2022 13:00,60.26
1058,3/6/2022 13:15,60.303
1059,3/6/2022 13:30,60.433
1060,3/6/2022 13:45,60.474
1061,3/6/2022 14:00,60.561
1062,3/6/2022 14:15,60.647
1063,3/6/2022 14:30,60.733
1064,3/6/2022 14:45,60.818
1065,3/6/2022 15:00,60.861
1066,3/6/2022 15:15,60.174
1067,3/6/2022 15:30,59.572
1068,3/6/2022 15:45,59.056
1069,3/6/2022 16:00,58.798
1070,3/6/2022 16:15,58.885
1071,3/6/2022 16:30,58.928
1072,3/6/2022 16:45,58.971
1073,3/6/2022 17:00,59.014
1074,3/6/2022 17:15,59.056
1075,3/6/2022 17:30,59.056
1076,3/6/2022 17:45,59.142
1077,3/6/2022 18:00,59.185
1078,3/6/2022 18:15,59.272
1079,3/6/2022 18:30,59.229
1080,3/6/2022 18:45,59.272
1081,3/6/2022 19:00,59.272
1082,3/6/2022 19:15,59.315
1083,3/6/2022 19:30,59.358
1084,3/6/2022 19:45,59.401
1085,3/6/2022 20:00,59.445
1086,3/6/2022 20:15,59.486
1087,3/6/2022 20:30,59.529
1088,3/6/2022 20:45,59.572
1089,3/6/2022 21:00,59.572
1090,3/6/2022 21:15,59.616
1091,3/6/2022 21:30,59.616
1092,3/6/2022 21:45,59.616
1093,3/6/2022 22:00,59.616
1094,3/6/2022 22:15,59.659
1095,3/6/2022 22:30,59.616
1096,3/6/2022 22:45,59.616
1097,3/6/2022 23:00,59.659
1098,3/6/2022 23:15,59.659
1099,3/6/2022 23:30,59.659
1100,3/6/2022 23:45,59.616
1101,3/7/2022 0:00,59.659
1102,3/7/2022 0:15,59.659
1103,3/7/2022 0:30,59.616
1104,3/7/2022 0:45,59.616
1105,3/7/2022 1:00,59.659
1106,3/7/2022 1:15,59.659
1107,3/7/2022 1:30,59.702
1108,3/7/2022 1:45,59.702
1109,3/7/2022 2:00,59.616
1110,3/7/2022 2:15,59.572
1111,3/7/2022 2:30,59.572
1112,3/7/2022 2:45,59.529
1113,3/7/2022 3:00,59.486
1114,3/7/2022 3:15,59.486
1115,3/7/2022 3:30,59.445
1116,3/7/2022 3:45,59.445
1117,3/7/2022 4:00,59.358
1118,3/7/2022 4:15,59.358
1119,3/7/2022 4:30,59.315
1120,3/7/2022 4:45,59.272
1121,3/7/2022 5:00,59.272
1122,3/7/2022 5:15,59.272
1123,3/7/2022 5:30,59.229
1124,3/7/2022 5:45,59.185
1125,3/7/2022 6:00,59.185
1126,3/7/2022 6:15,59.142
1127,3/7/2022 6:30,59.142
1128,3/7/2022 6:45,59.142
1129,3/7/2022 7:00,59.056
1130,3/7/2022 7:15,59.056
1131,3/7/2022 7:30,59.056
1132,3/7/2022 7:45,59.056
1133,3/7/2022 8:00,59.014
1134,3/7/2022 8:15,59.014
1135,3/7/2022 8:30,59.056
1136,3/7/2022 8:45,58.971
1137,3/7/2022 9:00,59.014
1138,3/7/2022 9:15,58.971
1139,3/7/2022 9:30,59.014
1140,3/7/2022 9:45,58.928
1141,3/7/2022 10:00,58.971
1142,3/7/2022 10:15,58.971
1143,3/7/2022 10:30,58.971
1144,3/7/2022 10:45,58.928
1145,3/7/2022 11:00,58.971
1146,3/7/2022 11:15,59.014
1147,3/7/2022 11:30,59.014
1148,3/7/2022 11:45,58.885
1149,3/7/2022 12:00,58.971
1150,3/7/2022 12:15,58.971
1151,3/7/2022 12:30,58.971
1152,3/7/2022 12:45,58.971
1153,3/7/2022 13:00,59.056
1154,3/7/2022 13:15,59.616
1155,3/7/2022 13:30,60.26
1156,3/7/2022 13:45,60.303
1157,3/7/2022 14:00,60.346
1158,3/7/2022 14:15,60.433
1159,3/7/2022 14:30,60.517
1160,3/7/2022 14:45,60.604
1161,3/7/2022 15:00,60.69
1162,3/7/2022 15:15,60.775
1163,3/7/2022 15:30,60.861
1164,3/7/2022 15:45,60.948
1165,3/7/2022 16:00,61.032
1166,3/7/2022 16:15,61.075
1167,3/7/2022 16:30,61.032
1168,3/7/2022 16:45,60.948
1169,3/7/2022 17:00,60.904
1170,3/7/2022 17:15,60.818
1171,3/7/2022 17:30,60.733
1172,3/7/2022 17:45,60.69
1173,3/7/2022 18:00,60.647
1174,3/7/2022 18:15,60.561
1175,3/7/2022 18:30,60.517
1176,3/7/2022 18:45,60.433
1177,3/7/2022 19:00,60.39
1178,3/7/2022 19:15,60.346
1179,3/7/2022 19:30,60.26
1180,3/7/2022 19:45,60.217
1181,3/7/2022 20:00,60.174
1182,3/7/2022 20:15,60.089
1183,3/7/2022 20:30,60.046
1184,3/7/2022 20:45,60.003
1185,3/7/2022 21:00,59.959
1186,3/7/2022 21:15,59.916
1187,3/7/2022 21:30,59.873
1188,3/7/2022 21:45,59.83
1189,3/7/2022 22:00,59.788
1190,3/7/2022 22:15,59.745
1191,3/7/2022 22:30,59.702
1192,3/7/2022 22:45,59.702
1193,3/7/2022 23:00,59.659
1194,3/7/2022 23:15,59.616
1195,3/7/2022 23:30,59.616
1196,3/7/2022 23:45,59.572
1197,3/8/2022 0:00,59.529
1198,3/8/2022 0:15,59.529
1199,3/8/2022 0:30,59.486
1200,3/8/2022 0:45,59.486
1201,3/8/2022 1:00,59.486
1202,3/8/2022 1:15,59.529
1203,3/8/2022 1:30,59.529
1204,3/8/2022 1:45,59.529
1205,3/8/2022 2:00,59.529
1206,3/8/2022 2:15,59.529
1207,3/8/2022 2:30,59.572
1208,3/8/2022 2:45,59.572
1209,3/8/2022 3:00,59.572
1210,3/8/2022 3:15,59.572
1211,3/8/2022 3:30,59.572
1212,3/8/2022 3:45,59.572
1213,3/8/2022 4:00,59.572
1214,3/8/2022 4:15,59.572
1215,3/8/2022 4:30,59.572
1216,3/8/2022 4:45,59.572
1217,3/8/2022 5:00,59.572
1218,3/8/2022 5:15,59.572
1219,3/8/2022 5:30,59.572
1220,3/8/2022 5:45,59.572
1221,3/8/2022 6:00,59.572
1222,3/8/2022 6:15,59.572
1223,3/8/2022 6:30,59.572
1224,3/8/2022 6:45,59.572
1225,3/8/2022 7:00,59.572
1226,3/8/2022 7:15,59.529
1227,3/8/2022 7:30,59.486
1228,3/8/2022 7:45,59.486
1229,3/8/2022 8:00,59.445
1230,3/8/2022 8:15,59.401
1231,3/8/2022 8:30,59.401
1232,3/8/2022 8:45,59.358
1233,3/8/2022 9:00,59.358
1234,3/8/2022 9:15,59.315
1235,3/8/2022 9:30,59.315
1236,3/8/2022 9:45,59.272
1237,3/8/2022 10:00,59.272
1238,3/8/2022 10:15,59.229
1239,3/8/2022 10:30,59.229
1240,3/8/2022 10:45,59.185
1241,3/8/2022 11:00,59.185
1242,3/8/2022 11:15,59.185
1243,3/8/2022 11:30,59.142
1244,3/8/2022 11:45,59.142
1245,3/8/2022 12:00,59.056
1246,3/8/2022 12:15,58.971
1247,3/8/2022 12:30,58.928
1248,3/8/2022 12:45,59.401
1249,3/8/2022 13:00,59.873
1250,3/8/2022 13:15,60.517
1251,3/8/2022 13:30,60.561
1252,3/8/2022 13:45,60.647
1253,3/8/2022 14:00,60.69
1254,3/8/2022 14:15,60.775
1255,3/8/2022 14:30,60.861
1256,3/8/2022 14:45,60.948
1257,3/8/2022 15:00,61.032
1258,3/8/2022 15:15,61.119
1259,3/8/2022 15:30,61.162
1260,3/8/2022 15:45,61.205
1261,3/8/2022 16:00,61.29
1262,3/8/2022 16:15,61.162
1263,3/8/2022 16:30,60.861
1264,3/8/2022 16:45,60.474
1265,3/8/2022 17:00,60.089
1266,3/8/2022 17:15,59.83
1267,3/8/2022 17:30,59.529
1268,3/8/2022 17:45,59.272
1269,3/8/2022 18:00,59.056
1270,3/8/2022 18:15,58.971
1271,3/8/2022 18:30,59.229
1272,3/8/2022 18:45,59.529
1273,3/8/2022 19:00,59.702
1274,3/8/2022 19:15,59.873
1275,3/8/2022 19:30,59.529
1276,3/8/2022 19:45,59.229
1277,3/8/2022 20:00,58.928
1278,3/8/2022 20:15,59.056
1279,3/8/2022 20:30,59.445
1280,3/8/2022 20:45,59.745
1281,3/8/2022 21:00,59.916
1282,3/8/2022 21:15,59.616
1283,3/8/2022 21:30,59.272
1284,3/8/2022 21:45,59.014
1285,3/8/2022 22:00,59.056
1286,3/8/2022 22:15,59.445
1287,3/8/2022 22:30,59.745
1288,3/8/2022 22:45,59.916
1289,3/8/2022 23:00,59.572
1290,3/8/2022 23:15,59.229
1291,3/8/2022 23:30,59.014
1292,3/8/2022 23:45,59.014
1293,3/9/2022 0:00,59.315
1294,3/9/2022 0:15,59.659
1295,3/9/2022 0:30,59.916
1296,3/9/2022 0:45,59.659
1297,3/9/2022 1:00,59.358
1298,3/9/2022 1:15,59.185
1299,3/9/2022 1:30,59.014
1300,3/9/2022 1:45,59.056
1301,3/9/2022 2:00,59.358
1302,3/9/2022 2:15,59.616
1303,3/9/2022 2:30,59.83
1304,3/9/2022 2:45,59.702
1305,3/9/2022 3:00,59.401
1306,3/9/2022 3:15,59.185
1307,3/9/2022 3:30,58.971
1308,3/9/2022 3:45,59.056
1309,3/9/2022 4:00,59.358
1310,3/9/2022 4:15,59.572
1311,3/9/2022 4:30,59.788
1312,3/9/2022 4:45,59.745
1313,3/9/2022 5:00,59.486
1314,3/9/2022 5:15,59.185
1315,3/9/2022 5:30,58.971
1316,3/9/2022 5:45,59.099
1317,3/9/2022 6:00,59.315
1318,3/9/2022 6:15,59.529
1319,3/9/2022 6:30,59.745
1320,3/9/2022 6:45,59.745
1321,3/9/2022 7:00,59.358
1322,3/9/2022 7:15,59.014
1323,3/9/2022 7:30,59.014
1324,3/9/2022 7:45,59.315
1325,3/9/2022 8:00,59.486
1326,3/9/2022 8:15,59.702
1327,3/9/2022 8:30,59.873
1328,3/9/2022 8:45,59.616
1329,3/9/2022 9:00,59.185
1330,3/9/2022 9:15,58.885
1331,3/9/2022 9:30,59.099
1332,3/9/2022 9:45,59.358
1333,3/9/2022 10:00,59.529
1334,3/9/2022 10:15,59.745
1335,3/9/2022 10:30,59.873
1336,3/9/2022 10:45,59.572
1337,3/9/2022 11:00,59.099
1338,3/9/2022 11:15,58.842
1339,3/9/2022 11:30,59.014
1340,3/9/2022 11:45,59.185
1341,3/9/2022 12:00,59.358
1342,3/9/2022 12:15,59.486
1343,3/9/2022 12:30,59.616
1344,3/9/2022 12:45,59.702
1345,3/9/2022 13:00,60.474
1346,3/9/2022 13:15,60.561
1347,3/9/2022 13:30,60.561
1348,3/9/2022 13:45,60.561
1349,3/9/2022 14:00,60.561
1350,3/9/2022 14:15,60.604
1351,3/9/2022 14:30,60.604
1352,3/9/2022 14:45,60.604
1353,3/9/2022 15:00,60.647
1354,3/9/2022 15:15,60.647
1355,3/9/2022 15:30,60.647
1356,3/9/2022 15:45,60.69
1357,3/9/2022 16:00,60.69
1358,3/9/2022 16:15,60.733
1359,3/9/2022 16:30,60.733
1360,3/9/2022 16:45,60.775
1361,3/9/2022 17:00,60.775
1362,3/9/2022 17:15,60.775
1363,3/9/2022 17:30,60.818
1364,3/9/2022 17:45,60.818
1365,3/9/2022 18:00,60.861
1366,3/9/2022 18:15,60.861
1367,3/9/2022 18:30,60.904
1368,3/9/2022 18:45,60.948
1369,3/9/2022 19:00,60.948
1370,3/9/2022 19:15,60.991
1371,3/9/2022 19:30,61.032
1372,3/9/2022 19:45,61.032
1373,3/9/2022 20:00,61.075
1374,3/9/2022 20:15,61.075
1375,3/9/2022 20:30,61.119
1376,3/9/2022 20:45,61.119
1377,3/9/2022 21:00,61.162
1378,3/9/2022 21:15,61.205
1379,3/9/2022 21:30,61.205
1380,3/9/2022 21:45,61.248
1381,3/9/2022 22:00,61.248
1382,3/9/2022 22:15,61.29
1383,3/9/2022 22:30,61.29
1384,3/9/2022 22:45,61.333
1385,3/9/2022 23:00,61.376
1386,3/9/2022 23:15,61.376
1387,3/9/2022 23:30,61.376
1388,3/9/2022 23:45,61.419
1389,3/10/2022 0:00,61.462
1390,3/10/2022 0:15,61.462
1391,3/10/2022 0:30,61.506
1392,3/10/2022 0:45,61.547
1393,3/10/2022 1:00,61.59
1394,3/10/2022 1:15,61.59
1395,3/10/2022 1:30,61.633
1396,3/10/2022 1:45,61.677
1397,3/10/2022 2:00,61.677
1398,3/10/2022 2:15,61.72
1399,3/10/2022 2:30,61.761
1400,3/10/2022 2:45,61.804
1401,3/10/2022 3:00,61.804
1402,3/10/2022 3:15,61.848
1403,3/10/2022 3:30,61.848
1404,3/10/2022 3:45,61.891
1405,3/10/2022 4:00,61.891
1406,3/10/2022 4:15,61.934
1407,3/10/2022 4:30,61.977
1408,3/10/2022 4:45,61.977
1409,3/10/2022 5:00,62.019
1410,3/10/2022 5:15,62.019
1411,3/10/2022 5:30,62.062
1412,3/10/2022 5:45,62.062
1413,3/10/2022 6:00,62.105
1414,3/10/2022 6:15,62.105
1415,3/10/2022 6:30,62.148
1416,3/10/2022 6:45,62.148
1417,3/10/2022 7:00,62.191
1418,3/10/2022 7:15,62.191
1419,3/10/2022 7:30,62.233
1420,3/10/2022 7:45,62.233
1421,3/10/2022 8:00,62.233
1422,3/10/2022 8:15,62.276
1423,3/10/2022 8:30,62.276
1424,3/10/2022 8:45,62.276
1425,3/10/2022 9:00,62.319
1426,3/10/2022 9:15,62.319
1427,3/10/2022 9:30,62.319
1428,3/10/2022 9:45,62.319
1429,3/10/2022 10:00,62.319
1430,3/10/2022 10:15,62.319
1431,3/10/2022 10:30,62.362
1432,3/10/2022 10:45,62.319
1433,3/10/2022 11:00,62.319
1434,3/10/2022 11:15,62.319
1435,3/10/2022 11:30,61.891
1436,3/10/2022 11:45,61.248
1437,3/10/2022 12:00,60.69
1438,3/10/2022 12:15,60.217
1439,3/10/2022 12:30,59.873
1440,3/10/2022 12:45,59.572
1441,3/10/2022 13:00,59.445
1442,3/10/2022 13:15,59.616
1443,3/10/2022 13:30,60.089
1444,3/10/2022 13:45,60.174
1445,3/10/2022 14:00,60.26
1446,3/10/2022 14:15,60.346
1447,3/10/2022 14:30,60.433
1448,3/10/2022 14:45,60.517
1449,3/10/2022 15:00,60.604
1450,3/10/2022 15:15,60.69
1451,3/10/2022 15:30,60.775
1452,3/10/2022 15:45,60.861
1453,3/10/2022 16:00,60.948
1454,3/10/2022 16:15,61.032
1455,3/10/2022 16:30,60.818
1456,3/10/2022 16:45,60.517
1457,3/10/2022 17:00,60.217
1458,3/10/2022 17:15,60.003
1459,3/10/2022 17:30,59.745
1460,3/10/2022 17:45,59.572
1461,3/10/2022 18:00,59.445
1462,3/10/2022 18:15,59.315
1463,3/10/2022 18:30,59.185
1464,3/10/2022 18:45,59.056
1465,3/10/2022 19:00,58.971
1466,3/10/2022 19:15,59.401
1467,3/10/2022 19:30,59.788
1468,3/10/2022 19:45,59.959
1469,3/10/2022 20:00,59.702
1470,3/10/2022 20:15,59.486
1471,3/10/2022 20:30,59.272
1472,3/10/2022 20:45,59.099
1473,3/10/2022 21:00,58.971
1474,3/10/2022 21:15,59.272
1475,3/10/2022 21:30,59.702
1476,3/10/2022 21:45,59.916
1477,3/10/2022 22:00,59.702
1478,3/10/2022 22:15,59.445
1479,3/10/2022 22:30,59.272
1480,3/10/2022 22:45,59.099
1481,3/10/2022 23:00,59.056
1482,3/10/2022 23:15,59.401
1483,3/10/2022 23:30,59.788
1484,3/10/2022 23:45,59.916
1485,3/11/2022 0:00,59.659
1486,3/11/2022 0:15,59.445
1487,3/11/2022 0:30,59.272
1488,3/11/2022 0:45,59.142
1489,3/11/2022 1:00,59.056
1490,3/11/2022 1:15,58.928
1491,3/11/2022 1:30,59.056
1492,3/11/2022 1:45,59.445
1493,3/11/2022 2:00,59.788
1494,3/11/2022 2:15,59.83
1495,3/11/2022 2:30,59.616
1496,3/11/2022 2:45,59.401
1497,3/11/2022 3:00,59.272
1498,3/11/2022 3:15,59.142
1499,3/11/2022 3:30,59.014
1500,3/11/2022 3:45,58.928
1501,3/11/2022 4:00,59.142
1502,3/11/2022 4:15,59.486
1503,3/11/2022 4:30,59.788
1504,3/11/2022 4:45,59.788
1505,3/11/2022 5:00,59.572
1506,3/11/2022 5:15,59.401
1507,3/11/2022 5:30,59.229
1508,3/11/2022 5:45,59.142
1509,3/11/2022 6:00,58.971
1510,3/11/2022 6:15,59.142
1511,3/11/2022 6:30,59.486
1512,3/11/2022 6:45,59.83
1513,3/11/2022 7:00,59.916
1514,3/11/2022 7:15,59.616
1515,3/11/2022 7:30,59.358
1516,3/11/2022 7:45,59.142
1517,3/11/2022 8:00,58.971
1518,3/11/2022 8:15,59.272
1519,3/11/2022 8:30,59.659
1520,3/11/2022 8:45,59.959
1521,3/11/2022 9:00,59.702
1522,3/11/2022 9:15,59.445
1523,3/11/2022 9:30,59.185
1524,3/11/2022 9:45,58.971
1525,3/11/2022 10:00,59.229
1526,3/11/2022 10:15,59.572
1527,3/11/2022 10:30,59.873
1528,3/11/2022 10:45,59.745
1529,3/11/2022 11:00,59.401
1530,3/11/2022 11:15,59.185
1531,3/11/2022 11:30,58.971
1532,3/11/2022 11:45,59.315
1533,3/11/2022 12:00,59.659
1534,3/11/2022 12:15,59.959
1535,3/11/2022 12:30,59.745
1536,3/11/2022 12:45,59.529
1537,3/11/2022 13:00,59.572
1538,3/11/2022 13:15,59.83
1539,3/11/2022 13:30,59.916
1540,3/11/2022 13:45,60.003
1541,3/11/2022 14:00,60.089
1542,3/11/2022 14:15,60.174
1543,3/11/2022 14:30,60.303
1544,3/11/2022 14:45,60.39
1545,3/11/2022 15:00,60.474
1546,3/11/2022 15:15,60.561
1547,3/11/2022 15:30,60.647
1548,3/11/2022 15:45,60.733
1549,3/11/2022 16:00,60.818
1550,3/11/2022 16:15,60.904
1551,3/11/2022 16:30,60.991
1552,3/11/2022 16:45,61.075
1553,3/11/2022 17:00,61.119
1554,3/11/2022 17:15,61.205
1555,3/11/2022 17:30,61.248
1556,3/11/2022 17:45,61.333
1557,3/11/2022 18:00,61.376
1558,3/11/2022 18:15,61.419
1559,3/11/2022 18:30,61.462
1560,3/11/2022 18:45,61.506
1561,3/11/2022 19:00,61.547
1562,3/11/2022 19:15,61.59
1563,3/11/2022 19:30,61.633
1564,3/11/2022 19:45,61.633
1565,3/11/2022 20:00,61.677
1566,3/11/2022 20:15,61.72
1567,3/11/2022 20:30,61.761
1568,3/11/2022 20:45,61.804
1569,3/11/2022 21:00,61.848
1570,3/11/2022 21:15,61.891
1571,3/11/2022 21:30,61.891
1572,3/11/2022 21:45,61.934
1573,3/11/2022 22:00,61.977
1574,3/11/2022 22:15,61.977
1575,3/11/2022 22:30,62.019
1576,3/11/2022 22:45,62.062
1577,3/11/2022 23:00,62.062
1578,3/11/2022 23:15,62.105
1579,3/11/2022 23:30,62.148
1580,3/11/2022 23:45,62.148
1581,3/12/2022 0:00,62.191
1582,3/12/2022 0:15,62.233
1583,3/12/2022 0:30,62.319
1584,3/12/2022 0:45,62.319
1585,3/12/2022 1:00,62.362
1586,3/12/2022 1:15,62.406
1587,3/12/2022 1:30,62.447
1588,3/12/2022 1:45,62.49
1589,3/12/2022 2:00,62.49
1590,3/12/2022 2:15,62.533
1591,3/12/2022 2:30,62.577
1592,3/12/2022 2:45,62.577
1593,3/12/2022 3:00,62.62
1594,3/12/2022 3:15,62.661
1595,3/12/2022 3:30,62.661
1596,3/12/2022 3:45,62.704
1597,3/12/2022 4:00,62.748
1598,3/12/2022 4:15,62.748
1599,3/12/2022 4:30,62.791
1600,3/12/2022 4:45,62.791
1601,3/12/2022 5:00,62.834
1602,3/12/2022 5:15,62.834
1603,3/12/2022 5:30,62.875
1604,3/12/2022 5:45,62.919
1605,3/12/2022 6:00,62.919
1606,3/12/2022 6:15,62.919
1607,3/12/2022 6:30,62.962
1608,3/12/2022 6:45,62.962
1609,3/12/2022 7:00,63.005
1610,3/12/2022 7:15,63.005
1611,3/12/2022 7:30,63.005
1612,3/12/2022 7:45,63.048
1613,3/12/2022 8:00,63.048
1614,3/12/2022 8:15,63.048
1615,3/12/2022 8:30,63.09
1616,3/12/2022 8:45,63.09
1617,3/12/2022 9:00,63.09
1618,3/12/2022 9:15,63.09
1619,3/12/2022 9:30,63.133
1620,3/12/2022 9:45,63.133
1621,3/12/2022 10:00,63.133
1622,3/12/2022 10:15,63.133
1623,3/12/2022 10:30,63.176
1624,3/12/2022 10:45,63.176
1625,3/12/2022 11:00,63.176
1626,3/12/2022 11:15,63.176
1627,3/12/2022 11:30,63.176
1628,3/12/2022 11:45,60.818
1629,3/12/2022 12:00,57.679
1630,3/12/2022 12:15,59.315
1631,3/12/2022 12:30,59.959
1632,3/12/2022 12:45,59.916
1633,3/12/2022 13:00,59.83
1634,3/12/2022 13:15,59.83
1635,3/12/2022 13:30,59.83
1636,3/12/2022 13:45,59.83
1637,3/12/2022 14:00,59.83
1638,3/12/2022 14:15,59.83
1639,3/12/2022 14:30,59.83
1640,3/12/2022 14:45,59.83
1641,3/12/2022 15:00,59.873
1642,3/12/2022 15:15,59.873
1643,3/12/2022 15:30,59.873
1644,3/12/2022 15:45,59.916
1645,3/12/2022 16:00,59.916
1646,3/12/2022 16:15,59.916
1647,3/12/2022 16:30,59.916
1648,3/12/2022 16:45,59.959
1649,3/12/2022 17:00,59.959
1650,3/12/2022 17:15,59.959
1651,3/12/2022 17:30,60.003
1652,3/12/2022 17:45,60.003
1653,3/12/2022 18:00,60.003
1654,3/12/2022 18:15,60.003
1655,3/12/2022 18:30,60.003
1656,3/12/2022 18:45,60.003
1657,3/12/2022 19:00,60.003
1658,3/12/2022 19:15,59.959
1659,3/12/2022 19:30,59.959
1660,3/12/2022 19:45,59.959
1661,3/12/2022 20:00,59.959
1662,3/12/2022 20:15,59.959
1663,3/12/2022 20:30,59.959
1664,3/12/2022 20:45,59.916
1665,3/12/2022 21:00,59.916
1666,3/12/2022 21:15,59.916
1667,3/12/2022 21:30,59.916
1668,3/12/2022 21:45,59.916
1669,3/12/2022 22:00,59.916
1670,3/12/2022 22:15,59.873
1671,3/12/2022 22:30,59.873
1672,3/12/2022 22:45,59.873
1673,3/12/2022 23:00,59.83
1674,3/12/2022 23:15,59.83
1675,3/12/2022 23:30,59.83
1676,3/12/2022 23:45,59.83
1677,3/13/2022 0:00,59.873
1678,3/13/2022 0:15,59.916
1679,3/13/2022 0:30,59.916
1680,3/13/2022 0:45,59.959
1681,3/13/2022 1:00,59.959
1682,3/13/2022 1:15,59.959
1683,3/13/2022 1:30,60.003
1684,3/13/2022 1:45,60.003
1685,3/13/2022 2:00,60.003
1686,3/13/2022 2:15,60.003
1687,3/13/2022 2:30,60.003
1688,3/13/2022 2:45,60.046
1689,3/13/2022 3:00,60.046
1690,3/13/2022 3:15,60.046
1691,3/13/2022 3:30,60.046
1692,3/13/2022 3:45,60.089
1693,3/13/2022 4:00,60.089
1694,3/13/2022 4:15,60.089
1695,3/13/2022 4:30,60.089
1696,3/13/2022 4:45,60.089
1697,3/13/2022 5:00,60.089
1698,3/13/2022 5:15,60.089
1699,3/13/2022 5:30,60.132
1700,3/13/2022 5:45,60.132
1701,3/13/2022 6:00,60.132
1702,3/13/2022 6:15,60.089
1703,3/13/2022 6:30,60.089
1704,3/13/2022 6:45,60.089
1705,3/13/2022 7:00,60.089
1706,3/13/2022 7:15,60.089
1707,3/13/2022 7:30,60.089
1708,3/13/2022 7:45,60.089
1709,3/13/2022 8:00,60.046
1710,3/13/2022 8:15,60.046
1711,3/13/2022 8:30,60.046
1712,3/13/2022 8:45,60.046
1713,3/13/2022 9:00,60.046
1714,3/13/2022 9:15,60.046
1715,3/13/2022 9:30,60.003
1716,3/13/2022 9:45,60.003
1717,3/13/2022 10:00,60.003
1718,3/13/2022 10:15,60.003
1719,3/13/2022 10:30,60.046
1720,3/13/2022 10:45,60.003
1721,3/13/2022 11:00,59.745
1722,3/13/2022 11:15,59.788
1723,3/13/2022 11:30,59.83
1724,3/13/2022 11:45,59.959
1725,3/13/2022 12:00,60.089
1726,3/13/2022 12:15,60.217
1727,3/13/2022 12:30,60.346
1728,3/13/2022 12:45,60.433
1729,3/13/2022 13:00,60.561
1730,3/13/2022 13:15,60.647
1731,3/13/2022 13:30,60.991
1732,3/13/2022 13:45,61.075
1733,3/13/2022 14:00,61.162
1734,3/13/2022 14:15,61.205
1735,3/13/2022 14:30,61.29
1736,3/13/2022 14:45,61.419
1737,3/13/2022 15:00,61.462
1738,3/13/2022 15:15,61.59
1739,3/13/2022 15:30,61.633
1740,3/13/2022 15:45,61.761
1741,3/13/2022 16:00,61.848
1742,3/13/2022 16:15,61.934
1743,3/13/2022 16:30,61.977
1744,3/13/2022 16:45,61.848
1745,3/13/2022 17:00,61.59
1746,3/13/2022 17:15,61.419
1747,3/13/2022 17:30,61.248
1748,3/13/2022 17:45,61.032
1749,3/13/2022 18:00,60.904
1750,3/13/2022 18:15,60.775
1751,3/13/2022 18:30,60.604
1752,3/13/2022 18:45,60.517
1753,3/13/2022 19:00,60.39
1754,3/13/2022 19:15,60.26
1755,3/13/2022 19:30,60.174
1756,3/13/2022 19:45,60.046
1757,3/13/2022 20:00,59.959
1758,3/13/2022 20:15,59.873
1759,3/13/2022 20:30,59.788
1760,3/13/2022 20:45,59.702
1761,3/13/2022 21:00,59.616
1762,3/13/2022 21:15,59.572
1763,3/13/2022 21:30,59.486
1764,3/13/2022 21:45,59.445
1765,3/13/2022 22:00,59.358
1766,3/13/2022 22:15,59.315
1767,3/13/2022 22:30,59.229
1768,3/13/2022 22:45,59.185
1769,3/13/2022 23:00,59.142
1770,3/13/2022 23:15,59.099
1771,3/13/2022 23:30,59.056
1772,3/13/2022 23:45,59.014
1773,3/14/2022 0:00,58.971
1774,3/14/2022 0:15,58.928
1775,3/14/2022 0:30,59.056
1776,3/14/2022 0:45,59.529
1777,3/14/2022 1:00,59.916
1778,3/14/2022 1:15,59.83
1779,3/14/2022 1:30,59.659
1780,3/14/2022 1:45,59.529
1781,3/14/2022 2:00,59.445
1782,3/14/2022 2:15,59.358
1783,3/14/2022 2:30,59.229
1784,3/14/2022 2:45,59.185
1785,3/14/2022 3:00,59.099
1786,3/14/2022 3:15,59.056
1787,3/14/2022 3:30,58.971
1788,3/14/2022 3:45,58.928
1789,3/14/2022 4:00,58.928
1790,3/14/2022 4:15,59.401
1791,3/14/2022 4:30,59.745
1792,3/14/2022 4:45,59.873
1793,3/14/2022 5:00,59.659
1794,3/14/2022 5:15,59.529
1795,3/14/2022 5:30,59.401
1796,3/14/2022 5:45,59.315
1797,3/14/2022 6:00,59.185
1798,3/14/2022 6:15,59.099
1799,3/14/2022 6:30,59.014
1800,3/14/2022 6:45,58.928
1801,3/14/2022 7:00,59.056
1802,3/14/2022 7:15,59.486
1803,3/14/2022 7:30,59.873
1804,3/14/2022 7:45,59.788
1805,3/14/2022 8:00,59.616
1806,3/14/2022 8:15,59.445
1807,3/14/2022 8:30,59.315
1808,3/14/2022 8:45,59.099
1809,3/14/2022 9:00,59.014
1810,3/14/2022 9:15,59.185
1811,3/14/2022 9:30,59.315
1812,3/14/2022 9:45,59.486
1813,3/14/2022 10:00,59.616
1814,3/14/2022 10:15,59.702
1815,3/14/2022 10:30,59.873
1816,3/14/2022 10:45,60.346
1817,3/14/2022 11:00,60.948
1818,3/14/2022 11:15,61.59
1819,3/14/2022 11:30,62.191
1820,3/14/2022 11:45,62.704
1821,3/14/2022 12:00,63.262
1822,3/14/2022 12:15,63.946
1823,3/14/2022 12:30,64.589
1824,3/14/2022 12:45,65.188
1825,3/14/2022 13:00,65.788
1826,3/14/2022 13:15,66.472
1827,3/14/2022 13:30,67.028
1828,3/14/2022 13:45,67.158
1829,3/14/2022 14:00,67.158
1830,3/14/2022 14:15,67.114
1831,3/14/2022 14:30,67.114
1832,3/14/2022 14:45,67.158
1833,3/14/2022 15:00,67.285
1834,3/14/2022 15:15,67.285
1835,3/14/2022 15:30,67.285
1836,3/14/2022 15:45,67.071
1837,3/14/2022 16:00,67.586
1838,3/14/2022 16:15,68.099
1839,3/14/2022 16:30,68.056
1840,3/14/2022 16:45,68.013
1841,3/14/2022 17:00,67.971
1842,3/14/2022 17:15,67.928
1843,3/14/2022 17:30,67.885
1844,3/14/2022 17:45,67.842
1845,3/14/2022 18:00,67.798
1846,3/14/2022 18:15,67.757
1847,3/14/2022 18:30,67.757
1848,3/14/2022 18:45,67.714
1849,3/14/2022 19:00,67.671
1850,3/14/2022 19:15,67.627
1851,3/14/2022 19:30,67.586
1852,3/14/2022 19:45,67.586
1853,3/14/2022 20:00,67.543
1854,3/14/2022 20:15,67.543
1855,3/14/2022 20:30,67.5
1856,3/14/2022 20:45,67.5
1857,3/14/2022 21:00,67.456
1858,3/14/2022 21:15,67.456
1859,3/14/2022 21:30,67.413
1860,3/14/2022 21:45,67.413
1861,3/14/2022 22:00,67.372
1862,3/14/2022 22:15,67.372
1863,3/14/2022 22:30,67.329
1864,3/14/2022 22:45,67.329
1865,3/14/2022 23:00,67.285
1866,3/14/2022 23:15,67.285
1867,3/14/2022 23:30,67.285
1868,3/14/2022 23:45,67.285
1869,3/15/2022 0:00,67.242
1870,3/15/2022 0:15,67.242
1871,3/15/2022 0:30,67.242
1872,3/15/2022 0:45,67.242
1873,3/15/2022 1:00,67.242
1874,3/15/2022 1:15,67.199
1875,3/15/2022 1:30,67.199
1876,3/15/2022 1:45,67.199
1877,3/15/2022 2:00,67.199
1878,3/15/2022 2:15,67.199
1879,3/15/2022 2:30,67.199
1880,3/15/2022 2:45,67.199
1881,3/15/2022 3:00,67.199
1882,3/15/2022 3:15,67.158
1883,3/15/2022 3:30,67.158
1884,3/15/2022 3:45,67.158
1885,3/15/2022 4:00,67.158
1886,3/15/2022 4:15,67.158
1887,3/15/2022 4:30,67.158
1888,3/15/2022 4:45,67.158
1889,3/15/2022 5:00,67.158
1890,3/15/2022 5:15,67.158
1891,3/15/2022 5:30,67.158
1892,3/15/2022 5:45,67.158
1893,3/15/2022 6:00,67.158
1894,3/15/2022 6:15,67.543
1895,3/15/2022 6:30,67.971
1896,3/15/2022 6:45,68.142
1897,3/15/2022 7:00,68.056
1898,3/15/2022 7:15,68.013
1899,3/15/2022 7:30,67.971
1900,3/15/2022 7:45,67.971
1901,3/15/2022 8:00,67.928
1902,3/15/2022 8:15,67.885
1903,3/15/2022 8:30,67.885
1904,3/15/2022 8:45,67.885
1905,3/15/2022 9:00,67.842
1906,3/15/2022 9:15,67.842
1907,3/15/2022 9:30,67.798
1908,3/15/2022 9:45,67.798
1909,3/15/2022 10:00,67.757
1910,3/15/2022 10:15,67.757
1911,3/15/2022 10:30,67.757
1912,3/15/2022 10:45,67.798
1913,3/15/2022 11:00,67.798
1914,3/15/2022 11:15,67.798
1915,3/15/2022 11:30,67.798
1916,3/15/2022 11:45,67.842
1917,3/15/2022 12:00,67.842
1918,3/15/2022 12:15,67.885
1919,3/15/2022 12:30,67.842
1920,3/15/2022 12:45,67.714
1921,3/15/2022 13:00,67.586
1922,3/15/2022 13:15,67.456
1923,3/15/2022 13:30,67.372
1924,3/15/2022 13:45,67.242
1925,3/15/2022 14:00,67.158
1926,3/15/2022 14:15,67.028
1927,3/15/2022 14:30,66.943
1928,3/15/2022 14:45,66.857
1929,3/15/2022 15:00,66.772
1930,3/15/2022 15:15,66.686
1931,3/15/2022 15:30,66.6
1932,3/15/2022 15:45,66.515
1933,3/15/2022 16:00,66.429
1934,3/15/2022 16:15,66.301
1935,3/15/2022 16:30,66.173
1936,3/15/2022 16:45,66.043
1937,3/15/2022 17:00,65.916
1938,3/15/2022 17:15,65.788
1939,3/15/2022 17:30,65.658
1940,3/15/2022 17:45,65.615
1941,3/15/2022 18:00,65.53
1942,3/15/2022 18:15,65.487
1943,3/15/2022 18:30,65.444
1944,3/15/2022 18:45,65.403
1945,3/15/2022 19:00,65.359
1946,3/15/2022 19:15,65.316
1947,3/15/2022 19:30,65.273
1948,3/15/2022 19:45,65.23
1949,3/15/2022 20:00,65.23
1950,3/15/2022 20:15,65.188
1951,3/15/2022 20:30,65.145
1952,3/15/2022 20:45,65.145
1953,3/15/2022 21:00,65.102
1954,3/15/2022 21:15,65.059
1955,3/15/2022 21:30,65.017
1956,3/15/2022 21:45,65.017
1957,3/15/2022 22:00,64.974
1958,3/15/2022 22:15,65.188
1959,3/15/2022 22:30,65.788
1960,3/15/2022 22:45,66
1961,3/15/2022 23:00,65.872
1962,3/15/2022 23:15,65.788
1963,3/15/2022 23:30,65.745
1964,3/15/2022 23:45,65.701
1965,3/16/2022 0:00,65.658
1966,3/16/2022 0:15,65.574
1967,3/16/2022 0:30,65.53
1968,3/16/2022 0:45,65.487
1969,3/16/2022 1:00,65.444
1970,3/16/2022 1:15,65.403
1971,3/16/2022 1:30,65.359
1972,3/16/2022 1:45,65.316
1973,3/16/2022 2:00,65.316
1974,3/16/2022 2:15,65.273
1975,3/16/2022 2:30,65.23
1976,3/16/2022 2:45,65.188
1977,3/16/2022 3:00,65.145
1978,3/16/2022 3:15,65.145
1979,3/16/2022 3:30,65.102
1980,3/16/2022 3:45,65.059
1981,3/16/2022 4:00,65.059
1982,3/16/2022 4:15,65.017
1983,3/16/2022 4:30,64.974
1984,3/16/2022 4:45,65.145
1985,3/16/2022 5:00,65.701
1986,3/16/2022 5:15,66
1987,3/16/2022 5:30,65.872
1988,3/16/2022 5:45,65.829
1989,3/16/2022 6:00,65.745
1990,3/16/2022 6:15,65.701
1991,3/16/2022 6:30,65.658
1992,3/16/2022 6:45,65.615
1993,3/16/2022 7:00,65.574
1994,3/16/2022 7:15,65.53
1995,3/16/2022 7:30,65.487
1996,3/16/2022 7:45,65.444
1997,3/16/2022 8:00,65.403
1998,3/16/2022 8:15,65.359
1999,3/16/2022 8:30,65.316
2000,3/16/2022 8:45,65.273
2001,3/16/2022 9:00,65.23
2002,3/16/2022 9:15,65.188
2003,3/16/2022 9:30,65.145
2004,3/16/2022 9:45,65.188
2005,3/16/2022 10:00,65.23
2006,3/16/2022 10:15,65.273
2007,3/16/2022 10:30,65.316
2008,3/16/2022 10:45,65.359
2009,3/16/2022 11:00,65.316
2010,3/16/2022 11:15,65.316
2011,3/16/2022 11:30,65.359
2012,3/16/2022 11:45,65.403
2013,3/16/2022 12:00,65.444
2014,3/16/2022 12:15,65.487
2015,3/16/2022 12:30,65.574
2016,3/16/2022 12:45,65.829
2017,3/16/2022 13:00,66.385
2018,3/16/2022 13:15,66.857
2019,3/16/2022 13:30,66.814
2020,3/16/2022 13:45,66.643
2021,3/16/2022 14:00,66.472
2022,3/16/2022 14:15,66.344
2023,3/16/2022 14:30,66.214
2024,3/16/2022 14:45,66.087
2025,3/16/2022 15:00,66
2026,3/16/2022 15:15,65.916
2027,3/16/2022 15:30,66.385
2028,3/16/2022 15:45,66.9
2029,3/16/2022 16:00,66.857
2030,3/16/2022 16:15,66.686
2031,3/16/2022 16:30,66.558
2032,3/16/2022 16:45,66.429
2033,3/16/2022 17:00,66.344
2034,3/16/2022 17:15,66.173
2035,3/16/2022 17:30,66.043
2036,3/16/2022 17:45,65.916
2037,3/16/2022 18:00,66.258
2038,3/16/2022 18:15,66.772
2039,3/16/2022 18:30,66.9
2040,3/16/2022 18:45,66.729
2041,3/16/2022 19:00,66.6
2042,3/16/2022 19:15,66.472
2043,3/16/2022 19:30,66.344
2044,3/16/2022 19:45,66.258
2045,3/16/2022 20:00,66.13
2046,3/16/2022 20:15,66.043
2047,3/16/2022 20:30,65.916
2048,3/16/2022 20:45,66.173
2049,3/16/2022 21:00,66.686
2050,3/16/2022 21:15,66.943
2051,3/16/2022 21:30,66.772
2052,3/16/2022 21:45,66.6
2053,3/16/2022 22:00,66.515
2054,3/16/2022 22:15,66.385
2055,3/16/2022 22:30,66.301
2056,3/16/2022 22:45,66.173
2057,3/16/2022 23:00,66.087
2058,3/16/2022 23:15,66
2059,3/16/2022 23:30,65.916
2060,3/16/2022 23:45,66.301
2061,3/17/2022 0:00,66.814
2062,3/17/2022 0:15,66.857
2063,3/17/2022 0:30,66.729
2064,3/17/2022 0:45,66.6
2065,3/17/2022 1:00,66.472
2066,3/17/2022 1:15,66.385
2067,3/17/2022 1:30,66.258
2068,3/17/2022 1:45,66.173
2069,3/17/2022 2:00,66.087
2070,3/17/2022 2:15,66
2071,3/17/2022 2:30,65.916
2072,3/17/2022 2:45,66.344
2073,3/17/2022 3:00,66.857
2074,3/17/2022 3:15,66.857
2075,3/17/2022 3:30,66.686
2076,3/17/2022 3:45,66.558
2077,3/17/2022 4:00,66.429
2078,3/17/2022 4:15,66.344
2079,3/17/2022 4:30,66.214
2080,3/17/2022 4:45,66.13
2081,3/17/2022 5:00,66.043
2082,3/17/2022 5:15,65.916
2083,3/17/2022 5:30,66.087
2084,3/17/2022 5:45,66.6
2085,3/17/2022 6:00,66.943
2086,3/17/2022 6:15,66.772
2087,3/17/2022 6:30,66.643
2088,3/17/2022 6:45,66.515
2089,3/17/2022 7:00,66.385
2090,3/17/2022 7:15,66.301
2091,3/17/2022 7:30,66.214
2092,3/17/2022 7:45,66.13
2093,3/17/2022 8:00,66
2094,3/17/2022 8:15,65.916
2095,3/17/2022 8:30,66.13
2096,3/17/2022 8:45,66.472
2097,3/17/2022 9:00,66.985
2098,3/17/2022 9:15,66.857
2099,3/17/2022 9:30,66.729
2100,3/17/2022 9:45,66.6
2101,3/17/2022 10:00,66.472
2102,3/17/2022 10:15,66.385
2103,3/17/2022 10:30,66.258
2104,3/17/2022 10:45,66.214
2105,3/17/2022 11:00,66.087
2106,3/17/2022 11:15,66
2107,3/17/2022 11:30,65.916
2108,3/17/2022 11:45,66.173
2109,3/17/2022 12:00,66.772
2110,3/17/2022 12:15,66.985
2111,3/17/2022 12:30,66.9
2112,3/17/2022 12:45,66.772
2113,3/17/2022 13:00,66.643
2114,3/17/2022 13:15,59.358
2115,3/17/2022 13:30,55.081
2116,3/17/2022 13:45,53.645
2117,3/17/2022 14:00,53.341
2118,3/17/2022 14:15,53.209
2119,3/17/2022 14:30,53.166
2120,3/17/2022 14:45,53.121
2121,3/17/2022 15:00,53.166
2122,3/17/2022 15:15,53.209
2123,3/17/2022 15:30,68.871
2124,3/17/2022 15:45,69.427
2125,3/17/2022 16:00,68.999
2126,3/17/2022 16:15,68.484
2127,3/17/2022 16:30,68.056
2128,3/17/2022 16:45,68.013
2129,3/17/2022 17:00,68.185
2130,3/17/2022 17:15,70.759
2131,3/17/2022 17:30,72.523
2132,3/17/2022 17:45,72.869
2133,3/17/2022 18:00,72.955
2134,3/17/2022 18:15,72.869
2135,3/17/2022 18:30,72.61
2136,3/17/2022 18:45,72.264
2137,3/17/2022 19:00,71.748
2138,3/17/2022 19:15,71.103
2139,3/17/2022 19:30,70.416
2140,3/17/2022 19:45,69.643
2141,3/17/2022 20:00,68.828
2142,3/17/2022 20:15,68.013
2143,3/17/2022 20:30,67.199
2144,3/17/2022 20:45,66.429
2145,3/17/2022 21:00,65.615
2146,3/17/2022 21:15,64.845
2147,3/17/2022 21:30,64.117
2148,3/17/2022 21:45,63.433
2149,3/17/2022 22:00,62.748
2150,3/17/2022 22:15,62.062
2151,3/17/2022 22:30,61.462
2152,3/17/2022 22:45,60.861
2153,3/17/2022 23:00,60.303
2154,3/17/2022 23:15,59.745
2155,3/17/2022 23:30,59.185
2156,3/17/2022 23:45,58.712
2157,3/18/2022 0:00,58.195
2158,3/18/2022 0:15,57.765
2159,3/18/2022 0:30,57.29
2160,3/18/2022 0:45,56.858
2161,3/18/2022 1:00,56.469
2162,3/18/2022 1:15,56.035
2163,3/18/2022 1:30,55.647
2164,3/18/2022 1:45,55.256
2165,3/18/2022 2:00,54.909
2166,3/18/2022 2:15,54.561
2167,3/18/2022 2:30,54.212
2168,3/18/2022 2:45,53.865
2169,3/18/2022 3:00,53.515
2170,3/18/2022 3:15,53.209
2171,3/18/2022 3:30,52.903
2172,3/18/2022 3:45,52.597
2173,3/18/2022 4:00,52.291
2174,3/18/2022 4:15,52.029
2175,3/18/2022 4:30,51.764
2176,3/18/2022 4:45,51.501
2177,3/18/2022 5:00,51.237
2178,3/18/2022 5:15,50.974
2179,3/18/2022 5:30,50.752
2180,3/18/2022 5:45,50.533
2181,3/18/2022 6:00,50.311
2182,3/18/2022 6:15,50.092
2183,3/18/2022 6:30,49.87
2184,3/18/2022 6:45,49.649
2185,3/18/2022 7:00,49.516
2186,3/18/2022 7:15,49.428
2187,3/18/2022 7:30,49.383
2188,3/18/2022 7:45,49.338
2189,3/18/2022 8:00,49.383
2190,3/18/2022 8:15,49.516
2191,3/18/2022 8:30,49.737
2192,3/18/2022 8:45,50.047
2193,3/18/2022 9:00,50.488
2194,3/18/2022 9:15,51.017
2195,3/18/2022 9:30,51.678
2196,3/18/2022 9:45,52.466
2197,3/18/2022 10:00,53.341
2198,3/18/2022 10:15,54.343
2199,3/18/2022 10:30,55.429
2200,3/18/2022 10:45,56.642
2201,3/18/2022 11:00,57.893
2202,3/18/2022 11:15,59.229
2203,3/18/2022 11:30,60.604
2204,3/18/2022 11:45,62.062
2205,3/18/2022 12:00,63.475
2206,3/18/2022 12:15,64.931
2207,3/18/2022 12:30,66.344
2208,3/18/2022 12:45,67.714
2209,3/18/2022 13:00,69.042
2210,3/18/2022 13:15,70.372
2211,3/18/2022 13:30,71.577
2212,3/18/2022 13:45,72.783
2213,3/18/2022 14:00,73.904
2214,3/18/2022 14:15,75.029
2215,3/18/2022 14:30,76.071
2216,3/18/2022 14:45,77.072
2217,3/18/2022 15:00,77.945
2218,3/18/2022 15:15,78.777
2219,3/18/2022 15:30,79.48
2220,3/18/2022 15:45,80.096
2221,3/18/2022 16:00,80.58
2222,3/18/2022 16:15,82.353
2223,3/18/2022 16:30,84.004
2224,3/18/2022 16:45,84.767
2225,3/18/2022 17:00,84.857
2226,3/18/2022 17:15,84.362
2227,3/18/2022 17:30,83.467
2228,3/18/2022 17:45,82.263
2229,3/18/2022 18:00,80.845
2230,3/18/2022 18:15,79.304
2231,3/18/2022 18:30,77.727
2232,3/18/2022 18:45,76.114
2233,3/18/2022 19:00,74.511
2234,3/18/2022 19:15,72.997
2235,3/18/2022 19:30,71.577
2236,3/18/2022 19:45,70.201
2237,3/18/2022 20:00,68.913
2238,3/18/2022 20:15,67.714
2239,3/18/2022 20:30,66.558
2240,3/18/2022 20:45,65.444
2241,3/18/2022 21:00,64.418
2242,3/18/2022 21:15,63.433
2243,3/18/2022 21:30,62.533
2244,3/18/2022 21:45,61.761
2245,3/18/2022 22:00,60.991
2246,3/18/2022 22:15,60.303
2247,3/18/2022 22:30,59.659
2248,3/18/2022 22:45,59.056
2249,3/18/2022 23:00,58.498
2250,3/18/2022 23:15,58.023
2251,3/18/2022 23:30,57.592
2252,3/18/2022 23:45,57.247
2253,3/19/2022 0:00,56.901
2254,3/19/2022 0:15,56.599
2255,3/19/2022 0:30,56.383
2256,3/19/2022 0:45,56.165
2257,3/19/2022 1:00,55.949
2258,3/19/2022 1:15,55.733
2259,3/19/2022 1:30,55.515
2260,3/19/2022 1:45,55.299
2261,3/19/2022 2:00,55.125
2262,3/19/2022 2:15,54.952
2263,3/19/2022 2:30,54.777
2264,3/19/2022 2:45,54.604
2265,3/19/2022 3:00,54.43
2266,3/19/2022 3:15,54.212
2267,3/19/2022 3:30,54.082
2268,3/19/2022 3:45,53.951
2269,3/19/2022 4:00,53.82
2270,3/19/2022 4:15,53.645
2271,3/19/2022 4:30,53.472
2272,3/19/2022 4:45,53.298
2273,3/19/2022 5:00,53.166
2274,3/19/2022 5:15,53.121
2275,3/19/2022 5:30,53.078
2276,3/19/2022 5:45,53.035
2277,3/19/2022 6:00,53.078
2278,3/19/2022 6:15,53.078
2279,3/19/2022 6:30,53.078
2280,3/19/2022 6:45,53.078
2281,3/19/2022 7:00,53.078
2282,3/19/2022 7:15,53.078
2283,3/19/2022 7:30,53.078
2284,3/19/2022 7:45,53.121
2285,3/19/2022 8:00,53.166
2286,3/19/2022 8:15,53.253
2287,3/19/2022 8:30,53.515
2288,3/19/2022 8:45,53.733
2289,3/19/2022 9:00,54.082
2290,3/19/2022 9:15,54.516
2291,3/19/2022 9:30,55.081
2292,3/19/2022 9:45,55.602
2293,3/19/2022 10:00,56.165
2294,3/19/2022 10:15,56.728
2295,3/19/2022 10:30,57.29
2296,3/19/2022 10:45,57.936
2297,3/19/2022 11:00,58.798
2298,3/19/2022 11:15,59.745
2299,3/19/2022 11:30,60.474
2300,3/19/2022 11:45,61.075
2301,3/19/2022 12:00,61.761
2302,3/19/2022 12:15,62.319
2303,3/19/2022 12:30,62.791
2304,3/19/2022 12:45,63.176
2305,3/19/2022 13:00,63.518
2306,3/19/2022 13:15,63.903
2307,3/19/2022 13:30,64.247
2308,3/19/2022 13:45,64.546
2309,3/19/2022 14:00,64.845
2310,3/19/2022 14:15,65.188
2311,3/19/2022 14:30,66.258
2312,3/19/2022 14:45,67.627
2313,3/19/2022 15:00,68.356
2314,3/19/2022 15:15,68.356
2315,3/19/2022 15:30,68.27
2316,3/19/2022 15:45,68.313
2317,3/19/2022 16:00,68.4
2318,3/19/2022 16:15,68.698
2319,3/19/2022 16:30,68.871
2320,3/19/2022 16:45,68.871
2321,3/19/2022 17:00,68.657
2322,3/19/2022 17:15,68.4
2323,3/19/2022 17:30,68.013
2324,3/19/2022 17:45,67.586
2325,3/19/2022 18:00,67.5
2326,3/19/2022 18:15,67.285
2327,3/19/2022 18:30,66.9
2328,3/19/2022 18:45,66.472
2329,3/19/2022 19:00,65.959
2330,3/19/2022 19:15,65.487
2331,3/19/2022 19:30,64.974
2332,3/19/2022 19:45,64.503
2333,3/19/2022 20:00,64.074
2334,3/19/2022 20:15,63.689
2335,3/19/2022 20:30,63.262
2336,3/19/2022 20:45,62.834
2337,3/19/2022 21:00,62.319
2338,3/19/2022 21:15,61.761
2339,3/19/2022 21:30,61.205
2340,3/19/2022 21:45,60.647
2341,3/19/2022 22:00,60.089
2342,3/19/2022 22:15,59.572
2343,3/19/2022 22:30,59.056
2344,3/19/2022 22:45,58.541
2345,3/19/2022 23:00,58.066
2346,3/19/2022 23:15,57.592
2347,3/19/2022 23:30,57.16
2348,3/19/2022 23:45,56.728
2349,3/20/2022 0:00,56.295
2350,3/20/2022 0:15,55.863
2351,3/20/2022 0:30,55.429
2352,3/20/2022 0:45,55.081
2353,3/20/2022 1:00,54.691
2354,3/20/2022 1:15,54.343
2355,3/20/2022 1:30,53.994
2356,3/20/2022 1:45,53.645
2357,3/20/2022 2:00,53.298
2358,3/20/2022 2:15,52.992
2359,3/20/2022 2:30,52.686
2360,3/20/2022 2:45,52.335
2361,3/20/2022 3:00,52.029
2362,3/20/2022 3:15,51.721
2363,3/20/2022 3:30,51.413
2364,3/20/2022 3:45,51.105
2365,3/20/2022 4:00,50.841
2366,3/20/2022 4:15,50.576
2367,3/20/2022 4:30,50.268
2368,3/20/2022 4:45,50.002
2369,3/20/2022 5:00,49.737
2370,3/20/2022 5:15,49.428
2371,3/20/2022 5:30,49.161
2372,3/20/2022 5:45,48.85
2373,3/20/2022 6:00,48.538
2374,3/20/2022 6:15,48.227
2375,3/20/2022 6:30,47.914
2376,3/20/2022 6:45,47.647
2377,3/20/2022 7:00,47.512
2378,3/20/2022 7:15,47.467
2379,3/20/2022 7:30,47.512
2380,3/20/2022 7:45,47.691
2381,3/20/2022 8:00,47.959
2382,3/20/2022 8:15,48.315
2383,3/20/2022 8:30,48.762
2384,3/20/2022 8:45,49.338
2385,3/20/2022 9:00,50.092
2386,3/20/2022 9:15,50.929
2387,3/20/2022 9:30,51.94
2388,3/20/2022 9:45,53.078
2389,3/20/2022 10:00,54.343
2390,3/20/2022 10:15,55.733
2391,3/20/2022 10:30,57.247
2392,3/20/2022 10:45,58.798
2393,3/20/2022 11:00,60.474
2394,3/20/2022 11:15,62.233
2395,3/20/2022 11:30,63.99
2396,3/20/2022 11:45,65.788
2397,3/20/2022 12:00,67.586
2398,3/20/2022 12:15,69.343
2399,3/20/2022 12:30,71.103
2400,3/20/2022 12:45,72.783
2401,3/20/2022 13:00,74.467
2402,3/20/2022 13:15,76.114
2403,3/20/2022 13:30,77.684
2404,3/20/2022 13:45,79.173
2405,3/20/2022 14:00,80.58
2406,3/20/2022 14:15,81.819
2407,3/20/2022 14:30,82.976
2408,3/20/2022 14:45,84.004
2409,3/20/2022 15:00,84.857
2410,3/20/2022 15:15,85.622
2411,3/20/2022 15:30,86.211
2412,3/20/2022 15:45,86.664
2413,3/20/2022 16:00,86.981
2414,3/20/2022 16:15,87.163
2415,3/20/2022 16:30,87.21
2416,3/20/2022 16:45,87.073
2417,3/20/2022 17:00,86.754
2418,3/20/2022 17:15,86.256
2419,3/20/2022 17:30,85.532
2420,3/20/2022 17:45,84.632
2421,3/20/2022 18:00,83.511
2422,3/20/2022 18:15,82.175
2423,3/20/2022 18:30,80.713
2424,3/20/2022 18:45,79.173
2425,3/20/2022 19:00,77.639
2426,3/20/2022 19:15,76.158
2427,3/20/2022 19:30,74.77
2428,3/20/2022 19:45,73.472
2429,3/20/2022 20:00,72.221
2430,3/20/2022 20:15,71.017
2431,3/20/2022 20:30,69.858
2432,3/20/2022 20:45,68.785
2433,3/20/2022 21:00,67.714
2434,3/20/2022 21:15,66.729
2435,3/20/2022 21:30,65.788
2436,3/20/2022 21:45,64.888
2437,3/20/2022 22:00,64.074
2438,3/20/2022 22:15,63.304
2439,3/20/2022 22:30,62.577
2440,3/20/2022 22:45,61.848
2441,3/20/2022 23:00,61.205
2442,3/20/2022 23:15,60.604
2443,3/20/2022 23:30,60.003
2444,3/20/2022 23:45,59.445
2445,3/21/2022 0:00,58.885
2446,3/21/2022 0:15,58.368
2447,3/21/2022 0:30,57.893
2448,3/21/2022 0:45,57.42
2449,3/21/2022 1:00,56.988
2450,3/21/2022 1:15,56.512
2451,3/21/2022 1:30,56.122
2452,3/21/2022 1:45,55.733
2453,3/21/2022 2:00,55.342
2454,3/21/2022 2:15,54.995
2455,3/21/2022 2:30,54.648
2456,3/21/2022 2:45,54.343
2457,3/21/2022 3:00,53.994
2458,3/21/2022 3:15,53.69
2459,3/21/2022 3:30,53.427
2460,3/21/2022 3:45,53.121
2461,3/21/2022 4:00,52.817
2462,3/21/2022 4:15,52.423
2463,3/21/2022 4:30,52.029
2464,3/21/2022 4:45,51.633
2465,3/21/2022 5:00,51.282
2466,3/21/2022 5:15,50.886
2467,3/21/2022 5:30,50.576
2468,3/21/2022 5:45,50.268
2469,3/21/2022 6:00,50.002
2470,3/21/2022 6:15,49.737
2471,3/21/2022 6:30,49.471
2472,3/21/2022 6:45,49.294
2473,3/21/2022 7:00,49.204
2474,3/21/2022 7:15,49.249
2475,3/21/2022 7:30,49.338
2476,3/21/2022 7:45,49.561
2477,3/21/2022 8:00,49.87
2478,3/21/2022 8:15,50.311
2479,3/21/2022 8:30,50.929
2480,3/21/2022 8:45,51.678
2481,3/21/2022 9:00,52.554
2482,3/21/2022 9:15,53.559
2483,3/21/2022 9:30,54.691
2484,3/21/2022 9:45,55.992
2485,3/21/2022 10:00,57.42
2486,3/21/2022 10:15,58.971
2487,3/21/2022 10:30,60.604
2488,3/21/2022 10:45,62.319
2489,3/21/2022 11:00,64.074
2490,3/21/2022 11:15,65.916
2491,3/21/2022 11:30,67.798
2492,3/21/2022 11:45,69.685
2493,3/21/2022 12:00,71.577
2494,3/21/2022 12:15,73.429
2495,3/21/2022 12:30,75.204
2496,3/21/2022 12:45,76.899
2497,3/21/2022 13:00,78.559
2498,3/21/2022 13:15,80.184
2499,3/21/2022 13:30,81.687
2500,3/21/2022 13:45,83.154
2501,3/21/2022 14:00,84.497
2502,3/21/2022 14:15,85.712
2503,3/21/2022 14:30,86.844
2504,3/21/2022 14:45,87.802
2505,3/21/2022 15:00,88.718
2506,3/21/2022 15:15,89.454
2507,3/21/2022 15:30,90.1
2508,3/21/2022 15:45,90.565
2509,3/21/2022 16:00,90.936
2510,3/21/2022 16:15,91.123
2511,3/21/2022 16:30,91.17
2512,3/21/2022 16:45,91.029
2513,3/21/2022 17:00,90.797
2514,3/21/2022 17:15,90.471
2515,3/21/2022 17:30,89.962
2516,3/21/2022 17:45,89.316
2517,3/21/2022 18:00,88.488
2518,3/21/2022 18:15,87.483
2519,3/21/2022 18:30,86.301
2520,3/21/2022 18:45,85.035
2521,3/21/2022 19:00,83.646
2522,3/21/2022 19:15,82.218
2523,3/21/2022 19:30,80.845
2524,3/21/2022 19:45,79.524
2525,3/21/2022 20:00,78.296
2526,3/21/2022 20:15,77.117
2527,3/21/2022 20:30,75.985
2528,3/21/2022 20:45,74.943
2529,3/21/2022 21:00,73.904
2530,3/21/2022 21:15,72.955
2531,3/21/2022 21:30,72.007
2532,3/21/2022 21:45,71.103
2533,3/21/2022 22:00,70.286
2534,3/21/2022 22:15,69.471
2535,3/21/2022 22:30,68.698
2536,3/21/2022 22:45,67.971
2537,3/21/2022 23:00,67.329
2538,3/21/2022 23:15,66.686
2539,3/21/2022 23:30,66.043
2540,3/21/2022 23:45,65.487
2541,3/22/2022 0:00,64.974
2542,3/22/2022 0:15,64.418
2543,3/22/2022 0:30,63.946
2544,3/22/2022 0:45,63.433
2545,3/22/2022 1:00,63.005
2546,3/22/2022 1:15,62.533
2547,3/22/2022 1:30,62.105
2548,3/22/2022 1:45,61.677
2549,3/22/2022 2:00,61.29
2550,3/22/2022 2:15,60.904
2551,3/22/2022 2:30,60.517
2552,3/22/2022 2:45,60.174
2553,3/22/2022 3:00,59.83
2554,3/22/2022 3:15,59.529
2555,3/22/2022 3:30,59.185
2556,3/22/2022 3:45,58.885
2557,3/22/2022 4:00,58.582
2558,3/22/2022 4:15,58.282
2559,3/22/2022 4:30,57.893
2560,3/22/2022 4:45,57.506
2561,3/22/2022 5:00,57.16
2562,3/22/2022 5:15,56.772
2563,3/22/2022 5:30,56.426
2564,3/22/2022 5:45,56.079
2565,3/22/2022 6:00,55.776
2566,3/22/2022 6:15,55.515
2567,3/22/2022 6:30,55.256
2568,3/22/2022 6:45,54.995
2569,3/22/2022 7:00,54.865
2570,3/22/2022 7:15,54.82
2571,3/22/2022 7:30,54.909
2572,3/22/2022 7:45,55.168
2573,3/22/2022 8:00,55.558
2574,3/22/2022 8:15,56.079
2575,3/22/2022 8:30,56.772
2576,3/22/2022 8:45,57.636
2577,3/22/2022 9:00,58.669
2578,3/22/2022 9:15,59.83
2579,3/22/2022 9:30,61.119
2580,3/22/2022 9:45,62.62
2581,3/22/2022 10:00,64.288
2582,3/22/2022 10:15,66.087
2583,3/22/2022 10:30,67.971
2584,3/22/2022 10:45,69.901
2585,3/22/2022 11:00,71.92
2586,3/22/2022 11:15,73.99
2587,3/22/2022 11:30,76.071
2588,3/22/2022 11:45,78.165
2589,3/22/2022 12:00,80.184
2590,3/22/2022 12:15,82.218
2591,3/22/2022 12:30,84.182
2592,3/22/2022 12:45,86.029
2593,3/22/2022 13:00,86.981
2594,3/22/2022 13:15,87.163
2595,3/22/2022 13:30,87.391
2596,3/22/2022 13:45,87.62
2597,3/22/2022 14:00,87.802
2598,3/22/2022 14:15,87.802
2599,3/22/2022 14:30,87.665
2600,3/22/2022 14:45,87.391
2601,3/22/2022 15:00,86.256
2602,3/22/2022 15:15,85.082
2603,3/22/2022 15:30,84.722
2604,3/22/2022 15:45,84.857
2605,3/22/2022 16:00,85.262
2606,3/22/2022 16:15,85.849
2607,3/22/2022 16:30,86.437
2608,3/22/2022 16:45,86.936
2609,3/22/2022 17:00,87.391
2610,3/22/2022 17:15,87.71
2611,3/22/2022 17:30,87.939
2612,3/22/2022 17:45,87.939
2613,3/22/2022 18:00,87.62
2614,3/22/2022 18:15,86.981
2615,3/22/2022 18:30,86.074
2616,3/22/2022 18:45,84.99
2617,3/22/2022 19:00,83.779
2618,3/22/2022 19:15,82.53
2619,3/22/2022 19:30,81.244
2620,3/22/2022 19:45,80.008
2621,3/22/2022 20:00,78.733
2622,3/22/2022 20:15,77.509
2623,3/22/2022 20:30,76.332
2624,3/22/2022 20:45,75.16
2625,3/22/2022 21:00,74.034
2626,3/22/2022 21:15,72.955
2627,3/22/2022 21:30,71.92
2628,3/22/2022 21:45,70.93
2629,3/22/2022 22:00,69.942
2630,3/22/2022 22:15,69.042
2631,3/22/2022 22:30,68.142
2632,3/22/2022 22:45,67.329
2633,3/22/2022 23:00,66.558
2634,3/22/2022 23:15,65.872
2635,3/22/2022 23:30,65.23
2636,3/22/2022 23:45,64.632
2637,3/23/2022 0:00,64.074
2638,3/23/2022 0:15,63.518
2639,3/23/2022 0:30,62.962
2640,3/23/2022 0:45,62.447
2641,3/23/2022 1:00,61.977
2642,3/23/2022 1:15,61.506
2643,3/23/2022 1:30,61.032
2644,3/23/2022 1:45,60.604
2645,3/23/2022 2:00,60.174
2646,3/23/2022 2:15,59.788
2647,3/23/2022 2:30,59.401
2648,3/23/2022 2:45,59.056
2649,3/23/2022 3:00,58.712
2650,3/23/2022 3:15,58.411
2651,3/23/2022 3:30,58.152
2652,3/23/2022 3:45,57.936
2653,3/23/2022 4:00,57.722
2654,3/23/2022 4:15,57.506
2655,3/23/2022 4:30,57.333
2656,3/23/2022 4:45,57.16
2657,3/23/2022 5:00,56.988
2658,3/23/2022 5:15,56.858
2659,3/23/2022 5:30,56.728
2660,3/23/2022 5:45,56.599
2661,3/23/2022 6:00,56.469
2662,3/23/2022 6:15,56.34
2663,3/23/2022 6:30,56.208
2664,3/23/2022 6:45,56.122
2665,3/23/2022 7:00,56.035
2666,3/23/2022 7:15,55.992
2667,3/23/2022 7:30,55.992
2668,3/23/2022 7:45,56.035
2669,3/23/2022 8:00,56.122
2670,3/23/2022 8:15,56.295
2671,3/23/2022 8:30,56.469
2672,3/23/2022 8:45,56.772
2673,3/23/2022 9:00,57.117
2674,3/23/2022 9:15,57.506
2675,3/23/2022 9:30,57.936
2676,3/23/2022 9:45,58.411
2677,3/23/2022 10:00,58.928
2678,3/23/2022 10:15,59.486
2679,3/23/2022 10:30,60.174
2680,3/23/2022 10:45,60.948
2681,3/23/2022 11:00,61.934
2682,3/23/2022 11:15,62.962
2683,3/23/2022 11:30,63.604
2684,3/23/2022 11:45,64.117
2685,3/23/2022 12:00,64.674
2686,3/23/2022 12:15,65.359
2687,3/23/2022 12:30,66.385
2688,3/23/2022 12:45,67.714
2689,3/23/2022 13:00,69.085
2690,3/23/2022 13:15,70.115
2691,3/23/2022 13:30,71.103
2692,3/23/2022 13:45,72.136
2693,3/23/2022 14:00,73.17
2694,3/23/2022 14:15,74.206
2695,3/23/2022 14:30,75.204
2696,3/23/2022 14:45,76.071
2697,3/23/2022 15:00,76.899
2698,3/23/2022 15:15,77.639
2699,3/23/2022 15:30,78.251
2700,3/23/2022 15:45,78.822
2701,3/23/2022 16:00,79.347
2702,3/23/2022 16:15,79.788
2703,3/23/2022 16:30,80.184
2704,3/23/2022 16:45,80.449
2705,3/23/2022 17:00,80.668
2706,3/23/2022 17:15,80.802
2707,3/23/2022 17:30,80.272
2708,3/23/2022 17:45,79.876
2709,3/23/2022 18:00,79.655
2710,3/23/2022 18:15,79.48
2711,3/23/2022 18:30,79.216
2712,3/23/2022 18:45,78.733
2713,3/23/2022 19:00,78.121
2714,3/23/2022 19:15,77.421
2715,3/23/2022 19:30,76.636
2716,3/23/2022 19:45,75.767
2717,3/23/2022 20:00,74.813
2718,3/23/2022 20:15,73.861
2719,3/23/2022 20:30,72.869
2720,3/23/2022 20:45,71.877
2721,3/23/2022 21:00,70.93
2722,3/23/2022 21:15,69.985
2723,3/23/2022 21:30,69.129
2724,3/23/2022 21:45,68.27
2725,3/23/2022 22:00,67.5
2726,3/23/2022 22:15,66.729
2727,3/23/2022 22:30,66
2728,3/23/2022 22:45,65.273
2729,3/23/2022 23:00,64.589
2730,3/23/2022 23:15,63.946
2731,3/23/2022 23:30,63.304
2732,3/23/2022 23:45,62.704
2733,3/24/2022 0:00,62.148
2734,3/24/2022 0:15,61.633
2735,3/24/2022 0:30,61.119
2736,3/24/2022 0:45,60.604
2737,3/24/2022 1:00,60.174
2738,3/24/2022 1:15,59.745
2739,3/24/2022 1:30,59.315
2740,3/24/2022 1:45,58.928
2741,3/24/2022 2:00,58.582
2742,3/24/2022 2:15,58.239
2743,3/24/2022 2:30,57.893
2744,3/24/2022 2:45,57.549
2745,3/24/2022 3:00,57.204
2746,3/24/2022 3:15,56.901
2747,3/24/2022 3:30,56.556
2748,3/24/2022 3:45,56.208
2749,3/24/2022 4:00,55.863
2750,3/24/2022 4:15,55.429
2751,3/24/2022 4:30,55.081
2752,3/24/2022 4:45,54.691
2753,3/24/2022 5:00,54.343
2754,3/24/2022 5:15,53.994
2755,3/24/2022 5:30,53.69
2756,3/24/2022 5:45,53.384
2757,3/24/2022 6:00,53.078
2758,3/24/2022 6:15,52.817
2759,3/24/2022 6:30,52.554
2760,3/24/2022 6:45,52.378
2761,3/24/2022 7:00,52.203
2762,3/24/2022 7:15,52.072
2763,3/24/2022 7:30,52.029
2764,3/24/2022 7:45,52.072
2765,3/24/2022 8:00,52.246
2766,3/24/2022 8:15,52.466
2767,3/24/2022 8:30,52.817
2768,3/24/2022 8:45,53.298
2769,3/24/2022 9:00,53.908
2770,3/24/2022 9:15,54.648
2771,3/24/2022 9:30,56.295
2772,3/24/2022 9:45,59.272
2773,3/24/2022 10:00,61.462
2774,3/24/2022 10:15,63.262
2775,3/24/2022 10:30,64.845
2776,3/24/2022 10:45,66.344
2777,3/24/2022 11:00,67.842
2778,3/24/2022 11:15,69.343
2779,3/24/2022 11:30,70.846
2780,3/24/2022 11:45,72.351
2781,3/24/2022 12:00,73.602
2782,3/24/2022 12:15,74.77
2783,3/24/2022 12:30,76.246
2784,3/24/2022 12:45,77.684
2785,3/24/2022 13:00,78.69
2786,3/24/2022 13:15,79.347
2787,3/24/2022 13:30,79.876
2788,3/24/2022 13:45,80.404
2789,3/24/2022 14:00,80.978
2790,3/24/2022 14:15,81.554
2791,3/24/2022 14:30,82.175
2792,3/24/2022 14:45,82.753
2793,3/24/2022 15:00,83.332
2794,3/24/2022 15:15,83.869
2795,3/24/2022 15:30,84.362
2796,3/24/2022 15:45,84.767
2797,3/24/2022 16:00,85.127
2798,3/24/2022 16:15,85.352
2799,3/24/2022 16:30,85.487
2800,3/24/2022 16:45,85.487
2801,3/24/2022 17:00,85.352
2802,3/24/2022 17:15,85.082
2803,3/24/2022 17:30,84.722
2804,3/24/2022 17:45,84.137
2805,3/24/2022 18:00,83.332
2806,3/24/2022 18:15,82.308
2807,3/24/2022 18:30,81.111
2808,3/24/2022 18:45,79.876
2809,3/24/2022 19:00,78.559
2810,3/24/2022 19:15,77.247
2811,3/24/2022 19:30,75.942
2812,3/24/2022 19:45,74.683
2813,3/24/2022 20:00,73.515
2814,3/24/2022 20:15,72.437
2815,3/24/2022 20:30,71.404
2816,3/24/2022 20:45,70.416
2817,3/24/2022 21:00,69.514
2818,3/24/2022 21:15,68.657
2819,3/24/2022 21:30,67.885
2820,3/24/2022 21:45,67.114
2821,3/24/2022 22:00,66.429
2822,3/24/2022 22:15,65.745
2823,3/24/2022 22:30,65.145
2824,3/24/2022 22:45,64.546
2825,3/24/2022 23:00,64.033
2826,3/24/2022 23:15,63.518
2827,3/24/2022 23:30,63.048
2828,3/24/2022 23:45,62.62
2829,3/25/2022 0:00,62.233
2830,3/25/2022 0:15,61.848
2831,3/25/2022 0:30,61.462
2832,3/25/2022 0:45,61.119
2833,3/25/2022 1:00,60.818
2834,3/25/2022 1:15,60.433
2835,3/25/2022 1:30,60.132
2836,3/25/2022 1:45,59.788
2837,3/25/2022 2:00,59.445
2838,3/25/2022 2:15,59.142
2839,3/25/2022 2:30,58.842
2840,3/25/2022 2:45,58.541
2841,3/25/2022 3:00,58.239
2842,3/25/2022 3:15,57.979
2843,3/25/2022 3:30,57.679
2844,3/25/2022 3:45,57.42
2845,3/25/2022 4:00,57.16
2846,3/25/2022 4:15,56.901
2847,3/25/2022 4:30,56.642
2848,3/25/2022 4:45,56.426
2849,3/25/2022 5:00,56.165
2850,3/25/2022 5:15,55.949
2851,3/25/2022 5:30,55.69
2852,3/25/2022 5:45,55.472
2853,3/25/2022 6:00,55.256
2854,3/25/2022 6:15,55.081
2855,3/25/2022 6:30,54.865
2856,3/25/2022 6:45,54.691
2857,3/25/2022 7:00,54.516
2858,3/25/2022 7:15,54.343
2859,3/25/2022 7:30,54.212
2860,3/25/2022 7:45,54.126
2861,3/25/2022 8:00,53.994
2862,3/25/2022 8:15,53.951
2863,3/25/2022 8:30,53.908
2864,3/25/2022 8:45,53.865
2865,3/25/2022 9:00,53.908
2866,3/25/2022 9:15,53.951
2867,3/25/2022 9:30,54.082
2868,3/25/2022 9:45,54.212
2869,3/25/2022 10:00,54.43
2870,3/25/2022 10:15,54.691
2871,3/25/2022 10:30,54.995
2872,3/25/2022 10:45,55.429
2873,3/25/2022 11:00,55.949
2874,3/25/2022 11:15,56.642
2875,3/25/2022 11:30,57.506
2876,3/25/2022 11:45,58.498
2877,3/25/2022 12:00,59.659
2878,3/25/2022 12:15,60.948
2879,3/25/2022 12:30,62.319
2880,3/25/2022 12:45,63.775
2881,3/25/2022 13:00,65.273
2882,3/25/2022 13:15,66.814
2883,3/25/2022 13:30,68.356
2884,3/25/2022 13:45,69.858
2885,3/25/2022 14:00,71.361
2886,3/25/2022 14:15,72.783
2887,3/25/2022 14:30,74.077
2888,3/25/2022 14:45,75.333
2889,3/25/2022 15:00,76.464
2890,3/25/2022 15:15,77.553
2891,3/25/2022 15:30,78.471
2892,3/25/2022 15:45,79.304
2893,3/25/2022 16:00,80.008
2894,3/25/2022 16:15,80.58
2895,3/25/2022 16:30,81.023
2896,3/25/2022 16:45,81.333
2897,3/25/2022 17:00,81.466
2898,3/25/2022 17:15,81.509
2899,3/25/2022 17:30,81.376
2900,3/25/2022 17:45,81.111
2901,3/25/2022 18:00,80.668
2902,3/25/2022 18:15,80.051
2903,3/25/2022 18:30,79.216
2904,3/25/2022 18:45,78.251
2905,3/25/2022 19:00,77.203
2906,3/25/2022 19:15,76.071
2907,3/25/2022 19:30,74.899
2908,3/25/2022 19:45,73.731
2909,3/25/2022 20:00,72.567
2910,3/25/2022 20:15,71.404
2911,3/25/2022 20:30,70.329
2912,3/25/2022 20:45,69.256
2913,3/25/2022 21:00,68.27
2914,3/25/2022 21:15,67.285
2915,3/25/2022 21:30,66.344
2916,3/25/2022 21:45,65.487
2917,3/25/2022 22:00,64.632
2918,3/25/2022 22:15,63.862
2919,3/25/2022 22:30,63.133
2920,3/25/2022 22:45,62.447
2921,3/25/2022 23:00,61.761
2922,3/25/2022 23:15,61.162
2923,3/25/2022 23:30,60.561
2924,3/25/2022 23:45,60.003
2925,3/26/2022 0:00,59.486
2926,3/26/2022 0:15,58.971
2927,3/26/2022 0:30,58.498
2928,3/26/2022 0:45,58.066
2929,3/26/2022 1:00,57.679
2930,3/26/2022 1:15,57.29
2931,3/26/2022 1:30,56.901
2932,3/26/2022 1:45,56.599
2933,3/26/2022 2:00,56.295
2934,3/26/2022 2:15,55.992
2935,3/26/2022 2:30,55.69
2936,3/26/2022 2:45,55.429
2937,3/26/2022 3:00,55.168
2938,3/26/2022 3:15,54.865
2939,3/26/2022 3:30,54.561
2940,3/26/2022 3:45,54.255
2941,3/26/2022 4:00,53.908
2942,3/26/2022 4:15,53.559
2943,3/26/2022 4:30,53.253
2944,3/26/2022 4:45,52.903
2945,3/26/2022 5:00,52.597
2946,3/26/2022 5:15,52.291
2947,3/26/2022 5:30,52.029
2948,3/26/2022 5:45,51.721
2949,3/26/2022 6:00,51.458
2950,3/26/2022 6:15,51.193
2951,3/26/2022 6:30,50.974
2952,3/26/2022 6:45,50.752
2953,3/26/2022 7:00,50.621
2954,3/26/2022 7:15,50.533
2955,3/26/2022 7:30,50.488
2956,3/26/2022 7:45,50.533
2957,3/26/2022 8:00,50.664
2958,3/26/2022 8:15,50.841
2959,3/26/2022 8:30,51.062
2960,3/26/2022 8:45,51.37
2961,3/26/2022 9:00,51.678
2962,3/26/2022 9:15,52.115
2963,3/26/2022 9:30,52.641
2964,3/26/2022 9:45,53.298
2965,3/26/2022 10:00,54.126
2966,3/26/2022 10:15,55.081
2967,3/26/2022 10:30,56.165
2968,3/26/2022 10:45,57.42
2969,3/26/2022 11:00,58.755
2970,3/26/2022 11:15,60.174
2971,3/26/2022 11:30,61.677
2972,3/26/2022 11:45,63.176
2973,3/26/2022 12:00,64.76
2974,3/26/2022 12:15,66.385
2975,3/26/2022 12:30,67.971
2976,3/26/2022 12:45,69.557
2977,3/26/2022 13:00,71.103
2978,3/26/2022 13:15,72.61
2979,3/26/2022 13:30,74.034
2980,3/26/2022 13:45,75.42
2981,3/26/2022 14:00,76.768
2982,3/26/2022 14:15,78.033
2983,3/26/2022 14:30,79.216
2984,3/26/2022 14:45,80.316
2985,3/26/2022 15:00,81.333
2986,3/26/2022 15:15,82.218
2987,3/26/2022 15:30,83.021
2988,3/26/2022 15:45,83.646
2989,3/26/2022 16:00,84.137
2990,3/26/2022 16:15,84.497
2991,3/26/2022 16:30,84.722
2992,3/26/2022 16:45,84.767
2993,3/26/2022 17:00,84.722
2994,3/26/2022 17:15,84.542
2995,3/26/2022 17:30,84.227
2996,3/26/2022 17:45,83.779
2997,3/26/2022 18:00,83.154
2998,3/26/2022 18:15,82.353
2999,3/26/2022 18:30,81.421
3000,3/26/2022 18:45,80.316
3001,3/26/2022 19:00,79.128
3002,3/26/2022 19:15,77.902
3003,3/26/2022 19:30,76.681
3004,3/26/2022 19:45,75.463
3005,3/26/2022 20:00,74.295
3006,3/26/2022 20:15,73.17
3007,3/26/2022 20:30,72.05
3008,3/26/2022 20:45,71.017
3009,3/26/2022 21:00,70.029
3010,3/26/2022 21:15,69.042
3011,3/26/2022 21:30,68.142
3012,3/26/2022 21:45,67.285
3013,3/26/2022 22:00,66.472
3014,3/26/2022 22:15,65.658
3015,3/26/2022 22:30,64.931
3016,3/26/2022 22:45,64.247
3017,3/26/2022 23:00,63.604
3018,3/26/2022 23:15,63.005
3019,3/26/2022 23:30,62.447
3020,3/26/2022 23:45,61.891
3021,3/27/2022 0:00,61.419
3022,3/27/2022 0:15,60.948
3023,3/27/2022 0:30,60.474
3024,3/27/2022 0:45,60.089
3025,3/27/2022 1:00,59.659
3026,3/27/2022 1:15,59.315
3027,3/27/2022 1:30,59.014
3028,3/27/2022 1:45,58.755
3029,3/27/2022 2:00,58.498
3030,3/27/2022 2:15,58.325
3031,3/27/2022 2:30,58.152
3032,3/27/2022 2:45,57.979
3033,3/27/2022 3:00,57.85
3034,3/27/2022 3:15,57.679
3035,3/27/2022 3:30,57.549
3036,3/27/2022 3:45,57.42
3037,3/27/2022 4:00,57.29
3038,3/27/2022 4:15,57.16
3039,3/27/2022 4:30,56.988
3040,3/27/2022 4:45,56.901
3041,3/27/2022 5:00,56.772
3042,3/27/2022 5:15,56.642
3043,3/27/2022 5:30,56.512
3044,3/27/2022 5:45,56.426
3045,3/27/2022 6:00,56.295
3046,3/27/2022 6:15,56.208
3047,3/27/2022 6:30,56.122
3048,3/27/2022 6:45,56.035
3049,3/27/2022 7:00,55.949
3050,3/27/2022 7:15,55.863
3051,3/27/2022 7:30,55.819
3052,3/27/2022 7:45,55.819
3053,3/27/2022 8:00,55.863
3054,3/27/2022 8:15,55.949
3055,3/27/2022 8:30,56.079
3056,3/27/2022 8:45,56.295
3057,3/27/2022 9:00,56.599
3058,3/27/2022 9:15,56.944
3059,3/27/2022 9:30,57.42
3060,3/27/2022 9:45,57.936
3061,3/27/2022 10:00,58.541
3062,3/27/2022 10:15,59.185
3063,3/27/2022 10:30,59.83
3064,3/27/2022 10:45,60.561
3065,3/27/2022 11:00,61.29
3066,3/27/2022 11:15,62.019
3067,3/27/2022 11:30,62.791
3068,3/27/2022 11:45,63.561
3069,3/27/2022 12:00,64.375
3070,3/27/2022 12:15,65.188
3071,3/27/2022 12:30,65.959
3072,3/27/2022 12:45,66.729
3073,3/27/2022 13:00,67.5
3074,3/27/2022 13:15,68.185
3075,3/27/2022 13:30,68.913
3076,3/27/2022 13:45,69.557
3077,3/27/2022 14:00,70.201
3078,3/27/2022 14:15,70.887
3079,3/27/2022 14:30,71.577
3080,3/27/2022 14:45,72.307
3081,3/27/2022 15:00,72.997
3082,3/27/2022 15:15,73.645
3083,3/27/2022 15:30,74.25
3084,3/27/2022 15:45,74.77
3085,3/27/2022 16:00,75.16
3086,3/27/2022 16:15,75.463
3087,3/27/2022 16:30,75.637
3088,3/27/2022 16:45,75.681
3089,3/27/2022 17:00,75.637
3090,3/27/2022 17:15,75.463
3091,3/27/2022 17:30,75.204
3092,3/27/2022 17:45,74.856
3093,3/27/2022 18:00,74.381
3094,3/27/2022 18:15,73.861
3095,3/27/2022 18:30,73.213
3096,3/27/2022 18:45,72.523
3097,3/27/2022 19:00,71.748
3098,3/27/2022 19:15,70.93
3099,3/27/2022 19:30,70.115
3100,3/27/2022 19:45,69.3
3101,3/27/2022 20:00,68.484
3102,3/27/2022 20:15,67.671
3103,3/27/2022 20:30,66.9
3104,3/27/2022 20:45,66.173
3105,3/27/2022 21:00,65.487
3106,3/27/2022 21:15,64.803
3107,3/27/2022 21:30,64.204
3108,3/27/2022 21:45,63.604
3109,3/27/2022 22:00,63.09
3110,3/27/2022 22:15,62.577
3111,3/27/2022 22:30,62.148
3112,3/27/2022 22:45,61.72
3113,3/27/2022 23:00,61.29
3114,3/27/2022 23:15,60.948
3115,3/27/2022 23:30,60.647
3116,3/27/2022 23:45,60.346
3117,3/28/2022 0:00,60.089
3118,3/28/2022 0:15,59.788
3119,3/28/2022 0:30,59.572
3120,3/28/2022 0:45,59.315
3121,3/28/2022 1:00,59.099
3122,3/28/2022 1:15,58.885
3123,3/28/2022 1:30,58.669
3124,3/28/2022 1:45,58.498
3125,3/28/2022 2:00,58.325
3126,3/28/2022 2:15,58.195
3127,3/28/2022 2:30,58.023
3128,3/28/2022 2:45,57.893
3129,3/28/2022 3:00,57.722
3130,3/28/2022 3:15,57.592
3131,3/28/2022 3:30,57.42
3132,3/28/2022 3:45,57.247
3133,3/28/2022 4:00,57.074
3134,3/28/2022 4:15,56.901
3135,3/28/2022 4:30,56.728
3136,3/28/2022 4:45,56.512
3137,3/28/2022 5:00,56.295
3138,3/28/2022 5:15,56.122
3139,3/28/2022 5:30,55.906
3140,3/28/2022 5:45,55.733
3141,3/28/2022 6:00,55.515
3142,3/28/2022 6:15,55.342
3143,3/28/2022 6:30,55.125
3144,3/28/2022 6:45,54.909
3145,3/28/2022 7:00,54.777
3146,3/28/2022 7:15,54.648
3147,3/28/2022 7:30,54.561
3148,3/28/2022 7:45,54.516
3149,3/28/2022 8:00,54.516
3150,3/28/2022 8:15,54.777
3151,3/28/2022 8:30,55.125
3152,3/28/2022 8:45,55.429
3153,3/28/2022 9:00,55.647
3154,3/28/2022 9:15,56.426
3155,3/28/2022 9:30,57.549
3156,3/28/2022 9:45,58.755
3157,3/28/2022 10:00,60.003
3158,3/28/2022 10:15,61.248
3159,3/28/2022 10:30,62.406
3160,3/28/2022 10:45,63.518
3161,3/28/2022 11:00,64.632
3162,3/28/2022 11:15,65.788
3163,3/28/2022 11:30,66.9
3164,3/28/2022 11:45,67.842
3165,3/28/2022 12:00,68.657
3166,3/28/2022 12:15,69.3
3167,3/28/2022 12:30,69.985
3168,3/28/2022 12:45,70.716
3169,3/28/2022 13:00,71.49
3170,3/28/2022 13:15,72.394
3171,3/28/2022 13:30,73.299
3172,3/28/2022 13:45,74.25
3173,3/28/2022 14:00,74.986
3174,3/28/2022 14:15,75.594
3175,3/28/2022 14:30,76.246
3176,3/28/2022 14:45,76.942
3177,3/28/2022 15:00,77.421
3178,3/28/2022 15:15,77.684
3179,3/28/2022 15:30,78.076
3180,3/28/2022 15:45,78.514
3181,3/28/2022 16:00,78.865
3182,3/28/2022 16:15,79.041
3183,3/28/2022 16:30,79.128
3184,3/28/2022 16:45,78.996
3185,3/28/2022 17:00,78.471
3186,3/28/2022 17:15,77.945
3187,3/28/2022 17:30,77.464
3188,3/28/2022 17:45,77.029
3189,3/28/2022 18:00,76.507
3190,3/28/2022 18:15,75.898
3191,3/28/2022 18:30,75.16
3192,3/28/2022 18:45,74.424
3193,3/28/2022 19:00,73.602
3194,3/28/2022 19:15,72.739
3195,3/28/2022 19:30,71.877
3196,3/28/2022 19:45,71.06
3197,3/28/2022 20:00,70.286
3198,3/28/2022 20:15,69.514
3199,3/28/2022 20:30,68.742
3200,3/28/2022 20:45,68.056
3201,3/28/2022 21:00,67.372
3202,3/28/2022 21:15,66.729
3203,3/28/2022 21:30,66.087
3204,3/28/2022 21:45,65.444
3205,3/28/2022 22:00,64.845
3206,3/28/2022 22:15,64.247
3207,3/28/2022 22:30,63.648
3208,3/28/2022 22:45,63.133
3209,3/28/2022 23:00,62.577
3210,3/28/2022 23:15,62.062
3211,3/28/2022 23:30,61.59
3212,3/28/2022 23:45,61.075
3213,3/29/2022 0:00,60.604
3214,3/29/2022 0:15,60.174
3215,3/29/2022 0:30,59.745
3216,3/29/2022 0:45,59.358
3217,3/29/2022 1:00,58.971
3218,3/29/2022 1:15,58.669
3219,3/29/2022 1:30,58.325
3220,3/29/2022 1:45,58.023
3221,3/29/2022 2:00,57.722
3222,3/29/2022 2:15,57.42
3223,3/29/2022 2:30,57.16
3224,3/29/2022 2:45,56.944
3225,3/29/2022 3:00,56.772
3226,3/29/2022 3:15,56.599
3227,3/29/2022 3:30,56.469
3228,3/29/2022 3:45,56.34
3229,3/29/2022 4:00,56.251
3230,3/29/2022 4:15,56.122
3231,3/29/2022 4:30,56.035
3232,3/29/2022 4:45,55.949
3233,3/29/2022 5:00,55.906
3234,3/29/2022 5:15,55.819
3235,3/29/2022 5:30,55.733
3236,3/29/2022 5:45,55.69
3237,3/29/2022 6:00,55.602
3238,3/29/2022 6:15,55.558
3239,3/29/2022 6:30,55.515
3240,3/29/2022 6:45,55.429
3241,3/29/2022 7:00,55.386
3242,3/29/2022 7:15,55.342
3243,3/29/2022 7:30,55.342
3244,3/29/2022 7:45,55.342
3245,3/29/2022 8:00,55.386
3246,3/29/2022 8:15,55.472
3247,3/29/2022 8:30,55.602
3248,3/29/2022 8:45,55.733
3249,3/29/2022 9:00,55.949
3250,3/29/2022 9:15,56.208
3251,3/29/2022 9:30,56.512
3252,3/29/2022 9:45,56.858
3253,3/29/2022 10:00,57.247
3254,3/29/2022 10:15,57.679
3255,3/29/2022 10:30,58.152
3256,3/29/2022 10:45,58.626
3257,3/29/2022 11:00,59.142
3258,3/29/2022 11:15,59.659
3259,3/29/2022 11:30,60.217
3260,3/29/2022 11:45,60.733
3261,3/29/2022 12:00,61.29
3262,3/29/2022 12:15,61.848
3263,3/29/2022 12:30,62.447
3264,3/29/2022 12:45,63.09
3265,3/29/2022 13:00,63.775
3266,3/29/2022 13:15,64.589
3267,3/29/2022 13:30,65.359
3268,3/29/2022 13:45,66.13
3269,3/29/2022 14:00,66.857
3270,3/29/2022 14:15,67.543
3271,3/29/2022 14:30,68.227
3272,3/29/2022 14:45,68.913
3273,3/29/2022 15:00,69.514
3274,3/29/2022 15:15,70.158
3275,3/29/2022 15:30,70.759
3276,3/29/2022 15:45,71.317
3277,3/29/2022 16:00,71.92
3278,3/29/2022 16:15,72.437
3279,3/29/2022 16:30,72.869
3280,3/29/2022 16:45,73.213
3281,3/29/2022 17:00,73.429
3282,3/29/2022 17:15,73.558
3283,3/29/2022 17:30,73.558
3284,3/29/2022 17:45,73.472
3285,3/29/2022 18:00,73.342
3286,3/29/2022 18:15,73.04
3287,3/29/2022 18:30,72.653
3288,3/29/2022 18:45,72.136
3289,3/29/2022 19:00,71.533
3290,3/29/2022 19:15,70.803
3291,3/29/2022 19:30,70.029
3292,3/29/2022 19:45,69.256
3293,3/29/2022 20:00,68.484
3294,3/29/2022 20:15,67.714
3295,3/29/2022 20:30,66.985
3296,3/29/2022 20:45,66.301
3297,3/29/2022 21:00,65.658
3298,3/29/2022 21:15,65.017
3299,3/29/2022 21:30,64.418
3300,3/29/2022 21:45,63.819
3301,3/29/2022 22:00,63.304
3302,3/29/2022 22:15,62.791
3303,3/29/2022 22:30,62.276
3304,3/29/2022 22:45,61.848
3305,3/29/2022 23:00,61.419
3306,3/29/2022 23:15,61.032
3307,3/29/2022 23:30,60.69
3308,3/29/2022 23:45,60.346
3309,3/30/2022 0:00,60.003
3310,3/30/2022 0:15,59.702
3311,3/30/2022 0:30,59.401
3312,3/30/2022 0:45,59.142
3313,3/30/2022 1:00,58.842
3314,3/30/2022 1:15,58.582
3315,3/30/2022 1:30,58.368
3316,3/30/2022 1:45,58.152
3317,3/30/2022 2:00,57.936
3318,3/30/2022 2:15,57.722
3319,3/30/2022 2:30,57.549
3320,3/30/2022 2:45,57.376
3321,3/30/2022 3:00,57.204
3322,3/30/2022 3:15,57.031
3323,3/30/2022 3:30,56.901
3324,3/30/2022 3:45,56.728
3325,3/30/2022 4:00,56.599
3326,3/30/2022 4:15,56.469
3327,3/30/2022 4:30,56.34
3328,3/30/2022 4:45,56.208
3329,3/30/2022 5:00,56.079
3330,3/30/2022 5:15,55.949
3331,3/30/2022 5:30,55.819
3332,3/30/2022 5:45,55.69
3333,3/30/2022 6:00,56.035
3334,3/30/2022 6:15,56.944
3335,3/30/2022 6:30,57.893
3336,3/30/2022 6:45,58.971
3337,3/30/2022 7:00,60.089
3338,3/30/2022 7:15,61.032
3339,3/30/2022 7:30,61.934
3340,3/30/2022 7:45,62.875
3341,3/30/2022 8:00,63.689
3342,3/30/2022 8:15,64.332
3343,3/30/2022 8:30,64.803
3344,3/30/2022 8:45,65.23
3345,3/30/2022 9:00,65.615
3346,3/30/2022 9:15,66
3347,3/30/2022 9:30,66.344
3348,3/30/2022 9:45,66.686
3349,3/30/2022 10:00,67.028
3350,3/30/2022 10:15,67.413
3351,3/30/2022 10:30,67.798
3352,3/30/2022 10:45,68.142
3353,3/30/2022 11:00,68.4
3354,3/30/2022 11:15,68.614
3355,3/30/2022 11:30,70.286
3356,3/30/2022 11:45,70.887
3357,3/30/2022 12:00,71.317
3358,3/30/2022 12:15,71.661
3359,3/30/2022 12:30,71.964
3360,3/30/2022 12:45,72.178
3361,3/30/2022 13:00,72.351
3362,3/30/2022 13:15,72.437
3363,3/30/2022 13:30,72.437
3364,3/30/2022 13:45,72.394
3365,3/30/2022 14:00,72.264
3366,3/30/2022 14:15,72.05
3367,3/30/2022 14:30,71.791
3368,3/30/2022 14:45,71.533
3369,3/30/2022 15:00,71.317
3370,3/30/2022 15:15,71.274
3371,3/30/2022 15:30,71.447
3372,3/30/2022 15:45,71.834
3373,3/30/2022 16:00,72.351
3374,3/30/2022 16:15,72.783
3375,3/30/2022 16:30,73.04
3376,3/30/2022 16:45,73.126
3377,3/30/2022 17:00,73.299
3378,3/30/2022 17:15,73.602
3379,3/30/2022 17:30,73.947
3380,3/30/2022 17:45,74.206
3381,3/30/2022 18:00,74.295
3382,3/30/2022 18:15,74.163
3383,3/30/2022 18:30,73.818
3384,3/30/2022 18:45,73.299
3385,3/30/2022 19:00,72.653
3386,3/30/2022 19:15,71.964
3387,3/30/2022 19:30,71.274
3388,3/30/2022 19:45,70.543
3389,3/30/2022 20:00,69.858
3390,3/30/2022 20:15,69.17
3391,3/30/2022 20:30,68.484
3392,3/30/2022 20:45,67.798
3393,3/30/2022 21:00,67.114
3394,3/30/2022 21:15,66.385
3395,3/30/2022 21:30,65.701
3396,3/30/2022 21:45,64.974
3397,3/30/2022 22:00,64.288
3398,3/30/2022 22:15,63.648
3399,3/30/2022 22:30,63.048
3400,3/30/2022 22:45,62.447
3401,3/30/2022 23:00,61.891
3402,3/30/2022 23:15,61.419
3403,3/30/2022 23:30,60.991
3404,3/30/2022 23:45,60.604
3405,3/31/2022 0:00,60.217
3406,3/31/2022 0:15,59.873
3407,3/31/2022 0:30,59.486
3408,3/31/2022 0:45,59.142
3409,3/31/2022 1:00,58.798
3410,3/31/2022 1:15,58.411
3411,3/31/2022 1:30,58.066
3412,3/31/2022 1:45,57.679
3413,3/31/2022 2:00,57.333
3414,3/31/2022 2:15,56.988
3415,3/31/2022 2:30,56.685
3416,3/31/2022 2:45,56.383
3417,3/31/2022 3:00,56.122
3418,3/31/2022 3:15,55.863
3419,3/31/2022 3:30,55.69
3420,3/31/2022 3:45,55.472
3421,3/31/2022 4:00,55.299
3422,3/31/2022 4:15,55.081
3423,3/31/2022 4:30,54.909
3424,3/31/2022 4:45,54.734
3425,3/31/2022 5:00,54.516
3426,3/31/2022 5:15,54.3
3427,3/31/2022 5:30,54.082
3428,3/31/2022 5:45,53.865
3429,3/31/2022 6:00,53.645
3430,3/31/2022 6:15,53.427
3431,3/31/2022 6:30,53.253
3432,3/31/2022 6:45,53.078
3433,3/31/2022 7:00,53.121
3434,3/31/2022 7:15,55.515
3435,3/31/2022 7:30,58.798
3436,3/31/2022 7:45,61.633
3437,3/31/2022 8:00,64.375
3438,3/31/2022 8:15,65.403
3439,3/31/2022 8:30,64.888
3440,3/31/2022 8:45,64.546
3441,3/31/2022 9:00,64.674
3442,3/31/2022 9:15,65.102
3443,3/31/2022 9:30,65.788
3444,3/31/2022 9:45,66.686
3445,3/31/2022 10:00,67.671
3446,3/31/2022 10:15,68.871
3447,3/31/2022 10:30,69.985
3448,3/31/2022 10:45,71.146
3449,3/31/2022 11:00,71.877
3450,3/31/2022 11:15,72.437
3451,3/31/2022 11:30,73.17
3452,3/31/2022 11:45,74.163
3453,3/31/2022 12:00,75.333
3454,3/31/2022 12:15,76.55
3455,3/31/2022 12:30,77.727
3456,3/31/2022 12:45,78.822
3457,3/31/2022 13:00,79.876
3458,3/31/2022 13:15,80.272
3459,3/31/2022 13:30,80.404
3460,3/31/2022 13:45,80.449
3461,3/31/2022 14:00,80.404
3462,3/31/2022 14:15,80.316
3463,3/31/2022 14:30,80.139
3464,3/31/2022 14:45,79.92
3465,3/31/2022 15:00,79.743
3466,3/31/2022 15:15,79.612
3467,3/31/2022 15:30,80.096
3468,3/31/2022 15:45,81.154
3469,3/31/2022 16:00,82.175
3470,3/31/2022 16:15,82.841
3471,3/31/2022 16:30,82.53
3472,3/31/2022 16:45,80.935
3473,3/31/2022 17:00,79.567
3474,3/31/2022 17:15,78.514
3475,3/31/2022 17:30,77.596
3476,3/31/2022 17:45,76.593
3477,3/31/2022 18:00,75.376
3478,3/31/2022 18:15,73.904
3479,3/31/2022 18:30,72.351
3480,3/31/2022 18:45,70.716
3481,3/31/2022 19:00,69.085
3482,3/31/2022 19:15,67.5
3483,3/31/2022 19:30,66
3484,3/31/2022 19:45,64.589
3485,3/31/2022 20:00,63.689
3486,3/31/2022 20:15,64.459
3487,3/31/2022 20:30,65.788
3488,3/31/2022 20:45,67.285
3489,3/31/2022 21:00,68.657
3490,3/31/2022 21:15,69.814
3491,3/31/2022 21:30,69.985
3492,3/31/2022 21:45,69.643
3493,3/31/2022 22:00,68.999
3494,3/31/2022 22:15,68.227
3495,3/31/2022 22:30,67.372
3496,3/31/2022 22:45,66.515
3497,3/31/2022 23:00,65.658
3498,3/31/2022 23:15,64.845
3499,3/31/2022 23:30,64.117
3500,3/31/2022 23:45,63.39
3501,4/1/2022 0:00,62.748
3502,4/1/2022 0:15,62.105
3503,4/1/2022 0:30,61.506
3504,4/1/2022 0:45,60.904
3505,4/1/2022 1:00,60.346
3506,4/1/2022 1:15,59.83
3507,4/1/2022 1:30,59.272
3508,4/1/2022 1:45,58.798
3509,4/1/2022 2:00,58.282
3510,4/1/2022 2:15,57.807
3511,4/1/2022 2:30,57.333
3512,4/1/2022 2:45,56.901
3513,4/1/2022 3:00,56.469
3514,4/1/2022 3:15,56.035
3515,4/1/2022 3:30,55.647
3516,4/1/2022 3:45,55.213
3517,4/1/2022 4:00,54.82
3518,4/1/2022 4:15,54.43
3519,4/1/2022 4:30,54.037
3520,4/1/2022 4:45,53.69
3521,4/1/2022 5:00,53.384
3522,4/1/2022 5:15,53.078
3523,4/1/2022 5:30,52.772
3524,4/1/2022 5:45,52.509
3525,4/1/2022 6:00,52.203
3526,4/1/2022 6:15,51.94
3527,4/1/2022 6:30,51.764
3528,4/1/2022 6:45,51.678
3529,4/1/2022 7:00,51.721
3530,4/1/2022 7:15,51.94
3531,4/1/2022 7:30,52.378
3532,4/1/2022 7:45,52.947
3533,4/1/2022 8:00,53.69
3534,4/1/2022 8:15,54.561
3535,4/1/2022 8:30,55.515
3536,4/1/2022 8:45,56.599
3537,4/1/2022 9:00,57.807
3538,4/1/2022 9:15,59.185
3539,4/1/2022 9:30,60.69
3540,4/1/2022 9:45,62.276
3541,4/1/2022 10:00,63.946
3542,4/1/2022 10:15,65.658
3543,4/1/2022 10:30,67.413
3544,4/1/2022 10:45,69.213
3545,4/1/2022 11:00,71.017
3546,4/1/2022 11:15,72.783
3547,4/1/2022 11:30,73.083
3548,4/1/2022 11:45,75.247
3549,4/1/2022 12:00,76.725
3550,4/1/2022 12:15,77.378
3551,4/1/2022 12:30,78.165
3552,4/1/2022 12:45,78.165
3553,4/1/2022 13:00,75.029
3554,4/1/2022 13:15,74.034
3555,4/1/2022 13:30,74.12
3556,4/1/2022 13:45,74.467
3557,4/1/2022 14:00,75.117
3558,4/1/2022 14:15,75.767
3559,4/1/2022 14:30,76.246
3560,4/1/2022 14:45,76.55
3561,4/1/2022 15:00,76.593
3562,4/1/2022 15:15,76.419
3563,4/1/2022 15:30,76.071
3564,4/1/2022 15:45,75.551
3565,4/1/2022 16:00,75.16
3566,4/1/2022 16:15,74.813
3567,4/1/2022 16:30,74.597
3568,4/1/2022 16:45,74.381
3569,4/1/2022 17:00,74.295
3570,4/1/2022 17:15,74.295
3571,4/1/2022 17:30,74.338
3572,4/1/2022 17:45,74.338
3573,4/1/2022 18:00,74.163
3574,4/1/2022 18:15,73.731
3575,4/1/2022 18:30,73.04
3576,4/1/2022 18:45,72.221
3577,4/1/2022 19:00,71.317
3578,4/1/2022 19:15,70.459
3579,4/1/2022 19:30,69.6
3580,4/1/2022 19:45,68.614
3581,4/1/2022 20:00,67.586
3582,4/1/2022 20:15,66.6
3583,4/1/2022 20:30,65.615
3584,4/1/2022 20:45,64.674
3585,4/1/2022 21:00,63.775
3586,4/1/2022 21:15,62.875
3587,4/1/2022 21:30,62.019
3588,4/1/2022 21:45,61.205
3589,4/1/2022 22:00,60.433
3590,4/1/2022 22:15,59.873
3591,4/1/2022 22:30,61.119
3592,4/1/2022 22:45,63.005
3593,4/1/2022 23:00,65.316
3594,4/1/2022 23:15,66.258
3595,4/1/2022 23:30,66.344
3596,4/1/2022 23:45,66.043
3597,4/2/2022 0:00,65.487
3598,4/2/2022 0:15,64.845
3599,4/2/2022 0:30,64.161
3600,4/2/2022 0:45,63.475
3601,4/2/2022 1:00,62.791
3602,4/2/2022 1:15,62.105
3603,4/2/2022 1:30,61.506
3604,4/2/2022 1:45,60.904
3605,4/2/2022 2:00,60.346
3606,4/2/2022 2:15,59.83
3607,4/2/2022 2:30,59.315
3608,4/2/2022 2:45,58.842
3609,4/2/2022 3:00,58.368
3610,4/2/2022 3:15,57.936
3611,4/2/2022 3:30,57.506
3612,4/2/2022 3:45,57.117
3613,4/2/2022 4:00,56.772
3614,4/2/2022 4:15,56.426
3615,4/2/2022 4:30,56.079
3616,4/2/2022 4:45,55.776
3617,4/2/2022 5:00,55.472
3618,4/2/2022 5:15,55.168
3619,4/2/2022 5:30,54.909
3620,4/2/2022 5:45,54.604
3621,4/2/2022 6:00,54.3
3622,4/2/2022 6:15,54.037
3623,4/2/2022 6:30,53.776
3624,4/2/2022 6:45,53.602
3625,4/2/2022 7:00,53.559
3626,4/2/2022 7:15,53.69
3627,4/2/2022 7:30,53.951
3628,4/2/2022 7:45,54.3
3629,4/2/2022 8:00,54.82
3630,4/2/2022 8:15,55.472
3631,4/2/2022 8:30,56.208
3632,4/2/2022 8:45,57.074
3633,4/2/2022 9:00,58.066
3634,4/2/2022 9:15,59.185
3635,4/2/2022 9:30,60.433
3636,4/2/2022 9:45,61.761
3637,4/2/2022 10:00,63.176
3638,4/2/2022 10:15,64.632
3639,4/2/2022 10:30,66.13
3640,4/2/2022 10:45,67.671
3641,4/2/2022 11:00,69.256
3642,4/2/2022 11:15,70.887
3643,4/2/2022 11:30,72.523
3644,4/2/2022 11:45,74.077
3645,4/2/2022 12:00,75.637
3646,4/2/2022 12:15,77.16
3647,4/2/2022 12:30,78.69
3648,4/2/2022 12:45,80.139
3649,4/2/2022 13:00,81.597
3650,4/2/2022 13:15,82.976
3651,4/2/2022 13:30,84.317
3652,4/2/2022 13:45,85.532
3653,4/2/2022 14:00,86.664
3654,4/2/2022 14:15,87.71
3655,4/2/2022 14:30,88.671
3656,4/2/2022 14:45,89.499
3657,4/2/2022 15:00,90.239
3658,4/2/2022 15:15,90.844
3659,4/2/2022 15:30,91.355
3660,4/2/2022 15:45,91.729
3661,4/2/2022 16:00,92.01
3662,4/2/2022 16:15,92.104
3663,4/2/2022 16:30,92.104
3664,4/2/2022 16:45,91.963
3665,4/2/2022 17:00,91.683
3666,4/2/2022 17:15,91.308
3667,4/2/2022 17:30,90.797
3668,4/2/2022 17:45,90.147
3669,4/2/2022 18:00,89.224
3670,4/2/2022 18:15,88.122
3671,4/2/2022 18:30,86.891
3672,4/2/2022 18:45,85.487
3673,4/2/2022 19:00,84.004
3674,4/2/2022 19:15,82.486
3675,4/2/2022 19:30,80.978
3676,4/2/2022 19:45,79.524
3677,4/2/2022 20:00,78.121
3678,4/2/2022 20:15,76.811
3679,4/2/2022 20:30,75.551
3680,4/2/2022 20:45,74.424
3681,4/2/2022 21:00,73.299
3682,4/2/2022 21:15,72.264
3683,4/2/2022 21:30,71.317
3684,4/2/2022 21:45,70.372
3685,4/2/2022 22:00,69.514
3686,4/2/2022 22:15,68.698
3687,4/2/2022 22:30,67.928
3688,4/2/2022 22:45,67.199
3689,4/2/2022 23:00,66.472
3690,4/2/2022 23:15,65.788
3691,4/2/2022 23:30,65.102
3692,4/2/2022 23:45,64.503
3693,4/3/2022 0:00,63.862
3694,4/3/2022 0:15,63.262
3695,4/3/2022 0:30,62.704
3696,4/3/2022 0:45,62.148
3697,4/3/2022 1:00,61.633
3698,4/3/2022 1:15,61.119
3699,4/3/2022 1:30,60.647
3700,4/3/2022 1:45,60.174
3701,4/3/2022 2:00,59.745
3702,4/3/2022 2:15,59.315
3703,4/3/2022 2:30,58.885
3704,4/3/2022 2:45,58.498
3705,4/3/2022 3:00,58.109
3706,4/3/2022 3:15,57.679
3707,4/3/2022 3:30,57.29
3708,4/3/2022 3:45,56.901
3709,4/3/2022 4:00,56.512
3710,4/3/2022 4:15,56.122
3711,4/3/2022 4:30,55.776
3712,4/3/2022 4:45,55.429
3713,4/3/2022 5:00,55.081
3714,4/3/2022 5:15,54.734
3715,4/3/2022 5:30,54.387
3716,4/3/2022 5:45,54.037
3717,4/3/2022 6:00,53.69
3718,4/3/2022 6:15,53.384
3719,4/3/2022 6:30,53.078
3720,4/3/2022 6:45,52.903
3721,4/3/2022 7:00,52.86
3722,4/3/2022 7:15,53.035
3723,4/3/2022 7:30,53.341
3724,4/3/2022 7:45,53.776
3725,4/3/2022 8:00,54.3
3726,4/3/2022 8:15,54.995
3727,4/3/2022 8:30,55.819
3728,4/3/2022 8:45,56.815
3729,4/3/2022 9:00,57.893
3730,4/3/2022 9:15,59.142
3731,4/3/2022 9:30,60.474
3732,4/3/2022 9:45,61.934
3733,4/3/2022 10:00,63.475
3734,4/3/2022 10:15,65.102
3735,4/3/2022 10:30,66.772
3736,4/3/2022 10:45,68.484
3737,4/3/2022 11:00,70.201
3738,4/3/2022 11:15,71.92
3739,4/3/2022 11:30,73.558
3740,4/3/2022 11:45,75.204
3741,4/3/2022 12:00,76.725
3742,4/3/2022 12:15,78.208
3743,4/3/2022 12:30,79.612
3744,4/3/2022 12:45,80.935
3745,4/3/2022 13:00,82.218
3746,4/3/2022 13:15,83.422
3747,4/3/2022 13:30,84.542
3748,4/3/2022 13:45,85.622
3749,4/3/2022 14:00,86.572
3750,4/3/2022 14:15,86.572
3751,4/3/2022 14:30,83.511
3752,4/3/2022 14:45,80.757
3753,4/3/2022 15:00,78.514
3754,4/3/2022 15:15,76.854
3755,4/3/2022 15:30,76.114
3756,4/3/2022 15:45,76.332
3757,4/3/2022 16:00,77.029
3758,4/3/2022 16:15,77.815
3759,4/3/2022 16:30,78.427
3760,4/3/2022 16:45,78.69
3761,4/3/2022 17:00,78.733
3762,4/3/2022 17:15,78.514
3763,4/3/2022 17:30,78.121
3764,4/3/2022 17:45,77.553
3765,4/3/2022 18:00,76.768
3766,4/3/2022 18:15,75.81
3767,4/3/2022 18:30,74.683
3768,4/3/2022 18:45,73.515
3769,4/3/2022 19:00,72.739
3770,4/3/2022 19:15,72.783
3771,4/3/2022 19:30,73.818
3772,4/3/2022 19:45,75.117
3773,4/3/2022 20:00,75.985
3774,4/3/2022 20:15,76.028
3775,4/3/2022 20:30,75.29
3776,4/3/2022 20:45,74.25
3777,4/3/2022 21:00,73.17
3778,4/3/2022 21:15,72.05
3779,4/3/2022 21:30,71.017
3780,4/3/2022 21:45,70.029
3781,4/3/2022 22:00,69.085
3782,4/3/2022 22:15,68.227
3783,4/3/2022 22:30,67.413
3784,4/3/2022 22:45,66.643
3785,4/3/2022 23:00,65.916
3786,4/3/2022 23:15,65.188
3787,4/3/2022 23:30,64.546
3788,4/3/2022 23:45,63.903
3789,4/4/2022 0:00,63.304
3790,4/4/2022 0:15,62.704
3791,4/4/2022 0:30,62.148
3792,4/4/2022 0:45,61.547
3793,4/4/2022 1:00,61.032
3794,4/4/2022 1:15,60.517
3795,4/4/2022 1:30,60.003
3796,4/4/2022 1:45,59.529
3797,4/4/2022 2:00,59.099
3798,4/4/2022 2:15,58.626
3799,4/4/2022 2:30,58.195
3800,4/4/2022 2:45,57.765
3801,4/4/2022 3:00,57.376
3802,4/4/2022 3:15,56.988
3803,4/4/2022 3:30,56.599
3804,4/4/2022 3:45,56.251
3805,4/4/2022 4:00,55.906
3806,4/4/2022 4:15,55.602
3807,4/4/2022 4:30,55.342
3808,4/4/2022 4:45,55.081
3809,4/4/2022 5:00,54.865
3810,4/4/2022 5:15,54.648
3811,4/4/2022 5:30,54.473
3812,4/4/2022 5:45,54.3
3813,4/4/2022 6:00,54.169
3814,4/4/2022 6:15,54.037
3815,4/4/2022 6:30,53.951
3816,4/4/2022 6:45,53.951
3817,4/4/2022 7:00,53.951
3818,4/4/2022 7:15,54.126
3819,4/4/2022 7:30,54.3
3820,4/4/2022 7:45,54.604
3821,4/4/2022 8:00,54.952
3822,4/4/2022 8:15,55.386
3823,4/4/2022 8:30,55.949
3824,4/4/2022 8:45,56.599
3825,4/4/2022 9:00,57.42
3826,4/4/2022 9:15,58.368
3827,4/4/2022 9:30,59.445
3828,4/4/2022 9:45,60.69
3829,4/4/2022 10:00,62.062
3830,4/4/2022 10:15,63.475
3831,4/4/2022 10:30,64.888
3832,4/4/2022 10:45,66.643
3833,4/4/2022 11:00,68.698
3834,4/4/2022 11:15,70.286
3835,4/4/2022 11:30,71.748
3836,4/4/2022 11:45,72.696
3837,4/4/2022 12:00,73.299
3838,4/4/2022 12:15,73.904
3839,4/4/2022 12:30,74.338
3840,4/4/2022 12:45,74.683
3841,4/4/2022 13:00,75.029
3842,4/4/2022 13:15,75.376
3843,4/4/2022 13:30,75.724
3844,4/4/2022 13:45,75.898
3845,4/4/2022 14:00,75.898
3846,4/4/2022 14:15,75.767
3847,4/4/2022 14:30,75.508
3848,4/4/2022 14:45,75.029
3849,4/4/2022 15:00,74.467
3850,4/4/2022 15:15,73.818
3851,4/4/2022 15:30,72.997
3852,4/4/2022 15:45,72.093
3853,4/4/2022 16:00,71.103
3854,4/4/2022 16:15,70.072
3855,4/4/2022 16:30,69.085
3856,4/4/2022 16:45,68.099
3857,4/4/2022 17:00,67.114
3858,4/4/2022 17:15,66.344
3859,4/4/2022 17:30,68.27
3860,4/4/2022 17:45,68.27
3861,4/4/2022 18:00,67.714
3862,4/4/2022 18:15,67.028
3863,4/4/2022 18:30,66.258
3864,4/4/2022 18:45,65.444
3865,4/4/2022 19:00,64.717
3866,4/4/2022 19:15,64.033
3867,4/4/2022 19:30,63.347
3868,4/4/2022 19:45,62.704
3869,4/4/2022 20:00,62.019
3870,4/4/2022 20:15,61.419
3871,4/4/2022 20:30,62.834
3872,4/4/2022 20:45,64.332
3873,4/4/2022 21:00,65.359
3874,4/4/2022 21:15,67.028
3875,4/4/2022 21:30,68.185
3876,4/4/2022 21:45,68.443
3877,4/4/2022 22:00,68.27
3878,4/4/2022 22:15,67.798
3879,4/4/2022 22:30,67.285
3880,4/4/2022 22:45,66.643
3881,4/4/2022 23:00,66.043
3882,4/4/2022 23:15,65.444
3883,4/4/2022 23:30,64.845
3884,4/4/2022 23:45,64.247
3885,4/5/2022 0:00,63.689
3886,4/5/2022 0:15,63.176
3887,4/5/2022 0:30,62.704
3888,4/5/2022 0:45,62.233
3889,4/5/2022 1:00,61.804
3890,4/5/2022 1:15,61.376
3891,4/5/2022 1:30,60.948
3892,4/5/2022 1:45,60.604
3893,4/5/2022 2:00,60.26
3894,4/5/2022 2:15,59.873
3895,4/5/2022 2:30,59.529
3896,4/5/2022 2:45,59.142
3897,4/5/2022 3:00,58.755
3898,4/5/2022 3:15,58.411
3899,4/5/2022 3:30,58.066
3900,4/5/2022 3:45,57.679
3901,4/5/2022 4:00,57.333
3902,4/5/2022 4:15,56.988
3903,4/5/2022 4:30,56.685
3904,4/5/2022 4:45,56.34
3905,4/5/2022 5:00,56.035
3906,4/5/2022 5:15,55.69
3907,4/5/2022 5:30,55.386
3908,4/5/2022 5:45,55.081
3909,4/5/2022 6:00,54.82
3910,4/5/2022 6:15,54.561
3911,4/5/2022 6:30,54.343
3912,4/5/2022 6:45,54.212
3913,4/5/2022 7:00,54.255
3914,4/5/2022 7:15,54.43
3915,4/5/2022 7:30,54.691
3916,4/5/2022 7:45,54.995
3917,4/5/2022 8:00,55.429
3918,4/5/2022 8:15,55.949
3919,4/5/2022 8:30,56.556
3920,4/5/2022 8:45,57.29
3921,4/5/2022 9:00,58.109
3922,4/5/2022 9:15,59.056
3923,4/5/2022 9:30,60.174
3924,4/5/2022 9:45,61.333
3925,4/5/2022 10:00,62.62
3926,4/5/2022 10:15,63.99
3927,4/5/2022 10:30,65.444
3928,4/5/2022 10:45,66.943
3929,4/5/2022 11:00,68.484
3930,4/5/2022 11:15,69.985
3931,4/5/2022 11:30,71.49
3932,4/5/2022 11:45,72.912
3933,4/5/2022 12:00,74.338
3934,4/5/2022 12:15,75.681
3935,4/5/2022 12:30,77.029
3936,4/5/2022 12:45,78.251
3937,4/5/2022 13:00,79.435
3938,4/5/2022 13:15,80.58
3939,4/5/2022 13:30,81.687
3940,4/5/2022 13:45,82.708
3941,4/5/2022 14:00,83.646
3942,4/5/2022 14:15,84.542
3943,4/5/2022 14:30,85.307
3944,4/5/2022 14:45,86.029
3945,4/5/2022 15:00,86.664
3946,4/5/2022 15:15,87.21
3947,4/5/2022 15:30,87.665
3948,4/5/2022 15:45,87.985
3949,4/5/2022 16:00,88.167
3950,4/5/2022 16:15,88.259
3951,4/5/2022 16:30,88.259
3952,4/5/2022 16:45,88.122
3953,4/5/2022 17:00,87.939
3954,4/5/2022 17:15,87.62
3955,4/5/2022 17:30,87.21
3956,4/5/2022 17:45,86.617
3957,4/5/2022 18:00,85.894
3958,4/5/2022 18:15,84.99
3959,4/5/2022 18:30,83.914
3960,4/5/2022 18:45,82.753
3961,4/5/2022 19:00,81.509
3962,4/5/2022 19:15,80.272
3963,4/5/2022 19:30,79.041
3964,4/5/2022 19:45,77.77
3965,4/5/2022 20:00,76.55
3966,4/5/2022 20:15,75.42
3967,4/5/2022 20:30,74.295
3968,4/5/2022 20:45,73.256
3969,4/5/2022 21:00,72.264
3970,4/5/2022 21:15,71.317
3971,4/5/2022 21:30,70.416
3972,4/5/2022 21:45,69.557
3973,4/5/2022 22:00,68.742
3974,4/5/2022 22:15,67.971
3975,4/5/2022 22:30,67.285
3976,4/5/2022 22:45,66.558
3977,4/5/2022 23:00,65.916
3978,4/5/2022 23:15,65.23
3979,4/5/2022 23:30,64.632
3980,4/5/2022 23:45,64.033
3981,4/6/2022 0:00,63.475
3982,4/6/2022 0:15,62.919
3983,4/6/2022 0:30,62.406
3984,4/6/2022 0:45,61.891
3985,4/6/2022 1:00,61.419
3986,4/6/2022 1:15,60.948
3987,4/6/2022 1:30,60.474
3988,4/6/2022 1:45,60.046
3989,4/6/2022 2:00,59.659
3990,4/6/2022 2:15,59.229
3991,4/6/2022 2:30,58.798
3992,4/6/2022 2:45,58.455
3993,4/6/2022 3:00,58.066
3994,4/6/2022 3:15,57.679
3995,4/6/2022 3:30,57.29
3996,4/6/2022 3:45,56.858
3997,4/6/2022 4:00,56.469
3998,4/6/2022 4:15,56.079
3999,4/6/2022 4:30,55.69
4000,4/6/2022 4:45,55.342
4001,4/6/2022 5:00,54.952
4002,4/6/2022 5:15,54.604
4003,4/6/2022 5:30,54.255
4004,4/6/2022 5:45,53.951
4005,4/6/2022 6:00,53.645
4006,4/6/2022 6:15,53.384
4007,4/6/2022 6:30,53.166
4008,4/6/2022 6:45,53.078
4009,4/6/2022 7:00,53.166
4010,4/6/2022 7:15,53.298
4011,4/6/2022 7:30,53.559
4012,4/6/2022 7:45,53.951
4013,4/6/2022 8:00,54.43
4014,4/6/2022 8:15,55.081
4015,4/6/2022 8:30,55.863
4016,4/6/2022 8:45,56.772
4017,4/6/2022 9:00,57.807
4018,4/6/2022 9:15,59.014
4019,4/6/2022 9:30,60.346
4020,4/6/2022 9:45,61.848
4021,4/6/2022 10:00,63.433
4022,4/6/2022 10:15,65.102
4023,4/6/2022 10:30,66.857
4024,4/6/2022 10:45,68.657
4025,4/6/2022 11:00,70.459
4026,4/6/2022 11:15,72.48
4027,4/6/2022 11:30,74.034
4028,4/6/2022 11:45,75.029
4029,4/6/2022 12:00,75.767
4030,4/6/2022 12:15,76.464
4031,4/6/2022 12:30,77.378
4032,4/6/2022 12:45,78.121
4033,4/6/2022 13:00,78.777
4034,4/6/2022 13:15,79.612
4035,4/6/2022 13:30,80.272
4036,4/6/2022 13:45,80.757
4037,4/6/2022 14:00,81.066
4038,4/6/2022 14:15,81.244
4039,4/6/2022 14:30,81.509
4040,4/6/2022 14:45,81.687
4041,4/6/2022 15:00,81.864
4042,4/6/2022 15:15,82.13
4043,4/6/2022 15:30,83.332
4044,4/6/2022 15:45,84.227
4045,4/6/2022 16:00,84.812
4046,4/6/2022 16:15,84.632
4047,4/6/2022 16:30,82.085
4048,4/6/2022 16:45,80.139
4049,4/6/2022 17:00,78.953
4050,4/6/2022 17:15,78.559
4051,4/6/2022 17:30,78.822
4052,4/6/2022 17:45,79.392
4053,4/6/2022 18:00,80.096
4054,4/6/2022 18:15,80.404
4055,4/6/2022 18:30,80.404
4056,4/6/2022 18:45,80.184
4057,4/6/2022 19:00,79.743
4058,4/6/2022 19:15,79.173
4059,4/6/2022 19:30,78.514
4060,4/6/2022 19:45,77.815
4061,4/6/2022 20:00,77.117
4062,4/6/2022 20:15,76.332
4063,4/6/2022 20:30,75.594
4064,4/6/2022 20:45,74.856
4065,4/6/2022 21:00,74.12
4066,4/6/2022 21:15,73.429
4067,4/6/2022 21:30,72.783
4068,4/6/2022 21:45,72.178
4069,4/6/2022 22:00,71.577
4070,4/6/2022 22:15,70.974
4071,4/6/2022 22:30,70.459
4072,4/6/2022 22:45,69.901
4073,4/6/2022 23:00,69.386
4074,4/6/2022 23:15,68.913
4075,4/6/2022 23:30,68.443
4076,4/6/2022 23:45,67.971
4077,4/7/2022 0:00,67.5
4078,4/7/2022 0:15,67.028
4079,4/7/2022 0:30,66.558
4080,4/7/2022 0:45,66.13
4081,4/7/2022 1:00,65.658
4082,4/7/2022 1:15,65.23
4083,4/7/2022 1:30,64.803
4084,4/7/2022 1:45,64.375
4085,4/7/2022 2:00,63.99
4086,4/7/2022 2:15,63.604
4087,4/7/2022 2:30,63.176
4088,4/7/2022 2:45,62.791
4089,4/7/2022 3:00,62.406
4090,4/7/2022 3:15,62.062
4091,4/7/2022 3:30,61.677
4092,4/7/2022 3:45,61.333
4093,4/7/2022 4:00,60.991
4094,4/7/2022 4:15,60.647
4095,4/7/2022 4:30,60.346
4096,4/7/2022 4:45,60.046
4097,4/7/2022 5:00,59.788
4098,4/7/2022 5:15,59.529
4099,4/7/2022 5:30,59.229
4100,4/7/2022 5:45,58.971
4101,4/7/2022 6:00,58.712
4102,4/7/2022 6:15,58.498
4103,4/7/2022 6:30,58.325
4104,4/7/2022 6:45,58.282
4105,4/7/2022 7:00,58.455
4106,4/7/2022 7:15,58.755
4107,4/7/2022 7:30,59.185
4108,4/7/2022 7:45,59.702
4109,4/7/2022 8:00,60.346
4110,4/7/2022 8:15,61.119
4111,4/7/2022 8:30,62.062
4112,4/7/2022 8:45,63.09
4113,4/7/2022 9:00,64.288
4114,4/7/2022 9:15,65.574
4115,4/7/2022 9:30,67.028
4116,4/7/2022 9:45,68.614
4117,4/7/2022 10:00,70.286
4118,4/7/2022 10:15,72.093
4119,4/7/2022 10:30,73.904
4120,4/7/2022 10:45,76.071
4121,4/7/2022 11:00,77.639
4122,4/7/2022 11:15,77.99
4123,4/7/2022 11:30,78.251
4124,4/7/2022 11:45,78.645
4125,4/7/2022 12:00,79.524
4126,4/7/2022 12:15,80.802
4127,4/7/2022 12:30,82.396
4128,4/7/2022 12:45,84.137
4129,4/7/2022 13:00,85.532
4130,4/7/2022 13:15,87.028
4131,4/7/2022 13:30,88.579
4132,4/7/2022 13:45,90.147
4133,4/7/2022 14:00,91.729
4134,4/7/2022 14:15,93.281
4135,4/7/2022 14:30,94.563
4136,4/7/2022 14:45,95.518
4137,4/7/2022 15:00,96.435
4138,4/7/2022 15:15,97.306
4139,4/7/2022 15:30,98.136
4140,4/7/2022 15:45,98.823
4141,4/7/2022 16:00,99.07
4142,4/7/2022 16:15,99.514
4143,4/7/2022 16:30,100.009
4144,4/7/2022 16:45,100.508
4145,4/7/2022 17:00,100.956
4146,4/7/2022 17:15,101.307
4147,4/7/2022 17:30,101.509
4148,4/7/2022 17:45,101.107
4149,4/7/2022 18:00,98.38
4150,4/7/2022 18:15,94.991
4151,4/7/2022 18:30,92.057
4152,4/7/2022 18:45,90.009
4153,4/7/2022 19:00,88.534
4154,4/7/2022 19:15,87.483
4155,4/7/2022 19:30,86.527
4156,4/7/2022 19:45,85.622
4157,4/7/2022 20:00,84.812
4158,4/7/2022 20:15,84.049
4159,4/7/2022 20:30,83.287
4160,4/7/2022 20:45,82.53
4161,4/7/2022 21:00,81.775
4162,4/7/2022 21:15,81.023
4163,4/7/2022 21:30,80.272
4164,4/7/2022 21:45,79.567
4165,4/7/2022 22:00,78.822
4166,4/7/2022 22:15,78.165
4167,4/7/2022 22:30,77.509
4168,4/7/2022 22:45,76.854
4169,4/7/2022 23:00,76.203
4170,4/7/2022 23:15,75.551
4171,4/7/2022 23:30,74.899
4172,4/7/2022 23:45,74.25
4173,4/8/2022 0:00,73.645
4174,4/8/2022 0:15,73.04
4175,4/8/2022 0:30,72.437
4176,4/8/2022 0:45,71.877
4177,4/8/2022 1:00,71.317
4178,4/8/2022 1:15,70.759
4179,4/8/2022 1:30,70.243
4180,4/8/2022 1:45,69.728
4181,4/8/2022 2:00,69.213
4182,4/8/2022 2:15,68.742
4183,4/8/2022 2:30,68.227
4184,4/8/2022 2:45,67.757
4185,4/8/2022 3:00,67.329
4186,4/8/2022 3:15,66.9
4187,4/8/2022 3:30,66.558
4188,4/8/2022 3:45,66.214
4189,4/8/2022 4:00,65.829
4190,4/8/2022 4:15,65.487
4191,4/8/2022 4:30,65.23
4192,4/8/2022 4:45,64.974
4193,4/8/2022 5:00,64.76
4194,4/8/2022 5:15,64.459
4195,4/8/2022 5:30,64.204
4196,4/8/2022 5:45,63.946
4197,4/8/2022 6:00,63.689
4198,4/8/2022 6:15,63.347
4199,4/8/2022 6:30,63.005
4200,4/8/2022 6:45,62.791
4201,4/8/2022 7:00,62.791
4202,4/8/2022 7:15,62.919
4203,4/8/2022 7:30,63.09
4204,4/8/2022 7:45,63.347
4205,4/8/2022 8:00,63.775
4206,4/8/2022 8:15,64.288
4207,4/8/2022 8:30,64.888
4208,4/8/2022 8:45,65.615
4209,4/8/2022 9:00,66.472
4210,4/8/2022 9:15,67.456
4211,4/8/2022 9:30,68.571
4212,4/8/2022 9:45,69.771
4213,4/8/2022 10:00,71.103
4214,4/8/2022 10:15,72.48
4215,4/8/2022 10:30,73.947
4216,4/8/2022 10:45,75.551
4217,4/8/2022 11:00,77.203
4218,4/8/2022 11:15,78.296
4219,4/8/2022 11:30,78.953
4220,4/8/2022 11:45,79.7
4221,4/8/2022 12:00,80.58
4222,4/8/2022 12:15,81.642
4223,4/8/2022 12:30,82.886
4224,4/8/2022 12:45,84.227
4225,4/8/2022 13:00,85.849
4226,4/8/2022 13:15,87.62
4227,4/8/2022 13:30,89.454
4228,4/8/2022 13:45,91.216
4229,4/8/2022 14:00,92.903
4230,4/8/2022 14:15,94.419
4231,4/8/2022 14:30,95.711
4232,4/8/2022 14:45,96.87
4233,4/8/2022 15:00,97.745
4234,4/8/2022 15:15,98.429
4235,4/8/2022 15:30,98.971
4236,4/8/2022 15:45,98.773
4237,4/8/2022 16:00,95.616
4238,4/8/2022 16:15,94.419
4239,4/8/2022 16:30,93.992
4240,4/8/2022 16:45,93.897
4241,4/8/2022 17:00,93.848
4242,4/8/2022 17:15,93.659
4243,4/8/2022 17:30,93.281
4244,4/8/2022 17:45,92.574
4245,4/8/2022 18:00,91.542
4246,4/8/2022 18:15,90.194
4247,4/8/2022 18:30,88.718
4248,4/8/2022 18:45,87.118
4249,4/8/2022 19:00,85.442
4250,4/8/2022 19:15,83.824
4251,4/8/2022 19:30,82.175
4252,4/8/2022 19:45,80.625
4253,4/8/2022 20:00,79.084
4254,4/8/2022 20:15,77.639
4255,4/8/2022 20:30,76.246
4256,4/8/2022 20:45,74.943
4257,4/8/2022 21:00,73.688
4258,4/8/2022 21:15,72.48
4259,4/8/2022 21:30,71.361
4260,4/8/2022 21:45,70.286
4261,4/8/2022 22:00,69.3
4262,4/8/2022 22:15,68.356
4263,4/8/2022 22:30,67.456
4264,4/8/2022 22:45,66.6
4265,4/8/2022 23:00,65.788
4266,4/8/2022 23:15,65.059
4267,4/8/2022 23:30,64.332
4268,4/8/2022 23:45,63.648
4269,4/9/2022 0:00,62.962
4270,4/9/2022 0:15,62.319
4271,4/9/2022 0:30,61.677
4272,4/9/2022 0:45,61.075
4273,4/9/2022 1:00,60.433
4274,4/9/2022 1:15,59.873
4275,4/9/2022 1:30,59.315
4276,4/9/2022 1:45,58.798
4277,4/9/2022 2:00,58.282
4278,4/9/2022 2:15,57.679
4279,4/9/2022 2:30,57.16
4280,4/9/2022 2:45,56.599
4281,4/9/2022 3:00,56.079
4282,4/9/2022 3:15,55.602
4283,4/9/2022 3:30,55.213
4284,4/9/2022 3:45,54.865
4285,4/9/2022 4:00,54.516
4286,4/9/2022 4:15,54.169
4287,4/9/2022 4:30,53.82
4288,4/9/2022 4:45,53.472
4289,4/9/2022 5:00,53.078
4290,4/9/2022 5:15,52.686
4291,4/9/2022 5:30,52.291
4292,4/9/2022 5:45,51.895
4293,4/9/2022 6:00,51.589
4294,4/9/2022 6:15,51.282
4295,4/9/2022 6:30,51.017
4296,4/9/2022 6:45,50.752
4297,4/9/2022 7:00,50.576
4298,4/9/2022 7:15,50.445
4299,4/9/2022 7:30,50.356
4300,4/9/2022 7:45,50.311
4301,4/9/2022 8:00,50.311
4302,4/9/2022 8:15,50.4
4303,4/9/2022 8:30,50.533
4304,4/9/2022 8:45,50.709
4305,4/9/2022 9:00,50.974
4306,4/9/2022 9:15,51.37
4307,4/9/2022 9:30,51.94
4308,4/9/2022 9:45,52.729
4309,4/9/2022 10:00,53.69
4310,4/9/2022 10:15,54.909
4311,4/9/2022 10:30,56.34
4312,4/9/2022 10:45,57.936
4313,4/9/2022 11:00,59.702
4314,4/9/2022 11:15,61.633
4315,4/9/2022 11:30,63.648
4316,4/9/2022 11:45,65.658
4317,4/9/2022 12:00,67.671
4318,4/9/2022 12:15,69.6
4319,4/9/2022 12:30,71.404
4320,4/9/2022 12:45,73.213
4321,4/9/2022 13:00,74.943
4322,4/9/2022 13:15,76.593
4323,4/9/2022 13:30,78.208
4324,4/9/2022 13:45,79.524
4325,4/9/2022 14:00,79.261
4326,4/9/2022 14:15,78.865
4327,4/9/2022 14:30,78.076
4328,4/9/2022 14:45,77.203
4329,4/9/2022 15:00,76.681
4330,4/9/2022 15:15,76.899
4331,4/9/2022 15:30,77.509
4332,4/9/2022 15:45,78.339
4333,4/9/2022 16:00,79.216
4334,4/9/2022 16:15,80.096
4335,4/9/2022 16:30,80.845
4336,4/9/2022 16:45,81.509
4337,4/9/2022 17:00,82.085
4338,4/9/2022 17:15,82.53
4339,4/9/2022 17:30,82.798
4340,4/9/2022 17:45,82.976
4341,4/9/2022 18:00,82.886
4342,4/9/2022 18:15,82.575
4343,4/9/2022 18:30,82.085
4344,4/9/2022 18:45,81.421
4345,4/9/2022 19:00,80.625
4346,4/9/2022 19:15,79.743
4347,4/9/2022 19:30,78.777
4348,4/9/2022 19:45,77.77
4349,4/9/2022 20:00,76.768
4350,4/9/2022 20:15,75.767
4351,4/9/2022 20:30,74.77
4352,4/9/2022 20:45,73.904
4353,4/9/2022 21:00,73.04
4354,4/9/2022 21:15,72.221
4355,4/9/2022 21:30,71.447
4356,4/9/2022 21:45,70.716
4357,4/9/2022 22:00,69.942
4358,4/9/2022 22:15,69.256
4359,4/9/2022 22:30,68.571
4360,4/9/2022 22:45,67.885
4361,4/9/2022 23:00,67.285
4362,4/9/2022 23:15,66.686
4363,4/9/2022 23:30,66.173
4364,4/9/2022 23:45,65.658
4365,4/10/2022 0:00,65.23
4366,4/10/2022 0:15,64.931
4367,4/10/2022 0:30,64.632
4368,4/10/2022 0:45,64.332
4369,4/10/2022 1:00,63.99
4370,4/10/2022 1:15,63.648
4371,4/10/2022 1:30,63.219
4372,4/10/2022 1:45,62.834
4373,4/10/2022 2:00,62.362
4374,4/10/2022 2:15,61.934
4375,4/10/2022 2:30,61.462
4376,4/10/2022 2:45,61.075
4377,4/10/2022 3:00,60.647
4378,4/10/2022 3:15,60.26
4379,4/10/2022 3:30,59.83
4380,4/10/2022 3:45,59.445
4381,4/10/2022 4:00,59.014
4382,4/10/2022 4:15,58.626
4383,4/10/2022 4:30,58.195
4384,4/10/2022 4:45,57.807
4385,4/10/2022 5:00,57.42
4386,4/10/2022 5:15,57.074
4387,4/10/2022 5:30,56.728
4388,4/10/2022 5:45,56.426
4389,4/10/2022 6:00,56.122
4390,4/10/2022 6:15,55.906
4391,4/10/2022 6:30,55.819
4392,4/10/2022 6:45,55.863
4393,4/10/2022 7:00,55.992
4394,4/10/2022 7:15,56.251
4395,4/10/2022 7:30,56.642
4396,4/10/2022 7:45,57.074
4397,4/10/2022 8:00,57.679
4398,4/10/2022 8:15,58.325
4399,4/10/2022 8:30,59.056
4400,4/10/2022 8:45,59.916
4401,4/10/2022 9:00,60.861
4402,4/10/2022 9:15,61.934
4403,4/10/2022 9:30,63.133
4404,4/10/2022 9:45,64.375
4405,4/10/2022 10:00,65.701
4406,4/10/2022 10:15,67.114
4407,4/10/2022 10:30,68.614
4408,4/10/2022 10:45,70.158
4409,4/10/2022 11:00,71.704
4410,4/10/2022 11:15,73.256
4411,4/10/2022 11:30,74.813
4412,4/10/2022 11:45,76.332
4413,4/10/2022 12:00,77.77
4414,4/10/2022 12:15,79.128
4415,4/10/2022 12:30,80.449
4416,4/10/2022 12:45,81.597
4417,4/10/2022 13:00,82.486
4418,4/10/2022 13:15,81.997
4419,4/10/2022 13:30,81.642
4420,4/10/2022 13:45,81.554
4421,4/10/2022 14:00,81.687
4422,4/10/2022 14:15,82.13
4423,4/10/2022 14:30,82.798
4424,4/10/2022 14:45,83.646
4425,4/10/2022 15:00,84.632
4426,4/10/2022 15:15,85.577
4427,4/10/2022 15:30,86.527
4428,4/10/2022 15:45,87.436
4429,4/10/2022 16:00,88.259
4430,4/10/2022 16:15,89.04
4431,4/10/2022 16:30,89.685
4432,4/10/2022 16:45,90.239
4433,4/10/2022 17:00,90.657
4434,4/10/2022 17:15,90.844
4435,4/10/2022 17:30,90.891
4436,4/10/2022 17:45,90.703
4437,4/10/2022 18:00,90.239
4438,4/10/2022 18:15,89.407
4439,4/10/2022 18:30,88.259
4440,4/10/2022 18:45,86.074
4441,4/10/2022 19:00,83.556
4442,4/10/2022 19:15,81.154
4443,4/10/2022 19:30,78.996
4444,4/10/2022 19:45,77.029
4445,4/10/2022 20:00,75.204
4446,4/10/2022 20:15,73.515
4447,4/10/2022 20:30,72.05
4448,4/10/2022 20:45,70.673
4449,4/10/2022 21:00,69.471
4450,4/10/2022 21:15,68.356
4451,4/10/2022 21:30,67.329
4452,4/10/2022 21:45,66.344
4453,4/10/2022 22:00,65.444
4454,4/10/2022 22:15,64.632
4455,4/10/2022 22:30,63.819
4456,4/10/2022 22:45,63.09
4457,4/10/2022 23:00,62.406
4458,4/10/2022 23:15,61.761
4459,4/10/2022 23:30,61.205
4460,4/10/2022 23:45,60.69
4461,4/11/2022 0:00,60.174
4462,4/11/2022 0:15,59.659
4463,4/11/2022 0:30,59.185
4464,4/11/2022 0:45,58.712
4465,4/11/2022 1:00,58.282
4466,4/11/2022 1:15,57.893
4467,4/11/2022 1:30,57.549
4468,4/11/2022 1:45,57.247
4469,4/11/2022 2:00,56.944
4470,4/11/2022 2:15,56.685
4471,4/11/2022 2:30,56.426
4472,4/11/2022 2:45,56.165
4473,4/11/2022 3:00,55.906
4474,4/11/2022 3:15,55.647
4475,4/11/2022 3:30,55.386
4476,4/11/2022 3:45,55.213
4477,4/11/2022 4:00,55.081
4478,4/11/2022 4:15,54.909
4479,4/11/2022 4:30,54.82
4480,4/11/2022 4:45,54.691
4481,4/11/2022 5:00,54.604
4482,4/11/2022 5:15,54.516
4483,4/11/2022 5:30,54.473
4484,4/11/2022 5:45,54.387
4485,4/11/2022 6:00,54.3
4486,4/11/2022 6:15,54.255
4487,4/11/2022 6:30,54.212
4488,4/11/2022 6:45,54.255
4489,4/11/2022 7:00,56.251
4490,4/11/2022 7:15,57.807
4491,4/11/2022 7:30,58.455
4492,4/11/2022 7:45,58.712
4493,4/11/2022 8:00,58.885
4494,4/11/2022 8:15,59.272
4495,4/11/2022 8:30,60.089
4496,4/11/2022 8:45,61.162
4497,4/11/2022 9:00,62.748
4498,4/11/2022 9:15,63.946
4499,4/11/2022 9:30,64.204
4500,4/11/2022 9:45,64.204
4501,4/11/2022 10:00,64.674
4502,4/11/2022 10:15,65.316
4503,4/11/2022 10:30,67.071
4504,4/11/2022 10:45,68.956
4505,4/11/2022 11:00,72.307
4506,4/11/2022 11:15,75.463
4507,4/11/2022 11:30,77.464
4508,4/11/2022 11:45,77.727
4509,4/11/2022 12:00,77.684
4510,4/11/2022 12:15,77.292
4511,4/11/2022 12:30,77.029
4512,4/11/2022 12:45,76.681
4513,4/11/2022 13:00,76.246
4514,4/11/2022 13:15,75.724
4515,4/11/2022 13:30,75.16
4516,4/11/2022 13:45,74.554
4517,4/11/2022 14:00,73.947
4518,4/11/2022 14:15,73.342
4519,4/11/2022 14:30,72.696
4520,4/11/2022 14:45,71.62
4521,4/11/2022 15:00,71.146
4522,4/11/2022 15:15,72.567
4523,4/11/2022 15:30,74.338
4524,4/11/2022 15:45,75.551
4525,4/11/2022 16:00,76.768
4526,4/11/2022 16:15,78.033
4527,4/11/2022 16:30,78.251
4528,4/11/2022 16:45,78.121
4529,4/11/2022 17:00,77.815
4530,4/11/2022 17:15,77.464
4531,4/11/2022 17:30,77.029
4532,4/11/2022 17:45,76.419
4533,4/11/2022 18:00,75.551
4534,4/11/2022 18:15,74.424
4535,4/11/2022 18:30,73.213
4536,4/11/2022 18:45,71.92
4537,4/11/2022 19:00,70.63
4538,4/11/2022 19:15,69.343
4539,4/11/2022 19:30,68.099
4540,4/11/2022 19:45,66.857
4541,4/11/2022 20:00,65.658
4542,4/11/2022 20:15,64.503
4543,4/11/2022 20:30,63.433
4544,4/11/2022 20:45,62.406
4545,4/11/2022 21:00,61.462
4546,4/11/2022 21:15,60.517
4547,4/11/2022 21:30,59.702
4548,4/11/2022 21:45,58.885
4549,4/11/2022 22:00,58.066
4550,4/11/2022 22:15,57.333
4551,4/11/2022 22:30,56.642
4552,4/11/2022 22:45,55.949
4553,4/11/2022 23:00,55.342
4554,4/11/2022 23:15,54.734
4555,4/11/2022 23:30,54.169
4556,4/11/2022 23:45,53.602
4557,4/12/2022 0:00,53.078
4558,4/12/2022 0:15,52.597
4559,4/12/2022 0:30,52.16
4560,4/12/2022 0:45,51.764
4561,4/12/2022 1:00,51.325
4562,4/12/2022 1:15,50.974
4563,4/12/2022 1:30,50.576
4564,4/12/2022 1:45,50.223
4565,4/12/2022 2:00,49.87
4566,4/12/2022 2:15,49.561
4567,4/12/2022 2:30,49.204
4568,4/12/2022 2:45,48.895
4569,4/12/2022 3:00,48.628
4570,4/12/2022 3:15,48.36
4571,4/12/2022 3:30,48.049
4572,4/12/2022 3:45,47.826
4573,4/12/2022 4:00,47.557
4574,4/12/2022 4:15,47.289
4575,4/12/2022 4:30,47.019
4576,4/12/2022 4:45,46.796
4577,4/12/2022 5:00,46.571
4578,4/12/2022 5:15,46.391
4579,4/12/2022 5:30,46.211
4580,4/12/2022 5:45,46.076
4581,4/12/2022 6:00,45.896
4582,4/12/2022 6:15,45.806
4583,4/12/2022 6:30,45.714
4584,4/12/2022 6:45,45.714
4585,4/12/2022 7:00,45.896
4586,4/12/2022 7:15,46.301
4587,4/12/2022 7:30,46.886
4588,4/12/2022 7:45,47.602
4589,4/12/2022 8:00,48.405
4590,4/12/2022 8:15,49.338
4591,4/12/2022 8:30,50.445
4592,4/12/2022 8:45,52.335
4593,4/12/2022 9:00,54.865
4594,4/12/2022 9:15,57.592
4595,4/12/2022 9:30,60.217
4596,4/12/2022 9:45,62.148
4597,4/12/2022 10:00,64.546
4598,4/12/2022 10:15,66.643
4599,4/12/2022 10:30,68.527
4600,4/12/2022 10:45,70.329
4601,4/12/2022 11:00,72.093
4602,4/12/2022 11:15,73.774
4603,4/12/2022 11:30,75.376
4604,4/12/2022 11:45,76.811
4605,4/12/2022 12:00,78.165
4606,4/12/2022 12:15,79.392
4607,4/12/2022 12:30,80.492
4608,4/12/2022 12:45,81.554
4609,4/12/2022 13:00,82.53
4610,4/12/2022 13:15,83.332
4611,4/12/2022 13:30,83.869
4612,4/12/2022 13:45,84.317
4613,4/12/2022 14:00,84.722
4614,4/12/2022 14:15,85.082
4615,4/12/2022 14:30,85.307
4616,4/12/2022 14:45,85.622
4617,4/12/2022 15:00,85.849
4618,4/12/2022 15:15,85.984
4619,4/12/2022 15:30,85.939
4620,4/12/2022 15:45,85.802
4621,4/12/2022 16:00,85.442
4622,4/12/2022 16:15,85.035
4623,4/12/2022 16:30,84.812
4624,4/12/2022 16:45,84.677
4625,4/12/2022 17:00,84.497
4626,4/12/2022 17:15,84.272
4627,4/12/2022 17:30,83.914
4628,4/12/2022 17:45,83.422
4629,4/12/2022 18:00,82.665
4630,4/12/2022 18:15,81.509
4631,4/12/2022 18:30,79.831
4632,4/12/2022 18:45,78.382
4633,4/12/2022 19:00,77.464
4634,4/12/2022 19:15,76.942
4635,4/12/2022 19:30,76.636
4636,4/12/2022 19:45,76.028
4637,4/12/2022 20:00,74.813
4638,4/12/2022 20:15,73.386
4639,4/12/2022 20:30,71.92
4640,4/12/2022 20:45,70.459
4641,4/12/2022 21:00,69.042
4642,4/12/2022 21:15,67.714
4643,4/12/2022 21:30,66.472
4644,4/12/2022 21:45,65.316
4645,4/12/2022 22:00,64.247
4646,4/12/2022 22:15,63.262
4647,4/12/2022 22:30,62.319
4648,4/12/2022 22:45,61.462
4649,4/12/2022 23:00,60.647
4650,4/12/2022 23:15,59.873
4651,4/12/2022 23:30,59.185
4652,4/12/2022 23:45,58.498
4653,4/13/2022 0:00,57.85
4654,4/13/2022 0:15,57.247
4655,4/13/2022 0:30,56.685
4656,4/13/2022 0:45,56.165
4657,4/13/2022 1:00,55.647
4658,4/13/2022 1:15,55.168
4659,4/13/2022 1:30,54.734
4660,4/13/2022 1:45,54.255
4661,4/13/2022 2:00,53.865
4662,4/13/2022 2:15,53.472
4663,4/13/2022 2:30,53.078
4664,4/13/2022 2:45,52.729
4665,4/13/2022 3:00,52.335
4666,4/13/2022 3:15,51.984
4667,4/13/2022 3:30,51.633
4668,4/13/2022 3:45,51.282
4669,4/13/2022 4:00,50.974
4670,4/13/2022 4:15,50.709
4671,4/13/2022 4:30,50.488
4672,4/13/2022 4:45,50.268
4673,4/13/2022 5:00,50.002
4674,4/13/2022 5:15,49.825
4675,4/13/2022 5:30,49.604
4676,4/13/2022 5:45,49.428
4677,4/13/2022 6:00,49.294
4678,4/13/2022 6:15,49.161
4679,4/13/2022 6:30,49.116
4680,4/13/2022 6:45,49.116
4681,4/13/2022 7:00,49.204
4682,4/13/2022 7:15,49.383
4683,4/13/2022 7:30,49.604
4684,4/13/2022 7:45,49.959
4685,4/13/2022 8:00,50.4
4686,4/13/2022 8:15,50.886
4687,4/13/2022 8:30,51.413
4688,4/13/2022 8:45,51.94
4689,4/13/2022 9:00,52.466
4690,4/13/2022 9:15,53.078
4691,4/13/2022 9:30,53.69
4692,4/13/2022 9:45,54.3
4693,4/13/2022 10:00,55.038
4694,4/13/2022 10:15,55.863
4695,4/13/2022 10:30,56.685
4696,4/13/2022 10:45,57.506
4697,4/13/2022 11:00,58.411
4698,4/13/2022 11:15,59.315
4699,4/13/2022 11:30,60.26
4700,4/13/2022 11:45,61.29
4701,4/13/2022 12:00,62.319
4702,4/13/2022 12:15,63.304
4703,4/13/2022 12:30,64.247
4704,4/13/2022 12:45,65.23
4705,4/13/2022 13:00,66.258
4706,4/13/2022 13:15,67.372
4707,4/13/2022 13:30,68.484
4708,4/13/2022 13:45,69.6
4709,4/13/2022 14:00,70.716
4710,4/13/2022 14:15,71.834
4711,4/13/2022 14:30,72.912
4712,4/13/2022 14:45,73.861
4713,4/13/2022 15:00,74.683
4714,4/13/2022 15:15,75.376
4715,4/13/2022 15:30,75.985
4716,4/13/2022 15:45,76.507
4717,4/13/2022 16:00,76.942
4718,4/13/2022 16:15,77.292
4719,4/13/2022 16:30,77.464
4720,4/13/2022 16:45,77.509
4721,4/13/2022 17:00,77.421
4722,4/13/2022 17:15,77.247
4723,4/13/2022 17:30,76.854
4724,4/13/2022 17:45,76.375
4725,4/13/2022 18:00,75.724
4726,4/13/2022 18:15,74.943
4727,4/13/2022 18:30,74.077
4728,4/13/2022 18:45,73.083
4729,4/13/2022 19:00,72.05
4730,4/13/2022 19:15,71.017
4731,4/13/2022 19:30,69.985
4732,4/13/2022 19:45,68.999
4733,4/13/2022 20:00,68.056
4734,4/13/2022 20:15,67.158
4735,4/13/2022 20:30,66.344
4736,4/13/2022 20:45,65.53
4737,4/13/2022 21:00,64.803
4738,4/13/2022 21:15,64.117
4739,4/13/2022 21:30,63.475
4740,4/13/2022 21:45,62.919
4741,4/13/2022 22:00,62.362
4742,4/13/2022 22:15,61.848
4743,4/13/2022 22:30,61.376
4744,4/13/2022 22:45,60.948
4745,4/13/2022 23:00,60.561
4746,4/13/2022 23:15,60.217
4747,4/13/2022 23:30,59.83
4748,4/13/2022 23:45,59.486
4749,4/14/2022 0:00,59.142
4750,4/14/2022 0:15,58.798
4751,4/14/2022 0:30,58.455
4752,4/14/2022 0:45,58.109
4753,4/14/2022 1:00,57.765
4754,4/14/2022 1:15,57.463
4755,4/14/2022 1:30,57.204
4756,4/14/2022 1:45,56.944
4757,4/14/2022 2:00,56.728
4758,4/14/2022 2:15,56.512
4759,4/14/2022 2:30,56.34
4760,4/14/2022 2:45,56.208
4761,4/14/2022 3:00,56.035
4762,4/14/2022 3:15,55.863
4763,4/14/2022 3:30,55.733
4764,4/14/2022 3:45,55.602
4765,4/14/2022 4:00,55.429
4766,4/14/2022 4:15,55.299
4767,4/14/2022 4:30,55.168
4768,4/14/2022 4:45,55.038
4769,4/14/2022 5:00,54.909
4770,4/14/2022 5:15,54.82
4771,4/14/2022 5:30,54.734
4772,4/14/2022 5:45,54.648
4773,4/14/2022 6:00,54.604
4774,4/14/2022 6:15,54.561
4775,4/14/2022 6:30,54.516
4776,4/14/2022 6:45,54.516
4777,4/14/2022 7:00,54.516
4778,4/14/2022 7:15,54.516
4779,4/14/2022 7:30,54.516
4780,4/14/2022 7:45,54.516
4781,4/14/2022 8:00,54.473
4782,4/14/2022 8:15,54.473
4783,4/14/2022 8:30,54.473
4784,4/14/2022 8:45,54.516
4785,4/14/2022 9:00,54.604
4786,4/14/2022 9:15,54.734
4787,4/14/2022 9:30,54.865
4788,4/14/2022 9:45,55.038
4789,4/14/2022 10:00,55.213
4790,4/14/2022 10:15,55.429
4791,4/14/2022 10:30,55.647
4792,4/14/2022 10:45,55.949
4793,4/14/2022 11:00,56.295
4794,4/14/2022 11:15,56.642
4795,4/14/2022 11:30,57.031
4796,4/14/2022 11:45,57.42
4797,4/14/2022 12:00,57.722
4798,4/14/2022 12:15,58.023
4799,4/14/2022 12:30,58.325
4800,4/14/2022 12:45,58.582
4801,4/14/2022 13:00,58.798
4802,4/14/2022 13:15,58.971
4803,4/14/2022 13:30,59.142
4804,4/14/2022 13:45,59.445
4805,4/14/2022 14:00,59.702
4806,4/14/2022 14:15,60.003
4807,4/14/2022 14:30,60.26
4808,4/14/2022 14:45,60.561
4809,4/14/2022 15:00,60.818
4810,4/14/2022 15:15,61.032
4811,4/14/2022 15:30,61.205
4812,4/14/2022 15:45,61.333
4813,4/14/2022 16:00,61.462
4814,4/14/2022 16:15,61.506
4815,4/14/2022 16:30,61.506
4816,4/14/2022 16:45,61.462
4817,4/14/2022 17:00,61.376
4818,4/14/2022 17:15,61.29
4819,4/14/2022 17:30,61.119
4820,4/14/2022 17:45,61.248
4821,4/14/2022 18:00,61.29
4822,4/14/2022 18:15,61.248
4823,4/14/2022 18:30,61.075
4824,4/14/2022 18:45,60.904
4825,4/14/2022 19:00,60.647
4826,4/14/2022 19:15,60.39
4827,4/14/2022 19:30,60.132
4828,4/14/2022 19:45,60.433
4829,4/14/2022 20:00,60.775
4830,4/14/2022 20:15,60.904
4831,4/14/2022 20:30,60.948
4832,4/14/2022 20:45,60.904
4833,4/14/2022 21:00,60.775
4834,4/14/2022 21:15,60.604
4835,4/14/2022 21:30,60.433
4836,4/14/2022 21:45,60.217
4837,4/14/2022 22:00,60.003
4838,4/14/2022 22:15,59.788
4839,4/14/2022 22:30,59.572
4840,4/14/2022 22:45,59.401
4841,4/14/2022 23:00,59.185
4842,4/14/2022 23:15,58.971
4843,4/14/2022 23:30,58.755
4844,4/14/2022 23:45,58.541
4845,4/15/2022 0:00,58.368
4846,4/15/2022 0:15,58.152
4847,4/15/2022 0:30,57.979
4848,4/15/2022 0:45,57.765
4849,4/15/2022 1:00,57.549
4850,4/15/2022 1:15,57.29
4851,4/15/2022 1:30,57.074
4852,4/15/2022 1:45,56.858
4853,4/15/2022 2:00,56.642
4854,4/15/2022 2:15,56.383
4855,4/15/2022 2:30,56.165
4856,4/15/2022 2:45,55.949
4857,4/15/2022 3:00,55.69
4858,4/15/2022 3:15,55.429
4859,4/15/2022 3:30,55.213
4860,4/15/2022 3:45,54.995
4861,4/15/2022 4:00,54.777
4862,4/15/2022 4:15,54.561
4863,4/15/2022 4:30,54.387
4864,4/15/2022 4:45,54.169
4865,4/15/2022 5:00,53.994
4866,4/15/2022 5:15,53.82
4867,4/15/2022 5:30,53.602
4868,4/15/2022 5:45,53.384
4869,4/15/2022 6:00,53.166
4870,4/15/2022 6:15,52.947
4871,4/15/2022 6:30,52.729
4872,4/15/2022 6:45,52.554
4873,4/15/2022 7:00,52.378
4874,4/15/2022 7:15,52.246
4875,4/15/2022 7:30,52.115
4876,4/15/2022 7:45,52.072
4877,4/15/2022 8:00,52.029
4878,4/15/2022 8:15,52.029
4879,4/15/2022 8:30,52.16
4880,4/15/2022 8:45,53.121
4881,4/15/2022 9:00,54.387
4882,4/15/2022 9:15,56.122
4883,4/15/2022 9:30,57.936
4884,4/15/2022 9:45,59.616
4885,4/15/2022 10:00,60.948
4886,4/15/2022 10:15,62.233
4887,4/15/2022 10:30,63.475
4888,4/15/2022 10:45,64.76
4889,4/15/2022 11:00,65.959
4890,4/15/2022 11:15,67.158
4891,4/15/2022 11:30,68.227
4892,4/15/2022 11:45,69.256
4893,4/15/2022 12:00,70.201
4894,4/15/2022 12:15,71.06
4895,4/15/2022 12:30,71.834
4896,4/15/2022 12:45,72.523
4897,4/15/2022 13:00,73.126
4898,4/15/2022 13:15,73.731
4899,4/15/2022 13:30,74.338
4900,4/15/2022 13:45,74.856
4901,4/15/2022 14:00,75.42
4902,4/15/2022 14:15,75.898
4903,4/15/2022 14:30,76.332
4904,4/15/2022 14:45,76.768
4905,4/15/2022 15:00,77.117
4906,4/15/2022 15:15,77.378
4907,4/15/2022 15:30,77.553
4908,4/15/2022 15:45,77.727
4909,4/15/2022 16:00,77.945
4910,4/15/2022 16:15,78.165
4911,4/15/2022 16:30,78.427
4912,4/15/2022 16:45,78.602
4913,4/15/2022 17:00,78.602
4914,4/15/2022 17:15,78.382
4915,4/15/2022 17:30,78.121
4916,4/15/2022 17:45,77.815
4917,4/15/2022 18:00,77.464
4918,4/15/2022 18:15,76.986
4919,4/15/2022 18:30,76.681
4920,4/15/2022 18:45,76.811
4921,4/15/2022 19:00,76.942
4922,4/15/2022 19:15,77.072
4923,4/15/2022 19:30,76.55
4924,4/15/2022 19:45,75.637
4925,4/15/2022 20:00,74.554
4926,4/15/2022 20:15,73.472
4927,4/15/2022 20:30,72.394
4928,4/15/2022 20:45,71.361
4929,4/15/2022 21:00,70.372
4930,4/15/2022 21:15,69.471
4931,4/15/2022 21:30,68.571
4932,4/15/2022 21:45,67.714
4933,4/15/2022 22:00,66.985
4934,4/15/2022 22:15,66.301
4935,4/15/2022 22:30,65.658
4936,4/15/2022 22:45,65.102
4937,4/15/2022 23:00,64.589
4938,4/15/2022 23:15,64.161
4939,4/15/2022 23:30,63.775
4940,4/15/2022 23:45,63.39
4941,4/16/2022 0:00,63.09
4942,4/16/2022 0:15,62.748
4943,4/16/2022 0:30,62.49
4944,4/16/2022 0:45,62.233
4945,4/16/2022 1:00,62.019
4946,4/16/2022 1:15,61.804
4947,4/16/2022 1:30,61.633
4948,4/16/2022 1:45,61.462
4949,4/16/2022 2:00,61.376
4950,4/16/2022 2:15,61.205
4951,4/16/2022 2:30,61.075
4952,4/16/2022 2:45,60.904
4953,4/16/2022 3:00,60.733
4954,4/16/2022 3:15,60.517
4955,4/16/2022 3:30,60.303
4956,4/16/2022 3:45,60.046
4957,4/16/2022 4:00,59.83
4958,4/16/2022 4:15,59.616
4959,4/16/2022 4:30,59.401
4960,4/16/2022 4:45,59.185
4961,4/16/2022 5:00,58.971
4962,4/16/2022 5:15,58.798
4963,4/16/2022 5:30,58.626
4964,4/16/2022 5:45,58.455
4965,4/16/2022 6:00,58.282
4966,4/16/2022 6:15,58.152
4967,4/16/2022 6:30,58.066
4968,4/16/2022 6:45,57.979
4969,4/16/2022 7:00,57.979
4970,4/16/2022 7:15,57.979
4971,4/16/2022 7:30,57.979
4972,4/16/2022 7:45,58.023
4973,4/16/2022 8:00,58.066
4974,4/16/2022 8:15,58.195
4975,4/16/2022 8:30,58.325
4976,4/16/2022 8:45,58.541
4977,4/16/2022 9:00,59.272
4978,4/16/2022 9:15,60.604
4979,4/16/2022 9:30,62.276
4980,4/16/2022 9:45,64.161
4981,4/16/2022 10:00,66.6
4982,4/16/2022 10:15,69.085
4983,4/16/2022 10:30,71.577
4984,4/16/2022 10:45,74.034
4985,4/16/2022 11:00,76.55
4986,4/16/2022 11:15,78.865
4987,4/16/2022 11:30,80.668
4988,4/16/2022 11:45,81.687
4989,4/16/2022 12:00,81.509
4990,4/16/2022 12:15,81.376
4991,4/16/2022 12:30,81.288
4992,4/16/2022 12:45,81.597
4993,4/16/2022 13:00,82.042
4994,4/16/2022 13:15,82.441
4995,4/16/2022 13:30,82.486
4996,4/16/2022 13:45,81.864
4997,4/16/2022 14:00,80.845
4998,4/16/2022 14:15,79.788
4999,4/16/2022 14:30,78.996
5000,4/16/2022 14:45,78.559
5001,4/16/2022 15:00,78.471
5002,4/16/2022 15:15,78.602
5003,4/16/2022 15:30,78.822
5004,4/16/2022 15:45,79.128
5005,4/16/2022 16:00,79.392
5006,4/16/2022 16:15,79.567
5007,4/16/2022 16:30,79.743
5008,4/16/2022 16:45,79.788
5009,4/16/2022 17:00,79.743
5010,4/16/2022 17:15,79.612
5011,4/16/2022 17:30,79.347
5012,4/16/2022 17:45,79.041
5013,4/16/2022 18:00,78.514
5014,4/16/2022 18:15,77.815
5015,4/16/2022 18:30,76.942
5016,4/16/2022 18:45,75.942
5017,4/16/2022 19:00,74.813
5018,4/16/2022 19:15,73.602
5019,4/16/2022 19:30,72.394
5020,4/16/2022 19:45,71.19
5021,4/16/2022 20:00,70.029
5022,4/16/2022 20:15,68.871
5023,4/16/2022 20:30,67.714
5024,4/16/2022 20:45,66.558
5025,4/16/2022 21:00,65.444
5026,4/16/2022 21:15,64.375
5027,4/16/2022 21:30,63.347
5028,4/16/2022 21:45,62.406
5029,4/16/2022 22:00,61.462
5030,4/16/2022 22:15,60.604
5031,4/16/2022 22:30,59.83
5032,4/16/2022 22:45,59.056
5033,4/16/2022 23:00,58.368
5034,4/16/2022 23:15,57.679
5035,4/16/2022 23:30,57.031
5036,4/16/2022 23:45,56.383
5037,4/17/2022 0:00,55.819
5038,4/17/2022 0:15,55.256
5039,4/17/2022 0:30,54.734
5040,4/17/2022 0:45,54.212
5041,4/17/2022 1:00,53.776
5042,4/17/2022 1:15,53.298
5043,4/17/2022 1:30,52.86
5044,4/17/2022 1:45,52.423
5045,4/17/2022 2:00,52.029
5046,4/17/2022 2:15,51.633
5047,4/17/2022 2:30,51.237
5048,4/17/2022 2:45,50.886
5049,4/17/2022 3:00,50.533
5050,4/17/2022 3:15,50.18
5051,4/17/2022 3:30,49.87
5052,4/17/2022 3:45,49.604
5053,4/17/2022 4:00,49.383
5054,4/17/2022 4:15,49.161
5055,4/17/2022 4:30,48.938
5056,4/17/2022 4:45,48.717
5057,4/17/2022 5:00,48.45
5058,4/17/2022 5:15,48.227
5059,4/17/2022 5:30,48.004
5060,4/17/2022 5:45,47.736
5061,4/17/2022 6:00,47.512
5062,4/17/2022 6:15,47.334
5063,4/17/2022 6:30,47.154
5064,4/17/2022 6:45,47.064
5065,4/17/2022 7:00,47.154
5066,4/17/2022 7:15,47.377
5067,4/17/2022 7:30,47.781
5068,4/17/2022 7:45,48.227
5069,4/17/2022 8:00,48.805
5070,4/17/2022 8:15,49.471
5071,4/17/2022 8:30,50.223
5072,4/17/2022 8:45,51.062
5073,4/17/2022 9:00,52.029
5074,4/17/2022 9:15,53.078
5075,4/17/2022 9:30,54.212
5076,4/17/2022 9:45,55.429
5077,4/17/2022 10:00,56.728
5078,4/17/2022 10:15,58.066
5079,4/17/2022 10:30,59.486
5080,4/17/2022 10:45,60.948
5081,4/17/2022 11:00,62.406
5082,4/17/2022 11:15,63.862
5083,4/17/2022 11:30,65.359
5084,4/17/2022 11:45,66.9
5085,4/17/2022 12:00,68.313
5086,4/17/2022 12:15,69.557
5087,4/17/2022 12:30,70.716
5088,4/17/2022 12:45,72.05
5089,4/17/2022 13:00,73.515
5090,4/17/2022 13:15,75.117
5091,4/17/2022 13:30,76.768
5092,4/17/2022 13:45,78.427
5093,4/17/2022 14:00,80.008
5094,4/17/2022 14:15,81.509
5095,4/17/2022 14:30,82.841
5096,4/17/2022 14:45,84.004
5097,4/17/2022 15:00,84.99
5098,4/17/2022 15:15,85.712
5099,4/17/2022 15:30,86.119
5100,4/17/2022 15:45,85.307
5101,4/17/2022 16:00,84.182
5102,4/17/2022 16:15,83.377
5103,4/17/2022 16:30,82.798
5104,4/17/2022 16:45,82.353
5105,4/17/2022 17:00,81.952
5106,4/17/2022 17:15,81.597
5107,4/17/2022 17:30,81.199
5108,4/17/2022 17:45,80.713
5109,4/17/2022 18:00,80.184
5110,4/17/2022 18:15,79.392
5111,4/17/2022 18:30,78.427
5112,4/17/2022 18:45,77.335
5113,4/17/2022 19:00,76.071
5114,4/17/2022 19:15,74.813
5115,4/17/2022 19:30,73.515
5116,4/17/2022 19:45,72.221
5117,4/17/2022 20:00,70.93
5118,4/17/2022 20:15,69.685
5119,4/17/2022 20:30,68.571
5120,4/17/2022 20:45,67.5
5121,4/17/2022 21:00,66.472
5122,4/17/2022 21:15,65.444
5123,4/17/2022 21:30,64.459
5124,4/17/2022 21:45,63.518
5125,4/17/2022 22:00,62.661
5126,4/17/2022 22:15,61.804
5127,4/17/2022 22:30,60.948
5128,4/17/2022 22:45,60.174
5129,4/17/2022 23:00,59.445
5130,4/17/2022 23:15,58.755
5131,4/17/2022 23:30,58.109
5132,4/17/2022 23:45,57.506
5133,4/18/2022 0:00,56.944
5134,4/18/2022 0:15,56.383
5135,4/18/2022 0:30,55.819
5136,4/18/2022 0:45,55.342
5137,4/18/2022 1:00,54.865
5138,4/18/2022 1:15,54.387
5139,4/18/2022 1:30,53.951
5140,4/18/2022 1:45,53.559
5141,4/18/2022 2:00,53.166
5142,4/18/2022 2:15,52.729
5143,4/18/2022 2:30,52.335
5144,4/18/2022 2:45,51.984
5145,4/18/2022 3:00,51.633
5146,4/18/2022 3:15,51.325
5147,4/18/2022 3:30,51.062
5148,4/18/2022 3:45,50.797
5149,4/18/2022 4:00,50.533
5150,4/18/2022 4:15,50.268
5151,4/18/2022 4:30,50.047
5152,4/18/2022 4:45,49.825
5153,4/18/2022 5:00,49.649
5154,4/18/2022 5:15,49.471
5155,4/18/2022 5:30,49.294
5156,4/18/2022 5:45,49.161
5157,4/18/2022 6:00,49.028
5158,4/18/2022 6:15,48.895
5159,4/18/2022 6:30,48.805
5160,4/18/2022 6:45,48.805
5161,4/18/2022 7:00,48.938
5162,4/18/2022 7:15,49.204
5163,4/18/2022 7:30,49.604
5164,4/18/2022 7:45,50.092
5165,4/18/2022 8:00,50.752
5166,4/18/2022 8:15,51.501
5167,4/18/2022 8:30,52.335
5168,4/18/2022 8:45,53.298
5169,4/18/2022 9:00,54.343
5170,4/18/2022 9:15,55.472
5171,4/18/2022 9:30,56.685
5172,4/18/2022 9:45,57.893
5173,4/18/2022 10:00,59.099
5174,4/18/2022 10:15,60.39
5175,4/18/2022 10:30,61.677
5176,4/18/2022 10:45,63.048
5177,4/18/2022 11:00,64.459
5178,4/18/2022 11:15,65.916
5179,4/18/2022 11:30,67.329
5180,4/18/2022 11:45,68.657
5181,4/18/2022 12:00,70.029
5182,4/18/2022 12:15,71.361
5183,4/18/2022 12:30,72.653
5184,4/18/2022 12:45,73.947
5185,4/18/2022 13:00,75.247
5186,4/18/2022 13:15,76.464
5187,4/18/2022 13:30,77.639
5188,4/18/2022 13:45,78.777
5189,4/18/2022 14:00,79.831
5190,4/18/2022 14:15,80.89
5191,4/18/2022 14:30,81.819
5192,4/18/2022 14:45,82.665
5193,4/18/2022 15:00,83.377
5194,4/18/2022 15:15,83.914
5195,4/18/2022 15:30,84.317
5196,4/18/2022 15:45,84.497
5197,4/18/2022 16:00,84.497
5198,4/18/2022 16:15,84.317
5199,4/18/2022 16:30,84.004
5200,4/18/2022 16:45,83.556
5201,4/18/2022 17:00,82.976
5202,4/18/2022 17:15,82.353
5203,4/18/2022 17:30,81.642
5204,4/18/2022 17:45,80.978
5205,4/18/2022 18:00,80.227
5206,4/18/2022 18:15,79.48
5207,4/18/2022 18:30,78.602
5208,4/18/2022 18:45,77.639
5209,4/18/2022 19:00,76.55
5210,4/18/2022 19:15,75.463
5211,4/18/2022 19:30,74.338
5212,4/18/2022 19:45,73.299
5213,4/18/2022 20:00,72.351
5214,4/18/2022 20:15,71.447
5215,4/18/2022 20:30,70.587
5216,4/18/2022 20:45,69.814
5217,4/18/2022 21:00,69.085
5218,4/18/2022 21:15,68.4
5219,4/18/2022 21:30,67.757
5220,4/18/2022 21:45,67.199
5221,4/18/2022 22:00,66.686
5222,4/18/2022 22:15,66.173
5223,4/18/2022 22:30,65.745
5224,4/18/2022 22:45,65.316
5225,4/18/2022 23:00,64.931
5226,4/18/2022 23:15,64.589
5227,4/18/2022 23:30,64.204
5228,4/18/2022 23:45,63.862
5229,4/19/2022 0:00,63.518
5230,4/19/2022 0:15,63.176
5231,4/19/2022 0:30,62.834
5232,4/19/2022 0:45,62.577
5233,4/19/2022 1:00,62.276
5234,4/19/2022 1:15,62.019
5235,4/19/2022 1:30,61.804
5236,4/19/2022 1:45,61.547
5237,4/19/2022 2:00,61.376
5238,4/19/2022 2:15,61.162
5239,4/19/2022 2:30,60.948
5240,4/19/2022 2:45,60.775
5241,4/19/2022 3:00,60.604
5242,4/19/2022 3:15,60.39
5243,4/19/2022 3:30,60.132
5244,4/19/2022 3:45,59.916
5245,4/19/2022 4:00,59.702
5246,4/19/2022 4:15,59.445
5247,4/19/2022 4:30,59.185
5248,4/19/2022 4:45,58.928
5249,4/19/2022 5:00,58.669
5250,4/19/2022 5:15,58.368
5251,4/19/2022 5:30,58.109
5252,4/19/2022 5:45,57.893
5253,4/19/2022 6:00,57.679
5254,4/19/2022 6:15,57.506
5255,4/19/2022 6:30,57.376
5256,4/19/2022 6:45,57.29
5257,4/19/2022 7:00,57.247
5258,4/19/2022 7:15,57.247
5259,4/19/2022 7:30,57.333
5260,4/19/2022 7:45,57.42
5261,4/19/2022 8:00,57.506
5262,4/19/2022 8:15,57.679
5263,4/19/2022 8:30,57.85
5264,4/19/2022 8:45,58.066
5265,4/19/2022 9:00,58.325
5266,4/19/2022 9:15,58.755
5267,4/19/2022 9:30,59.315
5268,4/19/2022 9:45,59.959
5269,4/19/2022 10:00,60.69
5270,4/19/2022 10:15,61.506
5271,4/19/2022 10:30,62.49
5272,4/19/2022 10:45,63.518
5273,4/19/2022 11:00,64.674
5274,4/19/2022 11:15,65.872
5275,4/19/2022 11:30,67.158
5276,4/19/2022 11:45,68.484
5277,4/19/2022 12:00,69.771
5278,4/19/2022 12:15,71.103
5279,4/19/2022 12:30,72.394
5280,4/19/2022 12:45,73.645
5281,4/19/2022 13:00,74.856
5282,4/19/2022 13:15,76.071
5283,4/19/2022 13:30,77.203
5284,4/19/2022 13:45,78.251
5285,4/19/2022 14:00,79.261
5286,4/19/2022 14:15,80.139
5287,4/19/2022 14:30,80.978
5288,4/19/2022 14:45,81.73
5289,4/19/2022 15:00,82.353
5290,4/19/2022 15:15,82.931
5291,4/19/2022 15:30,83.377
5292,4/19/2022 15:45,83.736
5293,4/19/2022 16:00,84.004
5294,4/19/2022 16:15,84.137
5295,4/19/2022 16:30,84.182
5296,4/19/2022 16:45,84.094
5297,4/19/2022 17:00,83.869
5298,4/19/2022 17:15,83.601
5299,4/19/2022 17:30,83.154
5300,4/19/2022 17:45,82.62
5301,4/19/2022 18:00,81.997
5302,4/19/2022 18:15,81.199
5303,4/19/2022 18:30,80.272
5304,4/19/2022 18:45,79.173
5305,4/19/2022 19:00,77.99
5306,4/19/2022 19:15,76.725
5307,4/19/2022 19:30,75.463
5308,4/19/2022 19:45,74.163
5309,4/19/2022 20:00,72.955
5310,4/19/2022 20:15,71.791
5311,4/19/2022 20:30,70.673
5312,4/19/2022 20:45,69.643
5313,4/19/2022 21:00,68.614
5314,4/19/2022 21:15,67.627
5315,4/19/2022 21:30,66.686
5316,4/19/2022 21:45,65.788
5317,4/19/2022 22:00,64.931
5318,4/19/2022 22:15,64.161
5319,4/19/2022 22:30,63.433
5320,4/19/2022 22:45,62.748
5321,4/19/2022 23:00,62.105
5322,4/19/2022 23:15,61.547
5323,4/19/2022 23:30,60.948
5324,4/19/2022 23:45,60.433
5325,4/20/2022 0:00,59.916
5326,4/20/2022 0:15,59.401
5327,4/20/2022 0:30,58.885
5328,4/20/2022 0:45,58.455
5329,4/20/2022 1:00,58.109
5330,4/20/2022 1:15,57.807
5331,4/20/2022 1:30,57.506
5332,4/20/2022 1:45,57.247
5333,4/20/2022 2:00,56.988
5334,4/20/2022 2:15,56.728
5335,4/20/2022 2:30,56.556
5336,4/20/2022 2:45,56.426
5337,4/20/2022 3:00,56.251
5338,4/20/2022 3:15,56.122
5339,4/20/2022 3:30,56.035
5340,4/20/2022 3:45,55.906
5341,4/20/2022 4:00,55.776
5342,4/20/2022 4:15,55.69
5343,4/20/2022 4:30,55.558
5344,4/20/2022 4:45,55.386
5345,4/20/2022 5:00,55.256
5346,4/20/2022 5:15,55.125
5347,4/20/2022 5:30,55.038
5348,4/20/2022 5:45,54.952
5349,4/20/2022 6:00,54.909
5350,4/20/2022 6:15,54.909
5351,4/20/2022 6:30,54.909
5352,4/20/2022 6:45,54.995
5353,4/20/2022 7:00,55.081
5354,4/20/2022 7:15,55.386
5355,4/20/2022 7:30,55.733
5356,4/20/2022 7:45,56.165
5357,4/20/2022 8:00,56.642
5358,4/20/2022 8:15,57.16
5359,4/20/2022 8:30,57.722
5360,4/20/2022 8:45,58.325
5361,4/20/2022 9:00,59.099
5362,4/20/2022 9:15,59.916
5363,4/20/2022 9:30,60.818
5364,4/20/2022 9:45,61.804
5365,4/20/2022 10:00,62.875
5366,4/20/2022 10:15,64.033
5367,4/20/2022 10:30,65.316
5368,4/20/2022 10:45,66.643
5369,4/20/2022 11:00,68.013
5370,4/20/2022 11:15,69.386
5371,4/20/2022 11:30,70.759
5372,4/20/2022 11:45,72.136
5373,4/20/2022 12:00,73.472
5374,4/20/2022 12:15,74.77
5375,4/20/2022 12:30,75.985
5376,4/20/2022 12:45,77.16
5377,4/20/2022 13:00,78.251
5378,4/20/2022 13:15,79.261
5379,4/20/2022 13:30,80.008
5380,4/20/2022 13:45,80.58
5381,4/20/2022 14:00,80.935
5382,4/20/2022 14:15,81.244
5383,4/20/2022 14:30,81.421
5384,4/20/2022 14:45,81.554
5385,4/20/2022 15:00,81.554
5386,4/20/2022 15:15,81.509
5387,4/20/2022 15:30,81.333
5388,4/20/2022 15:45,81.066
5389,4/20/2022 16:00,80.713
5390,4/20/2022 16:15,80.404
5391,4/20/2022 16:30,80.051
5392,4/20/2022 16:45,79.7
5393,4/20/2022 17:00,79.304
5394,4/20/2022 17:15,78.777
5395,4/20/2022 17:30,78.208
5396,4/20/2022 17:45,77.553
5397,4/20/2022 18:00,76.854
5398,4/20/2022 18:15,76.071
5399,4/20/2022 18:30,75.29
5400,4/20/2022 18:45,74.424
5401,4/20/2022 19:00,73.602
5402,4/20/2022 19:15,72.739
5403,4/20/2022 19:30,71.92
5404,4/20/2022 19:45,71.103
5405,4/20/2022 20:00,70.286
5406,4/20/2022 20:15,69.471
5407,4/20/2022 20:30,68.657
5408,4/20/2022 20:45,67.885
5409,4/20/2022 21:00,67.114
5410,4/20/2022 21:15,66.429
5411,4/20/2022 21:30,65.701
5412,4/20/2022 21:45,65.059
5413,4/20/2022 22:00,64.418
5414,4/20/2022 22:15,63.862
5415,4/20/2022 22:30,63.347
5416,4/20/2022 22:45,62.919
5417,4/20/2022 23:00,62.49
5418,4/20/2022 23:15,62.105
5419,4/20/2022 23:30,61.761
5420,4/20/2022 23:45,61.462
5421,4/21/2022 0:00,61.162
5422,4/21/2022 0:15,60.904
5423,4/21/2022 0:30,60.647
5424,4/21/2022 0:45,60.433
5425,4/21/2022 1:00,60.217
5426,4/21/2022 1:15,60.046
5427,4/21/2022 1:30,59.83
5428,4/21/2022 1:45,59.659
5429,4/21/2022 2:00,59.486
5430,4/21/2022 2:15,59.358
5431,4/21/2022 2:30,59.229
5432,4/21/2022 2:45,59.056
5433,4/21/2022 3:00,58.971
5434,4/21/2022 3:15,58.842
5435,4/21/2022 3:30,58.712
5436,4/21/2022 3:45,58.582
5437,4/21/2022 4:00,58.455
5438,4/21/2022 4:15,58.325
5439,4/21/2022 4:30,58.195
5440,4/21/2022 4:45,58.023
5441,4/21/2022 5:00,57.807
5442,4/21/2022 5:15,57.636
5443,4/21/2022 5:30,57.42
5444,4/21/2022 5:45,57.204
5445,4/21/2022 6:00,56.988
5446,4/21/2022 6:15,56.815
5447,4/21/2022 6:30,56.642
5448,4/21/2022 6:45,56.512
5449,4/21/2022 7:00,56.469
5450,4/21/2022 7:15,56.512
5451,4/21/2022 7:30,56.642
5452,4/21/2022 7:45,56.815
5453,4/21/2022 8:00,57.031
5454,4/21/2022 8:15,57.333
5455,4/21/2022 8:30,57.679
5456,4/21/2022 8:45,58.023
5457,4/21/2022 9:00,58.411
5458,4/21/2022 9:15,58.755
5459,4/21/2022 9:30,59.099
5460,4/21/2022 9:45,59.486
5461,4/21/2022 10:00,59.959
5462,4/21/2022 10:15,60.433
5463,4/21/2022 10:30,61.032
5464,4/21/2022 10:45,61.761
5465,4/21/2022 11:00,62.577
5466,4/21/2022 11:15,63.433
5467,4/21/2022 11:30,64.288
5468,4/21/2022 11:45,65.059
5469,4/21/2022 12:00,65.788
5470,4/21/2022 12:15,66.515
5471,4/21/2022 12:30,67.199
5472,4/21/2022 12:45,67.885
5473,4/21/2022 13:00,68.527
5474,4/21/2022 13:15,69.213
5475,4/21/2022 13:30,69.942
5476,4/21/2022 13:45,70.63
5477,4/21/2022 14:00,71.361
5478,4/21/2022 14:15,72.178
5479,4/21/2022 14:30,72.955
5480,4/21/2022 14:45,73.774
5481,4/21/2022 15:00,74.467
5482,4/21/2022 15:15,74.986
5483,4/21/2022 15:30,75.376
5484,4/21/2022 15:45,75.681
5485,4/21/2022 16:00,75.898
5486,4/21/2022 16:15,75.942
5487,4/21/2022 16:30,75.81
5488,4/21/2022 16:45,75.508
5489,4/21/2022 17:00,75.117
5490,4/21/2022 17:15,74.597
5491,4/21/2022 17:30,74.12
5492,4/21/2022 17:45,73.645
5493,4/21/2022 18:00,73.213
5494,4/21/2022 18:15,72.696
5495,4/21/2022 18:30,72.093
5496,4/21/2022 18:45,71.404
5497,4/21/2022 19:00,70.63
5498,4/21/2022 19:15,69.814
5499,4/21/2022 19:30,68.913
5500,4/21/2022 19:45,68.013
5501,4/21/2022 20:00,67.158
5502,4/21/2022 20:15,66.301
5503,4/21/2022 20:30,65.487
5504,4/21/2022 20:45,64.674
5505,4/21/2022 21:00,63.903
5506,4/21/2022 21:15,63.133
5507,4/21/2022 21:30,62.447
5508,4/21/2022 21:45,61.761
5509,4/21/2022 22:00,61.162
5510,4/21/2022 22:15,60.604
5511,4/21/2022 22:30,60.089
5512,4/21/2022 22:45,59.659
5513,4/21/2022 23:00,59.272
5514,4/21/2022 23:15,58.928
5515,4/21/2022 23:30,58.712
5516,4/21/2022 23:45,58.541
5517,4/22/2022 0:00,58.368
5518,4/22/2022 0:15,58.195
5519,4/22/2022 0:30,58.066
5520,4/22/2022 0:45,57.936
5521,4/22/2022 1:00,57.85
5522,4/22/2022 1:15,57.679
5523,4/22/2022 1:30,57.506
5524,4/22/2022 1:45,57.376
5525,4/22/2022 2:00,57.247
5526,4/22/2022 2:15,57.074
5527,4/22/2022 2:30,56.944
5528,4/22/2022 2:45,56.815
5529,4/22/2022 3:00,56.685
5530,4/22/2022 3:15,56.512
5531,4/22/2022 3:30,56.34
5532,4/22/2022 3:45,56.165
5533,4/22/2022 4:00,55.949
5534,4/22/2022 4:15,55.776
5535,4/22/2022 4:30,55.602
5536,4/22/2022 4:45,55.429
5537,4/22/2022 5:00,55.213
5538,4/22/2022 5:15,55.038
5539,4/22/2022 5:30,54.909
5540,4/22/2022 5:45,54.734
5541,4/22/2022 6:00,54.604
5542,4/22/2022 6:15,54.473
5543,4/22/2022 6:30,54.343
5544,4/22/2022 6:45,54.255
5545,4/22/2022 7:00,54.126
5546,4/22/2022 7:15,53.994
5547,4/22/2022 7:30,53.908
5548,4/22/2022 7:45,53.82
5549,4/22/2022 8:00,53.776
5550,4/22/2022 8:15,53.733
5551,4/22/2022 8:30,53.776
5552,4/22/2022 8:45,54.255
5553,4/22/2022 9:00,55.602
5554,4/22/2022 9:15,57.117
5555,4/22/2022 9:30,58.541
5556,4/22/2022 9:45,60.046
5557,4/22/2022 10:00,61.59
5558,4/22/2022 10:15,63.347
5559,4/22/2022 10:30,65.059
5560,4/22/2022 10:45,66.772
5561,4/22/2022 11:00,68.527
5562,4/22/2022 11:15,70.072
5563,4/22/2022 11:30,71.661
5564,4/22/2022 11:45,73.17
5565,4/22/2022 12:00,74.597
5566,4/22/2022 12:15,75.942
5567,4/22/2022 12:30,77.247
5568,4/22/2022 12:45,78.339
5569,4/22/2022 13:00,79.347
5570,4/22/2022 13:15,80.227
5571,4/22/2022 13:30,80.978
5572,4/22/2022 13:45,81.73
5573,4/22/2022 14:00,82.396
5574,4/22/2022 14:15,83.021
5575,4/22/2022 14:30,83.422
5576,4/22/2022 14:45,83.691
5577,4/22/2022 15:00,83.869
5578,4/22/2022 15:15,83.914
5579,4/22/2022 15:30,83.869
5580,4/22/2022 15:45,83.779
5581,4/22/2022 16:00,83.601
5582,4/22/2022 16:15,83.287
5583,4/22/2022 16:30,82.753
5584,4/22/2022 16:45,81.642
5585,4/22/2022 17:00,80.625
5586,4/22/2022 17:15,80.008
5587,4/22/2022 17:30,79.567
5588,4/22/2022 17:45,79.128
5589,4/22/2022 18:00,78.471
5590,4/22/2022 18:15,77.684
5591,4/22/2022 18:30,76.811
5592,4/22/2022 18:45,75.898
5593,4/22/2022 19:00,74.943
5594,4/22/2022 19:15,73.99
5595,4/22/2022 19:30,73.04
5596,4/22/2022 19:45,72.136
5597,4/22/2022 20:00,71.19
5598,4/22/2022 20:15,70.286
5599,4/22/2022 20:30,69.427
5600,4/22/2022 20:45,68.614
5601,4/22/2022 21:00,67.842
5602,4/22/2022 21:15,67.071
5603,4/22/2022 21:30,66.344
5604,4/22/2022 21:45,65.658
5605,4/22/2022 22:00,65.017
5606,4/22/2022 22:15,64.375
5607,4/22/2022 22:30,63.819
5608,4/22/2022 22:45,63.304
5609,4/22/2022 23:00,62.791
5610,4/22/2022 23:15,62.233
5611,4/22/2022 23:30,61.72
5612,4/22/2022 23:45,61.248
5613,4/23/2022 0:00,60.775
5614,4/23/2022 0:15,60.303
5615,4/23/2022 0:30,59.873
5616,4/23/2022 0:45,59.445
5617,4/23/2022 1:00,59.014
5618,4/23/2022 1:15,58.582
5619,4/23/2022 1:30,58.195
5620,4/23/2022 1:45,57.765
5621,4/23/2022 2:00,57.42
5622,4/23/2022 2:15,57.031
5623,4/23/2022 2:30,56.642
5624,4/23/2022 2:45,56.295
5625,4/23/2022 3:00,55.949
5626,4/23/2022 3:15,55.602
5627,4/23/2022 3:30,55.299
5628,4/23/2022 3:45,54.995
5629,4/23/2022 4:00,54.691
5630,4/23/2022 4:15,54.387
5631,4/23/2022 4:30,54.082
5632,4/23/2022 4:45,53.82
5633,4/23/2022 5:00,53.515
5634,4/23/2022 5:15,53.253
5635,4/23/2022 5:30,53.035
5636,4/23/2022 5:45,52.772
5637,4/23/2022 6:00,52.554
5638,4/23/2022 6:15,52.378
5639,4/23/2022 6:30,52.246
5640,4/23/2022 6:45,52.203
5641,4/23/2022 7:00,52.335
5642,4/23/2022 7:15,52.641
5643,4/23/2022 7:30,53.078
5644,4/23/2022 7:45,53.602
5645,4/23/2022 8:00,54.3
5646,4/23/2022 8:15,55.125
5647,4/23/2022 8:30,56.035
5648,4/23/2022 8:45,57.074
5649,4/23/2022 9:00,58.195
5650,4/23/2022 9:15,59.401
5651,4/23/2022 9:30,60.733
5652,4/23/2022 9:45,62.105
5653,4/23/2022 10:00,63.518
5654,4/23/2022 10:15,65.017
5655,4/23/2022 10:30,66.515
5656,4/23/2022 10:45,68.056
5657,4/23/2022 11:00,69.6
5658,4/23/2022 11:15,71.103
5659,4/23/2022 11:30,72.61
5660,4/23/2022 11:45,74.12
5661,4/23/2022 12:00,75.594
5662,4/23/2022 12:15,77.029
5663,4/23/2022 12:30,78.427
5664,4/23/2022 12:45,79.831
5665,4/23/2022 13:00,81.244
5666,4/23/2022 13:15,82.886
5667,4/23/2022 13:30,84.587
5668,4/23/2022 13:45,86.119
5669,4/23/2022 14:00,87.483
5670,4/23/2022 14:15,88.763
5671,4/23/2022 14:30,89.915
5672,4/23/2022 14:45,90.936
5673,4/23/2022 15:00,91.776
5674,4/23/2022 15:15,92.48
5675,4/23/2022 15:30,92.95
5676,4/23/2022 15:45,93.281
5677,4/23/2022 16:00,93.375
5678,4/23/2022 16:15,93.328
5679,4/23/2022 16:30,93.092
5680,4/23/2022 16:45,92.714
5681,4/23/2022 17:00,92.197
5682,4/23/2022 17:15,91.495
5683,4/23/2022 17:30,90.612
5684,4/23/2022 17:45,89.593
5685,4/23/2022 18:00,88.488
5686,4/23/2022 18:15,87.3
5687,4/23/2022 18:30,86.074
5688,4/23/2022 18:45,84.812
5689,4/23/2022 19:00,83.556
5690,4/23/2022 19:15,82.263
5691,4/23/2022 19:30,81.023
5692,4/23/2022 19:45,79.831
5693,4/23/2022 20:00,78.69
5694,4/23/2022 20:15,77.596
5695,4/23/2022 20:30,76.507
5696,4/23/2022 20:45,75.463
5697,4/23/2022 21:00,74.424
5698,4/23/2022 21:15,73.472
5699,4/23/2022 21:30,72.567
5700,4/23/2022 21:45,71.661
5701,4/23/2022 22:00,70.803
5702,4/23/2022 22:15,70.029
5703,4/23/2022 22:30,69.256
5704,4/23/2022 22:45,68.527
5705,4/23/2022 23:00,67.842
5706,4/23/2022 23:15,67.158
5707,4/23/2022 23:30,66.515
5708,4/23/2022 23:45,65.872
5709,4/24/2022 0:00,65.273
5710,4/24/2022 0:15,64.717
5711,4/24/2022 0:30,64.161
5712,4/24/2022 0:45,63.604
5713,4/24/2022 1:00,63.005
5714,4/24/2022 1:15,62.49
5715,4/24/2022 1:30,62.019
5716,4/24/2022 1:45,61.547
5717,4/24/2022 2:00,61.075
5718,4/24/2022 2:15,60.647
5719,4/24/2022 2:30,60.217
5720,4/24/2022 2:45,59.788
5721,4/24/2022 3:00,59.401
5722,4/24/2022 3:15,58.971
5723,4/24/2022 3:30,58.582
5724,4/24/2022 3:45,58.195
5725,4/24/2022 4:00,57.85
5726,4/24/2022 4:15,57.549
5727,4/24/2022 4:30,57.333
5728,4/24/2022 4:45,57.16
5729,4/24/2022 5:00,57.031
5730,4/24/2022 5:15,56.901
5731,4/24/2022 5:30,56.815
5732,4/24/2022 5:45,56.728
5733,4/24/2022 6:00,56.642
5734,4/24/2022 6:15,56.599
5735,4/24/2022 6:30,56.556
5736,4/24/2022 6:45,56.599
5737,4/24/2022 7:00,56.642
5738,4/24/2022 7:15,56.728
5739,4/24/2022 7:30,56.858
5740,4/24/2022 7:45,57.074
5741,4/24/2022 8:00,57.29
5742,4/24/2022 8:15,57.592
5743,4/24/2022 8:30,58.023
5744,4/24/2022 8:45,58.541
5745,4/24/2022 9:00,59.142
5746,4/24/2022 9:15,59.916
5747,4/24/2022 9:30,60.775
5748,4/24/2022 9:45,61.848
5749,4/24/2022 10:00,63.262
5750,4/24/2022 10:15,65.059
5751,4/24/2022 10:30,67.5
5752,4/24/2022 10:45,70.243
5753,4/24/2022 11:00,73.083
5754,4/24/2022 11:15,75.942
5755,4/24/2022 11:30,78.645
5756,4/24/2022 11:45,81.199
5757,4/24/2022 12:00,83.199
5758,4/24/2022 12:15,84.049
5759,4/24/2022 12:30,84.722
5760,4/24/2022 12:45,85.442
5761,4/24/2022 13:00,86.301
5762,4/24/2022 13:15,87.391
5763,4/24/2022 13:30,88.488
5764,4/24/2022 13:45,89.546
5765,4/24/2022 14:00,90.565
5766,4/24/2022 14:15,91.495
5767,4/24/2022 14:30,92.386
5768,4/24/2022 14:45,93.186
5769,4/24/2022 15:00,93.848
5770,4/24/2022 15:15,94.419
5771,4/24/2022 15:30,94.8
5772,4/24/2022 15:45,95.04
5773,4/24/2022 16:00,95.088
5774,4/24/2022 16:15,94.991
5775,4/24/2022 16:30,94.753
5776,4/24/2022 16:45,94.323
5777,4/24/2022 17:00,93.754
5778,4/24/2022 17:15,92.997
5779,4/24/2022 17:30,92.104
5780,4/24/2022 17:45,91.029
5781,4/24/2022 18:00,89.87
5782,4/24/2022 18:15,88.671
5783,4/24/2022 18:30,87.346
5784,4/24/2022 18:45,86.029
5785,4/24/2022 19:00,84.677
5786,4/24/2022 19:15,83.377
5787,4/24/2022 19:30,81.997
5788,4/24/2022 19:45,80.668
5789,4/24/2022 20:00,79.347
5790,4/24/2022 20:15,78.076
5791,4/24/2022 20:30,76.811
5792,4/24/2022 20:45,75.637
5793,4/24/2022 21:00,74.467
5794,4/24/2022 21:15,73.386
5795,4/24/2022 21:30,72.307
5796,4/24/2022 21:45,71.274
5797,4/24/2022 22:00,70.286
5798,4/24/2022 22:15,69.3
5799,4/24/2022 22:30,68.4
5800,4/24/2022 22:45,67.372
5801,4/24/2022 23:00,66.472
5802,4/24/2022 23:15,65.615
5803,4/24/2022 23:30,64.803
5804,4/24/2022 23:45,64.074
5805,4/25/2022 0:00,63.39
5806,4/25/2022 0:15,62.748
5807,4/25/2022 0:30,62.148
5808,4/25/2022 0:45,61.59
5809,4/25/2022 1:00,61.032
5810,4/25/2022 1:15,60.517
5811,4/25/2022 1:30,60.003
5812,4/25/2022 1:45,59.529
5813,4/25/2022 2:00,59.099
5814,4/25/2022 2:15,58.712
5815,4/25/2022 2:30,58.325
5816,4/25/2022 2:45,57.936
5817,4/25/2022 3:00,57.592
5818,4/25/2022 3:15,57.247
5819,4/25/2022 3:30,56.944
5820,4/25/2022 3:45,56.642
5821,4/25/2022 4:00,56.383
5822,4/25/2022 4:15,56.122
5823,4/25/2022 4:30,55.863
5824,4/25/2022 4:45,55.602
5825,4/25/2022 5:00,55.386
5826,4/25/2022 5:15,55.168
5827,4/25/2022 5:30,54.995
5828,4/25/2022 5:45,54.777
5829,4/25/2022 6:00,54.604
5830,4/25/2022 6:15,54.43
5831,4/25/2022 6:30,54.343
5832,4/25/2022 6:45,54.255
5833,4/25/2022 7:00,54.212
5834,4/25/2022 7:15,54.648
5835,4/25/2022 7:30,56.079
5836,4/25/2022 7:45,58.282
5837,4/25/2022 8:00,60.433
5838,4/25/2022 8:15,62.105
5839,4/25/2022 8:30,63.518
5840,4/25/2022 8:45,64.974
5841,4/25/2022 9:00,66.558
5842,4/25/2022 9:15,68.27
5843,4/25/2022 9:30,70.115
5844,4/25/2022 9:45,72.178
5845,4/25/2022 10:00,74.338
5846,4/25/2022 10:15,76.464
5847,4/25/2022 10:30,78.427
5848,4/25/2022 10:45,80.361
5849,4/25/2022 11:00,82.13
5850,4/25/2022 11:15,83.824
5851,4/25/2022 11:30,85.442
5852,4/25/2022 11:45,87.028
5853,4/25/2022 12:00,88.488
5854,4/25/2022 12:15,89.823
5855,4/25/2022 12:30,91.029
5856,4/25/2022 12:45,92.197
5857,4/25/2022 13:00,93.281
5858,4/25/2022 13:15,94.276
5859,4/25/2022 13:30,95.184
5860,4/25/2022 13:45,96.048
5861,4/25/2022 14:00,96.724
5862,4/25/2022 14:15,97.257
5863,4/25/2022 14:30,97.648
5864,4/25/2022 14:45,97.99
5865,4/25/2022 15:00,98.184
5866,4/25/2022 15:15,98.38
5867,4/25/2022 15:30,98.38
5868,4/25/2022 15:45,97.063
5869,4/25/2022 16:00,96.481
5870,4/25/2022 16:15,96.24
5871,4/25/2022 16:30,96.145
5872,4/25/2022 16:45,96.145
5873,4/25/2022 17:00,96.096
5874,4/25/2022 17:15,95.999
5875,4/25/2022 17:30,95.711
5876,4/25/2022 17:45,95.23
5877,4/25/2022 18:00,94.609
5878,4/25/2022 18:15,93.848
5879,4/25/2022 18:30,92.95
5880,4/25/2022 18:45,91.963
5881,4/25/2022 19:00,90.936
5882,4/25/2022 19:15,89.87
5883,4/25/2022 19:30,88.718
5884,4/25/2022 19:45,87.573
5885,4/25/2022 20:00,86.391
5886,4/25/2022 20:15,85.127
5887,4/25/2022 20:30,84.004
5888,4/25/2022 20:45,83.287
5889,4/25/2022 21:00,82.841
5890,4/25/2022 21:15,82.13
5891,4/25/2022 21:30,81.066
5892,4/25/2022 21:45,79.92
5893,4/25/2022 22:00,78.69
5894,4/25/2022 22:15,77.464
5895,4/25/2022 22:30,76.289
5896,4/25/2022 22:45,75.204
5897,4/25/2022 23:00,74.206
5898,4/25/2022 23:15,73.213
5899,4/25/2022 23:30,72.264
5900,4/25/2022 23:45,71.361
5901,4/26/2022 0:00,70.502
5902,4/26/2022 0:15,69.685
5903,4/26/2022 0:30,68.871
5904,4/26/2022 0:45,68.142
5905,4/26/2022 1:00,67.413
5906,4/26/2022 1:15,66.772
5907,4/26/2022 1:30,66.173
5908,4/26/2022 1:45,65.574
5909,4/26/2022 2:00,65.059
5910,4/26/2022 2:15,64.589
5911,4/26/2022 2:30,64.204
5912,4/26/2022 2:45,63.819
5913,4/26/2022 3:00,63.39
5914,4/26/2022 3:15,63.005
5915,4/26/2022 3:30,62.577
5916,4/26/2022 3:45,62.191
5917,4/26/2022 4:00,61.804
5918,4/26/2022 4:15,61.506
5919,4/26/2022 4:30,61.119
5920,4/26/2022 4:45,60.775
5921,4/26/2022 5:00,60.433
5922,4/26/2022 5:15,60.089
5923,4/26/2022 5:30,59.745
5924,4/26/2022 5:45,59.401
5925,4/26/2022 6:00,59.142
5926,4/26/2022 6:15,58.885
5927,4/26/2022 6:30,58.712
5928,4/26/2022 6:45,59.099
5929,4/26/2022 7:00,59.916
5930,4/26/2022 7:15,61.075
5931,4/26/2022 7:30,62.704
5932,4/26/2022 7:45,64.332
5933,4/26/2022 8:00,65.829
5934,4/26/2022 8:15,66.943
5935,4/26/2022 8:30,67.885
5936,4/26/2022 8:45,68.785
5937,4/26/2022 9:00,69.728
5938,4/26/2022 9:15,70.759
5939,4/26/2022 9:30,72.05
5940,4/26/2022 9:45,73.731
5941,4/26/2022 10:00,75.16
5942,4/26/2022 10:15,75.637
5943,4/26/2022 10:30,75.508
5944,4/26/2022 10:45,75.29
5945,4/26/2022 11:00,75.029
5946,4/26/2022 11:15,74.813
5947,4/26/2022 11:30,74.597
5948,4/26/2022 11:45,74.424
5949,4/26/2022 12:00,74.338
5950,4/26/2022 12:15,74.25
5951,4/26/2022 12:30,74.163
5952,4/26/2022 12:45,74.077
5953,4/26/2022 13:00,73.99
5954,4/26/2022 13:15,73.904
5955,4/26/2022 13:30,73.818
5956,4/26/2022 13:45,73.645
5957,4/26/2022 14:00,73.429
5958,4/26/2022 14:15,73.17
5959,4/26/2022 14:30,72.955
5960,4/26/2022 14:45,72.739
5961,4/26/2022 15:00,72.48
5962,4/26/2022 15:15,72.351
5963,4/26/2022 15:30,72.178
5964,4/26/2022 15:45,71.964
5965,4/26/2022 16:00,71.661
5966,4/26/2022 16:15,71.231
5967,4/26/2022 16:30,70.759
5968,4/26/2022 16:45,70.673
5969,4/26/2022 17:00,70.974
5970,4/26/2022 17:15,71.62
5971,4/26/2022 17:30,72.178
5972,4/26/2022 17:45,72.997
5973,4/26/2022 18:00,73.472
5974,4/26/2022 18:15,73.688
5975,4/26/2022 18:30,73.774
5976,4/26/2022 18:45,73.818
5977,4/26/2022 19:00,73.818
5978,4/26/2022 19:15,73.688
5979,4/26/2022 19:30,73.558
5980,4/26/2022 19:45,73.299
5981,4/26/2022 20:00,72.997
5982,4/26/2022 20:15,72.653
5983,4/26/2022 20:30,72.221
5984,4/26/2022 20:45,71.748
5985,4/26/2022 21:00,71.274
5986,4/26/2022 21:15,70.759
5987,4/26/2022 21:30,70.201
5988,4/26/2022 21:45,69.643
5989,4/26/2022 22:00,69.042
5990,4/26/2022 22:15,68.484
5991,4/26/2022 22:30,67.885
5992,4/26/2022 22:45,67.285
5993,4/26/2022 23:00,66.686
5994,4/26/2022 23:15,66.13
5995,4/26/2022 23:30,65.53
5996,4/26/2022 23:45,65.017
5997,4/27/2022 0:00,64.459
5998,4/27/2022 0:15,63.946
5999,4/27/2022 0:30,63.475
6000,4/27/2022 0:45,63.005
6001,4/27/2022 1:00,62.533
6002,4/27/2022 1:15,62.062
6003,4/27/2022 1:30,61.633
6004,4/27/2022 1:45,61.248
6005,4/27/2022 2:00,60.861
6006,4/27/2022 2:15,60.433
6007,4/27/2022 2:30,60.089
6008,4/27/2022 2:45,59.702
6009,4/27/2022 3:00,59.358
6010,4/27/2022 3:15,59.056
6011,4/27/2022 3:30,58.712
6012,4/27/2022 3:45,58.411
6013,4/27/2022 4:00,58.109
6014,4/27/2022 4:15,57.807
6015,4/27/2022 4:30,57.506
6016,4/27/2022 4:45,57.247
6017,4/27/2022 5:00,56.988
6018,4/27/2022 5:15,56.728
6019,4/27/2022 5:30,56.469
6020,4/27/2022 5:45,56.208
6021,4/27/2022 6:00,55.949
6022,4/27/2022 6:15,55.733
6023,4/27/2022 6:30,55.515
6024,4/27/2022 6:45,55.342
6025,4/27/2022 7:00,55.168
6026,4/27/2022 7:15,55.038
6027,4/27/2022 7:30,54.952
6028,4/27/2022 7:45,54.865
6029,4/27/2022 8:00,54.82
6030,4/27/2022 8:15,54.82
6031,4/27/2022 8:30,54.82
6032,4/27/2022 8:45,54.865
6033,4/27/2022 9:00,54.952
6034,4/27/2022 9:15,55.081
6035,4/27/2022 9:30,55.256
6036,4/27/2022 9:45,55.429
6037,4/27/2022 10:00,55.69
6038,4/27/2022 10:15,55.949
6039,4/27/2022 10:30,56.251
6040,4/27/2022 10:45,56.599
6041,4/27/2022 11:00,56.988
6042,4/27/2022 11:15,57.376
6043,4/27/2022 11:30,57.765
6044,4/27/2022 11:45,58.195
6045,4/27/2022 12:00,58.669
6046,4/27/2022 12:15,59.185
6047,4/27/2022 12:30,59.659
6048,4/27/2022 12:45,60.217
6049,4/27/2022 13:00,60.775
6050,4/27/2022 13:15,61.333
6051,4/27/2022 13:30,61.977
6052,4/27/2022 13:45,62.661
6053,4/27/2022 14:00,63.689
6054,4/27/2022 14:15,64.589
6055,4/27/2022 14:30,65.359
6056,4/27/2022 14:45,66.087
6057,4/27/2022 15:00,66.857
6058,4/27/2022 15:15,67.586
6059,4/27/2022 15:30,68.27
6060,4/27/2022 15:45,68.913
6061,4/27/2022 16:00,69.471
6062,4/27/2022 16:15,69.858
6063,4/27/2022 16:30,70.115
6064,4/27/2022 16:45,70.372
6065,4/27/2022 17:00,70.587
6066,4/27/2022 17:15,70.759
6067,4/27/2022 17:30,70.846
6068,4/27/2022 17:45,70.846
6069,4/27/2022 18:00,70.759
6070,4/27/2022 18:15,70.673
6071,4/27/2022 18:30,70.543
6072,4/27/2022 18:45,70.372
6073,4/27/2022 19:00,70.158
6074,4/27/2022 19:15,69.858
6075,4/27/2022 19:30,69.514
6076,4/27/2022 19:45,69.129
6077,4/27/2022 20:00,68.698
6078,4/27/2022 20:15,68.27
6079,4/27/2022 20:30,67.798
6080,4/27/2022 20:45,67.329
6081,4/27/2022 21:00,66.857
6082,4/27/2022 21:15,66.344
6083,4/27/2022 21:30,65.829
6084,4/27/2022 21:45,65.359
6085,4/27/2022 22:00,64.888
6086,4/27/2022 22:15,64.418
6087,4/27/2022 22:30,63.99
6088,4/27/2022 22:45,63.561
6089,4/27/2022 23:00,63.133
6090,4/27/2022 23:15,62.748
6091,4/27/2022 23:30,62.319
6092,4/27/2022 23:45,61.934
6093,4/28/2022 0:00,61.547
6094,4/28/2022 0:15,61.119
6095,4/28/2022 0:30,60.775
6096,4/28/2022 0:45,60.39
6097,4/28/2022 1:00,60.003
6098,4/28/2022 1:15,59.659
6099,4/28/2022 1:30,59.315
6100,4/28/2022 1:45,58.971
6101,4/28/2022 2:00,58.669
6102,4/28/2022 2:15,58.368
6103,4/28/2022 2:30,58.023
6104,4/28/2022 2:45,57.765
6105,4/28/2022 3:00,57.463
6106,4/28/2022 3:15,57.16
6107,4/28/2022 3:30,56.901
6108,4/28/2022 3:45,56.642
6109,4/28/2022 4:00,56.383
6110,4/28/2022 4:15,56.165
6111,4/28/2022 4:30,55.949
6112,4/28/2022 4:45,55.733
6113,4/28/2022 5:00,55.558
6114,4/28/2022 5:15,55.386
6115,4/28/2022 5:30,55.256
6116,4/28/2022 5:45,55.081
6117,4/28/2022 6:00,54.952
6118,4/28/2022 6:15,54.82
6119,4/28/2022 6:30,54.691
6120,4/28/2022 6:45,54.561
6121,4/28/2022 7:00,54.473
6122,4/28/2022 7:15,54.387
6123,4/28/2022 7:30,54.777
6124,4/28/2022 7:45,55.647
6125,4/28/2022 8:00,57.16
6126,4/28/2022 8:15,59.014
6127,4/28/2022 8:30,60.775
6128,4/28/2022 8:45,62.406
6129,4/28/2022 9:00,63.475
6130,4/28/2022 9:15,64.332
6131,4/28/2022 9:30,65.017
6132,4/28/2022 9:45,65.615
6133,4/28/2022 10:00,66.173
6134,4/28/2022 10:15,66.6
6135,4/28/2022 10:30,66.985
6136,4/28/2022 10:45,67.329
6137,4/28/2022 11:00,67.627
6138,4/28/2022 11:15,67.928
6139,4/28/2022 11:30,68.227
6140,4/28/2022 11:45,68.527
6141,4/28/2022 12:00,68.828
6142,4/28/2022 12:15,69.085
6143,4/28/2022 12:30,69.343
6144,4/28/2022 12:45,69.643
6145,4/28/2022 13:00,69.901
6146,4/28/2022 13:15,70.158
6147,4/28/2022 13:30,70.372
6148,4/28/2022 13:45,70.502
6149,4/28/2022 14:00,70.543
6150,4/28/2022 14:15,70.543
6151,4/28/2022 14:30,70.543
6152,4/28/2022 14:45,70.502
6153,4/28/2022 15:00,70.372
6154,4/28/2022 15:15,70.286
6155,4/28/2022 15:30,70.115
6156,4/28/2022 15:45,69.942
6157,4/28/2022 16:00,69.685
6158,4/28/2022 16:15,69.427
6159,4/28/2022 16:30,69.17
6160,4/28/2022 16:45,69.085
6161,4/28/2022 17:00,69.427
6162,4/28/2022 17:15,70.029
6163,4/28/2022 17:30,70.329
6164,4/28/2022 17:45,70.459
6165,4/28/2022 18:00,70.459
6166,4/28/2022 18:15,70.372
6167,4/28/2022 18:30,70.072
6168,4/28/2022 18:45,69.685
6169,4/28/2022 19:00,69.213
6170,4/28/2022 19:15,68.657
6171,4/28/2022 19:30,68.056
6172,4/28/2022 19:45,67.372
6173,4/28/2022 20:00,66.686
6174,4/28/2022 20:15,66.087
6175,4/28/2022 20:30,66
6176,4/28/2022 20:45,66.214
6177,4/28/2022 21:00,66.643
6178,4/28/2022 21:15,66.857
6179,4/28/2022 21:30,66.857
6180,4/28/2022 21:45,66.729
6181,4/28/2022 22:00,66.472
6182,4/28/2022 22:15,66.173
6183,4/28/2022 22:30,65.829
6184,4/28/2022 22:45,65.444
6185,4/28/2022 23:00,65.059
6186,4/28/2022 23:15,64.632
6187,4/28/2022 23:30,64.204
6188,4/28/2022 23:45,63.775
6189,4/29/2022 0:00,63.39
6190,4/29/2022 0:15,63.005
6191,4/29/2022 0:30,62.577
6192,4/29/2022 0:45,62.233
6193,4/29/2022 1:00,61.848
6194,4/29/2022 1:15,61.462
6195,4/29/2022 1:30,61.075
6196,4/29/2022 1:45,60.733
6197,4/29/2022 2:00,60.346
6198,4/29/2022 2:15,60.003
6199,4/29/2022 2:30,59.616
6200,4/29/2022 2:45,59.272
6201,4/29/2022 3:00,58.885
6202,4/29/2022 3:15,58.541
6203,4/29/2022 3:30,58.195
6204,4/29/2022 3:45,57.85
6205,4/29/2022 4:00,57.549
6206,4/29/2022 4:15,57.204
6207,4/29/2022 4:30,56.858
6208,4/29/2022 4:45,56.556
6209,4/29/2022 5:00,56.208
6210,4/29/2022 5:15,55.906
6211,4/29/2022 5:30,55.602
6212,4/29/2022 5:45,55.472
6213,4/29/2022 6:00,56.165
6214,4/29/2022 6:15,57.204
6215,4/29/2022 6:30,58.498
6216,4/29/2022 6:45,59.745
6217,4/29/2022 7:00,60.948
6218,4/29/2022 7:15,61.677
6219,4/29/2022 7:30,62.105
6220,4/29/2022 7:45,62.447
6221,4/29/2022 8:00,62.834
6222,4/29/2022 8:15,63.262
6223,4/29/2022 8:30,63.732
6224,4/29/2022 8:45,64.288
6225,4/29/2022 9:00,64.888
6226,4/29/2022 9:15,65.487
6227,4/29/2022 9:30,66.087
6228,4/29/2022 9:45,66.6
6229,4/29/2022 10:00,67.071
6230,4/29/2022 10:15,67.456
6231,4/29/2022 10:30,67.757
6232,4/29/2022 10:45,68.056
6233,4/29/2022 11:00,68.27
6234,4/29/2022 11:15,68.484
6235,4/29/2022 11:30,68.742
6236,4/29/2022 11:45,69.042
6237,4/29/2022 12:00,69.3
6238,4/29/2022 12:15,69.685
6239,4/29/2022 12:30,70.158
6240,4/29/2022 12:45,70.803
6241,4/29/2022 13:00,71.661
6242,4/29/2022 13:15,72.567
6243,4/29/2022 13:30,73.645
6244,4/29/2022 13:45,74.899
6245,4/29/2022 14:00,76.246
6246,4/29/2022 14:15,77.684
6247,4/29/2022 14:30,79.128
6248,4/29/2022 14:45,80.625
6249,4/29/2022 15:00,82.085
6250,4/29/2022 15:15,83.467
6251,4/29/2022 15:30,84.767
6252,4/29/2022 15:45,85.939
6253,4/29/2022 16:00,87.028
6254,4/29/2022 16:15,87.985
6255,4/29/2022 16:30,88.718
6256,4/29/2022 16:45,89.407
6257,4/29/2022 17:00,89.962
6258,4/29/2022 17:15,90.471
6259,4/29/2022 17:30,90.844
6260,4/29/2022 17:45,91.029
6261,4/29/2022 18:00,91.029
6262,4/29/2022 18:15,90.75
6263,4/29/2022 18:30,90.286
6264,4/29/2022 18:45,89.593
6265,4/29/2022 19:00,88.763
6266,4/29/2022 19:15,87.802
6267,4/29/2022 19:30,86.709
6268,4/29/2022 19:45,85.622
6269,4/29/2022 20:00,84.452
6270,4/29/2022 20:15,83.287
6271,4/29/2022 20:30,82.175
6272,4/29/2022 20:45,81.023
6273,4/29/2022 21:00,79.92
6274,4/29/2022 21:15,78.865
6275,4/29/2022 21:30,77.77
6276,4/29/2022 21:45,76.768
6277,4/29/2022 22:00,75.767
6278,4/29/2022 22:15,74.813
6279,4/29/2022 22:30,73.861
6280,4/29/2022 22:45,72.997
6281,4/29/2022 23:00,72.136
6282,4/29/2022 23:15,71.317
6283,4/29/2022 23:30,70.543
6284,4/29/2022 23:45,69.814
6285,4/30/2022 0:00,69.085
6286,4/30/2022 0:15,68.4
6287,4/30/2022 0:30,67.714
6288,4/30/2022 0:45,67.114
6289,4/30/2022 1:00,66.472
6290,4/30/2022 1:15,65.916
6291,4/30/2022 1:30,65.359
6292,4/30/2022 1:45,64.803
6293,4/30/2022 2:00,64.332
6294,4/30/2022 2:15,63.862
6295,4/30/2022 2:30,63.39
6296,4/30/2022 2:45,62.962
6297,4/30/2022 3:00,62.533
6298,4/30/2022 3:15,62.148
6299,4/30/2022 3:30,61.761
6300,4/30/2022 3:45,61.376
6301,4/30/2022 4:00,61.032
6302,4/30/2022 4:15,60.69
6303,4/30/2022 4:30,60.346
6304,4/30/2022 4:45,60.046
6305,4/30/2022 5:00,59.745
6306,4/30/2022 5:15,59.401
6307,4/30/2022 5:30,59.142
6308,4/30/2022 5:45,58.842
6309,4/30/2022 6:00,58.582
6310,4/30/2022 6:15,58.368
6311,4/30/2022 6:30,58.152
6312,4/30/2022 6:45,57.979
6313,4/30/2022 7:00,57.85
6314,4/30/2022 7:15,57.722
6315,4/30/2022 7:30,57.636
6316,4/30/2022 7:45,57.549
6317,4/30/2022 8:00,57.506
6318,4/30/2022 8:15,57.506
6319,4/30/2022 8:30,57.506
6320,4/30/2022 8:45,57.506
6321,4/30/2022 9:00,57.549
6322,4/30/2022 9:15,57.679
6323,4/30/2022 9:30,58.282
6324,4/30/2022 9:45,59.486
6325,4/30/2022 10:00,60.948
6326,4/30/2022 10:15,62.362
6327,4/30/2022 10:30,63.648
6328,4/30/2022 10:45,64.974
6329,4/30/2022 11:00,66.301
6330,4/30/2022 11:15,67.714
6331,4/30/2022 11:30,69.129
6332,4/30/2022 11:45,70.587
6333,4/30/2022 12:00,72.05
6334,4/30/2022 12:15,73.472
6335,4/30/2022 12:30,74.813
6336,4/30/2022 12:45,76.158
6337,4/30/2022 13:00,77.378
6338,4/30/2022 13:15,78.514
6339,4/30/2022 13:30,79.567
6340,4/30/2022 13:45,80.537
6341,4/30/2022 14:00,81.421
6342,4/30/2022 14:15,82.218
6343,4/30/2022 14:30,82.931
6344,4/30/2022 14:45,83.511
6345,4/30/2022 15:00,84.049
6346,4/30/2022 15:15,84.497
6347,4/30/2022 15:30,84.9
6348,4/30/2022 15:45,85.217
6349,4/30/2022 16:00,85.442
6350,4/30/2022 16:15,85.577
6351,4/30/2022 16:30,85.532
6352,4/30/2022 16:45,85.307
6353,4/30/2022 17:00,84.857
6354,4/30/2022 17:15,84.227
6355,4/30/2022 17:30,83.511
6356,4/30/2022 17:45,82.708
6357,4/30/2022 18:00,81.864
6358,4/30/2022 18:15,80.935
6359,4/30/2022 18:30,80.008
6360,4/30/2022 18:45,79.041
6361,4/30/2022 19:00,78.033
6362,4/30/2022 19:15,76.942
6363,4/30/2022 19:30,75.898
6364,4/30/2022 19:45,74.77
6365,4/30/2022 20:00,73.645
6366,4/30/2022 20:15,72.523
6367,4/30/2022 20:30,71.404
6368,4/30/2022 20:45,70.286
6369,4/30/2022 21:00,69.213
6370,4/30/2022 21:15,68.142
6371,4/30/2022 21:30,67.114
6372,4/30/2022 21:45,66.087
6373,4/30/2022 22:00,65.059
6374,4/30/2022 22:15,64.117
6375,4/30/2022 22:30,63.219
6376,4/30/2022 22:45,62.319
6377,4/30/2022 23:00,61.506
6378,4/30/2022 23:15,60.69
6379,4/30/2022 23:30,59.916
6380,4/30/2022 23:45,59.142
6381,5/1/2022 0:00,58.455
6382,5/1/2022 0:15,57.765
6383,5/1/2022 0:30,57.16
6384,5/1/2022 0:45,56.556
6385,5/1/2022 1:00,56.035
6386,5/1/2022 1:15,55.515
6387,5/1/2022 1:30,55.038
6388,5/1/2022 1:45,54.561
6389,5/1/2022 2:00,54.126
6390,5/1/2022 2:15,53.69
6391,5/1/2022 2:30,53.253
6392,5/1/2022 2:45,52.817
6393,5/1/2022 3:00,52.423
6394,5/1/2022 3:15,52.029
6395,5/1/2022 3:30,51.633
6396,5/1/2022 3:45,51.282
6397,5/1/2022 4:00,50.929
6398,5/1/2022 4:15,50.576
6399,5/1/2022 4:30,50.223
6400,5/1/2022 4:45,49.914
6401,5/1/2022 5:00,49.604
6402,5/1/2022 5:15,49.294
6403,5/1/2022 5:30,49.028
6404,5/1/2022 5:45,48.805
6405,5/1/2022 6:00,48.583
6406,5/1/2022 6:15,48.45
6407,5/1/2022 6:30,48.405
6408,5/1/2022 6:45,48.405
6409,5/1/2022 7:00,48.45
6410,5/1/2022 7:15,48.583
6411,5/1/2022 7:30,48.762
6412,5/1/2022 7:45,49.073
6413,5/1/2022 8:00,49.516
6414,5/1/2022 8:15,50.002
6415,5/1/2022 8:30,50.709
6416,5/1/2022 8:45,51.501
6417,5/1/2022 9:00,52.466
6418,5/1/2022 9:15,53.559
6419,5/1/2022 9:30,54.734
6420,5/1/2022 9:45,55.992
6421,5/1/2022 10:00,57.333
6422,5/1/2022 10:15,58.582
6423,5/1/2022 10:30,59.659
6424,5/1/2022 10:45,60.647
6425,5/1/2022 11:00,61.462
6426,5/1/2022 11:15,62.276
6427,5/1/2022 11:30,62.962
6428,5/1/2022 11:45,63.689
6429,5/1/2022 12:00,64.418
6430,5/1/2022 12:15,65.273
6431,5/1/2022 12:30,66.173
6432,5/1/2022 12:45,67.158
6433,5/1/2022 13:00,68.056
6434,5/1/2022 13:15,68.956
6435,5/1/2022 13:30,69.771
6436,5/1/2022 13:45,70.459
6437,5/1/2022 14:00,71.103
6438,5/1/2022 14:15,71.661
6439,5/1/2022 14:30,72.178
6440,5/1/2022 14:45,72.653
6441,5/1/2022 15:00,73.083
6442,5/1/2022 15:15,73.472
6443,5/1/2022 15:30,73.861
6444,5/1/2022 15:45,74.12
6445,5/1/2022 16:00,74.12
6446,5/1/2022 16:15,74.077
6447,5/1/2022 16:30,74.163
6448,5/1/2022 16:45,74.12
6449,5/1/2022 17:00,73.645
6450,5/1/2022 17:15,73.299
6451,5/1/2022 17:30,73.126
6452,5/1/2022 17:45,73.04
6453,5/1/2022 18:00,73.04
6454,5/1/2022 18:15,73.083
6455,5/1/2022 18:30,73.083
6456,5/1/2022 18:45,73.126
6457,5/1/2022 19:00,73.126
6458,5/1/2022 19:15,73.126
6459,5/1/2022 19:30,73.126
6460,5/1/2022 19:45,73.126
6461,5/1/2022 20:00,73.126
6462,5/1/2022 20:15,73.04
6463,5/1/2022 20:30,72.997
6464,5/1/2022 20:45,72.912
6465,5/1/2022 21:00,72.826
6466,5/1/2022 21:15,72.783
6467,5/1/2022 21:30,72.783
6468,5/1/2022 21:45,72.783
6469,5/1/2022 22:00,72.826
6470,5/1/2022 22:15,72.826
6471,5/1/2022 22:30,72.869
6472,5/1/2022 22:45,72.869
6473,5/1/2022 23:00,72.826
6474,5/1/2022 23:15,72.783
6475,5/1/2022 23:30,72.783
6476,5/1/2022 23:45,72.696
6477,5/2/2022 0:00,72.61
6478,5/2/2022 0:15,72.523
6479,5/2/2022 0:30,72.394
6480,5/2/2022 0:45,72.264
6481,5/2/2022 1:00,72.136
6482,5/2/2022 1:15,71.964
6483,5/2/2022 1:30,71.791
6484,5/2/2022 1:45,71.577
6485,5/2/2022 2:00,71.404
6486,5/2/2022 2:15,71.19
6487,5/2/2022 2:30,70.974
6488,5/2/2022 2:45,70.759
6489,5/2/2022 3:00,70.587
6490,5/2/2022 3:15,70.372
6491,5/2/2022 3:30,70.201
6492,5/2/2022 3:45,70.029
6493,5/2/2022 4:00,69.858
6494,5/2/2022 4:15,69.643
6495,5/2/2022 4:30,69.471
6496,5/2/2022 4:45,69.3
6497,5/2/2022 5:00,69.129
6498,5/2/2022 5:15,68.999
6499,5/2/2022 5:30,68.828
6500,5/2/2022 5:45,68.657
6501,5/2/2022 6:00,68.527
6502,5/2/2022 6:15,68.4
6503,5/2/2022 6:30,68.27
6504,5/2/2022 6:45,68.142
6505,5/2/2022 7:00,68.056
6506,5/2/2022 7:15,67.971
6507,5/2/2022 7:30,67.885
6508,5/2/2022 7:45,67.842
6509,5/2/2022 8:00,67.798
6510,5/2/2022 8:15,67.798
6511,5/2/2022 8:30,67.842
6512,5/2/2022 8:45,67.842
6513,5/2/2022 9:00,67.842
6514,5/2/2022 9:15,67.885
6515,5/2/2022 9:30,67.885
6516,5/2/2022 9:45,67.928
6517,5/2/2022 10:00,67.971
6518,5/2/2022 10:15,68.013
6519,5/2/2022 10:30,68.099
6520,5/2/2022 10:45,68.185
6521,5/2/2022 11:00,68.27
6522,5/2/2022 11:15,68.4
6523,5/2/2022 11:30,68.527
6524,5/2/2022 11:45,68.657
6525,5/2/2022 12:00,68.785
6526,5/2/2022 12:15,68.956
6527,5/2/2022 12:30,69.085
6528,5/2/2022 12:45,69.256
6529,5/2/2022 13:00,69.427
6530,5/2/2022 13:15,69.6
6531,5/2/2022 13:30,69.771
6532,5/2/2022 13:45,69.942
6533,5/2/2022 14:00,70.158
6534,5/2/2022 14:15,70.329
6535,5/2/2022 14:30,70.543
6536,5/2/2022 14:45,70.803
6537,5/2/2022 15:00,71.103
6538,5/2/2022 15:15,72.912
6539,5/2/2022 15:30,75.853
6540,5/2/2022 15:45,75.985
6541,5/2/2022 16:00,75.551
6542,5/2/2022 16:15,75.074
6543,5/2/2022 16:30,74.727
6544,5/2/2022 16:45,74.424
6545,5/2/2022 17:00,74.25
6546,5/2/2022 17:15,74.034
6547,5/2/2022 17:30,73.904
6548,5/2/2022 17:45,73.861
6549,5/2/2022 18:00,73.818
6550,5/2/2022 18:15,73.861
6551,5/2/2022 18:30,73.904
6552,5/2/2022 18:45,73.904
6553,5/2/2022 19:00,73.947
6554,5/2/2022 19:15,73.947
6555,5/2/2022 19:30,73.99
6556,5/2/2022 19:45,73.947
6557,5/2/2022 20:00,73.99
6558,5/2/2022 20:15,73.99
6559,5/2/2022 20:30,74.034
6560,5/2/2022 20:45,74.077
6561,5/2/2022 21:00,74.077
6562,5/2/2022 21:15,74.077
6563,5/2/2022 21:30,74.034
6564,5/2/2022 21:45,73.99
6565,5/2/2022 22:00,73.947
6566,5/2/2022 22:15,73.904
6567,5/2/2022 22:30,73.904
6568,5/2/2022 22:45,73.861
6569,5/2/2022 23:00,73.861
6570,5/2/2022 23:15,73.818
6571,5/2/2022 23:30,73.774
6572,5/2/2022 23:45,73.731
6573,5/3/2022 0:00,73.688
6574,5/3/2022 0:15,73.645
6575,5/3/2022 0:30,73.602
6576,5/3/2022 0:45,73.515
6577,5/3/2022 1:00,73.472
6578,5/3/2022 1:15,73.386
6579,5/3/2022 1:30,73.299
6580,5/3/2022 1:45,73.213
6581,5/3/2022 2:00,73.126
6582,5/3/2022 2:15,73.04
6583,5/3/2022 2:30,72.912
6584,5/3/2022 2:45,72.783
6585,5/3/2022 3:00,72.567
6586,5/3/2022 3:15,72.394
6587,5/3/2022 3:30,72.178
6588,5/3/2022 3:45,71.964
6589,5/3/2022 4:00,71.748
6590,5/3/2022 4:15,71.533
6591,5/3/2022 4:30,71.317
6592,5/3/2022 4:45,71.103
6593,5/3/2022 5:00,70.887
6594,5/3/2022 5:15,70.716
6595,5/3/2022 5:30,70.543
6596,5/3/2022 5:45,70.329
6597,5/3/2022 6:00,70.158
6598,5/3/2022 6:15,70.029
6599,5/3/2022 6:30,69.858
6600,5/3/2022 6:45,69.771
6601,5/3/2022 7:00,69.643
6602,5/3/2022 7:15,69.557
6603,5/3/2022 7:30,69.471
6604,5/3/2022 7:45,69.427
6605,5/3/2022 8:00,69.343
6606,5/3/2022 8:15,69.3
6607,5/3/2022 8:30,69.213
6608,5/3/2022 8:45,69.17
6609,5/3/2022 9:00,69.085
6610,5/3/2022 9:15,69.042
6611,5/3/2022 9:30,68.999
6612,5/3/2022 9:45,68.956
6613,5/3/2022 10:00,68.956
6614,5/3/2022 10:15,68.956
6615,5/3/2022 10:30,68.999
6616,5/3/2022 10:45,69.042
6617,5/3/2022 11:00,69.129
6618,5/3/2022 11:15,69.213
6619,5/3/2022 11:30,69.343
6620,5/3/2022 11:45,69.471
6621,5/3/2022 12:00,69.643
6622,5/3/2022 12:15,69.814
6623,5/3/2022 12:30,69.985
6624,5/3/2022 12:45,70.158
6625,5/3/2022 13:00,70.372
6626,5/3/2022 13:15,70.587
6627,5/3/2022 13:30,70.803
6628,5/3/2022 13:45,71.06
6629,5/3/2022 14:00,71.274
6630,5/3/2022 14:15,71.49
6631,5/3/2022 14:30,71.748
6632,5/3/2022 14:45,72.05
6633,5/3/2022 15:00,72.351
6634,5/3/2022 15:15,74.511
6635,5/3/2022 15:30,77.247
6636,5/3/2022 15:45,77.378
6637,5/3/2022 16:00,77.029
6638,5/3/2022 16:15,76.681
6639,5/3/2022 16:30,76.419
6640,5/3/2022 16:45,76.203
6641,5/3/2022 17:00,76.071
6642,5/3/2022 17:15,75.985
6643,5/3/2022 17:30,75.942
6644,5/3/2022 17:45,75.898
6645,5/3/2022 18:00,75.942
6646,5/3/2022 18:15,76.028
6647,5/3/2022 18:30,76.114
6648,5/3/2022 18:45,76.203
6649,5/3/2022 19:00,76.246
6650,5/3/2022 19:15,76.246
6651,5/3/2022 19:30,76.289
6652,5/3/2022 19:45,76.289
6653,5/3/2022 20:00,76.332
6654,5/3/2022 20:15,76.375
6655,5/3/2022 20:30,76.419
6656,5/3/2022 20:45,76.464
6657,5/3/2022 21:00,76.507
6658,5/3/2022 21:15,76.507
6659,5/3/2022 21:30,76.55
6660,5/3/2022 21:45,76.507
6661,5/3/2022 22:00,76.507
6662,5/3/2022 22:15,76.507
6663,5/3/2022 22:30,76.464
6664,5/3/2022 22:45,76.419
6665,5/3/2022 23:00,76.419
6666,5/3/2022 23:15,76.375
6667,5/3/2022 23:30,76.332
6668,5/3/2022 23:45,76.246
6669,5/4/2022 0:00,76.203
6670,5/4/2022 0:15,76.114
6671,5/4/2022 0:30,75.985
6672,5/4/2022 0:45,75.853
6673,5/4/2022 1:00,75.724
6674,5/4/2022 1:15,75.594
6675,5/4/2022 1:30,75.42
6676,5/4/2022 1:45,75.29
6677,5/4/2022 2:00,75.117
6678,5/4/2022 2:15,74.943
6679,5/4/2022 2:30,74.813
6680,5/4/2022 2:45,74.64
6681,5/4/2022 3:00,74.467
6682,5/4/2022 3:15,74.295
6683,5/4/2022 3:30,74.163
6684,5/4/2022 3:45,73.99
6685,5/4/2022 4:00,73.818
6686,5/4/2022 4:15,73.645
6687,5/4/2022 4:30,73.472
6688,5/4/2022 4:45,73.256
6689,5/4/2022 5:00,73.04
6690,5/4/2022 5:15,72.869
6691,5/4/2022 5:30,72.653
6692,5/4/2022 5:45,72.48
6693,5/4/2022 6:00,72.307
6694,5/4/2022 6:15,72.221
6695,5/4/2022 6:30,72.136
6696,5/4/2022 6:45,72.05
6697,5/4/2022 7:00,71.964
6698,5/4/2022 7:15,71.877
6699,5/4/2022 7:30,71.791
6700,5/4/2022 7:45,71.748
6701,5/4/2022 8:00,71.661
6702,5/4/2022 8:15,71.577
6703,5/4/2022 8:30,71.533
6704,5/4/2022 8:45,71.447
6705,5/4/2022 9:00,71.404
6706,5/4/2022 9:15,71.404
6707,5/4/2022 9:30,71.404
6708,5/4/2022 9:45,71.404
6709,5/4/2022 10:00,71.447
6710,5/4/2022 10:15,71.533
6711,5/4/2022 10:30,71.62
6712,5/4/2022 10:45,71.748
6713,5/4/2022 11:00,71.877
6714,5/4/2022 11:15,72.007
6715,5/4/2022 11:30,72.178
6716,5/4/2022 11:45,72.351
6717,5/4/2022 12:00,72.567
6718,5/4/2022 12:15,72.739
6719,5/4/2022 12:30,72.955
6720,5/4/2022 12:45,73.17
6721,5/4/2022 13:00,73.429
6722,5/4/2022 13:15,73.688
6723,5/4/2022 13:30,73.947
6724,5/4/2022 13:45,74.295
6725,5/4/2022 14:00,74.986
6726,5/4/2022 14:15,76.768
6727,5/4/2022 14:30,80.449
6728,5/4/2022 14:45,82.931
6729,5/4/2022 15:00,82.263
6730,5/4/2022 15:15,81.066
6731,5/4/2022 15:30,80.008
6732,5/4/2022 15:45,79.173
6733,5/4/2022 16:00,78.602
6734,5/4/2022 16:15,78.165
6735,5/4/2022 16:30,77.902
6736,5/4/2022 16:45,77.727
6737,5/4/2022 17:00,77.596
6738,5/4/2022 17:15,77.509
6739,5/4/2022 17:30,77.421
6740,5/4/2022 17:45,77.335
6741,5/4/2022 18:00,77.247
6742,5/4/2022 18:15,77.117
6743,5/4/2022 18:30,76.942
6744,5/4/2022 18:45,76.811
6745,5/4/2022 19:00,76.464
6746,5/4/2022 19:15,76.028
6747,5/4/2022 19:30,75.681
6748,5/4/2022 19:45,75.42
6749,5/4/2022 20:00,75.204
6750,5/4/2022 20:15,75.074
6751,5/4/2022 20:30,75.029
6752,5/4/2022 20:45,75.204
6753,5/4/2022 21:00,75.29
6754,5/4/2022 21:15,75.376
6755,5/4/2022 21:30,75.247
6756,5/4/2022 21:45,75.117
6757,5/4/2022 22:00,74.943
6758,5/4/2022 22:15,74.899
6759,5/4/2022 22:30,74.813
6760,5/4/2022 22:45,74.683
6761,5/4/2022 23:00,74.597
6762,5/4/2022 23:15,74.511
6763,5/4/2022 23:30,74.424
6764,5/4/2022 23:45,74.381
6765,5/5/2022 0:00,74.338
6766,5/5/2022 0:15,74.25
6767,5/5/2022 0:30,74.163
6768,5/5/2022 0:45,74.077
6769,5/5/2022 1:00,74.034
6770,5/5/2022 1:15,73.947
6771,5/5/2022 1:30,73.904
6772,5/5/2022 1:45,73.818
6773,5/5/2022 2:00,73.731
6774,5/5/2022 2:15,73.645
6775,5/5/2022 2:30,73.558
6776,5/5/2022 2:45,73.472
6777,5/5/2022 3:00,73.386
6778,5/5/2022 3:15,73.213
6779,5/5/2022 3:30,73.083
6780,5/5/2022 3:45,72.955
6781,5/5/2022 4:00,72.826
6782,5/5/2022 4:15,72.696
6783,5/5/2022 4:30,72.567
6784,5/5/2022 4:45,72.437
6785,5/5/2022 5:00,72.307
6786,5/5/2022 5:15,72.178
6787,5/5/2022 5:30,72.05
6788,5/5/2022 5:45,71.964
6789,5/5/2022 6:00,71.964
6790,5/5/2022 6:15,71.92
6791,5/5/2022 6:30,71.877
6792,5/5/2022 6:45,71.748
6793,5/5/2022 7:00,71.661
6794,5/5/2022 7:15,71.577
6795,5/5/2022 7:30,71.533
6796,5/5/2022 7:45,71.533
6797,5/5/2022 8:00,71.49
6798,5/5/2022 8:15,71.49
6799,5/5/2022 8:30,71.533
6800,5/5/2022 8:45,71.877
6801,5/5/2022 9:00,72.136
6802,5/5/2022 9:15,71.447
6803,5/5/2022 9:30,71.103
6804,5/5/2022 9:45,70.846
6805,5/5/2022 10:00,70.759
6806,5/5/2022 10:15,70.759
6807,5/5/2022 10:30,70.803
6808,5/5/2022 10:45,70.846
6809,5/5/2022 11:00,70.93
6810,5/5/2022 11:15,71.06
6811,5/5/2022 11:30,71.146
6812,5/5/2022 11:45,71.274
6813,5/5/2022 12:00,71.404
6814,5/5/2022 12:15,71.49
6815,5/5/2022 12:30,71.62
6816,5/5/2022 12:45,71.748
6817,5/5/2022 13:00,71.92
6818,5/5/2022 13:15,72.093
6819,5/5/2022 13:30,72.307
6820,5/5/2022 13:45,72.523
6821,5/5/2022 14:00,72.739
6822,5/5/2022 14:15,72.869
6823,5/5/2022 14:30,72.955
6824,5/5/2022 14:45,72.997
6825,5/5/2022 15:00,73.04
6826,5/5/2022 15:15,73.083
6827,5/5/2022 15:30,73.126
6828,5/5/2022 15:45,73.213
6829,5/5/2022 16:00,73.256
6830,5/5/2022 16:15,73.299
6831,5/5/2022 16:30,73.386
6832,5/5/2022 16:45,73.429
6833,5/5/2022 17:00,73.472
6834,5/5/2022 17:15,73.472
6835,5/5/2022 17:30,73.472
6836,5/5/2022 17:45,73.472
6837,5/5/2022 18:00,73.472
6838,5/5/2022 18:15,73.472
6839,5/5/2022 18:30,73.472
6840,5/5/2022 18:45,73.472
6841,5/5/2022 19:00,73.429
6842,5/5/2022 19:15,73.386
6843,5/5/2022 19:30,73.299
6844,5/5/2022 19:45,73.213
6845,5/5/2022 20:00,73.17
6846,5/5/2022 20:15,73.083
6847,5/5/2022 20:30,73.04
6848,5/5/2022 20:45,72.955
6849,5/5/2022 21:00,72.869
6850,5/5/2022 21:15,72.826
6851,5/5/2022 21:30,72.739
6852,5/5/2022 21:45,72.696
6853,5/5/2022 22:00,72.61
6854,5/5/2022 22:15,72.567
6855,5/5/2022 22:30,72.523
6856,5/5/2022 22:45,72.48
6857,5/5/2022 23:00,72.394
6858,5/5/2022 23:15,72.351
6859,5/5/2022 23:30,72.264
6860,5/5/2022 23:45,72.178
6861,5/6/2022 0:00,72.136
6862,5/6/2022 0:15,72.05
6863,5/6/2022 0:30,72.007
6864,5/6/2022 0:45,71.92
6865,5/6/2022 1:00,71.877
6866,5/6/2022 1:15,71.791
6867,5/6/2022 1:30,71.748
6868,5/6/2022 1:45,71.704
6869,5/6/2022 2:00,71.62
6870,5/6/2022 2:15,71.577
6871,5/6/2022 2:30,71.49
6872,5/6/2022 2:45,71.447
6873,5/6/2022 3:00,71.404
6874,5/6/2022 3:15,71.317
6875,5/6/2022 3:30,71.231
6876,5/6/2022 3:45,71.19
6877,5/6/2022 4:00,71.103
6878,5/6/2022 4:15,71.06
6879,5/6/2022 4:30,70.974
6880,5/6/2022 4:45,70.887
6881,5/6/2022 5:00,70.803
6882,5/6/2022 5:15,70.759
6883,5/6/2022 5:30,70.673
6884,5/6/2022 5:45,70.63
6885,5/6/2022 6:00,70.543
6886,5/6/2022 6:15,70.502
6887,5/6/2022 6:30,70.459
6888,5/6/2022 6:45,70.416
6889,5/6/2022 7:00,70.372
6890,5/6/2022 7:15,70.372
6891,5/6/2022 7:30,70.372
6892,5/6/2022 7:45,70.372
6893,5/6/2022 8:00,70.372
6894,5/6/2022 8:15,70.416
6895,5/6/2022 8:30,70.416
6896,5/6/2022 8:45,70.459
6897,5/6/2022 9:00,70.459
6898,5/6/2022 9:15,70.502
6899,5/6/2022 9:30,70.543
6900,5/6/2022 9:45,70.543
6901,5/6/2022 10:00,70.63
6902,5/6/2022 10:15,70.673
6903,5/6/2022 10:30,70.716
6904,5/6/2022 10:45,70.803
6905,5/6/2022 11:00,70.887
6906,5/6/2022 11:15,70.974
6907,5/6/2022 11:30,71.017
6908,5/6/2022 11:45,71.06
6909,5/6/2022 12:00,71.103
6910,5/6/2022 12:15,71.19
6911,5/6/2022 12:30,71.274
6912,5/6/2022 12:45,71.404
6913,5/6/2022 13:00,71.533
6914,5/6/2022 13:15,71.704
6915,5/6/2022 13:30,72.007
6916,5/6/2022 13:45,72.264
6917,5/6/2022 14:00,72.61
6918,5/6/2022 14:15,72.739
6919,5/6/2022 14:30,72.783
6920,5/6/2022 14:45,72.739
6921,5/6/2022 15:00,72.739
6922,5/6/2022 15:15,72.739
6923,5/6/2022 15:30,72.739
6924,5/6/2022 15:45,72.783
6925,5/6/2022 16:00,72.783
6926,5/6/2022 16:15,72.869
6927,5/6/2022 16:30,72.912
6928,5/6/2022 16:45,72.955
6929,5/6/2022 17:00,72.997
6930,5/6/2022 17:15,73.04
6931,5/6/2022 17:30,73.04
6932,5/6/2022 17:45,73.083
6933,5/6/2022 18:00,73.083
6934,5/6/2022 18:15,73.083
6935,5/6/2022 18:30,73.083
6936,5/6/2022 18:45,73.083
6937,5/6/2022 19:00,73.04
6938,5/6/2022 19:15,72.997
6939,5/6/2022 19:30,72.955
6940,5/6/2022 19:45,72.912
6941,5/6/2022 20:00,72.869
6942,5/6/2022 20:15,72.826
6943,5/6/2022 20:30,72.783
6944,5/6/2022 20:45,72.739
6945,5/6/2022 21:00,72.696
6946,5/6/2022 21:15,72.61
6947,5/6/2022 21:30,72.567
6948,5/6/2022 21:45,72.48
6949,5/6/2022 22:00,72.437
6950,5/6/2022 22:15,72.351
6951,5/6/2022 22:30,72.264
6952,5/6/2022 22:45,72.221
6953,5/6/2022 23:00,72.093
6954,5/6/2022 23:15,72.007
6955,5/6/2022 23:30,71.92
6956,5/6/2022 23:45,71.834
6957,5/7/2022 0:00,71.704
6958,5/7/2022 0:15,71.62
6959,5/7/2022 0:30,71.49
6960,5/7/2022 0:45,71.361
6961,5/7/2022 1:00,71.274
6962,5/7/2022 1:15,71.146
6963,5/7/2022 1:30,71.06
6964,5/7/2022 1:45,70.93
6965,5/7/2022 2:00,70.803
6966,5/7/2022 2:15,70.673
6967,5/7/2022 2:30,70.543
6968,5/7/2022 2:45,70.459
6969,5/7/2022 3:00,70.329
6970,5/7/2022 3:15,70.201
6971,5/7/2022 3:30,70.072
6972,5/7/2022 3:45,69.985
6973,5/7/2022 4:00,69.858
6974,5/7/2022 4:15,69.771
6975,5/7/2022 4:30,69.685
6976,5/7/2022 4:45,69.6
6977,5/7/2022 5:00,69.471
6978,5/7/2022 5:15,69.386
6979,5/7/2022 5:30,69.343
6980,5/7/2022 5:45,69.256
6981,5/7/2022 6:00,69.213
6982,5/7/2022 6:15,69.17
6983,5/7/2022 6:30,69.085
6984,5/7/2022 6:45,69.042
6985,5/7/2022 7:00,68.999
6986,5/7/2022 7:15,68.956
6987,5/7/2022 7:30,68.956
6988,5/7/2022 7:45,68.956
6989,5/7/2022 8:00,68.956
6990,5/7/2022 8:15,68.956
6991,5/7/2022 8:30,68.956
6992,5/7/2022 8:45,68.956
6993,5/7/2022 9:00,68.956
6994,5/7/2022 9:15,68.913
6995,5/7/2022 9:30,68.913
6996,5/7/2022 9:45,68.913
6997,5/7/2022 10:00,68.913
6998,5/7/2022 10:15,68.956
6999,5/7/2022 10:30,68.999
7000,5/7/2022 10:45,69.042
7001,5/7/2022 11:00,69.129
7002,5/7/2022 11:15,69.213
7003,5/7/2022 11:30,69.3
7004,5/7/2022 11:45,69.343
7005,5/7/2022 12:00,69.471
7006,5/7/2022 12:15,69.557
7007,5/7/2022 12:30,69.685
7008,5/7/2022 12:45,69.858
7009,5/7/2022 13:00,70.072
7010,5/7/2022 13:15,70.372
7011,5/7/2022 13:30,70.759
7012,5/7/2022 13:45,71.146
7013,5/7/2022 14:00,71.704
7014,5/7/2022 14:15,71.964
7015,5/7/2022 14:30,71.92
7016,5/7/2022 14:45,71.877
7017,5/7/2022 15:00,71.834
7018,5/7/2022 15:15,71.834
7019,5/7/2022 15:30,71.877
7020,5/7/2022 15:45,71.964
7021,5/7/2022 16:00,72.05
7022,5/7/2022 16:15,72.136
7023,5/7/2022 16:30,72.264
7024,5/7/2022 16:45,72.351
7025,5/7/2022 17:00,72.437
7026,5/7/2022 17:15,72.523
7027,5/7/2022 17:30,72.61
7028,5/7/2022 17:45,72.653
7029,5/7/2022 18:00,72.696
7030,5/7/2022 18:15,72.739
7031,5/7/2022 18:30,72.696
7032,5/7/2022 18:45,72.653
7033,5/7/2022 19:00,72.61
7034,5/7/2022 19:15,72.523
7035,5/7/2022 19:30,72.48
7036,5/7/2022 19:45,72.437
7037,5/7/2022 20:00,72.394
7038,5/7/2022 20:15,72.394
7039,5/7/2022 20:30,72.351
7040,5/7/2022 20:45,72.307
7041,5/7/2022 21:00,72.221
7042,5/7/2022 21:15,72.136
7043,5/7/2022 21:30,72.05
7044,5/7/2022 21:45,71.92
7045,5/7/2022 22:00,71.834
7046,5/7/2022 22:15,71.748
7047,5/7/2022 22:30,71.62
7048,5/7/2022 22:45,71.533
7049,5/7/2022 23:00,71.404
7050,5/7/2022 23:15,71.274
7051,5/7/2022 23:30,71.146
7052,5/7/2022 23:45,71.017
7053,5/8/2022 0:00,70.887
7054,5/8/2022 0:15,70.759
7055,5/8/2022 0:30,70.63
7056,5/8/2022 0:45,70.502
7057,5/8/2022 1:00,70.372
7058,5/8/2022 1:15,70.243
7059,5/8/2022 1:30,70.115
7060,5/8/2022 1:45,69.985
7061,5/8/2022 2:00,69.858
7062,5/8/2022 2:15,69.728
7063,5/8/2022 2:30,69.6
7064,5/8/2022 2:45,69.471
7065,5/8/2022 3:00,69.343
7066,5/8/2022 3:15,69.213
7067,5/8/2022 3:30,69.085
7068,5/8/2022 3:45,68.956
7069,5/8/2022 4:00,68.828
7070,5/8/2022 4:15,68.698
7071,5/8/2022 4:30,68.571
7072,5/8/2022 4:45,68.443
7073,5/8/2022 5:00,68.313
7074,5/8/2022 5:15,68.185
7075,5/8/2022 5:30,68.056
7076,5/8/2022 5:45,67.928
7077,5/8/2022 6:00,67.798
7078,5/8/2022 6:15,67.714
7079,5/8/2022 6:30,67.714
7080,5/8/2022 6:45,67.671
7081,5/8/2022 7:00,67.671
7082,5/8/2022 7:15,67.627
7083,5/8/2022 7:30,67.627
7084,5/8/2022 7:45,67.586
7085,5/8/2022 8:00,67.586
7086,5/8/2022 8:15,67.543
7087,5/8/2022 8:30,67.543
7088,5/8/2022 8:45,67.5
7089,5/8/2022 9:00,67.5
7090,5/8/2022 9:15,67.5
7091,5/8/2022 9:30,67.543
7092,5/8/2022 9:45,67.586
7093,5/8/2022 10:00,67.627
7094,5/8/2022 10:15,67.627
7095,5/8/2022 10:30,67.671
7096,5/8/2022 10:45,67.714
7097,5/8/2022 11:00,67.757
7098,5/8/2022 11:15,67.757
7099,5/8/2022 11:30,67.798
7100,5/8/2022 11:45,67.842
7101,5/8/2022 12:00,67.885
7102,5/8/2022 12:15,67.971
7103,5/8/2022 12:30,68.056
7104,5/8/2022 12:45,68.142
7105,5/8/2022 13:00,68.313
7106,5/8/2022 13:15,68.484
7107,5/8/2022 13:30,68.828
7108,5/8/2022 13:45,69.213
7109,5/8/2022 14:00,69.814
7110,5/8/2022 14:15,70.029
7111,5/8/2022 14:30,69.901
7112,5/8/2022 14:45,69.728
7113,5/8/2022 15:00,69.643
7114,5/8/2022 15:15,69.6
7115,5/8/2022 15:30,69.6
7116,5/8/2022 15:45,69.643
7117,5/8/2022 16:00,69.685
7118,5/8/2022 16:15,69.728
7119,5/8/2022 16:30,69.771
7120,5/8/2022 16:45,69.814
7121,5/8/2022 17:00,69.858
7122,5/8/2022 17:15,69.858
7123,5/8/2022 17:30,69.901
7124,5/8/2022 17:45,69.901
7125,5/8/2022 18:00,69.901
7126,5/8/2022 18:15,69.901
7127,5/8/2022 18:30,69.901
7128,5/8/2022 18:45,69.858
7129,5/8/2022 19:00,69.771
7130,5/8/2022 19:15,69.728
7131,5/8/2022 19:30,69.643
7132,5/8/2022 19:45,69.557
7133,5/8/2022 20:00,69.471
7134,5/8/2022 20:15,69.386
7135,5/8/2022 20:30,69.3
7136,5/8/2022 20:45,69.213
7137,5/8/2022 21:00,69.085
7138,5/8/2022 21:15,68.999
7139,5/8/2022 21:30,68.913
7140,5/8/2022 21:45,68.828
7141,5/8/2022 22:00,68.698
7142,5/8/2022 22:15,68.614
7143,5/8/2022 22:30,68.484
7144,5/8/2022 22:45,68.356
7145,5/8/2022 23:00,68.227
7146,5/8/2022 23:15,68.099
7147,5/8/2022 23:30,67.971
7148,5/8/2022 23:45,67.842
7149,5/9/2022 0:00,67.714
7150,5/9/2022 0:15,67.586
7151,5/9/2022 0:30,67.456
7152,5/9/2022 0:45,67.329
7153,5/9/2022 1:00,67.199
7154,5/9/2022 1:15,67.114
7155,5/9/2022 1:30,66.985
7156,5/9/2022 1:45,66.857
7157,5/9/2022 2:00,66.729
7158,5/9/2022 2:15,66.6
7159,5/9/2022 2:30,66.472
7160,5/9/2022 2:45,66.385
7161,5/9/2022 3:00,66.258
7162,5/9/2022 3:15,66.173
7163,5/9/2022 3:30,66.043
7164,5/9/2022 3:45,65.916
7165,5/9/2022 4:00,65.788
7166,5/9/2022 4:15,65.658
7167,5/9/2022 4:30,65.53
7168,5/9/2022 4:45,65.444
7169,5/9/2022 5:00,65.316
7170,5/9/2022 5:15,65.188
7171,5/9/2022 5:30,65.059
7172,5/9/2022 5:45,64.974
7173,5/9/2022 6:00,64.845
7174,5/9/2022 6:15,64.76
7175,5/9/2022 6:30,64.717
7176,5/9/2022 6:45,64.717
7177,5/9/2022 7:00,64.717
7178,5/9/2022 7:15,64.717
7179,5/9/2022 7:30,64.717
7180,5/9/2022 7:45,64.717
7181,5/9/2022 8:00,64.717
7182,5/9/2022 8:15,64.717
7183,5/9/2022 8:30,64.717
7184,5/9/2022 8:45,64.717
7185,5/9/2022 9:00,64.717
7186,5/9/2022 9:15,64.717
7187,5/9/2022 9:30,64.717
7188,5/9/2022 9:45,64.76
7189,5/9/2022 10:00,64.76
7190,5/9/2022 10:15,64.803
7191,5/9/2022 10:30,64.845
7192,5/9/2022 10:45,64.888
7193,5/9/2022 11:00,64.974
7194,5/9/2022 11:15,65.059
7195,5/9/2022 11:30,65.188
7196,5/9/2022 11:45,65.273
7197,5/9/2022 12:00,65.403
7198,5/9/2022 12:15,65.53
7199,5/9/2022 12:30,65.658
7200,5/9/2022 12:45,65.829
7201,5/9/2022 13:00,66.043
7202,5/9/2022 13:15,66.344
7203,5/9/2022 13:30,66.772
7204,5/9/2022 13:45,67.372
7205,5/9/2022 14:00,68.142
7206,5/9/2022 14:15,68.313
7207,5/9/2022 14:30,68.185
7208,5/9/2022 14:45,67.971
7209,5/9/2022 15:00,67.885
7210,5/9/2022 15:15,67.798
7211,5/9/2022 15:30,67.798
7212,5/9/2022 15:45,67.842
7213,5/9/2022 16:00,67.885
7214,5/9/2022 16:15,67.928
7215,5/9/2022 16:30,68.013
7216,5/9/2022 16:45,68.056
7217,5/9/2022 17:00,68.142
7218,5/9/2022 17:15,68.185
7219,5/9/2022 17:30,68.27
7220,5/9/2022 17:45,68.356
7221,5/9/2022 18:00,68.484
7222,5/9/2022 18:15,68.657
7223,5/9/2022 18:30,68.828
7224,5/9/2022 18:45,68.999
7225,5/9/2022 19:00,69.129
7226,5/9/2022 19:15,69.129
7227,5/9/2022 19:30,69.129
7228,5/9/2022 19:45,69.129
7229,5/9/2022 20:00,69.085
7230,5/9/2022 20:15,68.999
7231,5/9/2022 20:30,68.913
7232,5/9/2022 20:45,68.828
7233,5/9/2022 21:00,68.828
7234,5/9/2022 21:15,68.785
7235,5/9/2022 21:30,68.742
7236,5/9/2022 21:45,68.698
7237,5/9/2022 22:00,68.657
7238,5/9/2022 22:15,68.657
7239,5/9/2022 22:30,68.657
7240,5/9/2022 22:45,68.657
7241,5/9/2022 23:00,68.657
7242,5/9/2022 23:15,68.657
7243,5/9/2022 23:30,68.614
7244,5/9/2022 23:45,68.571
7245,5/10/2022 0:00,68.527
7246,5/10/2022 0:15,68.4
7247,5/10/2022 0:30,68.27
7248,5/10/2022 0:45,68.099
7249,5/10/2022 1:00,67.928
7250,5/10/2022 1:15,67.757
7251,5/10/2022 1:30,67.586
7252,5/10/2022 1:45,67.413
7253,5/10/2022 2:00,67.285
7254,5/10/2022 2:15,67.114
7255,5/10/2022 2:30,66.985
7256,5/10/2022 2:45,66.857
7257,5/10/2022 3:00,66.729
7258,5/10/2022 3:15,66.558
7259,5/10/2022 3:30,66.429
7260,5/10/2022 3:45,66.258
7261,5/10/2022 4:00,66.087
7262,5/10/2022 4:15,65.959
7263,5/10/2022 4:30,65.829
7264,5/10/2022 4:45,65.701
7265,5/10/2022 5:00,65.574
7266,5/10/2022 5:15,65.444
7267,5/10/2022 5:30,65.359
7268,5/10/2022 5:45,65.23
7269,5/10/2022 6:00,65.145
7270,5/10/2022 6:15,65.102
7271,5/10/2022 6:30,65.059
7272,5/10/2022 6:45,65.059
7273,5/10/2022 7:00,65.059
7274,5/10/2022 7:15,65.059
7275,5/10/2022 7:30,65.059
7276,5/10/2022 7:45,65.059
7277,5/10/2022 8:00,65.059
7278,5/10/2022 8:15,65.188
7279,5/10/2022 8:30,65.359
7280,5/10/2022 8:45,65.487
7281,5/10/2022 9:00,65.574
7282,5/10/2022 9:15,65.615
7283,5/10/2022 9:30,65.658
7284,5/10/2022 9:45,65.658
7285,5/10/2022 10:00,65.701
7286,5/10/2022 10:15,65.745
7287,5/10/2022 10:30,65.788
7288,5/10/2022 10:45,65.829
7289,5/10/2022 11:00,65.916
7290,5/10/2022 11:15,66.043
7291,5/10/2022 11:30,66.13
7292,5/10/2022 11:45,66.214
7293,5/10/2022 12:00,66.344
7294,5/10/2022 12:15,66.515
7295,5/10/2022 12:30,66.643
7296,5/10/2022 12:45,66.814
7297,5/10/2022 13:00,67.028
7298,5/10/2022 13:15,67.372
7299,5/10/2022 13:30,67.971
7300,5/10/2022 13:45,68.871
7301,5/10/2022 14:00,69.6
7302,5/10/2022 14:15,69.771
7303,5/10/2022 14:30,69.685
7304,5/10/2022 14:45,69.557
7305,5/10/2022 15:00,69.427
7306,5/10/2022 15:15,69.386
7307,5/10/2022 15:30,69.386
7308,5/10/2022 15:45,69.427
7309,5/10/2022 16:00,69.471
7310,5/10/2022 16:15,69.514
7311,5/10/2022 16:30,69.6
7312,5/10/2022 16:45,69.6
7313,5/10/2022 17:00,69.685
7314,5/10/2022 17:15,69.728
7315,5/10/2022 17:30,69.771
7316,5/10/2022 17:45,69.814
7317,5/10/2022 18:00,69.858
7318,5/10/2022 18:15,69.901
7319,5/10/2022 18:30,69.901
7320,5/10/2022 18:45,69.858
7321,5/10/2022 19:00,69.814
7322,5/10/2022 19:15,69.728
7323,5/10/2022 19:30,69.685
7324,5/10/2022 19:45,69.6
7325,5/10/2022 20:00,69.557
7326,5/10/2022 20:15,69.471
7327,5/10/2022 20:30,69.386
7328,5/10/2022 20:45,69.3
7329,5/10/2022 21:00,69.256
7330,5/10/2022 21:15,69.213
7331,5/10/2022 21:30,69.213
7332,5/10/2022 21:45,69.17
7333,5/10/2022 22:00,69.129
7334,5/10/2022 22:15,69.042
7335,5/10/2022 22:30,68.999
7336,5/10/2022 22:45,68.999
7337,5/10/2022 23:00,68.956
7338,5/10/2022 23:15,68.956
7339,5/10/2022 23:30,68.913
7340,5/10/2022 23:45,68.913
7341,5/11/2022 0:00,68.956
7342,5/11/2022 0:15,68.871
7343,5/11/2022 0:30,68.742
7344,5/11/2022 0:45,68.698
7345,5/11/2022 1:00,68.657
7346,5/11/2022 1:15,68.614
7347,5/11/2022 1:30,68.571
7348,5/11/2022 1:45,68.443
7349,5/11/2022 2:00,68.27
7350,5/11/2022 2:15,68.142
7351,5/11/2022 2:30,67.971
7352,5/11/2022 2:45,67.798
7353,5/11/2022 3:00,67.627
7354,5/11/2022 3:15,67.456
7355,5/11/2022 3:30,67.285
7356,5/11/2022 3:45,67.114
7357,5/11/2022 4:00,66.943
7358,5/11/2022 4:15,66.772
7359,5/11/2022 4:30,66.6
7360,5/11/2022 4:45,66.429
7361,5/11/2022 5:00,66.258
7362,5/11/2022 5:15,66.043
7363,5/11/2022 5:30,65.872
7364,5/11/2022 5:45,65.745
7365,5/11/2022 6:00,65.615
7366,5/11/2022 6:15,65.574
7367,5/11/2022 6:30,65.487
7368,5/11/2022 6:45,65.444
7369,5/11/2022 7:00,65.444
7370,5/11/2022 7:15,65.444
7371,5/11/2022 7:30,65.444
7372,5/11/2022 7:45,65.444
7373,5/11/2022 8:00,65.487
7374,5/11/2022 8:15,65.487
7375,5/11/2022 8:30,65.487
7376,5/11/2022 8:45,65.53
7377,5/11/2022 9:00,65.53
7378,5/11/2022 9:15,65.53
7379,5/11/2022 9:30,65.574
7380,5/11/2022 9:45,65.615
7381,5/11/2022 10:00,65.658
7382,5/11/2022 10:15,65.701
7383,5/11/2022 10:30,65.745
7384,5/11/2022 10:45,65.829
7385,5/11/2022 11:00,65.916
7386,5/11/2022 11:15,66.087
7387,5/11/2022 11:30,66.301
7388,5/11/2022 11:45,66.515
7389,5/11/2022 12:00,66.729
7390,5/11/2022 12:15,67.028
7391,5/11/2022 12:30,67.285
7392,5/11/2022 12:45,67.5
7393,5/11/2022 13:00,67.798
7394,5/11/2022 13:15,68.185
7395,5/11/2022 13:30,68.871
7396,5/11/2022 13:45,69.514
7397,5/11/2022 14:00,69.942
7398,5/11/2022 14:15,70.072
7399,5/11/2022 14:30,69.942
7400,5/11/2022 14:45,69.814
7401,5/11/2022 15:00,69.728
7402,5/11/2022 15:15,69.728
7403,5/11/2022 15:30,69.771
7404,5/11/2022 15:45,69.858
7405,5/11/2022 16:00,69.942
7406,5/11/2022 16:15,70.029
7407,5/11/2022 16:30,70.158
7408,5/11/2022 16:45,70.243
7409,5/11/2022 17:00,70.372
7410,5/11/2022 17:15,70.459
7411,5/11/2022 17:30,70.587
7412,5/11/2022 17:45,70.716
7413,5/11/2022 18:00,70.846
7414,5/11/2022 18:15,71.017
7415,5/11/2022 18:30,71.103
7416,5/11/2022 18:45,71.19
7417,5/11/2022 19:00,71.274
7418,5/11/2022 19:15,71.274
7419,5/11/2022 19:30,71.317
7420,5/11/2022 19:45,71.317
7421,5/11/2022 20:00,71.361
7422,5/11/2022 20:15,71.103
7423,5/11/2022 20:30,70.803
7424,5/11/2022 20:45,70.543
7425,5/11/2022 21:00,70.286
7426,5/11/2022 21:15,70.029
7427,5/11/2022 21:30,69.685
7428,5/11/2022 21:45,69.343
7429,5/11/2022 22:00,69.085
7430,5/11/2022 22:15,68.956
7431,5/11/2022 22:30,68.913
7432,5/11/2022 22:45,68.913
7433,5/11/2022 23:00,68.913
7434,5/11/2022 23:15,68.871
7435,5/11/2022 23:30,68.828
7436,5/11/2022 23:45,68.785
7437,5/12/2022 0:00,68.742
7438,5/12/2022 0:15,68.698
7439,5/12/2022 0:30,68.614
7440,5/12/2022 0:45,68.527
7441,5/12/2022 1:00,68.443
7442,5/12/2022 1:15,68.313
7443,5/12/2022 1:30,68.185
7444,5/12/2022 1:45,68.013
7445,5/12/2022 2:00,67.885
7446,5/12/2022 2:15,67.714
7447,5/12/2022 2:30,67.543
7448,5/12/2022 2:45,67.372
7449,5/12/2022 3:00,67.199
7450,5/12/2022 3:15,67.028
7451,5/12/2022 3:30,66.857
7452,5/12/2022 3:45,66.643
7453,5/12/2022 4:00,66.472
7454,5/12/2022 4:15,66.301
7455,5/12/2022 4:30,66.13
7456,5/12/2022 4:45,65.959
7457,5/12/2022 5:00,65.829
7458,5/12/2022 5:15,65.658
7459,5/12/2022 5:30,65.53
7460,5/12/2022 5:45,65.403
7461,5/12/2022 6:00,65.273
7462,5/12/2022 6:15,65.273
7463,5/12/2022 6:30,65.273
7464,5/12/2022 6:45,65.316
7465,5/12/2022 7:00,65.403
7466,5/12/2022 7:15,65.487
7467,5/12/2022 7:30,65.574
7468,5/12/2022 7:45,65.658
7469,5/12/2022 8:00,65.745
7470,5/12/2022 8:15,65.916
7471,5/12/2022 8:30,66.13
7472,5/12/2022 8:45,66.558
7473,5/12/2022 9:00,67.199
7474,5/12/2022 9:15,67.671
7475,5/12/2022 9:30,68.099
7476,5/12/2022 9:45,68.871
7477,5/12/2022 10:00,70.115
7478,5/12/2022 10:15,71.06
7479,5/12/2022 10:30,71.577
7480,5/12/2022 10:45,71.748
7481,5/12/2022 11:00,71.748
7482,5/12/2022 11:15,71.791
7483,5/12/2022 11:30,71.92
7484,5/12/2022 11:45,72.093
7485,5/12/2022 12:00,72.264
7486,5/12/2022 12:15,71.704
7487,5/12/2022 12:30,70.887
7488,5/12/2022 12:45,70.201
7489,5/12/2022 13:00,69.685
7490,5/12/2022 13:15,69.256
7491,5/12/2022 13:30,68.913
7492,5/12/2022 13:45,68.571
7493,5/12/2022 14:00,68.313
7494,5/12/2022 14:15,68.056
7495,5/12/2022 14:30,67.543
7496,5/12/2022 14:45,67.714
7497,5/12/2022 15:00,67.543
7498,5/12/2022 15:13,
7499,5/12/2022 15:13,
7500,5/12/2022 15:13,
7501,5/12/2022 15:13,
7502,5/12/2022 15:13,
