Obs_Numb,Date_Time,Temp_F
1,2/23/2022 13:00,59.315
2,2/23/2022 13:15,59.358
3,2/23/2022 13:30,59.358
4,2/23/2022 13:45,59.358
5,2/23/2022 14:00,59.401
6,2/23/2022 14:15,59.358
7,2/23/2022 14:30,59.315
8,2/23/2022 14:45,59.315
9,2/23/2022 15:00,59.315
10,2/23/2022 15:15,59.358
11,2/23/2022 15:30,59.358
12,2/23/2022 15:45,59.401
13,2/23/2022 16:00,59.486
14,2/23/2022 16:15,59.486
15,2/23/2022 16:30,59.486
16,2/23/2022 16:45,59.486
17,2/23/2022 17:00,59.486
18,2/23/2022 17:15,59.486
19,2/23/2022 17:30,59.572
20,2/23/2022 17:45,59.702
21,2/23/2022 18:00,59.873
22,2/23/2022 18:15,60.003
23,2/23/2022 18:30,60.174
24,2/23/2022 18:45,60.303
25,2/23/2022 19:00,60.433
26,2/23/2022 19:15,60.604
27,2/23/2022 19:30,60.733
28,2/23/2022 19:45,60.861
29,2/23/2022 20:00,60.948
30,2/23/2022 20:15,61.032
31,2/23/2022 20:30,61.119
32,2/23/2022 20:45,61.248
33,2/23/2022 21:00,61.376
34,2/23/2022 21:15,61.462
35,2/23/2022 21:30,61.547
36,2/23/2022 21:45,61.59
37,2/23/2022 22:00,61.633
38,2/23/2022 22:15,61.677
39,2/23/2022 22:30,61.72
40,2/23/2022 22:45,61.761
41,2/23/2022 23:00,59.702
42,2/23/2022 23:15,59.358
43,2/23/2022 23:30,59.272
44,2/23/2022 23:45,59.142
45,2/24/2022 0:00,59.142
46,2/24/2022 0:15,59.445
47,2/24/2022 0:30,59.702
48,2/24/2022 0:45,59.959
49,2/24/2022 1:00,59.83
50,2/24/2022 1:15,59.702
51,2/24/2022 1:30,59.572
52,2/24/2022 1:45,59.445
53,2/24/2022 2:00,59.315
54,2/24/2022 2:15,59.229
55,2/24/2022 2:30,59.142
56,2/24/2022 2:45,59.272
57,2/24/2022 3:00,59.529
58,2/24/2022 3:15,59.873
59,2/24/2022 3:30,59.916
60,2/24/2022 3:45,59.788
61,2/24/2022 4:00,59.659
62,2/24/2022 4:15,59.486
63,2/24/2022 4:30,59.358
64,2/24/2022 4:45,59.272
65,2/24/2022 5:00,59.229
66,2/24/2022 5:15,59.529
67,2/24/2022 5:30,59.83
68,2/24/2022 5:45,60.132
69,2/24/2022 6:00,60.39
70,2/24/2022 6:15,60.604
71,2/24/2022 6:30,60.818
72,2/24/2022 6:45,60.991
73,2/24/2022 7:00,61.119
74,2/24/2022 7:15,61.162
75,2/24/2022 7:30,61.248
76,2/24/2022 7:45,61.29
77,2/24/2022 8:00,61.333
78,2/24/2022 8:15,61.419
79,2/24/2022 8:30,61.506
80,2/24/2022 8:45,61.59
81,2/24/2022 9:00,61.677
82,2/24/2022 9:15,61.72
83,2/24/2022 9:30,61.72
84,2/24/2022 9:45,61.72
85,2/24/2022 10:00,61.677
86,2/24/2022 10:15,61.677
87,2/24/2022 10:30,61.72
88,2/24/2022 10:45,61.761
89,2/24/2022 11:00,59.445
90,2/24/2022 11:15,59.272
91,2/24/2022 11:30,59.142
92,2/24/2022 11:45,59.099
93,2/24/2022 12:00,59.315
94,2/24/2022 12:15,59.616
95,2/24/2022 12:30,60.046
96,2/24/2022 12:45,60.26
97,2/24/2022 13:00,60.303
98,2/24/2022 13:15,60.346
99,2/24/2022 13:30,60.433
100,2/24/2022 13:45,60.517
101,2/24/2022 14:00,60.561
102,2/24/2022 14:15,60.647
103,2/24/2022 14:30,60.733
104,2/24/2022 14:45,60.818
105,2/24/2022 15:00,60.904
106,2/24/2022 15:15,60.948
107,2/24/2022 15:30,61.032
108,2/24/2022 15:45,61.119
109,2/24/2022 16:00,61.119
110,2/24/2022 16:15,61.075
111,2/24/2022 16:30,61.032
112,2/24/2022 16:45,61.032
113,2/24/2022 17:00,61.075
114,2/24/2022 17:15,61.29
115,2/24/2022 17:30,61.547
116,2/24/2022 17:45,61.761
117,2/24/2022 18:00,61.934
118,2/24/2022 18:15,62.062
119,2/24/2022 18:30,62.233
120,2/24/2022 18:45,62.276
121,2/24/2022 19:00,62.276
122,2/24/2022 19:15,62.276
123,2/24/2022 19:30,62.233
124,2/24/2022 19:45,62.233
125,2/24/2022 20:00,62.191
126,2/24/2022 20:15,62.191
127,2/24/2022 20:30,62.148
128,2/24/2022 20:45,62.148
129,2/24/2022 21:00,62.105
130,2/24/2022 21:15,62.062
131,2/24/2022 21:30,62.105
132,2/24/2022 21:45,62.105
133,2/24/2022 22:00,62.105
134,2/24/2022 22:15,62.105
135,2/24/2022 22:30,62.105
136,2/24/2022 22:45,61.032
137,2/24/2022 23:00,60.775
138,2/24/2022 23:15,60.775
139,2/24/2022 23:30,60.818
140,2/24/2022 23:45,60.818
141,2/25/2022 0:00,60.818
142,2/25/2022 0:15,60.818
143,2/25/2022 0:30,60.861
144,2/25/2022 0:45,60.861
145,2/25/2022 1:00,60.861
146,2/25/2022 1:15,60.904
147,2/25/2022 1:30,60.904
148,2/25/2022 1:45,60.904
149,2/25/2022 2:00,60.948
150,2/25/2022 2:15,60.948
151,2/25/2022 2:30,60.948
152,2/25/2022 2:45,60.948
153,2/25/2022 3:00,60.948
154,2/25/2022 3:15,60.991
155,2/25/2022 3:30,60.991
156,2/25/2022 3:45,60.991
157,2/25/2022 4:00,60.991
158,2/25/2022 4:15,60.991
159,2/25/2022 4:30,60.991
160,2/25/2022 4:45,61.032
161,2/25/2022 5:00,61.119
162,2/25/2022 5:15,61.376
163,2/25/2022 5:30,61.59
164,2/25/2022 5:45,61.804
165,2/25/2022 6:00,61.934
166,2/25/2022 6:15,62.105
167,2/25/2022 6:30,62.191
168,2/25/2022 6:45,62.276
169,2/25/2022 7:00,62.319
170,2/25/2022 7:15,62.362
171,2/25/2022 7:30,62.362
172,2/25/2022 7:45,62.319
173,2/25/2022 8:00,62.319
174,2/25/2022 8:15,62.319
175,2/25/2022 8:30,62.319
176,2/25/2022 8:45,62.319
177,2/25/2022 9:00,62.319
178,2/25/2022 9:15,62.319
179,2/25/2022 9:30,62.319
180,2/25/2022 9:45,62.319
181,2/25/2022 10:00,62.319
182,2/25/2022 10:15,62.362
183,2/25/2022 10:30,62.362
184,2/25/2022 10:45,60.904
185,2/25/2022 11:00,60.861
186,2/25/2022 11:15,60.861
187,2/25/2022 11:30,60.861
188,2/25/2022 11:45,60.904
189,2/25/2022 12:00,61.075
190,2/25/2022 12:15,61.075
191,2/25/2022 12:30,61.075
192,2/25/2022 12:45,61.119
193,2/25/2022 13:00,61.119
194,2/25/2022 13:15,61.162
195,2/25/2022 13:30,61.205
196,2/25/2022 13:45,61.248
197,2/25/2022 14:00,61.29
198,2/25/2022 14:15,61.333
199,2/25/2022 14:30,61.376
200,2/25/2022 14:45,61.419
201,2/25/2022 15:00,61.462
202,2/25/2022 15:15,61.506
203,2/25/2022 15:30,61.506
204,2/25/2022 15:45,61.506
205,2/25/2022 16:00,61.506
206,2/25/2022 16:15,61.462
207,2/25/2022 16:30,61.462
208,2/25/2022 16:45,61.506
209,2/25/2022 17:00,61.677
210,2/25/2022 17:15,61.848
211,2/25/2022 17:30,62.062
212,2/25/2022 17:45,62.191
213,2/25/2022 18:00,62.276
214,2/25/2022 18:15,62.362
215,2/25/2022 18:30,62.447
216,2/25/2022 18:45,62.49
217,2/25/2022 19:00,62.577
218,2/25/2022 19:15,62.62
219,2/25/2022 19:30,62.62
220,2/25/2022 19:45,62.62
221,2/25/2022 20:00,62.661
222,2/25/2022 20:15,62.661
223,2/25/2022 20:30,62.704
224,2/25/2022 20:45,62.704
225,2/25/2022 21:00,62.577
226,2/25/2022 21:15,62.49
227,2/25/2022 21:30,62.577
228,2/25/2022 21:45,62.577
229,2/25/2022 22:00,62.577
230,2/25/2022 22:15,62.577
231,2/25/2022 22:30,62.577
232,2/25/2022 22:45,61.29
233,2/25/2022 23:00,61.248
234,2/25/2022 23:15,61.248
235,2/25/2022 23:30,61.248
236,2/25/2022 23:45,61.29
237,2/26/2022 0:00,61.29
238,2/26/2022 0:15,61.29
239,2/26/2022 0:30,61.29
240,2/26/2022 0:45,61.333
241,2/26/2022 1:00,61.333
242,2/26/2022 1:15,61.333
243,2/26/2022 1:30,61.333
244,2/26/2022 1:45,61.376
245,2/26/2022 2:00,61.376
246,2/26/2022 2:15,61.376
247,2/26/2022 2:30,61.376
248,2/26/2022 2:45,61.376
249,2/26/2022 3:00,61.419
250,2/26/2022 3:15,61.419
251,2/26/2022 3:30,61.419
252,2/26/2022 3:45,61.419
253,2/26/2022 4:00,61.419
254,2/26/2022 4:15,61.419
255,2/26/2022 4:30,61.462
256,2/26/2022 4:45,61.506
257,2/26/2022 5:00,61.72
258,2/26/2022 5:15,61.977
259,2/26/2022 5:30,62.148
260,2/26/2022 5:45,62.319
261,2/26/2022 6:00,62.447
262,2/26/2022 6:15,62.577
263,2/26/2022 6:30,62.62
264,2/26/2022 6:45,62.704
265,2/26/2022 7:00,62.748
266,2/26/2022 7:15,62.748
267,2/26/2022 7:30,62.748
268,2/26/2022 7:45,62.748
269,2/26/2022 8:00,62.704
270,2/26/2022 8:15,62.704
271,2/26/2022 8:30,62.661
272,2/26/2022 8:45,62.62
273,2/26/2022 9:00,62.577
274,2/26/2022 9:15,62.49
275,2/26/2022 9:30,62.406
276,2/26/2022 9:45,62.319
277,2/26/2022 10:00,62.233
278,2/26/2022 10:15,62.191
279,2/26/2022 10:30,61.333
280,2/26/2022 10:45,61.119
281,2/26/2022 11:00,61.119
282,2/26/2022 11:15,61.075
283,2/26/2022 11:30,61.032
284,2/26/2022 11:45,61.032
285,2/26/2022 12:00,60.991
286,2/26/2022 12:15,60.991
287,2/26/2022 12:30,60.991
288,2/26/2022 12:45,61.032
289,2/26/2022 13:00,61.032
290,2/26/2022 13:15,61.119
291,2/26/2022 13:30,61.248
292,2/26/2022 13:45,61.29
293,2/26/2022 14:00,61.333
294,2/26/2022 14:15,61.376
295,2/26/2022 14:30,61.462
296,2/26/2022 14:45,61.547
297,2/26/2022 15:00,61.633
298,2/26/2022 15:15,61.72
299,2/26/2022 15:30,61.804
300,2/26/2022 15:45,61.848
301,2/26/2022 16:00,61.934
302,2/26/2022 16:15,62.019
303,2/26/2022 16:30,62.062
304,2/26/2022 16:45,62.191
305,2/26/2022 17:00,62.447
306,2/26/2022 17:15,62.661
307,2/26/2022 17:30,62.834
308,2/26/2022 17:45,62.962
309,2/26/2022 18:00,63.048
310,2/26/2022 18:15,63.005
311,2/26/2022 18:30,62.875
312,2/26/2022 18:45,62.704
313,2/26/2022 19:00,62.533
314,2/26/2022 19:15,62.362
315,2/26/2022 19:30,62.233
316,2/26/2022 19:45,62.062
317,2/26/2022 20:00,61.934
318,2/26/2022 20:15,61.804
319,2/26/2022 20:30,61.677
320,2/26/2022 20:45,61.547
321,2/26/2022 21:00,61.462
322,2/26/2022 21:15,61.462
323,2/26/2022 21:30,61.506
324,2/26/2022 21:45,61.547
325,2/26/2022 22:00,61.506
326,2/26/2022 22:15,61.506
327,2/26/2022 22:30,59.486
328,2/26/2022 22:45,59.659
329,2/26/2022 23:00,59.959
330,2/26/2022 23:15,59.916
331,2/26/2022 23:30,59.745
332,2/26/2022 23:45,59.572
333,2/27/2022 0:00,59.401
334,2/27/2022 0:15,59.272
335,2/27/2022 0:30,59.142
336,2/27/2022 0:45,59.099
337,2/27/2022 1:00,59.315
338,2/27/2022 1:15,59.659
339,2/27/2022 1:30,59.916
340,2/27/2022 1:45,59.83
341,2/27/2022 2:00,59.659
342,2/27/2022 2:15,59.486
343,2/27/2022 2:30,59.358
344,2/27/2022 2:45,59.229
345,2/27/2022 3:00,59.099
346,2/27/2022 3:15,59.229
347,2/27/2022 3:30,59.486
348,2/27/2022 3:45,59.788
349,2/27/2022 4:00,59.916
350,2/27/2022 4:15,59.745
351,2/27/2022 4:30,59.745
352,2/27/2022 4:45,60.174
353,2/27/2022 5:00,60.517
354,2/27/2022 5:15,60.861
355,2/27/2022 5:30,61.162
356,2/27/2022 5:45,61.29
357,2/27/2022 6:00,61.419
358,2/27/2022 6:15,61.547
359,2/27/2022 6:30,61.59
360,2/27/2022 6:45,61.633
361,2/27/2022 7:00,61.59
362,2/27/2022 7:15,61.547
363,2/27/2022 7:30,61.547
364,2/27/2022 7:45,61.547
365,2/27/2022 8:00,61.59
366,2/27/2022 8:15,61.633
367,2/27/2022 8:30,61.677
368,2/27/2022 8:45,61.633
369,2/27/2022 9:00,61.59
370,2/27/2022 9:15,61.547
371,2/27/2022 9:30,61.547
372,2/27/2022 9:45,61.547
373,2/27/2022 10:00,61.59
374,2/27/2022 10:15,60.818
375,2/27/2022 10:30,59.272
376,2/27/2022 10:45,59.142
377,2/27/2022 11:00,59.056
378,2/27/2022 11:15,59.272
379,2/27/2022 11:30,59.572
380,2/27/2022 11:45,59.873
381,2/27/2022 12:00,59.916
382,2/27/2022 12:15,60.046
383,2/27/2022 12:30,60.174
384,2/27/2022 12:45,60.26
385,2/27/2022 13:00,60.39
386,2/27/2022 13:15,60.517
387,2/27/2022 13:30,60.604
388,2/27/2022 13:45,60.69
389,2/27/2022 14:00,60.775
390,2/27/2022 14:15,60.861
391,2/27/2022 14:30,60.948
392,2/27/2022 14:45,61.075
393,2/27/2022 15:00,61.162
394,2/27/2022 15:15,61.29
395,2/27/2022 15:30,61.29
396,2/27/2022 15:45,61.205
397,2/27/2022 16:00,61.075
398,2/27/2022 16:15,60.948
399,2/27/2022 16:30,61.075
400,2/27/2022 16:45,61.419
401,2/27/2022 17:00,61.761
402,2/27/2022 17:15,62.019
403,2/27/2022 17:30,62.233
404,2/27/2022 17:45,62.406
405,2/27/2022 18:00,62.533
406,2/27/2022 18:15,62.62
407,2/27/2022 18:30,62.704
408,2/27/2022 18:45,62.704
409,2/27/2022 19:00,62.704
410,2/27/2022 19:15,62.661
411,2/27/2022 19:30,62.62
412,2/27/2022 19:45,62.62
413,2/27/2022 20:00,62.577
414,2/27/2022 20:15,62.577
415,2/27/2022 20:30,62.533
416,2/27/2022 20:45,62.49
417,2/27/2022 21:00,62.49
418,2/27/2022 21:15,62.49
419,2/27/2022 21:30,62.49
420,2/27/2022 21:45,62.533
421,2/27/2022 22:00,62.533
422,2/27/2022 22:15,59.702
423,2/27/2022 22:30,59.229
424,2/27/2022 22:45,59.185
425,2/27/2022 23:00,59.185
426,2/27/2022 23:15,59.142
427,2/27/2022 23:30,59.099
428,2/27/2022 23:45,59.099
429,2/28/2022 0:00,59.056
430,2/28/2022 0:15,59.056
431,2/28/2022 0:30,59.056
432,2/28/2022 0:45,59.315
433,2/28/2022 1:00,59.745
434,2/28/2022 1:15,60.003
435,2/28/2022 1:30,59.916
436,2/28/2022 1:45,59.83
437,2/28/2022 2:00,59.745
438,2/28/2022 2:15,59.702
439,2/28/2022 2:30,59.616
440,2/28/2022 2:45,59.572
441,2/28/2022 3:00,59.486
442,2/28/2022 3:15,59.445
443,2/28/2022 3:30,59.401
444,2/28/2022 3:45,59.358
445,2/28/2022 4:00,59.315
446,2/28/2022 4:15,59.315
447,2/28/2022 4:30,59.702
448,2/28/2022 4:45,60.174
449,2/28/2022 5:00,60.604
450,2/28/2022 5:15,60.948
451,2/28/2022 5:30,61.248
452,2/28/2022 5:45,61.462
453,2/28/2022 6:00,61.677
454,2/28/2022 6:15,61.891
455,2/28/2022 6:30,62.062
456,2/28/2022 6:45,62.233
457,2/28/2022 7:00,62.406
458,2/28/2022 7:15,62.533
459,2/28/2022 7:30,62.577
460,2/28/2022 7:45,62.49
461,2/28/2022 8:00,62.406
462,2/28/2022 8:15,62.319
463,2/28/2022 8:30,62.233
464,2/28/2022 8:45,62.148
465,2/28/2022 9:00,62.148
466,2/28/2022 9:15,62.191
467,2/28/2022 9:30,62.276
468,2/28/2022 9:45,62.319
469,2/28/2022 10:00,62.362
470,2/28/2022 10:15,59.445
471,2/28/2022 10:30,59.272
472,2/28/2022 10:45,59.185
473,2/28/2022 11:00,59.358
474,2/28/2022 11:15,59.486
475,2/28/2022 11:30,59.529
476,2/28/2022 11:45,59.616
477,2/28/2022 12:00,59.702
478,2/28/2022 12:15,59.788
479,2/28/2022 12:30,59.916
480,2/28/2022 12:45,60.003
481,2/28/2022 13:00,60.132
482,2/28/2022 13:15,60.26
483,2/28/2022 13:30,60.26
484,2/28/2022 13:45,60.217
485,2/28/2022 14:00,60.132
486,2/28/2022 14:15,60.046
487,2/28/2022 14:30,59.959
488,2/28/2022 14:45,59.873
489,2/28/2022 15:00,59.788
490,2/28/2022 15:15,59.745
491,2/28/2022 15:30,59.659
492,2/28/2022 15:45,59.616
493,2/28/2022 16:00,59.572
494,2/28/2022 16:15,59.702
495,2/28/2022 16:30,60.132
496,2/28/2022 16:45,60.561
497,2/28/2022 17:00,60.861
498,2/28/2022 17:15,61.162
499,2/28/2022 17:30,61.419
500,2/28/2022 17:45,61.59
501,2/28/2022 18:00,61.761
502,2/28/2022 18:15,61.891
503,2/28/2022 18:30,61.977
504,2/28/2022 18:45,62.105
505,2/28/2022 19:00,62.233
506,2/28/2022 19:15,62.319
507,2/28/2022 19:30,62.362
508,2/28/2022 19:45,62.319
509,2/28/2022 20:00,62.233
510,2/28/2022 20:15,62.233
511,2/28/2022 20:30,62.233
512,2/28/2022 20:45,62.233
513,2/28/2022 21:00,62.233
514,2/28/2022 21:15,62.191
515,2/28/2022 21:30,62.233
516,2/28/2022 21:45,62.362
517,2/28/2022 22:00,60.433
518,2/28/2022 22:15,59.529
519,2/28/2022 22:30,60.003
520,2/28/2022 22:45,60.003
521,2/28/2022 23:00,59.916
522,2/28/2022 23:15,59.83
523,2/28/2022 23:30,59.788
524,2/28/2022 23:45,59.745
525,3/1/2022 0:00,59.702
526,3/1/2022 0:15,59.659
527,3/1/2022 0:30,59.659
528,3/1/2022 0:45,59.616
529,3/1/2022 1:00,59.572
530,3/1/2022 1:15,59.529
531,3/1/2022 1:30,59.529
532,3/1/2022 1:45,59.486
533,3/1/2022 2:00,59.445
534,3/1/2022 2:15,59.445
535,3/1/2022 2:30,59.401
536,3/1/2022 2:45,59.401
537,3/1/2022 3:00,59.358
538,3/1/2022 3:15,59.358
539,3/1/2022 3:30,59.315
540,3/1/2022 3:45,59.315
541,3/1/2022 4:00,59.315
542,3/1/2022 4:15,59.486
543,3/1/2022 4:30,60.046
544,3/1/2022 4:45,60.474
545,3/1/2022 5:00,60.775
546,3/1/2022 5:15,61.119
547,3/1/2022 5:30,61.376
548,3/1/2022 5:45,61.633
549,3/1/2022 6:00,61.848
550,3/1/2022 6:15,62.062
551,3/1/2022 6:30,62.276
552,3/1/2022 6:45,62.406
553,3/1/2022 7:00,62.49
554,3/1/2022 7:15,62.577
555,3/1/2022 7:30,62.704
556,3/1/2022 7:45,62.791
557,3/1/2022 8:00,62.875
558,3/1/2022 8:15,62.919
559,3/1/2022 8:30,62.962
560,3/1/2022 8:45,63.005
561,3/1/2022 9:00,62.962
562,3/1/2022 9:15,62.875
563,3/1/2022 9:30,62.875
564,3/1/2022 9:45,62.834
565,3/1/2022 10:00,60.474
566,3/1/2022 10:15,60.046
567,3/1/2022 10:30,59.959
568,3/1/2022 10:45,59.83
569,3/1/2022 11:00,60.046
570,3/1/2022 11:15,60.132
571,3/1/2022 11:30,60.217
572,3/1/2022 11:45,60.346
573,3/1/2022 12:00,60.433
574,3/1/2022 12:15,60.561
575,3/1/2022 12:30,60.647
576,3/1/2022 12:45,60.775
577,3/1/2022 13:00,60.861
578,3/1/2022 13:15,60.991
579,3/1/2022 13:30,61.075
580,3/1/2022 13:45,61.162
581,3/1/2022 14:00,61.29
582,3/1/2022 14:15,61.419
583,3/1/2022 14:30,61.419
584,3/1/2022 14:45,61.205
585,3/1/2022 15:00,60.948
586,3/1/2022 15:15,60.733
587,3/1/2022 15:30,60.517
588,3/1/2022 15:45,60.303
589,3/1/2022 16:00,60.303
590,3/1/2022 16:15,60.69
591,3/1/2022 16:30,61.162
592,3/1/2022 16:45,61.59
593,3/1/2022 17:00,61.891
594,3/1/2022 17:15,62.148
595,3/1/2022 17:30,62.319
596,3/1/2022 17:45,62.533
597,3/1/2022 18:00,62.704
598,3/1/2022 18:15,62.834
599,3/1/2022 18:30,62.919
600,3/1/2022 18:45,63.005
601,3/1/2022 19:00,63.048
602,3/1/2022 19:15,63.09
603,3/1/2022 19:30,63.133
604,3/1/2022 19:45,63.176
605,3/1/2022 20:00,63.176
606,3/1/2022 20:15,63.219
607,3/1/2022 20:30,63.262
608,3/1/2022 20:45,63.219
609,3/1/2022 21:00,63.176
610,3/1/2022 21:15,63.176
611,3/1/2022 21:30,63.176
612,3/1/2022 21:45,63.176
613,3/1/2022 22:00,59.358
614,3/1/2022 22:15,59.659
615,3/1/2022 22:30,59.959
616,3/1/2022 22:45,59.873
617,3/1/2022 23:00,59.745
618,3/1/2022 23:15,59.572
619,3/1/2022 23:30,59.486
620,3/1/2022 23:45,59.401
621,3/2/2022 0:00,59.272
622,3/2/2022 0:15,59.229
623,3/2/2022 0:30,59.142
624,3/2/2022 0:45,59.056
625,3/2/2022 1:00,59.229
626,3/2/2022 1:15,59.616
627,3/2/2022 1:30,59.916
628,3/2/2022 1:45,59.959
629,3/2/2022 2:00,59.788
630,3/2/2022 2:15,59.659
631,3/2/2022 2:30,59.529
632,3/2/2022 2:45,59.401
633,3/2/2022 3:00,59.315
634,3/2/2022 3:15,59.229
635,3/2/2022 3:30,59.142
636,3/2/2022 3:45,59.056
637,3/2/2022 4:00,59.185
638,3/2/2022 4:15,59.788
639,3/2/2022 4:30,60.39
640,3/2/2022 4:45,60.818
641,3/2/2022 5:00,61.119
642,3/2/2022 5:15,61.376
643,3/2/2022 5:30,61.677
644,3/2/2022 5:45,61.934
645,3/2/2022 6:00,62.105
646,3/2/2022 6:15,62.191
647,3/2/2022 6:30,62.233
648,3/2/2022 6:45,62.276
649,3/2/2022 7:00,62.319
650,3/2/2022 7:15,62.447
651,3/2/2022 7:30,62.533
652,3/2/2022 7:45,62.661
653,3/2/2022 8:00,62.748
654,3/2/2022 8:15,62.834
655,3/2/2022 8:30,62.834
656,3/2/2022 8:45,62.791
657,3/2/2022 9:00,62.791
658,3/2/2022 9:15,62.919
659,3/2/2022 9:30,63.005
660,3/2/2022 9:45,61.506
661,3/2/2022 10:00,60.818
662,3/2/2022 10:15,60.948
663,3/2/2022 10:30,61.075
664,3/2/2022 10:45,60.861
665,3/2/2022 11:00,60.991
666,3/2/2022 11:15,61.248
667,3/2/2022 11:30,61.248
668,3/2/2022 11:45,61.248
669,3/2/2022 12:00,61.29
670,3/2/2022 12:15,61.333
671,3/2/2022 12:30,61.376
672,3/2/2022 12:45,61.419
673,3/2/2022 13:00,61.462
674,3/2/2022 13:15,61.506
675,3/2/2022 13:30,61.59
676,3/2/2022 13:45,61.633
677,3/2/2022 14:00,61.72
678,3/2/2022 14:15,61.761
679,3/2/2022 14:30,61.804
680,3/2/2022 14:45,61.848
681,3/2/2022 15:00,61.934
682,3/2/2022 15:15,61.977
683,3/2/2022 15:30,62.019
684,3/2/2022 15:45,62.105
685,3/2/2022 16:00,62.233
686,3/2/2022 16:15,62.533
687,3/2/2022 16:30,62.834
688,3/2/2022 16:45,63.005
689,3/2/2022 17:00,63.133
690,3/2/2022 17:15,63.262
691,3/2/2022 17:30,63.433
692,3/2/2022 17:45,63.561
693,3/2/2022 18:00,63.604
694,3/2/2022 18:15,63.648
695,3/2/2022 18:30,63.648
696,3/2/2022 18:45,63.689
697,3/2/2022 19:00,63.689
698,3/2/2022 19:15,63.689
699,3/2/2022 19:30,63.689
700,3/2/2022 19:45,63.648
701,3/2/2022 20:00,63.648
702,3/2/2022 20:15,63.689
703,3/2/2022 20:30,63.689
704,3/2/2022 20:45,63.732
705,3/2/2022 21:00,63.732
706,3/2/2022 21:15,63.775
707,3/2/2022 21:30,63.775
708,3/2/2022 21:45,62.919
709,3/2/2022 22:00,62.834
710,3/2/2022 22:15,62.875
711,3/2/2022 22:30,62.875
712,3/2/2022 22:45,62.919
713,3/2/2022 23:00,62.962
714,3/2/2022 23:15,62.962
715,3/2/2022 23:30,63.005
716,3/2/2022 23:45,63.005
717,3/3/2022 0:00,63.048
718,3/3/2022 0:15,63.048
719,3/3/2022 0:30,63.09
720,3/3/2022 0:45,63.09
721,3/3/2022 1:00,63.133
722,3/3/2022 1:15,63.133
723,3/3/2022 1:30,63.176
724,3/3/2022 1:45,63.176
725,3/3/2022 2:00,63.219
726,3/3/2022 2:15,63.219
727,3/3/2022 2:30,63.262
728,3/3/2022 2:45,63.262
729,3/3/2022 3:00,63.262
730,3/3/2022 3:15,63.304
731,3/3/2022 3:30,63.304
732,3/3/2022 3:45,63.347
733,3/3/2022 4:00,63.475
734,3/3/2022 4:15,63.689
735,3/3/2022 4:30,63.819
736,3/3/2022 4:45,63.946
737,3/3/2022 5:00,64.033
738,3/3/2022 5:15,64.117
739,3/3/2022 5:30,64.161
740,3/3/2022 5:45,64.161
741,3/3/2022 6:00,64.117
742,3/3/2022 6:15,64.117
743,3/3/2022 6:30,64.117
744,3/3/2022 6:45,64.161
745,3/3/2022 7:00,64.161
746,3/3/2022 7:15,64.161
747,3/3/2022 7:30,64.204
748,3/3/2022 7:45,64.204
749,3/3/2022 8:00,64.204
750,3/3/2022 8:15,64.204
751,3/3/2022 8:30,64.204
752,3/3/2022 8:45,64.204
753,3/3/2022 9:00,64.247
754,3/3/2022 9:15,64.247
755,3/3/2022 9:30,64.247
756,3/3/2022 9:45,63.518
757,3/3/2022 10:00,63.518
758,3/3/2022 10:15,63.561
759,3/3/2022 10:30,63.561
760,3/3/2022 10:45,63.561
761,3/3/2022 11:00,62.148
762,3/3/2022 11:15,60.904
763,3/3/2022 11:30,61.075
764,3/3/2022 11:45,61.248
765,3/3/2022 12:00,61.376
766,3/3/2022 12:15,61.462
767,3/3/2022 12:30,61.547
768,3/3/2022 12:45,61.633
769,3/3/2022 13:00,61.72
770,3/3/2022 13:15,61.804
771,3/3/2022 13:30,61.891
772,3/3/2022 13:45,61.934
773,3/3/2022 14:00,62.019
774,3/3/2022 14:15,62.105
775,3/3/2022 14:30,62.105
776,3/3/2022 14:45,61.977
777,3/3/2022 15:00,61.804
778,3/3/2022 15:15,61.633
779,3/3/2022 15:30,61.506
780,3/3/2022 15:45,61.59
781,3/3/2022 16:00,61.891
782,3/3/2022 16:15,62.148
783,3/3/2022 16:30,62.406
784,3/3/2022 16:45,62.62
785,3/3/2022 17:00,62.748
786,3/3/2022 17:15,62.875
787,3/3/2022 17:30,63.005
788,3/3/2022 17:45,63.09
789,3/3/2022 18:00,63.133
790,3/3/2022 18:15,63.133
791,3/3/2022 18:30,63.09
792,3/3/2022 18:45,63.005
793,3/3/2022 19:00,62.962
794,3/3/2022 19:15,62.834
795,3/3/2022 19:30,62.748
796,3/3/2022 19:45,62.661
797,3/3/2022 20:00,62.62
798,3/3/2022 20:15,62.62
799,3/3/2022 20:30,62.62
800,3/3/2022 20:45,62.62
801,3/3/2022 21:00,62.661
802,3/3/2022 21:15,62.661
803,3/3/2022 21:30,60.303
804,3/3/2022 21:45,59.486
805,3/3/2022 22:00,59.445
806,3/3/2022 22:15,59.401
807,3/3/2022 22:30,59.401
808,3/3/2022 22:45,59.358
809,3/3/2022 23:00,59.358
810,3/3/2022 23:15,59.315
811,3/3/2022 23:30,59.315
812,3/3/2022 23:45,59.315
813,3/4/2022 0:00,59.272
814,3/4/2022 0:15,59.272
815,3/4/2022 0:30,59.229
816,3/4/2022 0:45,59.229
817,3/4/2022 1:00,59.229
818,3/4/2022 1:15,59.185
819,3/4/2022 1:30,59.185
820,3/4/2022 1:45,59.185
821,3/4/2022 2:00,59.185
822,3/4/2022 2:15,59.142
823,3/4/2022 2:30,59.142
824,3/4/2022 2:45,59.142
825,3/4/2022 3:00,59.099
826,3/4/2022 3:15,59.099
827,3/4/2022 3:30,59.142
828,3/4/2022 3:45,59.401
829,3/4/2022 4:00,59.873
830,3/4/2022 4:15,60.174
831,3/4/2022 4:30,60.474
832,3/4/2022 4:45,60.733
833,3/4/2022 5:00,60.948
834,3/4/2022 5:15,61.162
835,3/4/2022 5:30,61.376
836,3/4/2022 5:45,61.547
837,3/4/2022 6:00,61.633
838,3/4/2022 6:15,61.677
839,3/4/2022 6:30,61.761
840,3/4/2022 6:45,61.891
841,3/4/2022 7:00,61.934
842,3/4/2022 7:15,61.934
843,3/4/2022 7:30,61.891
844,3/4/2022 7:45,61.804
845,3/4/2022 8:00,61.761
846,3/4/2022 8:15,61.72
847,3/4/2022 8:30,61.633
848,3/4/2022 8:45,61.633
849,3/4/2022 9:00,61.72
850,3/4/2022 9:15,61.848
851,3/4/2022 9:30,61.977
852,3/4/2022 9:45,60.174
853,3/4/2022 10:00,59.272
854,3/4/2022 10:15,59.401
855,3/4/2022 10:30,59.529
856,3/4/2022 10:45,59.788
857,3/4/2022 11:00,59.959
858,3/4/2022 11:15,60.046
859,3/4/2022 11:30,60.174
860,3/4/2022 11:45,60.26
861,3/4/2022 12:00,60.303
862,3/4/2022 12:15,60.39
863,3/4/2022 12:30,60.433
864,3/4/2022 12:45,60.517
865,3/4/2022 13:00,60.604
866,3/4/2022 13:15,60.69
867,3/4/2022 13:30,60.775
868,3/4/2022 13:45,60.861
869,3/4/2022 14:00,60.948
870,3/4/2022 14:15,60.904
871,3/4/2022 14:30,60.69
872,3/4/2022 14:45,60.39
873,3/4/2022 15:00,60.132
874,3/4/2022 15:15,59.916
875,3/4/2022 15:30,59.659
876,3/4/2022 15:45,59.486
877,3/4/2022 16:00,59.315
878,3/4/2022 16:15,59.142
879,3/4/2022 16:30,59.229
880,3/4/2022 16:45,59.529
881,3/4/2022 17:00,59.745
882,3/4/2022 17:15,59.916
883,3/4/2022 17:30,59.702
884,3/4/2022 17:45,59.659
885,3/4/2022 18:00,59.916
886,3/4/2022 18:15,60.174
887,3/4/2022 18:30,60.517
888,3/4/2022 18:45,60.818
889,3/4/2022 19:00,60.991
890,3/4/2022 19:15,61.205
891,3/4/2022 19:30,61.333
892,3/4/2022 19:45,61.462
893,3/4/2022 20:00,61.547
894,3/4/2022 20:15,61.59
895,3/4/2022 20:30,61.677
896,3/4/2022 20:45,61.761
897,3/4/2022 21:00,61.891
898,3/4/2022 21:15,61.977
899,3/4/2022 21:30,62.062
900,3/4/2022 21:45,62.191
901,3/4/2022 22:00,62.276
902,3/4/2022 22:15,62.362
903,3/4/2022 22:30,62.406
904,3/4/2022 22:45,62.49
905,3/4/2022 23:00,62.533
906,3/4/2022 23:15,62.533
907,3/4/2022 23:30,62.533
908,3/4/2022 23:45,59.83
909,3/5/2022 0:00,59.916
910,3/5/2022 0:15,59.959
911,3/5/2022 0:30,59.702
912,3/5/2022 0:45,59.401
913,3/5/2022 1:00,59.185
914,3/5/2022 1:15,59.099
915,3/5/2022 1:30,59.315
916,3/5/2022 1:45,59.572
917,3/5/2022 2:00,59.745
918,3/5/2022 2:15,59.959
919,3/5/2022 2:30,59.788
920,3/5/2022 2:45,59.486
921,3/5/2022 3:00,59.229
922,3/5/2022 3:15,59.099
923,3/5/2022 3:30,59.315
924,3/5/2022 3:45,59.529
925,3/5/2022 4:00,59.745
926,3/5/2022 4:15,59.916
927,3/5/2022 4:30,59.83
928,3/5/2022 4:45,59.486
929,3/5/2022 5:00,59.229
930,3/5/2022 5:15,59.142
931,3/5/2022 5:30,59.272
932,3/5/2022 5:45,59.358
933,3/5/2022 6:00,59.745
934,3/5/2022 6:15,60.046
935,3/5/2022 6:30,60.39
936,3/5/2022 6:45,60.604
937,3/5/2022 7:00,60.775
938,3/5/2022 7:15,60.904
939,3/5/2022 7:30,61.075
940,3/5/2022 7:45,61.205
941,3/5/2022 8:00,61.333
942,3/5/2022 8:15,61.462
943,3/5/2022 8:30,61.59
944,3/5/2022 8:45,61.677
945,3/5/2022 9:00,61.804
946,3/5/2022 9:15,61.934
947,3/5/2022 9:30,62.019
948,3/5/2022 9:45,62.062
949,3/5/2022 10:00,62.105
950,3/5/2022 10:15,62.105
951,3/5/2022 10:30,62.148
952,3/5/2022 10:45,62.191
953,3/5/2022 11:00,62.276
954,3/5/2022 11:15,62.319
955,3/5/2022 11:30,60.217
956,3/5/2022 11:45,59.788
957,3/5/2022 12:00,59.916
958,3/5/2022 12:15,59.873
959,3/5/2022 12:30,59.572
960,3/5/2022 12:45,59.272
961,3/5/2022 13:00,59.099
962,3/5/2022 13:15,59.272
963,3/5/2022 13:30,59.486
964,3/5/2022 13:45,59.702
965,3/5/2022 14:00,59.873
966,3/5/2022 14:15,59.873
967,3/5/2022 14:30,59.572
968,3/5/2022 14:45,59.272
969,3/5/2022 15:00,59.142
970,3/5/2022 15:15,59.358
971,3/5/2022 15:30,59.572
972,3/5/2022 15:45,59.788
973,3/5/2022 16:00,59.959
974,3/5/2022 16:15,59.702
975,3/5/2022 16:30,59.401
976,3/5/2022 16:45,59.142
977,3/5/2022 17:00,59.142
978,3/5/2022 17:15,59.358
979,3/5/2022 17:30,59.486
980,3/5/2022 17:45,59.702
981,3/5/2022 18:00,60.089
982,3/5/2022 18:15,60.433
983,3/5/2022 18:30,60.775
984,3/5/2022 18:45,60.991
985,3/5/2022 19:00,61.162
986,3/5/2022 19:15,61.333
987,3/5/2022 19:30,61.506
988,3/5/2022 19:45,61.72
989,3/5/2022 20:00,61.891
990,3/5/2022 20:15,62.019
991,3/5/2022 20:30,62.148
992,3/5/2022 20:45,62.276
993,3/5/2022 21:00,62.362
994,3/5/2022 21:15,62.447
995,3/5/2022 21:30,62.577
996,3/5/2022 21:45,62.62
997,3/5/2022 22:00,62.661
998,3/5/2022 22:15,62.704
999,3/5/2022 22:30,62.748
1000,3/5/2022 22:45,62.834
1001,3/5/2022 23:00,62.875
1002,3/5/2022 23:15,62.919
1003,3/5/2022 23:30,59.702
1004,3/5/2022 23:45,59.272
1005,3/6/2022 0:00,59.185
1006,3/6/2022 0:15,59.445
1007,3/6/2022 0:30,59.659
1008,3/6/2022 0:45,59.873
1009,3/6/2022 1:00,59.873
1010,3/6/2022 1:15,59.572
1011,3/6/2022 1:30,59.315
1012,3/6/2022 1:45,59.142
1013,3/6/2022 2:00,59.272
1014,3/6/2022 2:15,59.529
1015,3/6/2022 2:30,59.745
1016,3/6/2022 2:45,59.916
1017,3/6/2022 3:00,59.745
1018,3/6/2022 3:15,59.401
1019,3/6/2022 3:30,59.185
1020,3/6/2022 3:45,59.142
1021,3/6/2022 4:00,59.401
1022,3/6/2022 4:15,59.616
1023,3/6/2022 4:30,59.83
1024,3/6/2022 4:45,59.916
1025,3/6/2022 5:00,59.659
1026,3/6/2022 5:15,59.358
1027,3/6/2022 5:30,59.358
1028,3/6/2022 5:45,59.745
1029,3/6/2022 6:00,60.174
1030,3/6/2022 6:15,60.604
1031,3/6/2022 6:30,60.904
1032,3/6/2022 6:45,61.162
1033,3/6/2022 7:00,61.333
1034,3/6/2022 7:15,61.506
1035,3/6/2022 7:30,61.72
1036,3/6/2022 7:45,61.891
1037,3/6/2022 8:00,62.062
1038,3/6/2022 8:15,62.191
1039,3/6/2022 8:30,62.319
1040,3/6/2022 8:45,62.447
1041,3/6/2022 9:00,62.533
1042,3/6/2022 9:15,62.577
1043,3/6/2022 9:30,62.661
1044,3/6/2022 9:45,62.748
1045,3/6/2022 10:00,62.791
1046,3/6/2022 10:15,62.791
1047,3/6/2022 10:30,62.748
1048,3/6/2022 10:45,62.704
1049,3/6/2022 11:00,62.704
1050,3/6/2022 11:15,61.162
1051,3/6/2022 11:30,59.659
1052,3/6/2022 11:45,59.745
1053,3/6/2022 12:00,59.959
1054,3/6/2022 12:15,59.788
1055,3/6/2022 12:30,60.089
1056,3/6/2022 12:45,60.217
1057,3/6/2022 13:00,60.303
1058,3/6/2022 13:15,60.39
1059,3/6/2022 13:30,60.474
1060,3/6/2022 13:45,60.561
1061,3/6/2022 14:00,60.647
1062,3/6/2022 14:15,60.733
1063,3/6/2022 14:30,60.818
1064,3/6/2022 14:45,60.904
1065,3/6/2022 15:00,60.991
1066,3/6/2022 15:15,60.561
1067,3/6/2022 15:30,59.959
1068,3/6/2022 15:45,59.401
1069,3/6/2022 16:00,59.014
1070,3/6/2022 16:15,59.014
1071,3/6/2022 16:30,59.056
1072,3/6/2022 16:45,59.099
1073,3/6/2022 17:00,59.142
1074,3/6/2022 17:15,59.185
1075,3/6/2022 17:30,59.229
1076,3/6/2022 17:45,59.272
1077,3/6/2022 18:00,59.315
1078,3/6/2022 18:15,59.358
1079,3/6/2022 18:30,59.401
1080,3/6/2022 18:45,59.401
1081,3/6/2022 19:00,59.445
1082,3/6/2022 19:15,59.616
1083,3/6/2022 19:30,59.959
1084,3/6/2022 19:45,60.303
1085,3/6/2022 20:00,60.647
1086,3/6/2022 20:15,60.904
1087,3/6/2022 20:30,61.119
1088,3/6/2022 20:45,61.333
1089,3/6/2022 21:00,61.506
1090,3/6/2022 21:15,61.72
1091,3/6/2022 21:30,61.891
1092,3/6/2022 21:45,62.062
1093,3/6/2022 22:00,62.191
1094,3/6/2022 22:15,62.319
1095,3/6/2022 22:30,62.447
1096,3/6/2022 22:45,62.533
1097,3/6/2022 23:00,62.62
1098,3/6/2022 23:15,62.661
1099,3/6/2022 23:30,62.661
1100,3/6/2022 23:45,62.704
1101,3/7/2022 0:00,62.748
1102,3/7/2022 0:15,62.834
1103,3/7/2022 0:30,62.834
1104,3/7/2022 0:45,62.834
1105,3/7/2022 1:00,60.132
1106,3/7/2022 1:15,59.873
1107,3/7/2022 1:30,59.873
1108,3/7/2022 1:45,59.873
1109,3/7/2022 2:00,59.83
1110,3/7/2022 2:15,59.788
1111,3/7/2022 2:30,59.788
1112,3/7/2022 2:45,59.745
1113,3/7/2022 3:00,59.702
1114,3/7/2022 3:15,59.659
1115,3/7/2022 3:30,59.659
1116,3/7/2022 3:45,59.616
1117,3/7/2022 4:00,59.572
1118,3/7/2022 4:15,59.572
1119,3/7/2022 4:30,59.529
1120,3/7/2022 4:45,59.486
1121,3/7/2022 5:00,59.486
1122,3/7/2022 5:15,59.445
1123,3/7/2022 5:30,59.445
1124,3/7/2022 5:45,59.401
1125,3/7/2022 6:00,59.401
1126,3/7/2022 6:15,59.358
1127,3/7/2022 6:30,59.358
1128,3/7/2022 6:45,59.315
1129,3/7/2022 7:00,59.358
1130,3/7/2022 7:15,59.659
1131,3/7/2022 7:30,60.089
1132,3/7/2022 7:45,60.433
1133,3/7/2022 8:00,60.775
1134,3/7/2022 8:15,60.991
1135,3/7/2022 8:30,61.162
1136,3/7/2022 8:45,61.333
1137,3/7/2022 9:00,61.506
1138,3/7/2022 9:15,61.677
1139,3/7/2022 9:30,61.848
1140,3/7/2022 9:45,62.019
1141,3/7/2022 10:00,62.148
1142,3/7/2022 10:15,62.276
1143,3/7/2022 10:30,62.362
1144,3/7/2022 10:45,62.447
1145,3/7/2022 11:00,62.533
1146,3/7/2022 11:15,62.533
1147,3/7/2022 11:30,62.533
1148,3/7/2022 11:45,62.533
1149,3/7/2022 12:00,62.362
1150,3/7/2022 12:15,61.934
1151,3/7/2022 12:30,61.59
1152,3/7/2022 12:45,61.248
1153,3/7/2022 13:00,59.358
1154,3/7/2022 13:15,59.445
1155,3/7/2022 13:30,60.132
1156,3/7/2022 13:45,60.346
1157,3/7/2022 14:00,60.433
1158,3/7/2022 14:15,60.517
1159,3/7/2022 14:30,60.561
1160,3/7/2022 14:45,60.647
1161,3/7/2022 15:00,60.775
1162,3/7/2022 15:15,60.861
1163,3/7/2022 15:30,60.948
1164,3/7/2022 15:45,61.032
1165,3/7/2022 16:00,61.119
1166,3/7/2022 16:15,61.162
1167,3/7/2022 16:30,61.162
1168,3/7/2022 16:45,61.119
1169,3/7/2022 17:00,61.075
1170,3/7/2022 17:15,60.991
1171,3/7/2022 17:30,60.904
1172,3/7/2022 17:45,60.861
1173,3/7/2022 18:00,60.775
1174,3/7/2022 18:15,60.733
1175,3/7/2022 18:30,60.647
1176,3/7/2022 18:45,60.604
1177,3/7/2022 19:00,60.69
1178,3/7/2022 19:15,61.032
1179,3/7/2022 19:30,61.248
1180,3/7/2022 19:45,61.462
1181,3/7/2022 20:00,61.633
1182,3/7/2022 20:15,61.804
1183,3/7/2022 20:30,61.977
1184,3/7/2022 20:45,62.019
1185,3/7/2022 21:00,61.848
1186,3/7/2022 21:15,61.677
1187,3/7/2022 21:30,61.547
1188,3/7/2022 21:45,61.462
1189,3/7/2022 22:00,61.419
1190,3/7/2022 22:15,61.333
1191,3/7/2022 22:30,61.248
1192,3/7/2022 22:45,61.205
1193,3/7/2022 23:00,61.162
1194,3/7/2022 23:15,61.119
1195,3/7/2022 23:30,61.075
1196,3/7/2022 23:45,61.075
1197,3/8/2022 0:00,61.032
1198,3/8/2022 0:15,61.032
1199,3/8/2022 0:30,61.032
1200,3/8/2022 0:45,59.916
1201,3/8/2022 1:00,59.659
1202,3/8/2022 1:15,59.616
1203,3/8/2022 1:30,59.616
1204,3/8/2022 1:45,59.616
1205,3/8/2022 2:00,59.659
1206,3/8/2022 2:15,59.659
1207,3/8/2022 2:30,59.659
1208,3/8/2022 2:45,59.659
1209,3/8/2022 3:00,59.659
1210,3/8/2022 3:15,59.659
1211,3/8/2022 3:30,59.659
1212,3/8/2022 3:45,59.659
1213,3/8/2022 4:00,59.702
1214,3/8/2022 4:15,59.659
1215,3/8/2022 4:30,59.659
1216,3/8/2022 4:45,59.659
1217,3/8/2022 5:00,59.659
1218,3/8/2022 5:15,59.659
1219,3/8/2022 5:30,59.659
1220,3/8/2022 5:45,59.659
1221,3/8/2022 6:00,59.659
1222,3/8/2022 6:15,59.659
1223,3/8/2022 6:30,59.659
1224,3/8/2022 6:45,59.702
1225,3/8/2022 7:00,59.959
1226,3/8/2022 7:15,60.303
1227,3/8/2022 7:30,60.517
1228,3/8/2022 7:45,60.775
1229,3/8/2022 8:00,60.991
1230,3/8/2022 8:15,61.205
1231,3/8/2022 8:30,61.419
1232,3/8/2022 8:45,61.633
1233,3/8/2022 9:00,61.804
1234,3/8/2022 9:15,61.934
1235,3/8/2022 9:30,61.934
1236,3/8/2022 9:45,61.891
1237,3/8/2022 10:00,61.848
1238,3/8/2022 10:15,61.804
1239,3/8/2022 10:30,61.848
1240,3/8/2022 10:45,61.891
1241,3/8/2022 11:00,61.891
1242,3/8/2022 11:15,61.848
1243,3/8/2022 11:30,61.804
1244,3/8/2022 11:45,61.804
1245,3/8/2022 12:00,61.804
1246,3/8/2022 12:15,61.848
1247,3/8/2022 12:30,61.934
1248,3/8/2022 12:45,59.702
1249,3/8/2022 13:00,60.003
1250,3/8/2022 13:15,60.517
1251,3/8/2022 13:30,60.647
1252,3/8/2022 13:45,60.69
1253,3/8/2022 14:00,60.775
1254,3/8/2022 14:15,60.861
1255,3/8/2022 14:30,60.948
1256,3/8/2022 14:45,61.032
1257,3/8/2022 15:00,61.075
1258,3/8/2022 15:15,61.162
1259,3/8/2022 15:30,61.248
1260,3/8/2022 15:45,61.29
1261,3/8/2022 16:00,61.376
1262,3/8/2022 16:15,61.376
1263,3/8/2022 16:30,61.119
1264,3/8/2022 16:45,60.775
1265,3/8/2022 17:00,60.433
1266,3/8/2022 17:15,60.089
1267,3/8/2022 17:30,59.788
1268,3/8/2022 17:45,59.529
1269,3/8/2022 18:00,59.272
1270,3/8/2022 18:15,59.099
1271,3/8/2022 18:30,59.272
1272,3/8/2022 18:45,59.358
1273,3/8/2022 19:00,59.745
1274,3/8/2022 19:15,60.003
1275,3/8/2022 19:30,60.26
1276,3/8/2022 19:45,60.474
1277,3/8/2022 20:00,60.69
1278,3/8/2022 20:15,60.904
1279,3/8/2022 20:30,61.075
1280,3/8/2022 20:45,61.29
1281,3/8/2022 21:00,61.419
1282,3/8/2022 21:15,61.506
1283,3/8/2022 21:30,61.59
1284,3/8/2022 21:45,61.59
1285,3/8/2022 22:00,61.59
1286,3/8/2022 22:15,61.59
1287,3/8/2022 22:30,61.633
1288,3/8/2022 22:45,61.677
1289,3/8/2022 23:00,61.633
1290,3/8/2022 23:15,61.506
1291,3/8/2022 23:30,61.506
1292,3/8/2022 23:45,61.506
1293,3/9/2022 0:00,61.547
1294,3/9/2022 0:15,61.59
1295,3/9/2022 0:30,61.075
1296,3/9/2022 0:45,59.916
1297,3/9/2022 1:00,59.616
1298,3/9/2022 1:15,59.401
1299,3/9/2022 1:30,59.229
1300,3/9/2022 1:45,59.142
1301,3/9/2022 2:00,59.315
1302,3/9/2022 2:15,59.572
1303,3/9/2022 2:30,59.83
1304,3/9/2022 2:45,59.873
1305,3/9/2022 3:00,59.659
1306,3/9/2022 3:15,59.401
1307,3/9/2022 3:30,59.185
1308,3/9/2022 3:45,59.142
1309,3/9/2022 4:00,59.358
1310,3/9/2022 4:15,59.572
1311,3/9/2022 4:30,59.788
1312,3/9/2022 4:45,59.916
1313,3/9/2022 5:00,59.702
1314,3/9/2022 5:15,59.445
1315,3/9/2022 5:30,59.229
1316,3/9/2022 5:45,59.185
1317,3/9/2022 6:00,59.358
1318,3/9/2022 6:15,59.572
1319,3/9/2022 6:30,59.702
1320,3/9/2022 6:45,59.83
1321,3/9/2022 7:00,60.132
1322,3/9/2022 7:15,60.26
1323,3/9/2022 7:30,60.433
1324,3/9/2022 7:45,60.561
1325,3/9/2022 8:00,60.733
1326,3/9/2022 8:15,60.904
1327,3/9/2022 8:30,61.075
1328,3/9/2022 8:45,61.248
1329,3/9/2022 9:00,61.376
1330,3/9/2022 9:15,61.506
1331,3/9/2022 9:30,61.633
1332,3/9/2022 9:45,61.72
1333,3/9/2022 10:00,61.804
1334,3/9/2022 10:15,61.934
1335,3/9/2022 10:30,61.977
1336,3/9/2022 10:45,62.062
1337,3/9/2022 11:00,62.105
1338,3/9/2022 11:15,62.148
1339,3/9/2022 11:30,62.148
1340,3/9/2022 11:45,62.105
1341,3/9/2022 12:00,62.062
1342,3/9/2022 12:15,62.062
1343,3/9/2022 12:30,60.174
1344,3/9/2022 12:45,59.916
1345,3/9/2022 13:00,60.517
1346,3/9/2022 13:15,60.647
1347,3/9/2022 13:30,60.647
1348,3/9/2022 13:45,60.647
1349,3/9/2022 14:00,60.647
1350,3/9/2022 14:15,60.647
1351,3/9/2022 14:30,60.69
1352,3/9/2022 14:45,60.69
1353,3/9/2022 15:00,60.69
1354,3/9/2022 15:15,60.733
1355,3/9/2022 15:30,60.733
1356,3/9/2022 15:45,60.775
1357,3/9/2022 16:00,60.775
1358,3/9/2022 16:15,60.818
1359,3/9/2022 16:30,60.818
1360,3/9/2022 16:45,60.861
1361,3/9/2022 17:00,60.861
1362,3/9/2022 17:15,60.861
1363,3/9/2022 17:30,60.904
1364,3/9/2022 17:45,60.904
1365,3/9/2022 18:00,60.948
1366,3/9/2022 18:15,60.948
1367,3/9/2022 18:30,60.991
1368,3/9/2022 18:45,61.075
1369,3/9/2022 19:00,61.205
1370,3/9/2022 19:15,61.333
1371,3/9/2022 19:30,61.419
1372,3/9/2022 19:45,61.547
1373,3/9/2022 20:00,61.633
1374,3/9/2022 20:15,61.761
1375,3/9/2022 20:30,61.848
1376,3/9/2022 20:45,61.934
1377,3/9/2022 21:00,62.019
1378,3/9/2022 21:15,62.062
1379,3/9/2022 21:30,62.105
1380,3/9/2022 21:45,62.148
1381,3/9/2022 22:00,62.191
1382,3/9/2022 22:15,62.233
1383,3/9/2022 22:30,62.233
1384,3/9/2022 22:45,62.276
1385,3/9/2022 23:00,62.319
1386,3/9/2022 23:15,62.319
1387,3/9/2022 23:30,62.319
1388,3/9/2022 23:45,62.319
1389,3/10/2022 0:00,62.362
1390,3/10/2022 0:15,62.406
1391,3/10/2022 0:30,61.677
1392,3/10/2022 0:45,61.633
1393,3/10/2022 1:00,61.677
1394,3/10/2022 1:15,61.677
1395,3/10/2022 1:30,61.72
1396,3/10/2022 1:45,61.761
1397,3/10/2022 2:00,61.761
1398,3/10/2022 2:15,61.804
1399,3/10/2022 2:30,61.848
1400,3/10/2022 2:45,61.848
1401,3/10/2022 3:00,61.891
1402,3/10/2022 3:15,61.934
1403,3/10/2022 3:30,61.934
1404,3/10/2022 3:45,61.977
1405,3/10/2022 4:00,61.977
1406,3/10/2022 4:15,62.019
1407,3/10/2022 4:30,62.019
1408,3/10/2022 4:45,62.062
1409,3/10/2022 5:00,62.105
1410,3/10/2022 5:15,62.105
1411,3/10/2022 5:30,62.148
1412,3/10/2022 5:45,62.148
1413,3/10/2022 6:00,62.191
1414,3/10/2022 6:15,62.191
1415,3/10/2022 6:30,62.233
1416,3/10/2022 6:45,62.362
1417,3/10/2022 7:00,62.447
1418,3/10/2022 7:15,62.533
1419,3/10/2022 7:30,62.62
1420,3/10/2022 7:45,62.748
1421,3/10/2022 8:00,62.834
1422,3/10/2022 8:15,62.919
1423,3/10/2022 8:30,63.048
1424,3/10/2022 8:45,63.09
1425,3/10/2022 9:00,63.133
1426,3/10/2022 9:15,63.133
1427,3/10/2022 9:30,63.133
1428,3/10/2022 9:45,63.133
1429,3/10/2022 10:00,63.133
1430,3/10/2022 10:15,63.176
1431,3/10/2022 10:30,63.304
1432,3/10/2022 10:45,63.39
1433,3/10/2022 11:00,63.475
1434,3/10/2022 11:15,63.518
1435,3/10/2022 11:30,63.518
1436,3/10/2022 11:45,63.561
1437,3/10/2022 12:00,63.561
1438,3/10/2022 12:15,61.506
1439,3/10/2022 12:30,60.174
1440,3/10/2022 12:45,59.788
1441,3/10/2022 13:00,59.572
1442,3/10/2022 13:15,59.745
1443,3/10/2022 13:30,60.089
1444,3/10/2022 13:45,60.217
1445,3/10/2022 14:00,60.303
1446,3/10/2022 14:15,60.39
1447,3/10/2022 14:30,60.474
1448,3/10/2022 14:45,60.561
1449,3/10/2022 15:00,60.647
1450,3/10/2022 15:15,60.733
1451,3/10/2022 15:30,60.818
1452,3/10/2022 15:45,60.904
1453,3/10/2022 16:00,60.991
1454,3/10/2022 16:15,61.075
1455,3/10/2022 16:30,61.075
1456,3/10/2022 16:45,60.775
1457,3/10/2022 17:00,60.474
1458,3/10/2022 17:15,60.217
1459,3/10/2022 17:30,60.003
1460,3/10/2022 17:45,59.788
1461,3/10/2022 18:00,59.659
1462,3/10/2022 18:15,59.572
1463,3/10/2022 18:30,59.745
1464,3/10/2022 18:45,60.346
1465,3/10/2022 19:00,60.69
1466,3/10/2022 19:15,60.948
1467,3/10/2022 19:30,61.119
1468,3/10/2022 19:45,61.29
1469,3/10/2022 20:00,61.547
1470,3/10/2022 20:15,61.72
1471,3/10/2022 20:30,61.891
1472,3/10/2022 20:45,61.977
1473,3/10/2022 21:00,61.934
1474,3/10/2022 21:15,61.848
1475,3/10/2022 21:30,61.804
1476,3/10/2022 21:45,61.761
1477,3/10/2022 22:00,61.804
1478,3/10/2022 22:15,61.804
1479,3/10/2022 22:30,61.804
1480,3/10/2022 22:45,61.804
1481,3/10/2022 23:00,61.761
1482,3/10/2022 23:15,61.72
1483,3/10/2022 23:30,61.72
1484,3/10/2022 23:45,61.761
1485,3/11/2022 0:00,61.804
1486,3/11/2022 0:15,59.873
1487,3/11/2022 0:30,59.529
1488,3/11/2022 0:45,59.358
1489,3/11/2022 1:00,59.229
1490,3/11/2022 1:15,59.142
1491,3/11/2022 1:30,59.142
1492,3/11/2022 1:45,59.445
1493,3/11/2022 2:00,59.745
1494,3/11/2022 2:15,59.916
1495,3/11/2022 2:30,59.83
1496,3/11/2022 2:45,59.659
1497,3/11/2022 3:00,59.486
1498,3/11/2022 3:15,59.358
1499,3/11/2022 3:30,59.229
1500,3/11/2022 3:45,59.099
1501,3/11/2022 4:00,59.185
1502,3/11/2022 4:15,59.486
1503,3/11/2022 4:30,59.788
1504,3/11/2022 4:45,59.916
1505,3/11/2022 5:00,59.788
1506,3/11/2022 5:15,59.616
1507,3/11/2022 5:30,59.445
1508,3/11/2022 5:45,59.315
1509,3/11/2022 6:00,59.142
1510,3/11/2022 6:15,59.142
1511,3/11/2022 6:30,59.572
1512,3/11/2022 6:45,59.959
1513,3/11/2022 7:00,60.174
1514,3/11/2022 7:15,60.39
1515,3/11/2022 7:30,60.561
1516,3/11/2022 7:45,60.818
1517,3/11/2022 8:00,61.032
1518,3/11/2022 8:15,61.248
1519,3/11/2022 8:30,61.506
1520,3/11/2022 8:45,61.677
1521,3/11/2022 9:00,61.848
1522,3/11/2022 9:15,61.977
1523,3/11/2022 9:30,62.105
1524,3/11/2022 9:45,62.233
1525,3/11/2022 10:00,62.319
1526,3/11/2022 10:15,62.362
1527,3/11/2022 10:30,62.406
1528,3/11/2022 10:45,62.406
1529,3/11/2022 11:00,62.447
1530,3/11/2022 11:15,62.49
1531,3/11/2022 11:30,62.49
1532,3/11/2022 11:45,62.49
1533,3/11/2022 12:00,62.533
1534,3/11/2022 12:15,60.174
1535,3/11/2022 12:30,60.003
1536,3/11/2022 12:45,59.788
1537,3/11/2022 13:00,59.659
1538,3/11/2022 13:15,59.83
1539,3/11/2022 13:30,59.959
1540,3/11/2022 13:45,60.046
1541,3/11/2022 14:00,60.174
1542,3/11/2022 14:15,60.26
1543,3/11/2022 14:30,60.346
1544,3/11/2022 14:45,60.433
1545,3/11/2022 15:00,60.517
1546,3/11/2022 15:15,60.647
1547,3/11/2022 15:30,60.733
1548,3/11/2022 15:45,60.818
1549,3/11/2022 16:00,60.861
1550,3/11/2022 16:15,60.948
1551,3/11/2022 16:30,61.032
1552,3/11/2022 16:45,61.119
1553,3/11/2022 17:00,61.205
1554,3/11/2022 17:15,61.29
1555,3/11/2022 17:30,61.333
1556,3/11/2022 17:45,61.419
1557,3/11/2022 18:00,61.462
1558,3/11/2022 18:15,61.506
1559,3/11/2022 18:30,61.804
1560,3/11/2022 18:45,61.977
1561,3/11/2022 19:00,62.105
1562,3/11/2022 19:15,62.233
1563,3/11/2022 19:30,62.319
1564,3/11/2022 19:45,62.447
1565,3/11/2022 20:00,62.577
1566,3/11/2022 20:15,62.704
1567,3/11/2022 20:30,62.834
1568,3/11/2022 20:45,62.962
1569,3/11/2022 21:00,63.09
1570,3/11/2022 21:15,63.219
1571,3/11/2022 21:30,63.304
1572,3/11/2022 21:45,63.262
1573,3/11/2022 22:00,63.262
1574,3/11/2022 22:15,63.219
1575,3/11/2022 22:30,63.219
1576,3/11/2022 22:45,63.304
1577,3/11/2022 23:00,63.347
1578,3/11/2022 23:15,63.347
1579,3/11/2022 23:30,63.433
1580,3/11/2022 23:45,63.475
1581,3/12/2022 0:00,62.62
1582,3/12/2022 0:15,62.406
1583,3/12/2022 0:30,62.406
1584,3/12/2022 0:45,62.447
1585,3/12/2022 1:00,62.447
1586,3/12/2022 1:15,62.49
1587,3/12/2022 1:30,62.533
1588,3/12/2022 1:45,62.577
1589,3/12/2022 2:00,62.577
1590,3/12/2022 2:15,62.62
1591,3/12/2022 2:30,62.661
1592,3/12/2022 2:45,62.704
1593,3/12/2022 3:00,62.704
1594,3/12/2022 3:15,62.748
1595,3/12/2022 3:30,62.748
1596,3/12/2022 3:45,62.791
1597,3/12/2022 4:00,62.834
1598,3/12/2022 4:15,62.834
1599,3/12/2022 4:30,62.875
1600,3/12/2022 4:45,62.919
1601,3/12/2022 5:00,62.919
1602,3/12/2022 5:15,62.962
1603,3/12/2022 5:30,62.962
1604,3/12/2022 5:45,63.005
1605,3/12/2022 6:00,63.005
1606,3/12/2022 6:15,63.09
1607,3/12/2022 6:30,63.262
1608,3/12/2022 6:45,63.347
1609,3/12/2022 7:00,63.433
1610,3/12/2022 7:15,63.561
1611,3/12/2022 7:30,63.604
1612,3/12/2022 7:45,63.689
1613,3/12/2022 8:00,63.775
1614,3/12/2022 8:15,63.862
1615,3/12/2022 8:30,63.946
1616,3/12/2022 8:45,64.033
1617,3/12/2022 9:00,64.074
1618,3/12/2022 9:15,63.946
1619,3/12/2022 9:30,63.775
1620,3/12/2022 9:45,63.732
1621,3/12/2022 10:00,63.689
1622,3/12/2022 10:15,63.732
1623,3/12/2022 10:30,63.732
1624,3/12/2022 10:45,63.732
1625,3/12/2022 11:00,63.732
1626,3/12/2022 11:15,63.732
1627,3/12/2022 11:30,63.732
1628,3/12/2022 11:45,63.732
1629,3/12/2022 12:00,58.023
1630,3/12/2022 12:15,58.885
1631,3/12/2022 12:30,59.745
1632,3/12/2022 12:45,59.959
1633,3/12/2022 13:00,59.959
1634,3/12/2022 13:15,59.916
1635,3/12/2022 13:30,59.916
1636,3/12/2022 13:45,59.916
1637,3/12/2022 14:00,59.916
1638,3/12/2022 14:15,59.916
1639,3/12/2022 14:30,59.959
1640,3/12/2022 14:45,59.959
1641,3/12/2022 15:00,59.959
1642,3/12/2022 15:15,59.959
1643,3/12/2022 15:30,60.003
1644,3/12/2022 15:45,60.003
1645,3/12/2022 16:00,60.003
1646,3/12/2022 16:15,60.046
1647,3/12/2022 16:30,60.046
1648,3/12/2022 16:45,60.046
1649,3/12/2022 17:00,60.046
1650,3/12/2022 17:15,60.089
1651,3/12/2022 17:30,60.089
1652,3/12/2022 17:45,60.089
1653,3/12/2022 18:00,60.132
1654,3/12/2022 18:15,60.517
1655,3/12/2022 18:30,60.861
1656,3/12/2022 18:45,61.119
1657,3/12/2022 19:00,61.29
1658,3/12/2022 19:15,61.506
1659,3/12/2022 19:30,61.677
1660,3/12/2022 19:45,61.761
1661,3/12/2022 20:00,61.72
1662,3/12/2022 20:15,61.677
1663,3/12/2022 20:30,61.677
1664,3/12/2022 20:45,61.72
1665,3/12/2022 21:00,61.72
1666,3/12/2022 21:15,61.761
1667,3/12/2022 21:30,61.848
1668,3/12/2022 21:45,61.934
1669,3/12/2022 22:00,62.019
1670,3/12/2022 22:15,62.105
1671,3/12/2022 22:30,62.148
1672,3/12/2022 22:45,62.148
1673,3/12/2022 23:00,62.148
1674,3/12/2022 23:15,62.191
1675,3/12/2022 23:30,62.191
1676,3/12/2022 23:45,61.633
1677,3/13/2022 0:00,60.089
1678,3/13/2022 0:15,60.046
1679,3/13/2022 0:30,60.046
1680,3/13/2022 0:45,60.046
1681,3/13/2022 1:00,60.089
1682,3/13/2022 1:15,60.089
1683,3/13/2022 1:30,60.089
1684,3/13/2022 1:45,60.089
1685,3/13/2022 2:00,60.089
1686,3/13/2022 2:15,60.132
1687,3/13/2022 2:30,60.132
1688,3/13/2022 2:45,60.132
1689,3/13/2022 3:00,60.174
1690,3/13/2022 3:15,60.174
1691,3/13/2022 3:30,60.174
1692,3/13/2022 3:45,60.174
1693,3/13/2022 4:00,60.174
1694,3/13/2022 4:15,60.174
1695,3/13/2022 4:30,60.217
1696,3/13/2022 4:45,60.217
1697,3/13/2022 5:00,60.217
1698,3/13/2022 5:15,60.217
1699,3/13/2022 5:30,60.217
1700,3/13/2022 5:45,60.217
1701,3/13/2022 6:00,60.303
1702,3/13/2022 6:15,60.775
1703,3/13/2022 6:30,61.075
1704,3/13/2022 6:45,61.376
1705,3/13/2022 7:00,61.506
1706,3/13/2022 7:15,61.506
1707,3/13/2022 7:30,61.506
1708,3/13/2022 7:45,61.547
1709,3/13/2022 8:00,61.59
1710,3/13/2022 8:15,61.633
1711,3/13/2022 8:30,61.761
1712,3/13/2022 8:45,61.891
1713,3/13/2022 9:00,62.019
1714,3/13/2022 9:15,62.148
1715,3/13/2022 9:30,62.233
1716,3/13/2022 9:45,62.319
1717,3/13/2022 10:00,62.362
1718,3/13/2022 10:15,62.406
1719,3/13/2022 10:30,62.406
1720,3/13/2022 10:45,62.406
1721,3/13/2022 11:00,62.233
1722,3/13/2022 11:15,62.233
1723,3/13/2022 11:30,62.362
1724,3/13/2022 11:45,60.174
1725,3/13/2022 12:00,60.217
1726,3/13/2022 12:15,60.303
1727,3/13/2022 12:30,60.39
1728,3/13/2022 12:45,60.474
1729,3/13/2022 13:00,60.604
1730,3/13/2022 13:15,60.69
1731,3/13/2022 13:30,60.861
1732,3/13/2022 13:45,61.119
1733,3/13/2022 14:00,61.205
1734,3/13/2022 14:15,61.29
1735,3/13/2022 14:30,61.376
1736,3/13/2022 14:45,61.462
1737,3/13/2022 15:00,61.547
1738,3/13/2022 15:15,61.633
1739,3/13/2022 15:30,61.72
1740,3/13/2022 15:45,61.804
1741,3/13/2022 16:00,61.891
1742,3/13/2022 16:15,62.019
1743,3/13/2022 16:30,62.062
1744,3/13/2022 16:45,62.062
1745,3/13/2022 17:00,61.848
1746,3/13/2022 17:15,61.677
1747,3/13/2022 17:30,61.506
1748,3/13/2022 17:45,61.29
1749,3/13/2022 18:00,61.162
1750,3/13/2022 18:15,60.991
1751,3/13/2022 18:30,60.861
1752,3/13/2022 18:45,60.733
1753,3/13/2022 19:00,60.604
1754,3/13/2022 19:15,60.474
1755,3/13/2022 19:30,60.39
1756,3/13/2022 19:45,60.26
1757,3/13/2022 20:00,60.174
1758,3/13/2022 20:15,60.089
1759,3/13/2022 20:30,60.003
1760,3/13/2022 20:45,59.916
1761,3/13/2022 21:00,59.83
1762,3/13/2022 21:15,59.745
1763,3/13/2022 21:30,59.702
1764,3/13/2022 21:45,59.616
1765,3/13/2022 22:00,59.572
1766,3/13/2022 22:15,59.486
1767,3/13/2022 22:30,59.445
1768,3/13/2022 22:45,59.401
1769,3/13/2022 23:00,59.358
1770,3/13/2022 23:15,59.272
1771,3/13/2022 23:30,59.229
1772,3/13/2022 23:45,59.185
1773,3/14/2022 0:00,59.142
1774,3/14/2022 0:15,59.099
1775,3/14/2022 0:30,59.099
1776,3/14/2022 0:45,59.401
1777,3/14/2022 1:00,59.83
1778,3/14/2022 1:15,59.959
1779,3/14/2022 1:30,59.873
1780,3/14/2022 1:45,59.745
1781,3/14/2022 2:00,59.659
1782,3/14/2022 2:15,59.572
1783,3/14/2022 2:30,59.486
1784,3/14/2022 2:45,59.401
1785,3/14/2022 3:00,59.315
1786,3/14/2022 3:15,59.229
1787,3/14/2022 3:30,59.185
1788,3/14/2022 3:45,59.099
1789,3/14/2022 4:00,59.056
1790,3/14/2022 4:15,59.272
1791,3/14/2022 4:30,59.616
1792,3/14/2022 4:45,59.916
1793,3/14/2022 5:00,59.873
1794,3/14/2022 5:15,59.745
1795,3/14/2022 5:30,59.616
1796,3/14/2022 5:45,59.486
1797,3/14/2022 6:00,59.401
1798,3/14/2022 6:15,59.315
1799,3/14/2022 6:30,59.229
1800,3/14/2022 6:45,59.142
1801,3/14/2022 7:00,59.099
1802,3/14/2022 7:15,59.401
1803,3/14/2022 7:30,59.745
1804,3/14/2022 7:45,59.916
1805,3/14/2022 8:00,59.83
1806,3/14/2022 8:15,59.659
1807,3/14/2022 8:30,59.572
1808,3/14/2022 8:45,59.401
1809,3/14/2022 9:00,59.229
1810,3/14/2022 9:15,59.229
1811,3/14/2022 9:30,59.358
1812,3/14/2022 9:45,59.486
1813,3/14/2022 10:00,59.616
1814,3/14/2022 10:15,59.745
1815,3/14/2022 10:30,59.873
1816,3/14/2022 10:45,60.132
1817,3/14/2022 11:00,60.69
1818,3/14/2022 11:15,61.333
1819,3/14/2022 11:30,61.977
1820,3/14/2022 11:45,62.533
1821,3/14/2022 12:00,63.133
1822,3/14/2022 12:15,63.819
1823,3/14/2022 12:30,64.418
1824,3/14/2022 12:45,65.059
1825,3/14/2022 13:00,65.701
1826,3/14/2022 13:15,66.258
1827,3/14/2022 13:30,66.857
1828,3/14/2022 13:45,67.199
1829,3/14/2022 14:00,67.242
1830,3/14/2022 14:15,67.242
1831,3/14/2022 14:30,67.242
1832,3/14/2022 14:45,67.285
1833,3/14/2022 15:00,67.329
1834,3/14/2022 15:15,67.413
1835,3/14/2022 15:30,67.413
1836,3/14/2022 15:45,67.329
1837,3/14/2022 16:00,67.543
1838,3/14/2022 16:15,67.971
1839,3/14/2022 16:30,68.142
1840,3/14/2022 16:45,68.142
1841,3/14/2022 17:00,68.099
1842,3/14/2022 17:15,68.056
1843,3/14/2022 17:30,68.013
1844,3/14/2022 17:45,67.971
1845,3/14/2022 18:00,67.971
1846,3/14/2022 18:15,67.928
1847,3/14/2022 18:30,67.885
1848,3/14/2022 18:45,67.842
1849,3/14/2022 19:00,67.798
1850,3/14/2022 19:15,67.757
1851,3/14/2022 19:30,67.757
1852,3/14/2022 19:45,67.714
1853,3/14/2022 20:00,67.671
1854,3/14/2022 20:15,67.671
1855,3/14/2022 20:30,67.627
1856,3/14/2022 20:45,67.627
1857,3/14/2022 21:00,67.586
1858,3/14/2022 21:15,67.586
1859,3/14/2022 21:30,67.543
1860,3/14/2022 21:45,67.543
1861,3/14/2022 22:00,67.5
1862,3/14/2022 22:15,67.5
1863,3/14/2022 22:30,67.456
1864,3/14/2022 22:45,67.456
1865,3/14/2022 23:00,67.413
1866,3/14/2022 23:15,67.413
1867,3/14/2022 23:30,67.413
1868,3/14/2022 23:45,67.413
1869,3/15/2022 0:00,67.372
1870,3/15/2022 0:15,67.372
1871,3/15/2022 0:30,67.372
1872,3/15/2022 0:45,67.372
1873,3/15/2022 1:00,67.329
1874,3/15/2022 1:15,67.329
1875,3/15/2022 1:30,67.329
1876,3/15/2022 1:45,67.329
1877,3/15/2022 2:00,67.329
1878,3/15/2022 2:15,67.329
1879,3/15/2022 2:30,67.329
1880,3/15/2022 2:45,67.329
1881,3/15/2022 3:00,67.285
1882,3/15/2022 3:15,67.285
1883,3/15/2022 3:30,67.285
1884,3/15/2022 3:45,67.285
1885,3/15/2022 4:00,67.285
1886,3/15/2022 4:15,67.285
1887,3/15/2022 4:30,67.285
1888,3/15/2022 4:45,67.285
1889,3/15/2022 5:00,67.285
1890,3/15/2022 5:15,67.285
1891,3/15/2022 5:30,67.285
1892,3/15/2022 5:45,67.285
1893,3/15/2022 6:00,67.285
1894,3/15/2022 6:15,67.372
1895,3/15/2022 6:30,67.798
1896,3/15/2022 6:45,68.142
1897,3/15/2022 7:00,68.185
1898,3/15/2022 7:15,68.142
1899,3/15/2022 7:30,68.142
1900,3/15/2022 7:45,68.099
1901,3/15/2022 8:00,68.056
1902,3/15/2022 8:15,68.013
1903,3/15/2022 8:30,68.013
1904,3/15/2022 8:45,67.971
1905,3/15/2022 9:00,67.971
1906,3/15/2022 9:15,67.928
1907,3/15/2022 9:30,67.928
1908,3/15/2022 9:45,67.928
1909,3/15/2022 10:00,67.885
1910,3/15/2022 10:15,67.842
1911,3/15/2022 10:30,67.885
1912,3/15/2022 10:45,67.885
1913,3/15/2022 11:00,67.885
1914,3/15/2022 11:15,67.885
1915,3/15/2022 11:30,67.928
1916,3/15/2022 11:45,67.928
1917,3/15/2022 12:00,67.928
1918,3/15/2022 12:15,67.971
1919,3/15/2022 12:30,67.971
1920,3/15/2022 12:45,67.885
1921,3/15/2022 13:00,67.798
1922,3/15/2022 13:15,67.671
1923,3/15/2022 13:30,67.543
1924,3/15/2022 13:45,67.456
1925,3/15/2022 14:00,67.329
1926,3/15/2022 14:15,67.242
1927,3/15/2022 14:30,67.114
1928,3/15/2022 14:45,67.028
1929,3/15/2022 15:00,66.943
1930,3/15/2022 15:15,66.857
1931,3/15/2022 15:30,66.772
1932,3/15/2022 15:45,66.686
1933,3/15/2022 16:00,66.6
1934,3/15/2022 16:15,66.515
1935,3/15/2022 16:30,66.344
1936,3/15/2022 16:45,66.258
1937,3/15/2022 17:00,66.13
1938,3/15/2022 17:15,66
1939,3/15/2022 17:30,65.872
1940,3/15/2022 17:45,65.788
1941,3/15/2022 18:00,65.701
1942,3/15/2022 18:15,65.658
1943,3/15/2022 18:30,65.574
1944,3/15/2022 18:45,65.53
1945,3/15/2022 19:00,65.487
1946,3/15/2022 19:15,65.444
1947,3/15/2022 19:30,65.444
1948,3/15/2022 19:45,65.403
1949,3/15/2022 20:00,65.359
1950,3/15/2022 20:15,65.316
1951,3/15/2022 20:30,65.316
1952,3/15/2022 20:45,65.273
1953,3/15/2022 21:00,65.23
1954,3/15/2022 21:15,65.188
1955,3/15/2022 21:30,65.188
1956,3/15/2022 21:45,65.145
1957,3/15/2022 22:00,65.145
1958,3/15/2022 22:15,65.145
1959,3/15/2022 22:30,65.487
1960,3/15/2022 22:45,65.916
1961,3/15/2022 23:00,66
1962,3/15/2022 23:15,65.959
1963,3/15/2022 23:30,65.916
1964,3/15/2022 23:45,65.829
1965,3/16/2022 0:00,65.788
1966,3/16/2022 0:15,65.745
1967,3/16/2022 0:30,65.701
1968,3/16/2022 0:45,65.658
1969,3/16/2022 1:00,65.615
1970,3/16/2022 1:15,65.574
1971,3/16/2022 1:30,65.53
1972,3/16/2022 1:45,65.487
1973,3/16/2022 2:00,65.444
1974,3/16/2022 2:15,65.403
1975,3/16/2022 2:30,65.359
1976,3/16/2022 2:45,65.316
1977,3/16/2022 3:00,65.316
1978,3/16/2022 3:15,65.273
1979,3/16/2022 3:30,65.23
1980,3/16/2022 3:45,65.188
1981,3/16/2022 4:00,65.188
1982,3/16/2022 4:15,65.145
1983,3/16/2022 4:30,65.145
1984,3/16/2022 4:45,65.102
1985,3/16/2022 5:00,65.403
1986,3/16/2022 5:15,65.829
1987,3/16/2022 5:30,65.959
1988,3/16/2022 5:45,65.959
1989,3/16/2022 6:00,65.916
1990,3/16/2022 6:15,65.872
1991,3/16/2022 6:30,65.829
1992,3/16/2022 6:45,65.788
1993,3/16/2022 7:00,65.745
1994,3/16/2022 7:15,65.701
1995,3/16/2022 7:30,65.658
1996,3/16/2022 7:45,65.615
1997,3/16/2022 8:00,65.574
1998,3/16/2022 8:15,65.53
1999,3/16/2022 8:30,65.487
2000,3/16/2022 8:45,65.444
2001,3/16/2022 9:00,65.403
2002,3/16/2022 9:15,65.359
2003,3/16/2022 9:30,65.316
2004,3/16/2022 9:45,65.273
2005,3/16/2022 10:00,65.316
2006,3/16/2022 10:15,65.359
2007,3/16/2022 10:30,65.403
2008,3/16/2022 10:45,65.403
2009,3/16/2022 11:00,65.403
2010,3/16/2022 11:15,65.403
2011,3/16/2022 11:30,65.444
2012,3/16/2022 11:45,65.487
2013,3/16/2022 12:00,65.53
2014,3/16/2022 12:15,65.574
2015,3/16/2022 12:30,65.658
2016,3/16/2022 12:45,65.745
2017,3/16/2022 13:00,66.087
2018,3/16/2022 13:15,66.558
2019,3/16/2022 13:30,66.857
2020,3/16/2022 13:45,66.814
2021,3/16/2022 14:00,66.686
2022,3/16/2022 14:15,66.558
2023,3/16/2022 14:30,66.429
2024,3/16/2022 14:45,66.301
2025,3/16/2022 15:00,66.173
2026,3/16/2022 15:15,66.087
2027,3/16/2022 15:30,66.214
2028,3/16/2022 15:45,66.6
2029,3/16/2022 16:00,66.9
2030,3/16/2022 16:15,66.857
2031,3/16/2022 16:30,66.729
2032,3/16/2022 16:45,66.643
2033,3/16/2022 17:00,66.515
2034,3/16/2022 17:15,66.385
2035,3/16/2022 17:30,66.258
2036,3/16/2022 17:45,66.13
2037,3/16/2022 18:00,66.13
2038,3/16/2022 18:15,66.472
2039,3/16/2022 18:30,66.857
2040,3/16/2022 18:45,66.857
2041,3/16/2022 19:00,66.772
2042,3/16/2022 19:15,66.643
2043,3/16/2022 19:30,66.558
2044,3/16/2022 19:45,66.429
2045,3/16/2022 20:00,66.301
2046,3/16/2022 20:15,66.214
2047,3/16/2022 20:30,66.13
2048,3/16/2022 20:45,66.087
2049,3/16/2022 21:00,66.385
2050,3/16/2022 21:15,66.814
2051,3/16/2022 21:30,66.9
2052,3/16/2022 21:45,66.814
2053,3/16/2022 22:00,66.686
2054,3/16/2022 22:15,66.6
2055,3/16/2022 22:30,66.472
2056,3/16/2022 22:45,66.385
2057,3/16/2022 23:00,66.258
2058,3/16/2022 23:15,66.173
2059,3/16/2022 23:30,66.087
2060,3/16/2022 23:45,66.13
2061,3/17/2022 0:00,66.472
2062,3/17/2022 0:15,66.814
2063,3/17/2022 0:30,66.857
2064,3/17/2022 0:45,66.772
2065,3/17/2022 1:00,66.643
2066,3/17/2022 1:15,66.558
2067,3/17/2022 1:30,66.429
2068,3/17/2022 1:45,66.344
2069,3/17/2022 2:00,66.258
2070,3/17/2022 2:15,66.173
2071,3/17/2022 2:30,66.087
2072,3/17/2022 2:45,66.13
2073,3/17/2022 3:00,66.472
2074,3/17/2022 3:15,66.857
2075,3/17/2022 3:30,66.814
2076,3/17/2022 3:45,66.729
2077,3/17/2022 4:00,66.6
2078,3/17/2022 4:15,66.515
2079,3/17/2022 4:30,66.385
2080,3/17/2022 4:45,66.301
2081,3/17/2022 5:00,66.214
2082,3/17/2022 5:15,66.13
2083,3/17/2022 5:30,66.043
2084,3/17/2022 5:45,66.301
2085,3/17/2022 6:00,66.729
2086,3/17/2022 6:15,66.857
2087,3/17/2022 6:30,66.814
2088,3/17/2022 6:45,66.686
2089,3/17/2022 7:00,66.6
2090,3/17/2022 7:15,66.472
2091,3/17/2022 7:30,66.385
2092,3/17/2022 7:45,66.258
2093,3/17/2022 8:00,66.214
2094,3/17/2022 8:15,66.13
2095,3/17/2022 8:30,66.087
2096,3/17/2022 8:45,66.258
2097,3/17/2022 9:00,66.686
2098,3/17/2022 9:15,66.943
2099,3/17/2022 9:30,66.9
2100,3/17/2022 9:45,65.745
2101,3/17/2022 10:00,65.745
2102,3/17/2022 10:15,65.829
2103,3/17/2022 10:30,65.829
2104,3/17/2022 10:45,65.872
2105,3/17/2022 11:00,66.043
2106,3/17/2022 11:15,65.916
2107,3/17/2022 11:30,65.916
2108,3/17/2022 11:45,65.872
2109,3/17/2022 12:00,65.829
2110,3/17/2022 12:15,65.829
2111,3/17/2022 12:30,65.829
2112,3/17/2022 12:45,65.829
2113,3/17/2022 13:00,65.872
2114,3/17/2022 13:15,65.872
2115,3/17/2022 13:30,65.829
2116,3/17/2022 13:45,66.173
2117,3/17/2022 14:00,65.872
2118,3/17/2022 14:15,65.701
2119,3/17/2022 14:30,65.788
2120,3/17/2022 14:45,65.745
2121,3/17/2022 15:00,65.658
2122,3/17/2022 15:15,65.959
2123,3/17/2022 15:30,69.514
2124,3/17/2022 15:45,69.3
2125,3/17/2022 16:00,68.443
2126,3/17/2022 16:15,67.586
2127,3/17/2022 16:30,67.028
2128,3/17/2022 16:45,67.413
2129,3/17/2022 17:00,67.757
2130,3/17/2022 17:15,71.231
2131,3/17/2022 17:30,72.523
2132,3/17/2022 17:45,72.523
2133,3/17/2022 18:00,72.351
2134,3/17/2022 18:15,72.05
2135,3/17/2022 18:30,71.661
2136,3/17/2022 18:45,71.19
2137,3/17/2022 19:00,70.63
2138,3/17/2022 19:15,70.029
2139,3/17/2022 19:30,69.3
2140,3/17/2022 19:45,68.571
2141,3/17/2022 20:00,67.798
2142,3/17/2022 20:15,67.028
2143,3/17/2022 20:30,66.258
2144,3/17/2022 20:45,65.487
2145,3/17/2022 21:00,64.717
2146,3/17/2022 21:15,63.946
2147,3/17/2022 21:30,63.219
2148,3/17/2022 21:45,62.533
2149,3/17/2022 22:00,61.891
2150,3/17/2022 22:15,61.248
2151,3/17/2022 22:30,60.604
2152,3/17/2022 22:45,60.046
2153,3/17/2022 23:00,59.486
2154,3/17/2022 23:15,58.928
2155,3/17/2022 23:30,58.411
2156,3/17/2022 23:45,57.936
2157,3/18/2022 0:00,57.463
2158,3/18/2022 0:15,57.031
2159,3/18/2022 0:30,56.599
2160,3/18/2022 0:45,56.165
2161,3/18/2022 1:00,55.776
2162,3/18/2022 1:15,55.386
2163,3/18/2022 1:30,54.995
2164,3/18/2022 1:45,54.604
2165,3/18/2022 2:00,54.255
2166,3/18/2022 2:15,53.908
2167,3/18/2022 2:30,53.559
2168,3/18/2022 2:45,53.209
2169,3/18/2022 3:00,52.903
2170,3/18/2022 3:15,52.597
2171,3/18/2022 3:30,52.291
2172,3/18/2022 3:45,51.984
2173,3/18/2022 4:00,51.721
2174,3/18/2022 4:15,51.413
2175,3/18/2022 4:30,51.148
2176,3/18/2022 4:45,50.886
2177,3/18/2022 5:00,50.664
2178,3/18/2022 5:15,50.4
2179,3/18/2022 5:30,50.18
2180,3/18/2022 5:45,49.959
2181,3/18/2022 6:00,49.692
2182,3/18/2022 6:15,49.471
2183,3/18/2022 6:30,49.249
2184,3/18/2022 6:45,49.116
2185,3/18/2022 7:00,48.983
2186,3/18/2022 7:15,48.938
2187,3/18/2022 7:30,48.938
2188,3/18/2022 7:45,48.983
2189,3/18/2022 8:00,49.073
2190,3/18/2022 8:15,49.249
2191,3/18/2022 8:30,49.516
2192,3/18/2022 8:45,49.914
2193,3/18/2022 9:00,50.356
2194,3/18/2022 9:15,50.974
2195,3/18/2022 9:30,51.678
2196,3/18/2022 9:45,52.466
2197,3/18/2022 10:00,53.384
2198,3/18/2022 10:15,54.43
2199,3/18/2022 10:30,55.558
2200,3/18/2022 10:45,56.772
2201,3/18/2022 11:00,58.066
2202,3/18/2022 11:15,59.401
2203,3/18/2022 11:30,60.818
2204,3/18/2022 11:45,62.233
2205,3/18/2022 12:00,63.689
2206,3/18/2022 12:15,65.145
2207,3/18/2022 12:30,66.558
2208,3/18/2022 12:45,67.928
2209,3/18/2022 13:00,69.256
2210,3/18/2022 13:15,70.587
2211,3/18/2022 13:30,71.791
2212,3/18/2022 13:45,72.955
2213,3/18/2022 14:00,74.12
2214,3/18/2022 14:15,75.204
2215,3/18/2022 14:30,76.246
2216,3/18/2022 14:45,77.247
2217,3/18/2022 15:00,78.165
2218,3/18/2022 15:15,78.953
2219,3/18/2022 15:30,79.655
2220,3/18/2022 15:45,80.272
2221,3/18/2022 16:00,80.757
2222,3/18/2022 16:15,82.441
2223,3/18/2022 16:30,84.182
2224,3/18/2022 16:45,84.99
2225,3/18/2022 17:00,85.082
2226,3/18/2022 17:15,84.632
2227,3/18/2022 17:30,83.736
2228,3/18/2022 17:45,82.575
2229,3/18/2022 18:00,81.244
2230,3/18/2022 18:15,79.743
2231,3/18/2022 18:30,78.165
2232,3/18/2022 18:45,76.593
2233,3/18/2022 19:00,75.029
2234,3/18/2022 19:15,73.515
2235,3/18/2022 19:30,72.093
2236,3/18/2022 19:45,70.716
2237,3/18/2022 20:00,69.427
2238,3/18/2022 20:15,68.185
2239,3/18/2022 20:30,67.028
2240,3/18/2022 20:45,65.916
2241,3/18/2022 21:00,64.845
2242,3/18/2022 21:15,63.862
2243,3/18/2022 21:30,63.005
2244,3/18/2022 21:45,62.148
2245,3/18/2022 22:00,61.419
2246,3/18/2022 22:15,60.69
2247,3/18/2022 22:30,60.046
2248,3/18/2022 22:45,59.401
2249,3/18/2022 23:00,58.842
2250,3/18/2022 23:15,58.325
2251,3/18/2022 23:30,57.893
2252,3/18/2022 23:45,57.506
2253,3/19/2022 0:00,57.16
2254,3/19/2022 0:15,56.858
2255,3/19/2022 0:30,56.599
2256,3/19/2022 0:45,56.383
2257,3/19/2022 1:00,56.165
2258,3/19/2022 1:15,55.949
2259,3/19/2022 1:30,55.69
2260,3/19/2022 1:45,55.472
2261,3/19/2022 2:00,55.256
2262,3/19/2022 2:15,55.081
2263,3/19/2022 2:30,54.909
2264,3/19/2022 2:45,54.777
2265,3/19/2022 3:00,54.561
2266,3/19/2022 3:15,54.387
2267,3/19/2022 3:30,54.212
2268,3/19/2022 3:45,54.082
2269,3/19/2022 4:00,53.951
2270,3/19/2022 4:15,53.776
2271,3/19/2022 4:30,53.602
2272,3/19/2022 4:45,53.472
2273,3/19/2022 5:00,53.298
2274,3/19/2022 5:15,53.209
2275,3/19/2022 5:30,53.166
2276,3/19/2022 5:45,53.121
2277,3/19/2022 6:00,53.121
2278,3/19/2022 6:15,53.166
2279,3/19/2022 6:30,53.166
2280,3/19/2022 6:45,53.166
2281,3/19/2022 7:00,53.166
2282,3/19/2022 7:15,53.121
2283,3/19/2022 7:30,53.166
2284,3/19/2022 7:45,53.166
2285,3/19/2022 8:00,53.209
2286,3/19/2022 8:15,53.341
2287,3/19/2022 8:30,53.515
2288,3/19/2022 8:45,53.776
2289,3/19/2022 9:00,54.126
2290,3/19/2022 9:15,54.516
2291,3/19/2022 9:30,55.081
2292,3/19/2022 9:45,55.647
2293,3/19/2022 10:00,56.208
2294,3/19/2022 10:15,56.728
2295,3/19/2022 10:30,57.333
2296,3/19/2022 10:45,57.979
2297,3/19/2022 11:00,58.885
2298,3/19/2022 11:15,59.788
2299,3/19/2022 11:30,60.561
2300,3/19/2022 11:45,61.162
2301,3/19/2022 12:00,61.848
2302,3/19/2022 12:15,62.406
2303,3/19/2022 12:30,62.875
2304,3/19/2022 12:45,63.262
2305,3/19/2022 13:00,63.604
2306,3/19/2022 13:15,63.99
2307,3/19/2022 13:30,64.332
2308,3/19/2022 13:45,64.674
2309,3/19/2022 14:00,64.974
2310,3/19/2022 14:15,65.316
2311,3/19/2022 14:30,66.515
2312,3/19/2022 14:45,67.928
2313,3/19/2022 15:00,68.657
2314,3/19/2022 15:15,68.657
2315,3/19/2022 15:30,68.698
2316,3/19/2022 15:45,68.828
2317,3/19/2022 16:00,69.129
2318,3/19/2022 16:15,69.471
2319,3/19/2022 16:30,69.471
2320,3/19/2022 16:45,69.3
2321,3/19/2022 17:00,68.956
2322,3/19/2022 17:15,68.484
2323,3/19/2022 17:30,68.013
2324,3/19/2022 17:45,67.627
2325,3/19/2022 18:00,67.671
2326,3/19/2022 18:15,67.285
2327,3/19/2022 18:30,66.729
2328,3/19/2022 18:45,66.173
2329,3/19/2022 19:00,65.658
2330,3/19/2022 19:15,65.145
2331,3/19/2022 19:30,64.632
2332,3/19/2022 19:45,64.117
2333,3/19/2022 20:00,63.689
2334,3/19/2022 20:15,63.304
2335,3/19/2022 20:30,62.875
2336,3/19/2022 20:45,62.362
2337,3/19/2022 21:00,61.804
2338,3/19/2022 21:15,61.248
2339,3/19/2022 21:30,60.647
2340,3/19/2022 21:45,60.046
2341,3/19/2022 22:00,59.486
2342,3/19/2022 22:15,58.971
2343,3/19/2022 22:30,58.455
2344,3/19/2022 22:45,57.979
2345,3/19/2022 23:00,57.506
2346,3/19/2022 23:15,57.074
2347,3/19/2022 23:30,56.599
2348,3/19/2022 23:45,56.165
2349,3/20/2022 0:00,55.733
2350,3/20/2022 0:15,55.342
2351,3/20/2022 0:30,54.909
2352,3/20/2022 0:45,54.561
2353,3/20/2022 1:00,54.212
2354,3/20/2022 1:15,53.865
2355,3/20/2022 1:30,53.515
2356,3/20/2022 1:45,53.166
2357,3/20/2022 2:00,52.86
2358,3/20/2022 2:15,52.554
2359,3/20/2022 2:30,52.203
2360,3/20/2022 2:45,51.895
2361,3/20/2022 3:00,51.589
2362,3/20/2022 3:15,51.282
2363,3/20/2022 3:30,50.974
2364,3/20/2022 3:45,50.709
2365,3/20/2022 4:00,50.445
2366,3/20/2022 4:15,50.135
2367,3/20/2022 4:30,49.87
2368,3/20/2022 4:45,49.604
2369,3/20/2022 5:00,49.294
2370,3/20/2022 5:15,49.028
2371,3/20/2022 5:30,48.717
2372,3/20/2022 5:45,48.45
2373,3/20/2022 6:00,48.137
2374,3/20/2022 6:15,47.826
2375,3/20/2022 6:30,47.512
2376,3/20/2022 6:45,47.289
2377,3/20/2022 7:00,47.244
2378,3/20/2022 7:15,47.244
2379,3/20/2022 7:30,47.422
2380,3/20/2022 7:45,47.736
2381,3/20/2022 8:00,48.182
2382,3/20/2022 8:15,48.672
2383,3/20/2022 8:30,49.249
2384,3/20/2022 8:45,50.047
2385,3/20/2022 9:00,50.974
2386,3/20/2022 9:15,52.072
2387,3/20/2022 9:30,53.298
2388,3/20/2022 9:45,54.648
2389,3/20/2022 10:00,56.165
2390,3/20/2022 10:15,57.765
2391,3/20/2022 10:30,59.445
2392,3/20/2022 10:45,61.205
2393,3/20/2022 11:00,63.048
2394,3/20/2022 11:15,64.888
2395,3/20/2022 11:30,66.772
2396,3/20/2022 11:45,68.614
2397,3/20/2022 12:00,70.459
2398,3/20/2022 12:15,72.221
2399,3/20/2022 12:30,73.99
2400,3/20/2022 12:45,75.681
2401,3/20/2022 13:00,77.335
2402,3/20/2022 13:15,78.953
2403,3/20/2022 13:30,80.492
2404,3/20/2022 13:45,81.909
2405,3/20/2022 14:00,83.199
2406,3/20/2022 14:15,84.362
2407,3/20/2022 14:30,85.397
2408,3/20/2022 14:45,86.301
2409,3/20/2022 15:00,87.028
2410,3/20/2022 15:15,87.62
2411,3/20/2022 15:30,88.075
2412,3/20/2022 15:45,88.396
2413,3/20/2022 16:00,88.579
2414,3/20/2022 16:15,88.579
2415,3/20/2022 16:30,88.443
2416,3/20/2022 16:45,88.122
2417,3/20/2022 17:00,87.573
2418,3/20/2022 17:15,86.844
2419,3/20/2022 17:30,85.894
2420,3/20/2022 17:45,84.677
2421,3/20/2022 18:00,83.287
2422,3/20/2022 18:15,81.73
2423,3/20/2022 18:30,80.051
2424,3/20/2022 18:45,78.427
2425,3/20/2022 19:00,76.854
2426,3/20/2022 19:15,75.376
2427,3/20/2022 19:30,73.947
2428,3/20/2022 19:45,72.653
2429,3/20/2022 20:00,71.361
2430,3/20/2022 20:15,70.158
2431,3/20/2022 20:30,69.042
2432,3/20/2022 20:45,67.928
2433,3/20/2022 21:00,66.9
2434,3/20/2022 21:15,65.916
2435,3/20/2022 21:30,65.017
2436,3/20/2022 21:45,64.161
2437,3/20/2022 22:00,63.347
2438,3/20/2022 22:15,62.62
2439,3/20/2022 22:30,61.891
2440,3/20/2022 22:45,61.205
2441,3/20/2022 23:00,60.561
2442,3/20/2022 23:15,59.959
2443,3/20/2022 23:30,59.401
2444,3/20/2022 23:45,58.842
2445,3/21/2022 0:00,58.325
2446,3/21/2022 0:15,57.85
2447,3/21/2022 0:30,57.333
2448,3/21/2022 0:45,56.901
2449,3/21/2022 1:00,56.426
2450,3/21/2022 1:15,56.035
2451,3/21/2022 1:30,55.602
2452,3/21/2022 1:45,55.213
2453,3/21/2022 2:00,54.865
2454,3/21/2022 2:15,54.561
2455,3/21/2022 2:30,54.212
2456,3/21/2022 2:45,53.908
2457,3/21/2022 3:00,53.602
2458,3/21/2022 3:15,53.298
2459,3/21/2022 3:30,53.035
2460,3/21/2022 3:45,52.772
2461,3/21/2022 4:00,52.378
2462,3/21/2022 4:15,51.984
2463,3/21/2022 4:30,51.544
2464,3/21/2022 4:45,51.148
2465,3/21/2022 5:00,50.797
2466,3/21/2022 5:15,50.445
2467,3/21/2022 5:30,50.135
2468,3/21/2022 5:45,49.825
2469,3/21/2022 6:00,49.561
2470,3/21/2022 6:15,49.294
2471,3/21/2022 6:30,49.116
2472,3/21/2022 6:45,48.983
2473,3/21/2022 7:00,48.983
2474,3/21/2022 7:15,49.073
2475,3/21/2022 7:30,49.294
2476,3/21/2022 7:45,49.649
2477,3/21/2022 8:00,50.135
2478,3/21/2022 8:15,50.752
2479,3/21/2022 8:30,51.544
2480,3/21/2022 8:45,52.554
2481,3/21/2022 9:00,53.645
2482,3/21/2022 9:15,54.909
2483,3/21/2022 9:30,56.251
2484,3/21/2022 9:45,57.765
2485,3/21/2022 10:00,59.401
2486,3/21/2022 10:15,61.205
2487,3/21/2022 10:30,63.048
2488,3/21/2022 10:45,64.931
2489,3/21/2022 11:00,66.9
2490,3/21/2022 11:15,68.871
2491,3/21/2022 11:30,70.803
2492,3/21/2022 11:45,72.739
2493,3/21/2022 12:00,74.64
2494,3/21/2022 12:15,76.464
2495,3/21/2022 12:30,78.208
2496,3/21/2022 12:45,79.876
2497,3/21/2022 13:00,81.466
2498,3/21/2022 13:15,83.021
2499,3/21/2022 13:30,84.497
2500,3/21/2022 13:45,85.894
2501,3/21/2022 14:00,87.118
2502,3/21/2022 14:15,88.259
2503,3/21/2022 14:30,89.269
2504,3/21/2022 14:45,90.147
2505,3/21/2022 15:00,90.891
2506,3/21/2022 15:15,91.495
2507,3/21/2022 15:30,92.01
2508,3/21/2022 15:45,92.338
2509,3/21/2022 16:00,92.527
2510,3/21/2022 16:15,92.574
2511,3/21/2022 16:30,92.433
2512,3/21/2022 16:45,92.151
2513,3/21/2022 17:00,91.729
2514,3/21/2022 17:15,91.216
2515,3/21/2022 17:30,90.565
2516,3/21/2022 17:45,89.685
2517,3/21/2022 18:00,88.579
2518,3/21/2022 18:15,87.346
2519,3/21/2022 18:30,85.984
2520,3/21/2022 18:45,84.497
2521,3/21/2022 19:00,82.931
2522,3/21/2022 19:15,81.466
2523,3/21/2022 19:30,80.096
2524,3/21/2022 19:45,78.777
2525,3/21/2022 20:00,77.509
2526,3/21/2022 20:15,76.332
2527,3/21/2022 20:30,75.247
2528,3/21/2022 20:45,74.163
2529,3/21/2022 21:00,73.126
2530,3/21/2022 21:15,72.178
2531,3/21/2022 21:30,71.274
2532,3/21/2022 21:45,70.372
2533,3/21/2022 22:00,69.557
2534,3/21/2022 22:15,68.785
2535,3/21/2022 22:30,68.056
2536,3/21/2022 22:45,67.329
2537,3/21/2022 23:00,66.686
2538,3/21/2022 23:15,66.087
2539,3/21/2022 23:30,65.487
2540,3/21/2022 23:45,64.931
2541,3/22/2022 0:00,64.418
2542,3/22/2022 0:15,63.903
2543,3/22/2022 0:30,63.433
2544,3/22/2022 0:45,62.919
2545,3/22/2022 1:00,62.49
2546,3/22/2022 1:15,62.062
2547,3/22/2022 1:30,61.59
2548,3/22/2022 1:45,61.205
2549,3/22/2022 2:00,60.818
2550,3/22/2022 2:15,60.433
2551,3/22/2022 2:30,60.089
2552,3/22/2022 2:45,59.745
2553,3/22/2022 3:00,59.445
2554,3/22/2022 3:15,59.099
2555,3/22/2022 3:30,58.798
2556,3/22/2022 3:45,58.498
2557,3/22/2022 4:00,58.195
2558,3/22/2022 4:15,57.893
2559,3/22/2022 4:30,57.463
2560,3/22/2022 4:45,57.074
2561,3/22/2022 5:00,56.685
2562,3/22/2022 5:15,56.34
2563,3/22/2022 5:30,55.992
2564,3/22/2022 5:45,55.69
2565,3/22/2022 6:00,55.386
2566,3/22/2022 6:15,55.125
2567,3/22/2022 6:30,54.909
2568,3/22/2022 6:45,54.691
2569,3/22/2022 7:00,54.604
2570,3/22/2022 7:15,54.648
2571,3/22/2022 7:30,54.909
2572,3/22/2022 7:45,55.299
2573,3/22/2022 8:00,55.863
2574,3/22/2022 8:15,56.642
2575,3/22/2022 8:30,57.549
2576,3/22/2022 8:45,58.669
2577,3/22/2022 9:00,59.959
2578,3/22/2022 9:15,61.376
2579,3/22/2022 9:30,62.962
2580,3/22/2022 9:45,64.674
2581,3/22/2022 10:00,66.6
2582,3/22/2022 10:15,68.614
2583,3/22/2022 10:30,70.716
2584,3/22/2022 10:45,72.869
2585,3/22/2022 11:00,75.029
2586,3/22/2022 11:15,77.203
2587,3/22/2022 11:30,79.347
2588,3/22/2022 11:45,81.421
2589,3/22/2022 12:00,83.422
2590,3/22/2022 12:15,85.397
2591,3/22/2022 12:30,87.3
2592,3/22/2022 12:45,89.085
2593,3/22/2022 13:00,89.177
2594,3/22/2022 13:15,88.763
2595,3/22/2022 13:30,88.855
2596,3/22/2022 13:45,88.947
2597,3/22/2022 14:00,88.902
2598,3/22/2022 14:15,88.718
2599,3/22/2022 14:30,88.351
2600,3/22/2022 14:45,87.894
2601,3/22/2022 15:00,85.849
2602,3/22/2022 15:15,84.945
2603,3/22/2022 15:30,85.035
2604,3/22/2022 15:45,85.487
2605,3/22/2022 16:00,86.164
2606,3/22/2022 16:15,86.844
2607,3/22/2022 16:30,87.436
2608,3/22/2022 16:45,87.939
2609,3/22/2022 17:00,88.306
2610,3/22/2022 17:15,88.534
2611,3/22/2022 17:30,88.626
2612,3/22/2022 17:45,88.396
2613,3/22/2022 18:00,87.757
2614,3/22/2022 18:15,86.844
2615,3/22/2022 18:30,85.667
2616,3/22/2022 18:45,84.362
2617,3/22/2022 19:00,83.021
2618,3/22/2022 19:15,81.642
2619,3/22/2022 19:30,80.316
2620,3/22/2022 19:45,79.041
2621,3/22/2022 20:00,77.727
2622,3/22/2022 20:15,76.507
2623,3/22/2022 20:30,75.333
2624,3/22/2022 20:45,74.163
2625,3/22/2022 21:00,73.083
2626,3/22/2022 21:15,72.007
2627,3/22/2022 21:30,70.974
2628,3/22/2022 21:45,69.985
2629,3/22/2022 22:00,69.042
2630,3/22/2022 22:15,68.142
2631,3/22/2022 22:30,67.285
2632,3/22/2022 22:45,66.515
2633,3/22/2022 23:00,65.788
2634,3/22/2022 23:15,65.102
2635,3/22/2022 23:30,64.503
2636,3/22/2022 23:45,63.946
2637,3/23/2022 0:00,63.39
2638,3/23/2022 0:15,62.834
2639,3/23/2022 0:30,62.319
2640,3/23/2022 0:45,61.848
2641,3/23/2022 1:00,61.376
2642,3/23/2022 1:15,60.904
2643,3/23/2022 1:30,60.433
2644,3/23/2022 1:45,60.046
2645,3/23/2022 2:00,59.659
2646,3/23/2022 2:15,59.272
2647,3/23/2022 2:30,58.885
2648,3/23/2022 2:45,58.541
2649,3/23/2022 3:00,58.239
2650,3/23/2022 3:15,57.979
2651,3/23/2022 3:30,57.765
2652,3/23/2022 3:45,57.549
2653,3/23/2022 4:00,57.376
2654,3/23/2022 4:15,57.204
2655,3/23/2022 4:30,57.031
2656,3/23/2022 4:45,56.858
2657,3/23/2022 5:00,56.728
2658,3/23/2022 5:15,56.599
2659,3/23/2022 5:30,56.469
2660,3/23/2022 5:45,56.34
2661,3/23/2022 6:00,56.208
2662,3/23/2022 6:15,56.122
2663,3/23/2022 6:30,55.992
2664,3/23/2022 6:45,55.906
2665,3/23/2022 7:00,55.863
2666,3/23/2022 7:15,55.863
2667,3/23/2022 7:30,55.906
2668,3/23/2022 7:45,55.992
2669,3/23/2022 8:00,56.165
2670,3/23/2022 8:15,56.383
2671,3/23/2022 8:30,56.642
2672,3/23/2022 8:45,57.031
2673,3/23/2022 9:00,57.506
2674,3/23/2022 9:15,57.979
2675,3/23/2022 9:30,58.541
2676,3/23/2022 9:45,59.056
2677,3/23/2022 10:00,59.702
2678,3/23/2022 10:15,60.39
2679,3/23/2022 10:30,61.205
2680,3/23/2022 10:45,62.276
2681,3/23/2022 11:00,63.475
2682,3/23/2022 11:15,64.332
2683,3/23/2022 11:30,64.717
2684,3/23/2022 11:45,65.145
2685,3/23/2022 12:00,65.574
2686,3/23/2022 12:15,66.472
2687,3/23/2022 12:30,67.798
2688,3/23/2022 12:45,69.427
2689,3/23/2022 13:00,70.887
2690,3/23/2022 13:15,71.748
2691,3/23/2022 13:30,72.739
2692,3/23/2022 13:45,73.818
2693,3/23/2022 14:00,74.899
2694,3/23/2022 14:15,75.985
2695,3/23/2022 14:30,76.942
2696,3/23/2022 14:45,77.77
2697,3/23/2022 15:00,78.514
2698,3/23/2022 15:15,79.128
2699,3/23/2022 15:30,79.7
2700,3/23/2022 15:45,80.184
2701,3/23/2022 16:00,80.625
2702,3/23/2022 16:15,80.978
2703,3/23/2022 16:30,81.244
2704,3/23/2022 16:45,81.466
2705,3/23/2022 17:00,81.597
2706,3/23/2022 17:15,81.642
2707,3/23/2022 17:30,80.492
2708,3/23/2022 17:45,80.051
2709,3/23/2022 18:00,79.876
2710,3/23/2022 18:15,79.655
2711,3/23/2022 18:30,79.216
2712,3/23/2022 18:45,78.514
2713,3/23/2022 19:00,77.77
2714,3/23/2022 19:15,76.942
2715,3/23/2022 19:30,76.071
2716,3/23/2022 19:45,75.16
2717,3/23/2022 20:00,74.163
2718,3/23/2022 20:15,73.17
2719,3/23/2022 20:30,72.178
2720,3/23/2022 20:45,71.146
2721,3/23/2022 21:00,70.201
2722,3/23/2022 21:15,69.3
2723,3/23/2022 21:30,68.443
2724,3/23/2022 21:45,67.671
2725,3/23/2022 22:00,66.943
2726,3/23/2022 22:15,66.173
2727,3/23/2022 22:30,65.487
2728,3/23/2022 22:45,64.803
2729,3/23/2022 23:00,64.117
2730,3/23/2022 23:15,63.475
2731,3/23/2022 23:30,62.875
2732,3/23/2022 23:45,62.276
2733,3/24/2022 0:00,61.72
2734,3/24/2022 0:15,61.205
2735,3/24/2022 0:30,60.69
2736,3/24/2022 0:45,60.217
2737,3/24/2022 1:00,59.745
2738,3/24/2022 1:15,59.315
2739,3/24/2022 1:30,58.928
2740,3/24/2022 1:45,58.541
2741,3/24/2022 2:00,58.195
2742,3/24/2022 2:15,57.85
2743,3/24/2022 2:30,57.463
2744,3/24/2022 2:45,57.117
2745,3/24/2022 3:00,56.772
2746,3/24/2022 3:15,56.426
2747,3/24/2022 3:30,56.122
2748,3/24/2022 3:45,55.733
2749,3/24/2022 4:00,55.256
2750,3/24/2022 4:15,54.82
2751,3/24/2022 4:30,54.387
2752,3/24/2022 4:45,53.994
2753,3/24/2022 5:00,53.645
2754,3/24/2022 5:15,53.341
2755,3/24/2022 5:30,53.035
2756,3/24/2022 5:45,52.729
2757,3/24/2022 6:00,52.466
2758,3/24/2022 6:15,52.203
2759,3/24/2022 6:30,51.984
2760,3/24/2022 6:45,51.809
2761,3/24/2022 7:00,51.721
2762,3/24/2022 7:15,51.678
2763,3/24/2022 7:30,51.764
2764,3/24/2022 7:45,51.94
2765,3/24/2022 8:00,52.203
2766,3/24/2022 8:15,52.597
2767,3/24/2022 8:30,53.166
2768,3/24/2022 8:45,53.865
2769,3/24/2022 9:00,54.691
2770,3/24/2022 9:15,55.602
2771,3/24/2022 9:30,58.109
2772,3/24/2022 9:45,61.677
2773,3/24/2022 10:00,63.862
2774,3/24/2022 10:15,65.487
2775,3/24/2022 10:30,66.9
2776,3/24/2022 10:45,68.313
2777,3/24/2022 11:00,69.858
2778,3/24/2022 11:15,71.317
2779,3/24/2022 11:30,72.912
2780,3/24/2022 11:45,74.467
2781,3/24/2022 12:00,75.551
2782,3/24/2022 12:15,76.507
2783,3/24/2022 12:30,78.076
2784,3/24/2022 12:45,79.173
2785,3/24/2022 13:00,79.92
2786,3/24/2022 13:15,80.316
2787,3/24/2022 13:30,80.802
2788,3/24/2022 13:45,81.376
2789,3/24/2022 14:00,81.997
2790,3/24/2022 14:15,82.665
2791,3/24/2022 14:30,83.332
2792,3/24/2022 14:45,83.959
2793,3/24/2022 15:00,84.542
2794,3/24/2022 15:15,85.082
2795,3/24/2022 15:30,85.532
2796,3/24/2022 15:45,85.894
2797,3/24/2022 16:00,86.164
2798,3/24/2022 16:15,86.301
2799,3/24/2022 16:30,86.346
2800,3/24/2022 16:45,86.164
2801,3/24/2022 17:00,85.894
2802,3/24/2022 17:15,85.532
2803,3/24/2022 17:30,84.945
2804,3/24/2022 17:45,84.137
2805,3/24/2022 18:00,83.021
2806,3/24/2022 18:15,81.687
2807,3/24/2022 18:30,80.361
2808,3/24/2022 18:45,78.953
2809,3/24/2022 19:00,77.553
2810,3/24/2022 19:15,76.158
2811,3/24/2022 19:30,74.856
2812,3/24/2022 19:45,73.688
2813,3/24/2022 20:00,72.567
2814,3/24/2022 20:15,71.533
2815,3/24/2022 20:30,70.587
2816,3/24/2022 20:45,69.643
2817,3/24/2022 21:00,68.785
2818,3/24/2022 21:15,67.971
2819,3/24/2022 21:30,67.199
2820,3/24/2022 21:45,66.515
2821,3/24/2022 22:00,65.829
2822,3/24/2022 22:15,65.188
2823,3/24/2022 22:30,64.589
2824,3/24/2022 22:45,64.033
2825,3/24/2022 23:00,63.518
2826,3/24/2022 23:15,63.048
2827,3/24/2022 23:30,62.62
2828,3/24/2022 23:45,62.191
2829,3/25/2022 0:00,61.804
2830,3/25/2022 0:15,61.462
2831,3/25/2022 0:30,61.119
2832,3/25/2022 0:45,60.818
2833,3/25/2022 1:00,60.474
2834,3/25/2022 1:15,60.132
2835,3/25/2022 1:30,59.83
2836,3/25/2022 1:45,59.486
2837,3/25/2022 2:00,59.142
2838,3/25/2022 2:15,58.842
2839,3/25/2022 2:30,58.541
2840,3/25/2022 2:45,58.239
2841,3/25/2022 3:00,57.936
2842,3/25/2022 3:15,57.679
2843,3/25/2022 3:30,57.42
2844,3/25/2022 3:45,57.117
2845,3/25/2022 4:00,56.858
2846,3/25/2022 4:15,56.599
2847,3/25/2022 4:30,56.295
2848,3/25/2022 4:45,56.079
2849,3/25/2022 5:00,55.819
2850,3/25/2022 5:15,55.602
2851,3/25/2022 5:30,55.342
2852,3/25/2022 5:45,55.168
2853,3/25/2022 6:00,54.909
2854,3/25/2022 6:15,54.734
2855,3/25/2022 6:30,54.561
2856,3/25/2022 6:45,54.387
2857,3/25/2022 7:00,54.212
2858,3/25/2022 7:15,54.082
2859,3/25/2022 7:30,53.994
2860,3/25/2022 7:45,53.865
2861,3/25/2022 8:00,53.82
2862,3/25/2022 8:15,53.776
2863,3/25/2022 8:30,53.776
2864,3/25/2022 8:45,53.776
2865,3/25/2022 9:00,53.865
2866,3/25/2022 9:15,53.994
2867,3/25/2022 9:30,54.169
2868,3/25/2022 9:45,54.387
2869,3/25/2022 10:00,54.691
2870,3/25/2022 10:15,55.038
2871,3/25/2022 10:30,55.472
2872,3/25/2022 10:45,56.079
2873,3/25/2022 11:00,56.815
2874,3/25/2022 11:15,57.679
2875,3/25/2022 11:30,58.798
2876,3/25/2022 11:45,60.046
2877,3/25/2022 12:00,61.419
2878,3/25/2022 12:15,62.919
2879,3/25/2022 12:30,64.459
2880,3/25/2022 12:45,66.087
2881,3/25/2022 13:00,67.671
2882,3/25/2022 13:15,69.3
2883,3/25/2022 13:30,70.887
2884,3/25/2022 13:45,72.394
2885,3/25/2022 14:00,73.861
2886,3/25/2022 14:15,75.204
2887,3/25/2022 14:30,76.507
2888,3/25/2022 14:45,77.639
2889,3/25/2022 15:00,78.69
2890,3/25/2022 15:15,79.612
2891,3/25/2022 15:30,80.449
2892,3/25/2022 15:45,81.154
2893,3/25/2022 16:00,81.775
2894,3/25/2022 16:15,82.175
2895,3/25/2022 16:30,82.486
2896,3/25/2022 16:45,82.62
2897,3/25/2022 17:00,82.62
2898,3/25/2022 17:15,82.53
2899,3/25/2022 17:30,82.263
2900,3/25/2022 17:45,81.775
2901,3/25/2022 18:00,81.066
2902,3/25/2022 18:15,80.184
2903,3/25/2022 18:30,79.128
2904,3/25/2022 18:45,77.945
2905,3/25/2022 19:00,76.725
2906,3/25/2022 19:15,75.463
2907,3/25/2022 19:30,74.163
2908,3/25/2022 19:45,72.912
2909,3/25/2022 20:00,71.748
2910,3/25/2022 20:15,70.63
2911,3/25/2022 20:30,69.557
2912,3/25/2022 20:45,68.527
2913,3/25/2022 21:00,67.543
2914,3/25/2022 21:15,66.6
2915,3/25/2022 21:30,65.745
2916,3/25/2022 21:45,64.888
2917,3/25/2022 22:00,64.074
2918,3/25/2022 22:15,63.347
2919,3/25/2022 22:30,62.62
2920,3/25/2022 22:45,61.977
2921,3/25/2022 23:00,61.333
2922,3/25/2022 23:15,60.733
2923,3/25/2022 23:30,60.174
2924,3/25/2022 23:45,59.616
2925,3/26/2022 0:00,59.142
2926,3/26/2022 0:15,58.626
2927,3/26/2022 0:30,58.195
2928,3/26/2022 0:45,57.765
2929,3/26/2022 1:00,57.376
2930,3/26/2022 1:15,56.988
2931,3/26/2022 1:30,56.642
2932,3/26/2022 1:45,56.295
2933,3/26/2022 2:00,55.992
2934,3/26/2022 2:15,55.69
2935,3/26/2022 2:30,55.429
2936,3/26/2022 2:45,55.081
2937,3/26/2022 3:00,54.777
2938,3/26/2022 3:15,54.473
2939,3/26/2022 3:30,54.082
2940,3/26/2022 3:45,53.69
2941,3/26/2022 4:00,53.341
2942,3/26/2022 4:15,52.992
2943,3/26/2022 4:30,52.641
2944,3/26/2022 4:45,52.291
2945,3/26/2022 5:00,51.984
2946,3/26/2022 5:15,51.678
2947,3/26/2022 5:30,51.413
2948,3/26/2022 5:45,51.148
2949,3/26/2022 6:00,50.886
2950,3/26/2022 6:15,50.621
2951,3/26/2022 6:30,50.4
2952,3/26/2022 6:45,50.223
2953,3/26/2022 7:00,50.18
2954,3/26/2022 7:15,50.18
2955,3/26/2022 7:30,50.223
2956,3/26/2022 7:45,50.4
2957,3/26/2022 8:00,50.621
2958,3/26/2022 8:15,50.886
2959,3/26/2022 8:30,51.237
2960,3/26/2022 8:45,51.633
2961,3/26/2022 9:00,52.115
2962,3/26/2022 9:15,52.686
2963,3/26/2022 9:30,53.427
2964,3/26/2022 9:45,54.3
2965,3/26/2022 10:00,55.342
2966,3/26/2022 10:15,56.512
2967,3/26/2022 10:30,57.85
2968,3/26/2022 10:45,59.315
2969,3/26/2022 11:00,60.861
2970,3/26/2022 11:15,62.447
2971,3/26/2022 11:30,64.033
2972,3/26/2022 11:45,65.658
2973,3/26/2022 12:00,67.329
2974,3/26/2022 12:15,68.999
2975,3/26/2022 12:30,70.63
2976,3/26/2022 12:45,72.221
2977,3/26/2022 13:00,73.731
2978,3/26/2022 13:15,75.204
2979,3/26/2022 13:30,76.593
2980,3/26/2022 13:45,77.902
2981,3/26/2022 14:00,79.173
2982,3/26/2022 14:15,80.361
2983,3/26/2022 14:30,81.466
2984,3/26/2022 14:45,82.486
2985,3/26/2022 15:00,83.377
2986,3/26/2022 15:15,84.182
2987,3/26/2022 15:30,84.857
2988,3/26/2022 15:45,85.352
2989,3/26/2022 16:00,85.667
2990,3/26/2022 16:15,85.894
2991,3/26/2022 16:30,85.984
2992,3/26/2022 16:45,85.894
2993,3/26/2022 17:00,85.667
2994,3/26/2022 17:15,85.352
2995,3/26/2022 17:30,84.9
2996,3/26/2022 17:45,84.272
2997,3/26/2022 18:00,83.377
2998,3/26/2022 18:15,82.353
2999,3/26/2022 18:30,81.154
3000,3/26/2022 18:45,79.92
3001,3/26/2022 19:00,78.559
3002,3/26/2022 19:15,77.247
3003,3/26/2022 19:30,75.985
3004,3/26/2022 19:45,74.727
3005,3/26/2022 20:00,73.558
3006,3/26/2022 20:15,72.437
3007,3/26/2022 20:30,71.361
3008,3/26/2022 20:45,70.329
3009,3/26/2022 21:00,69.386
3010,3/26/2022 21:15,68.443
3011,3/26/2022 21:30,67.586
3012,3/26/2022 21:45,66.729
3013,3/26/2022 22:00,65.916
3014,3/26/2022 22:15,65.145
3015,3/26/2022 22:30,64.459
3016,3/26/2022 22:45,63.775
3017,3/26/2022 23:00,63.176
3018,3/26/2022 23:15,62.577
3019,3/26/2022 23:30,62.062
3020,3/26/2022 23:45,61.547
3021,3/27/2022 0:00,61.032
3022,3/27/2022 0:15,60.604
3023,3/27/2022 0:30,60.174
3024,3/27/2022 0:45,59.745
3025,3/27/2022 1:00,59.401
3026,3/27/2022 1:15,59.056
3027,3/27/2022 1:30,58.798
3028,3/27/2022 1:45,58.541
3029,3/27/2022 2:00,58.325
3030,3/27/2022 2:15,58.109
3031,3/27/2022 2:30,57.936
3032,3/27/2022 2:45,57.807
3033,3/27/2022 3:00,57.636
3034,3/27/2022 3:15,57.506
3035,3/27/2022 3:30,57.376
3036,3/27/2022 3:45,57.204
3037,3/27/2022 4:00,57.074
3038,3/27/2022 4:15,56.901
3039,3/27/2022 4:30,56.772
3040,3/27/2022 4:45,56.642
3041,3/27/2022 5:00,56.512
3042,3/27/2022 5:15,56.426
3043,3/27/2022 5:30,56.295
3044,3/27/2022 5:45,56.208
3045,3/27/2022 6:00,56.122
3046,3/27/2022 6:15,55.992
3047,3/27/2022 6:30,55.906
3048,3/27/2022 6:45,55.819
3049,3/27/2022 7:00,55.776
3050,3/27/2022 7:15,55.69
3051,3/27/2022 7:30,55.69
3052,3/27/2022 7:45,55.733
3053,3/27/2022 8:00,55.819
3054,3/27/2022 8:15,55.992
3055,3/27/2022 8:30,56.251
3056,3/27/2022 8:45,56.556
3057,3/27/2022 9:00,56.988
3058,3/27/2022 9:15,57.506
3059,3/27/2022 9:30,58.109
3060,3/27/2022 9:45,58.755
3061,3/27/2022 10:00,59.486
3062,3/27/2022 10:15,60.217
3063,3/27/2022 10:30,60.991
3064,3/27/2022 10:45,61.761
3065,3/27/2022 11:00,62.533
3066,3/27/2022 11:15,63.347
3067,3/27/2022 11:30,64.204
3068,3/27/2022 11:45,65.017
3069,3/27/2022 12:00,65.872
3070,3/27/2022 12:15,66.686
3071,3/27/2022 12:30,67.5
3072,3/27/2022 12:45,68.27
3073,3/27/2022 13:00,68.999
3074,3/27/2022 13:15,69.685
3075,3/27/2022 13:30,70.372
3076,3/27/2022 13:45,71.017
3077,3/27/2022 14:00,71.661
3078,3/27/2022 14:15,72.351
3079,3/27/2022 14:30,73.126
3080,3/27/2022 14:45,73.818
3081,3/27/2022 15:00,74.511
3082,3/27/2022 15:15,75.117
3083,3/27/2022 15:30,75.637
3084,3/27/2022 15:45,76.071
3085,3/27/2022 16:00,76.419
3086,3/27/2022 16:15,76.593
3087,3/27/2022 16:30,76.55
3088,3/27/2022 16:45,76.464
3089,3/27/2022 17:00,76.246
3090,3/27/2022 17:15,75.985
3091,3/27/2022 17:30,75.594
3092,3/27/2022 17:45,75.074
3093,3/27/2022 18:00,74.467
3094,3/27/2022 18:15,73.774
3095,3/27/2022 18:30,73.04
3096,3/27/2022 18:45,72.178
3097,3/27/2022 19:00,71.317
3098,3/27/2022 19:15,70.459
3099,3/27/2022 19:30,69.6
3100,3/27/2022 19:45,68.742
3101,3/27/2022 20:00,67.928
3102,3/27/2022 20:15,67.114
3103,3/27/2022 20:30,66.344
3104,3/27/2022 20:45,65.658
3105,3/27/2022 21:00,64.974
3106,3/27/2022 21:15,64.332
3107,3/27/2022 21:30,63.732
3108,3/27/2022 21:45,63.176
3109,3/27/2022 22:00,62.661
3110,3/27/2022 22:15,62.191
3111,3/27/2022 22:30,61.761
3112,3/27/2022 22:45,61.376
3113,3/27/2022 23:00,60.991
3114,3/27/2022 23:15,60.69
3115,3/27/2022 23:30,60.39
3116,3/27/2022 23:45,60.089
3117,3/28/2022 0:00,59.83
3118,3/28/2022 0:15,59.572
3119,3/28/2022 0:30,59.358
3120,3/28/2022 0:45,59.099
3121,3/28/2022 1:00,58.885
3122,3/28/2022 1:15,58.669
3123,3/28/2022 1:30,58.498
3124,3/28/2022 1:45,58.325
3125,3/28/2022 2:00,58.152
3126,3/28/2022 2:15,57.979
3127,3/28/2022 2:30,57.807
3128,3/28/2022 2:45,57.679
3129,3/28/2022 3:00,57.506
3130,3/28/2022 3:15,57.333
3131,3/28/2022 3:30,57.16
3132,3/28/2022 3:45,56.988
3133,3/28/2022 4:00,56.815
3134,3/28/2022 4:15,56.642
3135,3/28/2022 4:30,56.426
3136,3/28/2022 4:45,56.208
3137,3/28/2022 5:00,55.992
3138,3/28/2022 5:15,55.776
3139,3/28/2022 5:30,55.602
3140,3/28/2022 5:45,55.386
3141,3/28/2022 6:00,55.168
3142,3/28/2022 6:15,54.995
3143,3/28/2022 6:30,54.777
3144,3/28/2022 6:45,54.604
3145,3/28/2022 7:00,54.473
3146,3/28/2022 7:15,54.387
3147,3/28/2022 7:30,54.343
3148,3/28/2022 7:45,54.3
3149,3/28/2022 8:00,54.43
3150,3/28/2022 8:15,55.081
3151,3/28/2022 8:30,55.515
3152,3/28/2022 8:45,55.776
3153,3/28/2022 9:00,56.035
3154,3/28/2022 9:15,57.376
3155,3/28/2022 9:30,58.755
3156,3/28/2022 9:45,60.003
3157,3/28/2022 10:00,61.29
3158,3/28/2022 10:15,62.577
3159,3/28/2022 10:30,63.775
3160,3/28/2022 10:45,64.845
3161,3/28/2022 11:00,66
3162,3/28/2022 11:15,67.199
3163,3/28/2022 11:30,68.27
3164,3/28/2022 11:45,69.17
3165,3/28/2022 12:00,69.858
3166,3/28/2022 12:15,70.416
3167,3/28/2022 12:30,71.06
3168,3/28/2022 12:45,71.834
3169,3/28/2022 13:00,72.696
3170,3/28/2022 13:15,73.645
3171,3/28/2022 13:30,74.64
3172,3/28/2022 13:45,75.637
3173,3/28/2022 14:00,76.246
3174,3/28/2022 14:15,76.681
3175,3/28/2022 14:30,77.421
3176,3/28/2022 14:45,78.251
3177,3/28/2022 15:00,78.382
3178,3/28/2022 15:15,78.559
3179,3/28/2022 15:30,79.041
3180,3/28/2022 15:45,79.524
3181,3/28/2022 16:00,79.831
3182,3/28/2022 16:15,79.92
3183,3/28/2022 16:30,79.831
3184,3/28/2022 16:45,79.567
3185,3/28/2022 17:00,78.514
3186,3/28/2022 17:15,77.99
3187,3/28/2022 17:30,77.553
3188,3/28/2022 17:45,77.029
3189,3/28/2022 18:00,76.375
3190,3/28/2022 18:15,75.637
3191,3/28/2022 18:30,74.813
3192,3/28/2022 18:45,73.947
3193,3/28/2022 19:00,73.04
3194,3/28/2022 19:15,72.136
3195,3/28/2022 19:30,71.274
3196,3/28/2022 19:45,70.459
3197,3/28/2022 20:00,69.643
3198,3/28/2022 20:15,68.913
3199,3/28/2022 20:30,68.185
3200,3/28/2022 20:45,67.5
3201,3/28/2022 21:00,66.857
3202,3/28/2022 21:15,66.214
3203,3/28/2022 21:30,65.574
3204,3/28/2022 21:45,64.974
3205,3/28/2022 22:00,64.332
3206,3/28/2022 22:15,63.775
3207,3/28/2022 22:30,63.219
3208,3/28/2022 22:45,62.661
3209,3/28/2022 23:00,62.148
3210,3/28/2022 23:15,61.633
3211,3/28/2022 23:30,61.162
3212,3/28/2022 23:45,60.69
3213,3/29/2022 0:00,60.217
3214,3/29/2022 0:15,59.788
3215,3/29/2022 0:30,59.401
3216,3/29/2022 0:45,59.014
3217,3/29/2022 1:00,58.669
3218,3/29/2022 1:15,58.368
3219,3/29/2022 1:30,58.023
3220,3/29/2022 1:45,57.722
3221,3/29/2022 2:00,57.42
3222,3/29/2022 2:15,57.16
3223,3/29/2022 2:30,56.901
3224,3/29/2022 2:45,56.685
3225,3/29/2022 3:00,56.512
3226,3/29/2022 3:15,56.383
3227,3/29/2022 3:30,56.251
3228,3/29/2022 3:45,56.122
3229,3/29/2022 4:00,56.035
3230,3/29/2022 4:15,55.949
3231,3/29/2022 4:30,55.863
3232,3/29/2022 4:45,55.776
3233,3/29/2022 5:00,55.69
3234,3/29/2022 5:15,55.647
3235,3/29/2022 5:30,55.558
3236,3/29/2022 5:45,55.515
3237,3/29/2022 6:00,55.429
3238,3/29/2022 6:15,55.386
3239,3/29/2022 6:30,55.342
3240,3/29/2022 6:45,55.299
3241,3/29/2022 7:00,55.256
3242,3/29/2022 7:15,55.256
3243,3/29/2022 7:30,55.256
3244,3/29/2022 7:45,55.299
3245,3/29/2022 8:00,55.386
3246,3/29/2022 8:15,55.515
3247,3/29/2022 8:30,55.69
3248,3/29/2022 8:45,55.949
3249,3/29/2022 9:00,56.208
3250,3/29/2022 9:15,56.556
3251,3/29/2022 9:30,56.944
3252,3/29/2022 9:45,57.42
3253,3/29/2022 10:00,57.893
3254,3/29/2022 10:15,58.411
3255,3/29/2022 10:30,58.928
3256,3/29/2022 10:45,59.486
3257,3/29/2022 11:00,60.046
3258,3/29/2022 11:15,60.647
3259,3/29/2022 11:30,61.205
3260,3/29/2022 11:45,61.761
3261,3/29/2022 12:00,62.362
3262,3/29/2022 12:15,62.962
3263,3/29/2022 12:30,63.604
3264,3/29/2022 12:45,64.332
3265,3/29/2022 13:00,65.188
3266,3/29/2022 13:15,66.043
3267,3/29/2022 13:30,66.9
3268,3/29/2022 13:45,67.671
3269,3/29/2022 14:00,68.356
3270,3/29/2022 14:15,69.042
3271,3/29/2022 14:30,69.728
3272,3/29/2022 14:45,70.372
3273,3/29/2022 15:00,70.974
3274,3/29/2022 15:15,71.577
3275,3/29/2022 15:30,72.178
3276,3/29/2022 15:45,72.739
3277,3/29/2022 16:00,73.299
3278,3/29/2022 16:15,73.731
3279,3/29/2022 16:30,74.077
3280,3/29/2022 16:45,74.338
3281,3/29/2022 17:00,74.424
3282,3/29/2022 17:15,74.424
3283,3/29/2022 17:30,74.295
3284,3/29/2022 17:45,74.12
3285,3/29/2022 18:00,73.818
3286,3/29/2022 18:15,73.386
3287,3/29/2022 18:30,72.783
3288,3/29/2022 18:45,72.093
3289,3/29/2022 19:00,71.317
3290,3/29/2022 19:15,70.459
3291,3/29/2022 19:30,69.6
3292,3/29/2022 19:45,68.742
3293,3/29/2022 20:00,67.928
3294,3/29/2022 20:15,67.199
3295,3/29/2022 20:30,66.472
3296,3/29/2022 20:45,65.788
3297,3/29/2022 21:00,65.145
3298,3/29/2022 21:15,64.503
3299,3/29/2022 21:30,63.946
3300,3/29/2022 21:45,63.347
3301,3/29/2022 22:00,62.834
3302,3/29/2022 22:15,62.319
3303,3/29/2022 22:30,61.891
3304,3/29/2022 22:45,61.462
3305,3/29/2022 23:00,61.032
3306,3/29/2022 23:15,60.69
3307,3/29/2022 23:30,60.346
3308,3/29/2022 23:45,60.003
3309,3/30/2022 0:00,59.702
3310,3/30/2022 0:15,59.401
3311,3/30/2022 0:30,59.142
3312,3/30/2022 0:45,58.842
3313,3/30/2022 1:00,58.582
3314,3/30/2022 1:15,58.368
3315,3/30/2022 1:30,58.152
3316,3/30/2022 1:45,57.936
3317,3/30/2022 2:00,57.765
3318,3/30/2022 2:15,57.549
3319,3/30/2022 2:30,57.376
3320,3/30/2022 2:45,57.204
3321,3/30/2022 3:00,57.031
3322,3/30/2022 3:15,56.858
3323,3/30/2022 3:30,56.728
3324,3/30/2022 3:45,56.599
3325,3/30/2022 4:00,56.426
3326,3/30/2022 4:15,56.295
3327,3/30/2022 4:30,56.165
3328,3/30/2022 4:45,56.035
3329,3/30/2022 5:00,55.906
3330,3/30/2022 5:15,55.776
3331,3/30/2022 5:30,55.602
3332,3/30/2022 5:45,55.515
3333,3/30/2022 6:00,56.556
3334,3/30/2022 6:15,57.893
3335,3/30/2022 6:30,59.056
3336,3/30/2022 6:45,60.303
3337,3/30/2022 7:00,61.333
3338,3/30/2022 7:15,62.105
3339,3/30/2022 7:30,63.048
3340,3/30/2022 7:45,63.946
3341,3/30/2022 8:00,64.632
3342,3/30/2022 8:15,65.059
3343,3/30/2022 8:30,65.403
3344,3/30/2022 8:45,65.829
3345,3/30/2022 9:00,66.214
3346,3/30/2022 9:15,66.643
3347,3/30/2022 9:30,67.028
3348,3/30/2022 9:45,67.456
3349,3/30/2022 10:00,67.842
3350,3/30/2022 10:15,68.313
3351,3/30/2022 10:30,68.785
3352,3/30/2022 10:45,69.129
3353,3/30/2022 11:00,69.343
3354,3/30/2022 11:15,69.514
3355,3/30/2022 11:30,72.221
3356,3/30/2022 11:45,72.394
3357,3/30/2022 12:00,72.869
3358,3/30/2022 12:15,73.342
3359,3/30/2022 12:30,73.731
3360,3/30/2022 12:45,74.077
3361,3/30/2022 13:00,74.295
3362,3/30/2022 13:15,74.424
3363,3/30/2022 13:30,74.467
3364,3/30/2022 13:45,74.424
3365,3/30/2022 14:00,74.295
3366,3/30/2022 14:15,74.077
3367,3/30/2022 14:30,73.861
3368,3/30/2022 14:45,73.602
3369,3/30/2022 15:00,73.386
3370,3/30/2022 15:15,73.602
3371,3/30/2022 15:30,73.342
3372,3/30/2022 15:45,73.126
3373,3/30/2022 16:00,73.17
3374,3/30/2022 16:15,73.299
3375,3/30/2022 16:30,73.342
3376,3/30/2022 16:45,73.342
3377,3/30/2022 17:00,73.515
3378,3/30/2022 17:15,73.904
3379,3/30/2022 17:30,74.25
3380,3/30/2022 17:45,74.424
3381,3/30/2022 18:00,74.338
3382,3/30/2022 18:15,74.034
3383,3/30/2022 18:30,73.558
3384,3/30/2022 18:45,72.912
3385,3/30/2022 19:00,72.221
3386,3/30/2022 19:15,71.49
3387,3/30/2022 19:30,70.846
3388,3/30/2022 19:45,70.201
3389,3/30/2022 20:00,69.514
3390,3/30/2022 20:15,68.871
3391,3/30/2022 20:30,68.27
3392,3/30/2022 20:45,67.627
3393,3/30/2022 21:00,66.985
3394,3/30/2022 21:15,66.385
3395,3/30/2022 21:30,65.745
3396,3/30/2022 21:45,65.102
3397,3/30/2022 22:00,64.459
3398,3/30/2022 22:15,63.862
3399,3/30/2022 22:30,63.262
3400,3/30/2022 22:45,62.748
3401,3/30/2022 23:00,62.233
3402,3/30/2022 23:15,61.804
3403,3/30/2022 23:30,61.376
3404,3/30/2022 23:45,61.032
3405,3/31/2022 0:00,60.647
3406,3/31/2022 0:15,60.26
3407,3/31/2022 0:30,59.916
3408,3/31/2022 0:45,59.529
3409,3/31/2022 1:00,59.142
3410,3/31/2022 1:15,58.798
3411,3/31/2022 1:30,58.411
3412,3/31/2022 1:45,58.066
3413,3/31/2022 2:00,57.679
3414,3/31/2022 2:15,57.376
3415,3/31/2022 2:30,57.031
3416,3/31/2022 2:45,56.728
3417,3/31/2022 3:00,56.469
3418,3/31/2022 3:15,56.251
3419,3/31/2022 3:30,56.079
3420,3/31/2022 3:45,55.863
3421,3/31/2022 4:00,55.647
3422,3/31/2022 4:15,55.472
3423,3/31/2022 4:30,55.256
3424,3/31/2022 4:45,55.081
3425,3/31/2022 5:00,54.865
3426,3/31/2022 5:15,54.604
3427,3/31/2022 5:30,54.387
3428,3/31/2022 5:45,54.169
3429,3/31/2022 6:00,53.951
3430,3/31/2022 6:15,53.733
3431,3/31/2022 6:30,53.559
3432,3/31/2022 6:45,53.427
3433,3/31/2022 7:00,53.602
3434,3/31/2022 7:15,56.556
3435,3/31/2022 7:30,59.788
3436,3/31/2022 7:45,62.276
3437,3/31/2022 8:00,64.76
3438,3/31/2022 8:15,64.674
3439,3/31/2022 8:30,63.732
3440,3/31/2022 8:45,64.117
3441,3/31/2022 9:00,64.888
3442,3/31/2022 9:15,65.745
3443,3/31/2022 9:30,66.772
3444,3/31/2022 9:45,67.885
3445,3/31/2022 10:00,69.129
3446,3/31/2022 10:15,70.543
3447,3/31/2022 10:30,71.447
3448,3/31/2022 10:45,72.307
3449,3/31/2022 11:00,72.61
3450,3/31/2022 11:15,72.997
3451,3/31/2022 11:30,73.904
3452,3/31/2022 11:45,75.074
3453,3/31/2022 12:00,76.332
3454,3/31/2022 12:15,77.553
3455,3/31/2022 12:30,78.69
3456,3/31/2022 12:45,79.743
3457,3/31/2022 13:00,80.625
3458,3/31/2022 13:15,80.625
3459,3/31/2022 13:30,80.625
3460,3/31/2022 13:45,80.58
3461,3/31/2022 14:00,80.449
3462,3/31/2022 14:15,80.272
3463,3/31/2022 14:30,80.051
3464,3/31/2022 14:45,79.788
3465,3/31/2022 15:00,79.567
3466,3/31/2022 15:15,79.304
3467,3/31/2022 15:30,79.743
3468,3/31/2022 15:45,80.845
3469,3/31/2022 16:00,81.775
3470,3/31/2022 16:15,82.263
3471,3/31/2022 16:30,81.376
3472,3/31/2022 16:45,79.524
3473,3/31/2022 17:00,78.339
3474,3/31/2022 17:15,77.464
3475,3/31/2022 17:30,76.636
3476,3/31/2022 17:45,75.508
3477,3/31/2022 18:00,74.077
3478,3/31/2022 18:15,72.351
3479,3/31/2022 18:30,70.587
3480,3/31/2022 18:45,68.828
3481,3/31/2022 19:00,67.114
3482,3/31/2022 19:15,65.53
3483,3/31/2022 19:30,64.074
3484,3/31/2022 19:45,62.704
3485,3/31/2022 20:00,62.62
3486,3/31/2022 20:15,64.803
3487,3/31/2022 20:30,66.729
3488,3/31/2022 20:45,68.4
3489,3/31/2022 21:00,69.6
3490,3/31/2022 21:15,70.673
3491,3/31/2022 21:30,70.243
3492,3/31/2022 21:45,69.471
3493,3/31/2022 22:00,68.571
3494,3/31/2022 22:15,67.627
3495,3/31/2022 22:30,66.686
3496,3/31/2022 22:45,65.788
3497,3/31/2022 23:00,64.888
3498,3/31/2022 23:15,64.117
3499,3/31/2022 23:30,63.347
3500,3/31/2022 23:45,62.661
3501,4/1/2022 0:00,62.019
3502,4/1/2022 0:15,61.419
3503,4/1/2022 0:30,60.861
3504,4/1/2022 0:45,60.303
3505,4/1/2022 1:00,59.788
3506,4/1/2022 1:15,59.315
3507,4/1/2022 1:30,58.798
3508,4/1/2022 1:45,58.325
3509,4/1/2022 2:00,57.893
3510,4/1/2022 2:15,57.42
3511,4/1/2022 2:30,56.988
3512,4/1/2022 2:45,56.599
3513,4/1/2022 3:00,56.208
3514,4/1/2022 3:15,55.776
3515,4/1/2022 3:30,55.386
3516,4/1/2022 3:45,54.952
3517,4/1/2022 4:00,54.516
3518,4/1/2022 4:15,54.126
3519,4/1/2022 4:30,53.776
3520,4/1/2022 4:45,53.427
3521,4/1/2022 5:00,53.121
3522,4/1/2022 5:15,52.817
3523,4/1/2022 5:30,52.554
3524,4/1/2022 5:45,52.246
3525,4/1/2022 6:00,51.984
3526,4/1/2022 6:15,51.721
3527,4/1/2022 6:30,51.589
3528,4/1/2022 6:45,51.458
3529,4/1/2022 7:00,51.589
3530,4/1/2022 7:15,51.94
3531,4/1/2022 7:30,52.466
3532,4/1/2022 7:45,53.121
3533,4/1/2022 8:00,53.908
3534,4/1/2022 8:15,54.82
3535,4/1/2022 8:30,55.863
3536,4/1/2022 8:45,56.988
3537,4/1/2022 9:00,58.282
3538,4/1/2022 9:15,59.745
3539,4/1/2022 9:30,61.29
3540,4/1/2022 9:45,62.962
3541,4/1/2022 10:00,64.632
3542,4/1/2022 10:15,66.385
3543,4/1/2022 10:30,68.185
3544,4/1/2022 10:45,70.029
3545,4/1/2022 11:00,71.92
3546,4/1/2022 11:15,73.731
3547,4/1/2022 11:30,73.386
3548,4/1/2022 11:45,75.16
3549,4/1/2022 12:00,76.593
3550,4/1/2022 12:15,77.553
3551,4/1/2022 12:30,78.602
3552,4/1/2022 12:45,78.514
3553,4/1/2022 13:00,75.508
3554,4/1/2022 13:15,74.381
3555,4/1/2022 13:30,74.381
3556,4/1/2022 13:45,74.813
3557,4/1/2022 14:00,75.463
3558,4/1/2022 14:15,76.203
3559,4/1/2022 14:30,76.768
3560,4/1/2022 14:45,77.029
3561,4/1/2022 15:00,76.942
3562,4/1/2022 15:15,76.593
3563,4/1/2022 15:30,76.028
3564,4/1/2022 15:45,75.333
3565,4/1/2022 16:00,74.899
3566,4/1/2022 16:15,74.683
3567,4/1/2022 16:30,74.511
3568,4/1/2022 16:45,74.295
3569,4/1/2022 17:00,74.25
3570,4/1/2022 17:15,74.25
3571,4/1/2022 17:30,74.338
3572,4/1/2022 17:45,74.338
3573,4/1/2022 18:00,74.034
3574,4/1/2022 18:15,73.386
3575,4/1/2022 18:30,72.48
3576,4/1/2022 18:45,71.49
3577,4/1/2022 19:00,70.459
3578,4/1/2022 19:15,69.557
3579,4/1/2022 19:30,68.657
3580,4/1/2022 19:45,67.627
3581,4/1/2022 20:00,66.6
3582,4/1/2022 20:15,65.615
3583,4/1/2022 20:30,64.632
3584,4/1/2022 20:45,63.648
3585,4/1/2022 21:00,62.704
3586,4/1/2022 21:15,61.804
3587,4/1/2022 21:30,60.991
3588,4/1/2022 21:45,60.174
3589,4/1/2022 22:00,59.486
3590,4/1/2022 22:15,59.099
3591,4/1/2022 22:30,61.205
3592,4/1/2022 22:45,63.648
3593,4/1/2022 23:00,66.258
3594,4/1/2022 23:15,66.9
3595,4/1/2022 23:30,66.6
3596,4/1/2022 23:45,65.916
3597,4/2/2022 0:00,65.102
3598,4/2/2022 0:15,64.288
3599,4/2/2022 0:30,63.518
3600,4/2/2022 0:45,62.748
3601,4/2/2022 1:00,62.062
3602,4/2/2022 1:15,61.419
3603,4/2/2022 1:30,60.775
3604,4/2/2022 1:45,60.174
3605,4/2/2022 2:00,59.659
3606,4/2/2022 2:15,59.142
3607,4/2/2022 2:30,58.626
3608,4/2/2022 2:45,58.152
3609,4/2/2022 3:00,57.722
3610,4/2/2022 3:15,57.29
3611,4/2/2022 3:30,56.858
3612,4/2/2022 3:45,56.512
3613,4/2/2022 4:00,56.165
3614,4/2/2022 4:15,55.863
3615,4/2/2022 4:30,55.515
3616,4/2/2022 4:45,55.213
3617,4/2/2022 5:00,54.909
3618,4/2/2022 5:15,54.648
3619,4/2/2022 5:30,54.387
3620,4/2/2022 5:45,54.082
3621,4/2/2022 6:00,53.82
3622,4/2/2022 6:15,53.515
3623,4/2/2022 6:30,53.298
3624,4/2/2022 6:45,53.166
3625,4/2/2022 7:00,53.166
3626,4/2/2022 7:15,53.384
3627,4/2/2022 7:30,53.776
3628,4/2/2022 7:45,54.3
3629,4/2/2022 8:00,54.909
3630,4/2/2022 8:15,55.602
3631,4/2/2022 8:30,56.469
3632,4/2/2022 8:45,57.463
3633,4/2/2022 9:00,58.582
3634,4/2/2022 9:15,59.83
3635,4/2/2022 9:30,61.205
3636,4/2/2022 9:45,62.62
3637,4/2/2022 10:00,64.161
3638,4/2/2022 10:15,65.745
3639,4/2/2022 10:30,67.329
3640,4/2/2022 10:45,68.999
3641,4/2/2022 11:00,70.716
3642,4/2/2022 11:15,72.48
3643,4/2/2022 11:30,74.163
3644,4/2/2022 11:45,75.767
3645,4/2/2022 12:00,77.292
3646,4/2/2022 12:15,78.865
3647,4/2/2022 12:30,80.404
3648,4/2/2022 12:45,81.864
3649,4/2/2022 13:00,83.377
3650,4/2/2022 13:15,84.767
3651,4/2/2022 13:30,86.074
3652,4/2/2022 13:45,87.3
3653,4/2/2022 14:00,88.351
3654,4/2/2022 14:15,89.362
3655,4/2/2022 14:30,90.286
3656,4/2/2022 14:45,91.029
3657,4/2/2022 15:00,91.683
3658,4/2/2022 15:15,92.244
3659,4/2/2022 15:30,92.667
3660,4/2/2022 15:45,92.95
3661,4/2/2022 16:00,93.092
3662,4/2/2022 16:15,93.092
3663,4/2/2022 16:30,92.95
3664,4/2/2022 16:45,92.667
3665,4/2/2022 17:00,92.291
3666,4/2/2022 17:15,91.776
3667,4/2/2022 17:30,91.17
3668,4/2/2022 17:45,90.286
3669,4/2/2022 18:00,89.132
3670,4/2/2022 18:15,87.802
3671,4/2/2022 18:30,86.346
3672,4/2/2022 18:45,84.767
3673,4/2/2022 19:00,83.109
3674,4/2/2022 19:15,81.509
3675,4/2/2022 19:30,79.92
3676,4/2/2022 19:45,78.427
3677,4/2/2022 20:00,77.029
3678,4/2/2022 20:15,75.724
3679,4/2/2022 20:30,74.511
3680,4/2/2022 20:45,73.386
3681,4/2/2022 21:00,72.307
3682,4/2/2022 21:15,71.317
3683,4/2/2022 21:30,70.372
3684,4/2/2022 21:45,69.471
3685,4/2/2022 22:00,68.614
3686,4/2/2022 22:15,67.798
3687,4/2/2022 22:30,67.071
3688,4/2/2022 22:45,66.344
3689,4/2/2022 23:00,65.615
3690,4/2/2022 23:15,64.931
3691,4/2/2022 23:30,64.288
3692,4/2/2022 23:45,63.648
3693,4/3/2022 0:00,63.048
3694,4/3/2022 0:15,62.49
3695,4/3/2022 0:30,61.934
3696,4/3/2022 0:45,61.376
3697,4/3/2022 1:00,60.861
3698,4/3/2022 1:15,60.39
3699,4/3/2022 1:30,59.916
3700,4/3/2022 1:45,59.445
3701,4/3/2022 2:00,59.014
3702,4/3/2022 2:15,58.582
3703,4/3/2022 2:30,58.195
3704,4/3/2022 2:45,57.765
3705,4/3/2022 3:00,57.376
3706,4/3/2022 3:15,56.944
3707,4/3/2022 3:30,56.556
3708,4/3/2022 3:45,56.165
3709,4/3/2022 4:00,55.776
3710,4/3/2022 4:15,55.386
3711,4/3/2022 4:30,55.038
3712,4/3/2022 4:45,54.691
3713,4/3/2022 5:00,54.387
3714,4/3/2022 5:15,54.037
3715,4/3/2022 5:30,53.733
3716,4/3/2022 5:45,53.384
3717,4/3/2022 6:00,53.035
3718,4/3/2022 6:15,52.729
3719,4/3/2022 6:30,52.466
3720,4/3/2022 6:45,52.335
3721,4/3/2022 7:00,52.423
3722,4/3/2022 7:15,52.686
3723,4/3/2022 7:30,53.121
3724,4/3/2022 7:45,53.645
3725,4/3/2022 8:00,54.343
3726,4/3/2022 8:15,55.168
3727,4/3/2022 8:30,56.122
3728,4/3/2022 8:45,57.247
3729,4/3/2022 9:00,58.498
3730,4/3/2022 9:15,59.83
3731,4/3/2022 9:30,61.333
3732,4/3/2022 9:45,62.919
3733,4/3/2022 10:00,64.632
3734,4/3/2022 10:15,66.385
3735,4/3/2022 10:30,68.185
3736,4/3/2022 10:45,69.985
3737,4/3/2022 11:00,71.834
3738,4/3/2022 11:15,73.602
3739,4/3/2022 11:30,75.333
3740,4/3/2022 11:45,76.942
3741,4/3/2022 12:00,78.471
3742,4/3/2022 12:15,79.92
3743,4/3/2022 12:30,81.333
3744,4/3/2022 12:45,82.708
3745,4/3/2022 13:00,83.959
3746,4/3/2022 13:15,85.127
3747,4/3/2022 13:30,86.211
3748,4/3/2022 13:45,87.255
3749,4/3/2022 14:00,88.122
3750,4/3/2022 14:15,87.3
3751,4/3/2022 14:30,82.798
3752,4/3/2022 14:45,79.567
3753,4/3/2022 15:00,77.247
3754,4/3/2022 15:15,75.724
3755,4/3/2022 15:30,75.42
3756,4/3/2022 15:45,76.289
3757,4/3/2022 16:00,77.509
3758,4/3/2022 16:15,78.471
3759,4/3/2022 16:30,78.996
3760,4/3/2022 16:45,79.128
3761,4/3/2022 17:00,78.996
3762,4/3/2022 17:15,78.602
3763,4/3/2022 17:30,78.033
3764,4/3/2022 17:45,77.247
3765,4/3/2022 18:00,76.289
3766,4/3/2022 18:15,75.117
3767,4/3/2022 18:30,73.861
3768,4/3/2022 18:45,72.523
3769,4/3/2022 19:00,71.964
3770,4/3/2022 19:15,72.351
3771,4/3/2022 19:30,73.818
3772,4/3/2022 19:45,75.463
3773,4/3/2022 20:00,76.593
3774,4/3/2022 20:15,76.289
3775,4/3/2022 20:30,75.029
3776,4/3/2022 20:45,73.602
3777,4/3/2022 21:00,72.307
3778,4/3/2022 21:15,71.103
3779,4/3/2022 21:30,69.985
3780,4/3/2022 21:45,68.999
3781,4/3/2022 22:00,68.056
3782,4/3/2022 22:15,67.199
3783,4/3/2022 22:30,66.385
3784,4/3/2022 22:45,65.615
3785,4/3/2022 23:00,64.931
3786,4/3/2022 23:15,64.247
3787,4/3/2022 23:30,63.648
3788,4/3/2022 23:45,63.048
3789,4/4/2022 0:00,62.447
3790,4/4/2022 0:15,61.848
3791,4/4/2022 0:30,61.29
3792,4/4/2022 0:45,60.733
3793,4/4/2022 1:00,60.174
3794,4/4/2022 1:15,59.659
3795,4/4/2022 1:30,59.185
3796,4/4/2022 1:45,58.755
3797,4/4/2022 2:00,58.282
3798,4/4/2022 2:15,57.85
3799,4/4/2022 2:30,57.42
3800,4/4/2022 2:45,57.031
3801,4/4/2022 3:00,56.599
3802,4/4/2022 3:15,56.208
3803,4/4/2022 3:30,55.863
3804,4/4/2022 3:45,55.515
3805,4/4/2022 4:00,55.213
3806,4/4/2022 4:15,54.909
3807,4/4/2022 4:30,54.691
3808,4/4/2022 4:45,54.473
3809,4/4/2022 5:00,54.3
3810,4/4/2022 5:15,54.126
3811,4/4/2022 5:30,53.951
3812,4/4/2022 5:45,53.865
3813,4/4/2022 6:00,53.733
3814,4/4/2022 6:15,53.645
3815,4/4/2022 6:30,53.602
3816,4/4/2022 6:45,53.602
3817,4/4/2022 7:00,53.69
3818,4/4/2022 7:15,53.865
3819,4/4/2022 7:30,54.126
3820,4/4/2022 7:45,54.473
3821,4/4/2022 8:00,54.909
3822,4/4/2022 8:15,55.472
3823,4/4/2022 8:30,56.122
3824,4/4/2022 8:45,56.944
3825,4/4/2022 9:00,57.893
3826,4/4/2022 9:15,58.971
3827,4/4/2022 9:30,60.217
3828,4/4/2022 9:45,61.633
3829,4/4/2022 10:00,63.09
3830,4/4/2022 10:15,64.632
3831,4/4/2022 10:30,66.173
3832,4/4/2022 10:45,68.013
3833,4/4/2022 11:00,70.115
3834,4/4/2022 11:15,71.791
3835,4/4/2022 11:30,72.955
3836,4/4/2022 11:45,73.688
3837,4/4/2022 12:00,74.077
3838,4/4/2022 12:15,74.597
3839,4/4/2022 12:30,75.029
3840,4/4/2022 12:45,75.333
3841,4/4/2022 13:00,75.724
3842,4/4/2022 13:15,76.071
3843,4/4/2022 13:30,76.375
3844,4/4/2022 13:45,76.419
3845,4/4/2022 14:00,76.332
3846,4/4/2022 14:15,76.071
3847,4/4/2022 14:30,75.637
3848,4/4/2022 14:45,75.029
3849,4/4/2022 15:00,74.338
3850,4/4/2022 15:15,73.558
3851,4/4/2022 15:30,72.61
3852,4/4/2022 15:45,71.533
3853,4/4/2022 16:00,70.416
3854,4/4/2022 16:15,69.3
3855,4/4/2022 16:30,68.227
3856,4/4/2022 16:45,67.199
3857,4/4/2022 17:00,66.214
3858,4/4/2022 17:15,65.359
3859,4/4/2022 17:30,67.199
3860,4/4/2022 17:45,67.285
3861,4/4/2022 18:00,66.686
3862,4/4/2022 18:15,65.959
3863,4/4/2022 18:30,65.23
3864,4/4/2022 18:45,64.459
3865,4/4/2022 19:00,63.775
3866,4/4/2022 19:15,63.133
3867,4/4/2022 19:30,62.49
3868,4/4/2022 19:45,61.848
3869,4/4/2022 20:00,61.205
3870,4/4/2022 20:15,60.647
3871,4/4/2022 20:30,63.005
3872,4/4/2022 20:45,64.888
3873,4/4/2022 21:00,65.872
3874,4/4/2022 21:15,67.714
3875,4/4/2022 21:30,68.742
3876,4/4/2022 21:45,68.698
3877,4/4/2022 22:00,68.185
3878,4/4/2022 22:15,67.543
3879,4/4/2022 22:30,66.814
3880,4/4/2022 22:45,66.13
3881,4/4/2022 23:00,65.444
3882,4/4/2022 23:15,64.803
3883,4/4/2022 23:30,64.247
3884,4/4/2022 23:45,63.689
3885,4/5/2022 0:00,63.133
3886,4/5/2022 0:15,62.661
3887,4/5/2022 0:30,62.148
3888,4/5/2022 0:45,61.677
3889,4/5/2022 1:00,61.205
3890,4/5/2022 1:15,60.775
3891,4/5/2022 1:30,60.346
3892,4/5/2022 1:45,60.003
3893,4/5/2022 2:00,59.702
3894,4/5/2022 2:15,59.315
3895,4/5/2022 2:30,58.971
3896,4/5/2022 2:45,58.582
3897,4/5/2022 3:00,58.195
3898,4/5/2022 3:15,57.85
3899,4/5/2022 3:30,57.463
3900,4/5/2022 3:45,57.16
3901,4/5/2022 4:00,56.815
3902,4/5/2022 4:15,56.556
3903,4/5/2022 4:30,56.251
3904,4/5/2022 4:45,55.992
3905,4/5/2022 5:00,55.69
3906,4/5/2022 5:15,55.429
3907,4/5/2022 5:30,55.125
3908,4/5/2022 5:45,54.82
3909,4/5/2022 6:00,54.561
3910,4/5/2022 6:15,54.3
3911,4/5/2022 6:30,54.037
3912,4/5/2022 6:45,53.908
3913,4/5/2022 7:00,53.951
3914,4/5/2022 7:15,54.169
3915,4/5/2022 7:30,54.516
3916,4/5/2022 7:45,54.909
3917,4/5/2022 8:00,55.472
3918,4/5/2022 8:15,56.079
3919,4/5/2022 8:30,56.772
3920,4/5/2022 8:45,57.636
3921,4/5/2022 9:00,58.582
3922,4/5/2022 9:15,59.702
3923,4/5/2022 9:30,60.948
3924,4/5/2022 9:45,62.276
3925,4/5/2022 10:00,63.732
3926,4/5/2022 10:15,65.273
3927,4/5/2022 10:30,66.857
3928,4/5/2022 10:45,68.484
3929,4/5/2022 11:00,70.115
3930,4/5/2022 11:15,71.748
3931,4/5/2022 11:30,73.256
3932,4/5/2022 11:45,74.727
3933,4/5/2022 12:00,76.114
3934,4/5/2022 12:15,77.509
3935,4/5/2022 12:30,78.822
3936,4/5/2022 12:45,80.051
3937,4/5/2022 13:00,81.199
3938,4/5/2022 13:15,82.353
3939,4/5/2022 13:30,83.422
3940,4/5/2022 13:45,84.407
3941,4/5/2022 14:00,85.307
3942,4/5/2022 14:15,86.164
3943,4/5/2022 14:30,86.891
3944,4/5/2022 14:45,87.573
3945,4/5/2022 15:00,88.122
3946,4/5/2022 15:15,88.579
3947,4/5/2022 15:30,88.947
3948,4/5/2022 15:45,89.177
3949,4/5/2022 16:00,89.269
3950,4/5/2022 16:15,89.269
3951,4/5/2022 16:30,89.132
3952,4/5/2022 16:45,88.902
3953,4/5/2022 17:00,88.534
3954,4/5/2022 17:15,88.122
3955,4/5/2022 17:30,87.62
3956,4/5/2022 17:45,86.891
3957,4/5/2022 18:00,85.939
3958,4/5/2022 18:15,84.812
3959,4/5/2022 18:30,83.556
3960,4/5/2022 18:45,82.175
3961,4/5/2022 19:00,80.757
3962,4/5/2022 19:15,79.392
3963,4/5/2022 19:30,78.033
3964,4/5/2022 19:45,76.725
3965,4/5/2022 20:00,75.463
3966,4/5/2022 20:15,74.295
3967,4/5/2022 20:30,73.17
3968,4/5/2022 20:45,72.093
3969,4/5/2022 21:00,71.103
3970,4/5/2022 21:15,70.158
3971,4/5/2022 21:30,69.3
3972,4/5/2022 21:45,68.484
3973,4/5/2022 22:00,67.671
3974,4/5/2022 22:15,66.943
3975,4/5/2022 22:30,66.214
3976,4/5/2022 22:45,65.53
3977,4/5/2022 23:00,64.888
3978,4/5/2022 23:15,64.247
3979,4/5/2022 23:30,63.604
3980,4/5/2022 23:45,63.005
3981,4/6/2022 0:00,62.447
3982,4/6/2022 0:15,61.891
3983,4/6/2022 0:30,61.376
3984,4/6/2022 0:45,60.861
3985,4/6/2022 1:00,60.39
3986,4/6/2022 1:15,59.959
3987,4/6/2022 1:30,59.529
3988,4/6/2022 1:45,59.142
3989,4/6/2022 2:00,58.755
3990,4/6/2022 2:15,58.368
3991,4/6/2022 2:30,57.979
3992,4/6/2022 2:45,57.592
3993,4/6/2022 3:00,57.117
3994,4/6/2022 3:15,56.685
3995,4/6/2022 3:30,56.208
3996,4/6/2022 3:45,55.776
3997,4/6/2022 4:00,55.342
3998,4/6/2022 4:15,54.952
3999,4/6/2022 4:30,54.604
4000,4/6/2022 4:45,54.212
4001,4/6/2022 5:00,53.865
4002,4/6/2022 5:15,53.515
4003,4/6/2022 5:30,53.209
4004,4/6/2022 5:45,52.903
4005,4/6/2022 6:00,52.597
4006,4/6/2022 6:15,52.378
4007,4/6/2022 6:30,52.246
4008,4/6/2022 6:45,52.291
4009,4/6/2022 7:00,52.466
4010,4/6/2022 7:15,52.772
4011,4/6/2022 7:30,53.209
4012,4/6/2022 7:45,53.733
4013,4/6/2022 8:00,54.343
4014,4/6/2022 8:15,55.125
4015,4/6/2022 8:30,56.079
4016,4/6/2022 8:45,57.16
4017,4/6/2022 9:00,58.411
4018,4/6/2022 9:15,59.788
4019,4/6/2022 9:30,61.333
4020,4/6/2022 9:45,63.005
4021,4/6/2022 10:00,64.76
4022,4/6/2022 10:15,66.6
4023,4/6/2022 10:30,68.527
4024,4/6/2022 10:45,70.459
4025,4/6/2022 11:00,72.437
4026,4/6/2022 11:15,74.511
4027,4/6/2022 11:30,75.681
4028,4/6/2022 11:45,76.246
4029,4/6/2022 12:00,76.942
4030,4/6/2022 12:15,77.639
4031,4/6/2022 12:30,78.602
4032,4/6/2022 12:45,79.128
4033,4/6/2022 13:00,79.788
4034,4/6/2022 13:15,80.757
4035,4/6/2022 13:30,81.421
4036,4/6/2022 13:45,81.775
4037,4/6/2022 14:00,81.952
4038,4/6/2022 14:15,82.175
4039,4/6/2022 14:30,82.396
4040,4/6/2022 14:45,82.53
4041,4/6/2022 15:00,82.665
4042,4/6/2022 15:15,82.753
4043,4/6/2022 15:30,84.317
4044,4/6/2022 15:45,85.939
4045,4/6/2022 16:00,86.799
4046,4/6/2022 16:15,85.802
4047,4/6/2022 16:30,81.376
4048,4/6/2022 16:45,79.173
4049,4/6/2022 17:00,78.382
4050,4/6/2022 17:15,78.514
4051,4/6/2022 17:30,78.996
4052,4/6/2022 17:45,79.831
4053,4/6/2022 18:00,80.625
4054,4/6/2022 18:15,80.845
4055,4/6/2022 18:30,80.713
4056,4/6/2022 18:45,80.272
4057,4/6/2022 19:00,79.655
4058,4/6/2022 19:15,78.953
4059,4/6/2022 19:30,78.165
4060,4/6/2022 19:45,77.378
4061,4/6/2022 20:00,76.593
4062,4/6/2022 20:15,75.767
4063,4/6/2022 20:30,74.986
4064,4/6/2022 20:45,74.25
4065,4/6/2022 21:00,73.472
4066,4/6/2022 21:15,72.783
4067,4/6/2022 21:30,72.136
4068,4/6/2022 21:45,71.533
4069,4/6/2022 22:00,70.887
4070,4/6/2022 22:15,70.329
4071,4/6/2022 22:30,69.771
4072,4/6/2022 22:45,69.256
4073,4/6/2022 23:00,68.742
4074,4/6/2022 23:15,68.227
4075,4/6/2022 23:30,67.757
4076,4/6/2022 23:45,67.285
4077,4/7/2022 0:00,66.814
4078,4/7/2022 0:15,66.385
4079,4/7/2022 0:30,65.916
4080,4/7/2022 0:45,65.487
4081,4/7/2022 1:00,65.059
4082,4/7/2022 1:15,64.632
4083,4/7/2022 1:30,64.247
4084,4/7/2022 1:45,63.819
4085,4/7/2022 2:00,63.433
4086,4/7/2022 2:15,63.048
4087,4/7/2022 2:30,62.661
4088,4/7/2022 2:45,62.319
4089,4/7/2022 3:00,61.934
4090,4/7/2022 3:15,61.59
4091,4/7/2022 3:30,61.205
4092,4/7/2022 3:45,60.861
4093,4/7/2022 4:00,60.561
4094,4/7/2022 4:15,60.217
4095,4/7/2022 4:30,59.916
4096,4/7/2022 4:45,59.616
4097,4/7/2022 5:00,59.358
4098,4/7/2022 5:15,59.056
4099,4/7/2022 5:30,58.798
4100,4/7/2022 5:45,58.541
4101,4/7/2022 6:00,58.282
4102,4/7/2022 6:15,58.023
4103,4/7/2022 6:30,57.85
4104,4/7/2022 6:45,57.893
4105,4/7/2022 7:00,58.109
4106,4/7/2022 7:15,58.498
4107,4/7/2022 7:30,59.056
4108,4/7/2022 7:45,59.745
4109,4/7/2022 8:00,60.517
4110,4/7/2022 8:15,61.462
4111,4/7/2022 8:30,62.533
4112,4/7/2022 8:45,63.775
4113,4/7/2022 9:00,65.102
4114,4/7/2022 9:15,66.6
4115,4/7/2022 9:30,68.27
4116,4/7/2022 9:45,70.029
4117,4/7/2022 10:00,71.92
4118,4/7/2022 10:15,73.861
4119,4/7/2022 10:30,75.898
4120,4/7/2022 10:45,78.339
4121,4/7/2022 11:00,79.261
4122,4/7/2022 11:15,79.084
4123,4/7/2022 11:30,79.084
4124,4/7/2022 11:45,79.524
4125,4/7/2022 12:00,80.668
4126,4/7/2022 12:15,82.308
4127,4/7/2022 12:30,84.227
4128,4/7/2022 12:45,86.029
4129,4/7/2022 13:00,87.391
4130,4/7/2022 13:15,88.947
4131,4/7/2022 13:30,90.657
4132,4/7/2022 13:45,92.338
4133,4/7/2022 14:00,94.039
4134,4/7/2022 14:15,95.616
4135,4/7/2022 14:30,96.627
4136,4/7/2022 14:45,97.306
4137,4/7/2022 15:00,98.184
4138,4/7/2022 15:15,99.07
4139,4/7/2022 15:30,99.91
4140,4/7/2022 15:45,100.357
4141,4/7/2022 16:00,100.557
4142,4/7/2022 16:15,101.057
4143,4/7/2022 16:30,101.61
4144,4/7/2022 16:45,102.114
4145,4/7/2022 17:00,102.519
4146,4/7/2022 17:15,102.772
4147,4/7/2022 17:30,102.823
4148,4/7/2022 17:45,101.559
4149,4/7/2022 18:00,97.16
4150,4/7/2022 18:15,92.997
4151,4/7/2022 18:30,90.1
4152,4/7/2022 18:45,88.626
4153,4/7/2022 19:00,87.483
4154,4/7/2022 19:15,86.617
4155,4/7/2022 19:30,85.757
4156,4/7/2022 19:45,84.857
4157,4/7/2022 20:00,84.004
4158,4/7/2022 20:15,83.154
4159,4/7/2022 20:30,82.353
4160,4/7/2022 20:45,81.597
4161,4/7/2022 21:00,80.845
4162,4/7/2022 21:15,80.096
4163,4/7/2022 21:30,79.435
4164,4/7/2022 21:45,78.69
4165,4/7/2022 22:00,77.99
4166,4/7/2022 22:15,77.335
4167,4/7/2022 22:30,76.681
4168,4/7/2022 22:45,76.071
4169,4/7/2022 23:00,75.42
4170,4/7/2022 23:15,74.77
4171,4/7/2022 23:30,74.12
4172,4/7/2022 23:45,73.429
4173,4/8/2022 0:00,72.783
4174,4/8/2022 0:15,72.136
4175,4/8/2022 0:30,71.533
4176,4/8/2022 0:45,70.93
4177,4/8/2022 1:00,70.416
4178,4/8/2022 1:15,69.858
4179,4/8/2022 1:30,69.343
4180,4/8/2022 1:45,68.871
4181,4/8/2022 2:00,68.4
4182,4/8/2022 2:15,67.971
4183,4/8/2022 2:30,67.543
4184,4/8/2022 2:45,67.114
4185,4/8/2022 3:00,66.686
4186,4/8/2022 3:15,66.301
4187,4/8/2022 3:30,65.916
4188,4/8/2022 3:45,65.53
4189,4/8/2022 4:00,65.145
4190,4/8/2022 4:15,64.803
4191,4/8/2022 4:30,64.503
4192,4/8/2022 4:45,64.247
4193,4/8/2022 5:00,63.99
4194,4/8/2022 5:15,63.732
4195,4/8/2022 5:30,63.433
4196,4/8/2022 5:45,63.176
4197,4/8/2022 6:00,62.875
4198,4/8/2022 6:15,62.62
4199,4/8/2022 6:30,62.319
4200,4/8/2022 6:45,62.148
4201,4/8/2022 7:00,62.148
4202,4/8/2022 7:15,62.362
4203,4/8/2022 7:30,62.661
4204,4/8/2022 7:45,63.09
4205,4/8/2022 8:00,63.648
4206,4/8/2022 8:15,64.288
4207,4/8/2022 8:30,65.059
4208,4/8/2022 8:45,65.959
4209,4/8/2022 9:00,67.028
4210,4/8/2022 9:15,68.227
4211,4/8/2022 9:30,69.557
4212,4/8/2022 9:45,70.974
4213,4/8/2022 10:00,72.48
4214,4/8/2022 10:15,74.034
4215,4/8/2022 10:30,75.681
4216,4/8/2022 10:45,77.509
4217,4/8/2022 11:00,78.953
4218,4/8/2022 11:15,79.7
4219,4/8/2022 11:30,80.096
4220,4/8/2022 11:45,80.802
4221,4/8/2022 12:00,81.73
4222,4/8/2022 12:15,82.798
4223,4/8/2022 12:30,84.049
4224,4/8/2022 12:45,85.667
4225,4/8/2022 13:00,87.62
4226,4/8/2022 13:15,89.638
4227,4/8/2022 13:30,91.636
4228,4/8/2022 13:45,93.564
4229,4/8/2022 14:00,95.328
4230,4/8/2022 14:15,96.87
4231,4/8/2022 14:30,98.184
4232,4/8/2022 14:45,99.167
4233,4/8/2022 15:00,99.959
4234,4/8/2022 15:15,100.508
4235,4/8/2022 15:30,100.857
4236,4/8/2022 15:45,99.662
4237,4/8/2022 16:00,94.944
4238,4/8/2022 16:15,94.467
4239,4/8/2022 16:30,94.514
4240,4/8/2022 16:45,94.609
4241,4/8/2022 17:00,94.563
4242,4/8/2022 17:15,94.23
4243,4/8/2022 17:30,93.612
4244,4/8/2022 17:45,92.527
4245,4/8/2022 18:00,91.123
4246,4/8/2022 18:15,89.546
4247,4/8/2022 18:30,87.847
4248,4/8/2022 18:45,86.119
4249,4/8/2022 19:00,84.362
4250,4/8/2022 19:15,82.665
4251,4/8/2022 19:30,80.978
4252,4/8/2022 19:45,79.435
4253,4/8/2022 20:00,77.945
4254,4/8/2022 20:15,76.507
4255,4/8/2022 20:30,75.117
4256,4/8/2022 20:45,73.774
4257,4/8/2022 21:00,72.523
4258,4/8/2022 21:15,71.361
4259,4/8/2022 21:30,70.201
4260,4/8/2022 21:45,69.17
4261,4/8/2022 22:00,68.142
4262,4/8/2022 22:15,67.199
4263,4/8/2022 22:30,66.301
4264,4/8/2022 22:45,65.487
4265,4/8/2022 23:00,64.717
4266,4/8/2022 23:15,63.946
4267,4/8/2022 23:30,63.219
4268,4/8/2022 23:45,62.533
4269,4/9/2022 0:00,61.891
4270,4/9/2022 0:15,61.248
4271,4/9/2022 0:30,60.647
4272,4/9/2022 0:45,60.089
4273,4/9/2022 1:00,59.529
4274,4/9/2022 1:15,58.971
4275,4/9/2022 1:30,58.455
4276,4/9/2022 1:45,57.893
4277,4/9/2022 2:00,57.333
4278,4/9/2022 2:15,56.728
4279,4/9/2022 2:30,56.165
4280,4/9/2022 2:45,55.602
4281,4/9/2022 3:00,55.125
4282,4/9/2022 3:15,54.691
4283,4/9/2022 3:30,54.3
4284,4/9/2022 3:45,53.951
4285,4/9/2022 4:00,53.602
4286,4/9/2022 4:15,53.166
4287,4/9/2022 4:30,52.772
4288,4/9/2022 4:45,52.335
4289,4/9/2022 5:00,51.94
4290,4/9/2022 5:15,51.501
4291,4/9/2022 5:30,51.062
4292,4/9/2022 5:45,50.709
4293,4/9/2022 6:00,50.356
4294,4/9/2022 6:15,50.092
4295,4/9/2022 6:30,49.87
4296,4/9/2022 6:45,49.692
4297,4/9/2022 7:00,49.516
4298,4/9/2022 7:15,49.471
4299,4/9/2022 7:30,49.471
4300,4/9/2022 7:45,49.471
4301,4/9/2022 8:00,49.604
4302,4/9/2022 8:15,49.737
4303,4/9/2022 8:30,50.002
4304,4/9/2022 8:45,50.268
4305,4/9/2022 9:00,50.664
4306,4/9/2022 9:15,51.148
4307,4/9/2022 9:30,51.895
4308,4/9/2022 9:45,52.86
4309,4/9/2022 10:00,54.126
4310,4/9/2022 10:15,55.602
4311,4/9/2022 10:30,57.29
4312,4/9/2022 10:45,59.185
4313,4/9/2022 11:00,61.205
4314,4/9/2022 11:15,63.347
4315,4/9/2022 11:30,65.53
4316,4/9/2022 11:45,67.671
4317,4/9/2022 12:00,69.814
4318,4/9/2022 12:15,71.92
4319,4/9/2022 12:30,73.861
4320,4/9/2022 12:45,75.767
4321,4/9/2022 13:00,77.553
4322,4/9/2022 13:15,79.261
4323,4/9/2022 13:30,80.89
4324,4/9/2022 13:45,81.687
4325,4/9/2022 14:00,80.58
4326,4/9/2022 14:15,79.743
4327,4/9/2022 14:30,78.514
4328,4/9/2022 14:45,77.464
4329,4/9/2022 15:00,77.117
4330,4/9/2022 15:15,77.684
4331,4/9/2022 15:30,78.602
4332,4/9/2022 15:45,79.612
4333,4/9/2022 16:00,80.58
4334,4/9/2022 16:15,81.509
4335,4/9/2022 16:30,82.263
4336,4/9/2022 16:45,82.886
4337,4/9/2022 17:00,83.377
4338,4/9/2022 17:15,83.691
4339,4/9/2022 17:30,83.914
4340,4/9/2022 17:45,83.914
4341,4/9/2022 18:00,83.601
4342,4/9/2022 18:15,83.021
4343,4/9/2022 18:30,82.263
4344,4/9/2022 18:45,81.376
4345,4/9/2022 19:00,80.272
4346,4/9/2022 19:15,79.173
4347,4/9/2022 19:30,78.121
4348,4/9/2022 19:45,77.029
4349,4/9/2022 20:00,75.985
4350,4/9/2022 20:15,74.986
4351,4/9/2022 20:30,74.077
4352,4/9/2022 20:45,73.17
4353,4/9/2022 21:00,72.351
4354,4/9/2022 21:15,71.533
4355,4/9/2022 21:30,70.759
4356,4/9/2022 21:45,69.985
4357,4/9/2022 22:00,69.256
4358,4/9/2022 22:15,68.484
4359,4/9/2022 22:30,67.798
4360,4/9/2022 22:45,67.158
4361,4/9/2022 23:00,66.515
4362,4/9/2022 23:15,65.959
4363,4/9/2022 23:30,65.444
4364,4/9/2022 23:45,64.974
4365,4/10/2022 0:00,64.546
4366,4/10/2022 0:15,64.204
4367,4/10/2022 0:30,63.819
4368,4/10/2022 0:45,63.433
4369,4/10/2022 1:00,63.048
4370,4/10/2022 1:15,62.62
4371,4/10/2022 1:30,62.191
4372,4/10/2022 1:45,61.72
4373,4/10/2022 2:00,61.248
4374,4/10/2022 2:15,60.775
4375,4/10/2022 2:30,60.346
4376,4/10/2022 2:45,59.916
4377,4/10/2022 3:00,59.572
4378,4/10/2022 3:15,59.185
4379,4/10/2022 3:30,58.755
4380,4/10/2022 3:45,58.325
4381,4/10/2022 4:00,57.893
4382,4/10/2022 4:15,57.463
4383,4/10/2022 4:30,57.031
4384,4/10/2022 4:45,56.642
4385,4/10/2022 5:00,56.295
4386,4/10/2022 5:15,55.949
4387,4/10/2022 5:30,55.602
4388,4/10/2022 5:45,55.342
4389,4/10/2022 6:00,55.081
4390,4/10/2022 6:15,54.909
4391,4/10/2022 6:30,54.909
4392,4/10/2022 6:45,55.038
4393,4/10/2022 7:00,55.386
4394,4/10/2022 7:15,55.819
4395,4/10/2022 7:30,56.383
4396,4/10/2022 7:45,57.031
4397,4/10/2022 8:00,57.765
4398,4/10/2022 8:15,58.541
4399,4/10/2022 8:30,59.486
4400,4/10/2022 8:45,60.474
4401,4/10/2022 9:00,61.633
4402,4/10/2022 9:15,62.919
4403,4/10/2022 9:30,64.288
4404,4/10/2022 9:45,65.745
4405,4/10/2022 10:00,67.242
4406,4/10/2022 10:15,68.828
4407,4/10/2022 10:30,70.502
4408,4/10/2022 10:45,72.178
4409,4/10/2022 11:00,73.861
4410,4/10/2022 11:15,75.508
4411,4/10/2022 11:30,77.117
4412,4/10/2022 11:45,78.69
4413,4/10/2022 12:00,80.139
4414,4/10/2022 12:15,81.509
4415,4/10/2022 12:30,82.753
4416,4/10/2022 12:45,83.869
4417,4/10/2022 13:00,84.272
4418,4/10/2022 13:15,82.886
4419,4/10/2022 13:30,81.73
4420,4/10/2022 13:45,82.175
4421,4/10/2022 14:00,82.798
4422,4/10/2022 14:15,83.824
4423,4/10/2022 14:30,84.99
4424,4/10/2022 14:45,86.164
4425,4/10/2022 15:00,87.3
4426,4/10/2022 15:15,88.396
4427,4/10/2022 15:30,89.407
4428,4/10/2022 15:45,90.333
4429,4/10/2022 16:00,91.123
4430,4/10/2022 16:15,91.823
4431,4/10/2022 16:30,92.433
4432,4/10/2022 16:45,92.809
4433,4/10/2022 17:00,92.997
4434,4/10/2022 17:15,92.95
4435,4/10/2022 17:30,92.667
4436,4/10/2022 17:45,92.104
4437,4/10/2022 18:00,91.216
4438,4/10/2022 18:15,89.823
4439,4/10/2022 18:30,88.122
4440,4/10/2022 18:45,85.035
4441,4/10/2022 19:00,82.486
4442,4/10/2022 19:15,80.184
4443,4/10/2022 19:30,78.121
4444,4/10/2022 19:45,76.158
4445,4/10/2022 20:00,74.424
4446,4/10/2022 20:15,72.869
4447,4/10/2022 20:30,71.404
4448,4/10/2022 20:45,70.115
4449,4/10/2022 21:00,68.913
4450,4/10/2022 21:15,67.798
4451,4/10/2022 21:30,66.772
4452,4/10/2022 21:45,65.788
4453,4/10/2022 22:00,64.888
4454,4/10/2022 22:15,64.074
4455,4/10/2022 22:30,63.262
4456,4/10/2022 22:45,62.533
4457,4/10/2022 23:00,61.804
4458,4/10/2022 23:15,61.162
4459,4/10/2022 23:30,60.517
4460,4/10/2022 23:45,59.873
4461,4/11/2022 0:00,59.272
4462,4/11/2022 0:15,58.712
4463,4/11/2022 0:30,58.239
4464,4/11/2022 0:45,57.765
4465,4/11/2022 1:00,57.29
4466,4/11/2022 1:15,56.901
4467,4/11/2022 1:30,56.599
4468,4/11/2022 1:45,56.34
4469,4/11/2022 2:00,56.079
4470,4/11/2022 2:15,55.776
4471,4/11/2022 2:30,55.515
4472,4/11/2022 2:45,55.299
4473,4/11/2022 3:00,55.081
4474,4/11/2022 3:15,54.777
4475,4/11/2022 3:30,54.561
4476,4/11/2022 3:45,54.473
4477,4/11/2022 4:00,54.387
4478,4/11/2022 4:15,54.255
4479,4/11/2022 4:30,54.126
4480,4/11/2022 4:45,54.082
4481,4/11/2022 5:00,54.037
4482,4/11/2022 5:15,53.994
4483,4/11/2022 5:30,53.908
4484,4/11/2022 5:45,53.865
4485,4/11/2022 6:00,53.82
4486,4/11/2022 6:15,53.82
4487,4/11/2022 6:30,53.776
4488,4/11/2022 6:45,53.994
4489,4/11/2022 7:00,57.807
4490,4/11/2022 7:15,59.185
4491,4/11/2022 7:30,59.315
4492,4/11/2022 7:45,59.272
4493,4/11/2022 8:00,59.229
4494,4/11/2022 8:15,59.959
4495,4/11/2022 8:30,61.032
4496,4/11/2022 8:45,62.661
4497,4/11/2022 9:00,64.803
4498,4/11/2022 9:15,65.658
4499,4/11/2022 9:30,65.188
4500,4/11/2022 9:45,64.931
4501,4/11/2022 10:00,65.916
4502,4/11/2022 10:15,66.686
4503,4/11/2022 10:30,69.17
4504,4/11/2022 10:45,70.93
4505,4/11/2022 11:00,75.551
4506,4/11/2022 11:15,77.902
4507,4/11/2022 11:30,78.996
4508,4/11/2022 11:45,78.121
4509,4/11/2022 12:00,78.076
4510,4/11/2022 12:15,77.464
4511,4/11/2022 12:30,77.292
4512,4/11/2022 12:45,77.072
4513,4/11/2022 13:00,76.681
4514,4/11/2022 13:15,76.203
4515,4/11/2022 13:30,75.594
4516,4/11/2022 13:45,74.986
4517,4/11/2022 14:00,74.338
4518,4/11/2022 14:15,73.688
4519,4/11/2022 14:30,73.083
4520,4/11/2022 14:45,71.533
4521,4/11/2022 15:00,71.748
4522,4/11/2022 15:15,74.077
4523,4/11/2022 15:30,75.81
4524,4/11/2022 15:45,76.725
4525,4/11/2022 16:00,77.727
4526,4/11/2022 16:15,78.91
4527,4/11/2022 16:30,78.382
4528,4/11/2022 16:45,78.033
4529,4/11/2022 17:00,77.684
4530,4/11/2022 17:15,77.292
4531,4/11/2022 17:30,76.854
4532,4/11/2022 17:45,76.114
4533,4/11/2022 18:00,75.029
4534,4/11/2022 18:15,73.818
4535,4/11/2022 18:30,72.523
4536,4/11/2022 18:45,71.19
4537,4/11/2022 19:00,69.858
4538,4/11/2022 19:15,68.527
4539,4/11/2022 19:30,67.199
4540,4/11/2022 19:45,65.916
4541,4/11/2022 20:00,64.717
4542,4/11/2022 20:15,63.604
4543,4/11/2022 20:30,62.577
4544,4/11/2022 20:45,61.547
4545,4/11/2022 21:00,60.647
4546,4/11/2022 21:15,59.745
4547,4/11/2022 21:30,58.928
4548,4/11/2022 21:45,58.109
4549,4/11/2022 22:00,57.376
4550,4/11/2022 22:15,56.642
4551,4/11/2022 22:30,55.949
4552,4/11/2022 22:45,55.342
4553,4/11/2022 23:00,54.734
4554,4/11/2022 23:15,54.169
4555,4/11/2022 23:30,53.602
4556,4/11/2022 23:45,53.078
4557,4/12/2022 0:00,52.554
4558,4/12/2022 0:15,52.115
4559,4/12/2022 0:30,51.678
4560,4/12/2022 0:45,51.282
4561,4/12/2022 1:00,50.886
4562,4/12/2022 1:15,50.533
4563,4/12/2022 1:30,50.135
4564,4/12/2022 1:45,49.825
4565,4/12/2022 2:00,49.471
4566,4/12/2022 2:15,49.161
4567,4/12/2022 2:30,48.85
4568,4/12/2022 2:45,48.538
4569,4/12/2022 3:00,48.272
4570,4/12/2022 3:15,48.004
4571,4/12/2022 3:30,47.736
4572,4/12/2022 3:45,47.467
4573,4/12/2022 4:00,47.244
4574,4/12/2022 4:15,46.974
4575,4/12/2022 4:30,46.706
4576,4/12/2022 4:45,46.436
4577,4/12/2022 5:00,46.256
4578,4/12/2022 5:15,46.121
4579,4/12/2022 5:30,45.986
4580,4/12/2022 5:45,45.851
4581,4/12/2022 6:00,45.714
4582,4/12/2022 6:15,45.624
4583,4/12/2022 6:30,45.534
4584,4/12/2022 6:45,45.624
4585,4/12/2022 7:00,46.031
4586,4/12/2022 7:15,46.661
4587,4/12/2022 7:30,47.512
4588,4/12/2022 7:45,48.493
4589,4/12/2022 8:00,49.561
4590,4/12/2022 8:15,50.709
4591,4/12/2022 8:30,52.203
4592,4/12/2022 8:45,54.995
4593,4/12/2022 9:00,58.109
4594,4/12/2022 9:15,61.162
4595,4/12/2022 9:30,63.689
4596,4/12/2022 9:45,65.145
4597,4/12/2022 10:00,67.372
4598,4/12/2022 10:15,69.427
4599,4/12/2022 10:30,71.361
4600,4/12/2022 10:45,73.256
4601,4/12/2022 11:00,75.074
4602,4/12/2022 11:15,76.811
4603,4/12/2022 11:30,78.382
4604,4/12/2022 11:45,79.743
4605,4/12/2022 12:00,80.978
4606,4/12/2022 12:15,82.13
4607,4/12/2022 12:30,83.109
4608,4/12/2022 12:45,84.094
4609,4/12/2022 13:00,85.035
4610,4/12/2022 13:15,85.622
4611,4/12/2022 13:30,85.894
4612,4/12/2022 13:45,86.301
4613,4/12/2022 14:00,86.664
4614,4/12/2022 14:15,86.844
4615,4/12/2022 14:30,87.028
4616,4/12/2022 14:45,87.3
4617,4/12/2022 15:00,87.436
4618,4/12/2022 15:15,87.483
4619,4/12/2022 15:30,87.255
4620,4/12/2022 15:45,86.891
4621,4/12/2022 16:00,86.256
4622,4/12/2022 16:15,85.894
4623,4/12/2022 16:30,85.712
4624,4/12/2022 16:45,85.577
4625,4/12/2022 17:00,85.397
4626,4/12/2022 17:15,85.082
4627,4/12/2022 17:30,84.587
4628,4/12/2022 17:45,83.869
4629,4/12/2022 18:00,82.798
4630,4/12/2022 18:15,81.244
4631,4/12/2022 18:30,79.216
4632,4/12/2022 18:45,77.99
4633,4/12/2022 19:00,77.292
4634,4/12/2022 19:15,76.899
4635,4/12/2022 19:30,76.768
4636,4/12/2022 19:45,75.853
4637,4/12/2022 20:00,74.424
4638,4/12/2022 20:15,72.955
4639,4/12/2022 20:30,71.49
4640,4/12/2022 20:45,70.029
4641,4/12/2022 21:00,68.657
4642,4/12/2022 21:15,67.372
4643,4/12/2022 21:30,66.13
4644,4/12/2022 21:45,64.974
4645,4/12/2022 22:00,63.903
4646,4/12/2022 22:15,62.919
4647,4/12/2022 22:30,62.019
4648,4/12/2022 22:45,61.162
4649,4/12/2022 23:00,60.346
4650,4/12/2022 23:15,59.572
4651,4/12/2022 23:30,58.885
4652,4/12/2022 23:45,58.195
4653,4/13/2022 0:00,57.549
4654,4/13/2022 0:15,56.944
4655,4/13/2022 0:30,56.383
4656,4/13/2022 0:45,55.863
4657,4/13/2022 1:00,55.342
4658,4/13/2022 1:15,54.82
4659,4/13/2022 1:30,54.387
4660,4/13/2022 1:45,53.908
4661,4/13/2022 2:00,53.515
4662,4/13/2022 2:15,53.121
4663,4/13/2022 2:30,52.729
4664,4/13/2022 2:45,52.378
4665,4/13/2022 3:00,52.029
4666,4/13/2022 3:15,51.678
4667,4/13/2022 3:30,51.325
4668,4/13/2022 3:45,50.974
4669,4/13/2022 4:00,50.664
4670,4/13/2022 4:15,50.445
4671,4/13/2022 4:30,50.18
4672,4/13/2022 4:45,50.002
4673,4/13/2022 5:00,49.782
4674,4/13/2022 5:15,49.561
4675,4/13/2022 5:30,49.338
4676,4/13/2022 5:45,49.161
4677,4/13/2022 6:00,49.028
4678,4/13/2022 6:15,48.938
4679,4/13/2022 6:30,48.938
4680,4/13/2022 6:45,49.028
4681,4/13/2022 7:00,49.161
4682,4/13/2022 7:15,49.383
4683,4/13/2022 7:30,49.737
4684,4/13/2022 7:45,50.223
4685,4/13/2022 8:00,50.797
4686,4/13/2022 8:15,51.325
4687,4/13/2022 8:30,51.94
4688,4/13/2022 8:45,52.509
4689,4/13/2022 9:00,53.078
4690,4/13/2022 9:15,53.776
4691,4/13/2022 9:30,54.43
4692,4/13/2022 9:45,55.168
4693,4/13/2022 10:00,56.035
4694,4/13/2022 10:15,56.988
4695,4/13/2022 10:30,57.85
4696,4/13/2022 10:45,58.755
4697,4/13/2022 11:00,59.788
4698,4/13/2022 11:15,60.733
4699,4/13/2022 11:30,61.804
4700,4/13/2022 11:45,62.962
4701,4/13/2022 12:00,64.117
4702,4/13/2022 12:15,65.017
4703,4/13/2022 12:30,66
4704,4/13/2022 12:45,67.071
4705,4/13/2022 13:00,68.227
4706,4/13/2022 13:15,69.386
4707,4/13/2022 13:30,70.543
4708,4/13/2022 13:45,71.748
4709,4/13/2022 14:00,72.955
4710,4/13/2022 14:15,74.077
4711,4/13/2022 14:30,75.074
4712,4/13/2022 14:45,75.942
4713,4/13/2022 15:00,76.636
4714,4/13/2022 15:15,77.203
4715,4/13/2022 15:30,77.639
4716,4/13/2022 15:45,78.076
4717,4/13/2022 16:00,78.427
4718,4/13/2022 16:15,78.645
4719,4/13/2022 16:30,78.645
4720,4/13/2022 16:45,78.514
4721,4/13/2022 17:00,78.296
4722,4/13/2022 17:15,77.902
4723,4/13/2022 17:30,77.378
4724,4/13/2022 17:45,76.725
4725,4/13/2022 18:00,75.898
4726,4/13/2022 18:15,74.986
4727,4/13/2022 18:30,73.99
4728,4/13/2022 18:45,72.955
4729,4/13/2022 19:00,71.92
4730,4/13/2022 19:15,70.803
4731,4/13/2022 19:30,69.771
4732,4/13/2022 19:45,68.785
4733,4/13/2022 20:00,67.798
4734,4/13/2022 20:15,66.943
4735,4/13/2022 20:30,66.087
4736,4/13/2022 20:45,65.316
4737,4/13/2022 21:00,64.589
4738,4/13/2022 21:15,63.946
4739,4/13/2022 21:30,63.304
4740,4/13/2022 21:45,62.748
4741,4/13/2022 22:00,62.191
4742,4/13/2022 22:15,61.72
4743,4/13/2022 22:30,61.248
4744,4/13/2022 22:45,60.818
4745,4/13/2022 23:00,60.433
4746,4/13/2022 23:15,60.046
4747,4/13/2022 23:30,59.702
4748,4/13/2022 23:45,59.358
4749,4/14/2022 0:00,58.971
4750,4/14/2022 0:15,58.582
4751,4/14/2022 0:30,58.239
4752,4/14/2022 0:45,57.936
4753,4/14/2022 1:00,57.592
4754,4/14/2022 1:15,57.29
4755,4/14/2022 1:30,57.031
4756,4/14/2022 1:45,56.815
4757,4/14/2022 2:00,56.599
4758,4/14/2022 2:15,56.426
4759,4/14/2022 2:30,56.251
4760,4/14/2022 2:45,56.079
4761,4/14/2022 3:00,55.949
4762,4/14/2022 3:15,55.776
4763,4/14/2022 3:30,55.602
4764,4/14/2022 3:45,55.472
4765,4/14/2022 4:00,55.342
4766,4/14/2022 4:15,55.213
4767,4/14/2022 4:30,55.081
4768,4/14/2022 4:45,54.952
4769,4/14/2022 5:00,54.865
4770,4/14/2022 5:15,54.777
4771,4/14/2022 5:30,54.691
4772,4/14/2022 5:45,54.604
4773,4/14/2022 6:00,54.561
4774,4/14/2022 6:15,54.516
4775,4/14/2022 6:30,54.473
4776,4/14/2022 6:45,54.473
4777,4/14/2022 7:00,54.473
4778,4/14/2022 7:15,54.473
4779,4/14/2022 7:30,54.473
4780,4/14/2022 7:45,54.473
4781,4/14/2022 8:00,54.473
4782,4/14/2022 8:15,54.473
4783,4/14/2022 8:30,54.516
4784,4/14/2022 8:45,54.561
4785,4/14/2022 9:00,54.691
4786,4/14/2022 9:15,54.865
4787,4/14/2022 9:30,55.038
4788,4/14/2022 9:45,55.213
4789,4/14/2022 10:00,55.429
4790,4/14/2022 10:15,55.647
4791,4/14/2022 10:30,55.906
4792,4/14/2022 10:45,56.251
4793,4/14/2022 11:00,56.685
4794,4/14/2022 11:15,57.117
4795,4/14/2022 11:30,57.506
4796,4/14/2022 11:45,57.85
4797,4/14/2022 12:00,58.152
4798,4/14/2022 12:15,58.498
4799,4/14/2022 12:30,58.798
4800,4/14/2022 12:45,59.014
4801,4/14/2022 13:00,59.185
4802,4/14/2022 13:15,59.315
4803,4/14/2022 13:30,59.572
4804,4/14/2022 13:45,59.873
4805,4/14/2022 14:00,60.174
4806,4/14/2022 14:15,60.433
4807,4/14/2022 14:30,60.775
4808,4/14/2022 14:45,61.075
4809,4/14/2022 15:00,61.29
4810,4/14/2022 15:15,61.462
4811,4/14/2022 15:30,61.633
4812,4/14/2022 15:45,61.72
4813,4/14/2022 16:00,61.804
4814,4/14/2022 16:15,61.804
4815,4/14/2022 16:30,61.761
4816,4/14/2022 16:45,61.633
4817,4/14/2022 17:00,61.547
4818,4/14/2022 17:15,61.376
4819,4/14/2022 17:30,61.248
4820,4/14/2022 17:45,61.506
4821,4/14/2022 18:00,61.506
4822,4/14/2022 18:15,61.376
4823,4/14/2022 18:30,61.162
4824,4/14/2022 18:45,60.904
4825,4/14/2022 19:00,60.647
4826,4/14/2022 19:15,60.346
4827,4/14/2022 19:30,60.132
4828,4/14/2022 19:45,61.032
4829,4/14/2022 20:00,61.376
4830,4/14/2022 20:15,61.376
4831,4/14/2022 20:30,61.248
4832,4/14/2022 20:45,61.075
4833,4/14/2022 21:00,60.904
4834,4/14/2022 21:15,60.69
4835,4/14/2022 21:30,60.433
4836,4/14/2022 21:45,60.26
4837,4/14/2022 22:00,60.003
4838,4/14/2022 22:15,59.788
4839,4/14/2022 22:30,59.572
4840,4/14/2022 22:45,59.358
4841,4/14/2022 23:00,59.142
4842,4/14/2022 23:15,58.928
4843,4/14/2022 23:30,58.755
4844,4/14/2022 23:45,58.541
4845,4/15/2022 0:00,58.325
4846,4/15/2022 0:15,58.109
4847,4/15/2022 0:30,57.893
4848,4/15/2022 0:45,57.679
4849,4/15/2022 1:00,57.463
4850,4/15/2022 1:15,57.247
4851,4/15/2022 1:30,56.988
4852,4/15/2022 1:45,56.772
4853,4/15/2022 2:00,56.512
4854,4/15/2022 2:15,56.295
4855,4/15/2022 2:30,56.079
4856,4/15/2022 2:45,55.819
4857,4/15/2022 3:00,55.558
4858,4/15/2022 3:15,55.342
4859,4/15/2022 3:30,55.081
4860,4/15/2022 3:45,54.865
4861,4/15/2022 4:00,54.648
4862,4/15/2022 4:15,54.473
4863,4/15/2022 4:30,54.255
4864,4/15/2022 4:45,54.082
4865,4/15/2022 5:00,53.865
4866,4/15/2022 5:15,53.69
4867,4/15/2022 5:30,53.472
4868,4/15/2022 5:45,53.253
4869,4/15/2022 6:00,53.035
4870,4/15/2022 6:15,52.817
4871,4/15/2022 6:30,52.597
4872,4/15/2022 6:45,52.423
4873,4/15/2022 7:00,52.291
4874,4/15/2022 7:15,52.16
4875,4/15/2022 7:30,52.072
4876,4/15/2022 7:45,52.072
4877,4/15/2022 8:00,52.072
4878,4/15/2022 8:15,52.115
4879,4/15/2022 8:30,52.378
4880,4/15/2022 8:45,54.169
4881,4/15/2022 9:00,56.035
4882,4/15/2022 9:15,58.411
4883,4/15/2022 9:30,60.346
4884,4/15/2022 9:45,61.934
4885,4/15/2022 10:00,63.09
4886,4/15/2022 10:15,64.288
4887,4/15/2022 10:30,65.574
4888,4/15/2022 10:45,66.857
4889,4/15/2022 11:00,68.099
4890,4/15/2022 11:15,69.256
4891,4/15/2022 11:30,70.286
4892,4/15/2022 11:45,71.274
4893,4/15/2022 12:00,72.178
4894,4/15/2022 12:15,72.955
4895,4/15/2022 12:30,73.602
4896,4/15/2022 12:45,74.163
4897,4/15/2022 13:00,74.727
4898,4/15/2022 13:15,75.247
4899,4/15/2022 13:30,75.853
4900,4/15/2022 13:45,76.332
4901,4/15/2022 14:00,76.899
4902,4/15/2022 14:15,77.378
4903,4/15/2022 14:30,77.815
4904,4/15/2022 14:45,78.251
4905,4/15/2022 15:00,78.514
4906,4/15/2022 15:15,78.602
4907,4/15/2022 15:30,78.69
4908,4/15/2022 15:45,78.865
4909,4/15/2022 16:00,79.084
4910,4/15/2022 16:15,79.347
4911,4/15/2022 16:30,79.524
4912,4/15/2022 16:45,79.567
4913,4/15/2022 17:00,79.347
4914,4/15/2022 17:15,78.91
4915,4/15/2022 17:30,78.559
4916,4/15/2022 17:45,78.121
4917,4/15/2022 18:00,77.639
4918,4/15/2022 18:15,77.029
4919,4/15/2022 18:30,77.029
4920,4/15/2022 18:45,77.421
4921,4/15/2022 19:00,77.639
4922,4/15/2022 19:15,77.509
4923,4/15/2022 19:30,76.507
4924,4/15/2022 19:45,75.29
4925,4/15/2022 20:00,74.077
4926,4/15/2022 20:15,72.955
4927,4/15/2022 20:30,71.877
4928,4/15/2022 20:45,70.803
4929,4/15/2022 21:00,69.814
4930,4/15/2022 21:15,68.871
4931,4/15/2022 21:30,68.013
4932,4/15/2022 21:45,67.199
4933,4/15/2022 22:00,66.472
4934,4/15/2022 22:15,65.745
4935,4/15/2022 22:30,65.145
4936,4/15/2022 22:45,64.589
4937,4/15/2022 23:00,64.161
4938,4/15/2022 23:15,63.732
4939,4/15/2022 23:30,63.347
4940,4/15/2022 23:45,63.005
4941,4/16/2022 0:00,62.661
4942,4/16/2022 0:15,62.362
4943,4/16/2022 0:30,62.105
4944,4/16/2022 0:45,61.891
4945,4/16/2022 1:00,61.677
4946,4/16/2022 1:15,61.506
4947,4/16/2022 1:30,61.376
4948,4/16/2022 1:45,61.248
4949,4/16/2022 2:00,61.119
4950,4/16/2022 2:15,60.991
4951,4/16/2022 2:30,60.818
4952,4/16/2022 2:45,60.604
4953,4/16/2022 3:00,60.433
4954,4/16/2022 3:15,60.217
4955,4/16/2022 3:30,59.959
4956,4/16/2022 3:45,59.745
4957,4/16/2022 4:00,59.529
4958,4/16/2022 4:15,59.315
4959,4/16/2022 4:30,59.099
4960,4/16/2022 4:45,58.928
4961,4/16/2022 5:00,58.712
4962,4/16/2022 5:15,58.541
4963,4/16/2022 5:30,58.411
4964,4/16/2022 5:45,58.239
4965,4/16/2022 6:00,58.109
4966,4/16/2022 6:15,57.979
4967,4/16/2022 6:30,57.893
4968,4/16/2022 6:45,57.936
4969,4/16/2022 7:00,57.936
4970,4/16/2022 7:15,57.936
4971,4/16/2022 7:30,57.979
4972,4/16/2022 7:45,58.023
4973,4/16/2022 8:00,58.152
4974,4/16/2022 8:15,58.282
4975,4/16/2022 8:30,58.498
4976,4/16/2022 8:45,58.798
4977,4/16/2022 9:00,60.26
4978,4/16/2022 9:15,62.233
4979,4/16/2022 9:30,64.204
4980,4/16/2022 9:45,66.6
4981,4/16/2022 10:00,69.685
4982,4/16/2022 10:15,72.437
4983,4/16/2022 10:30,75.029
4984,4/16/2022 10:45,77.421
4985,4/16/2022 11:00,79.743
4986,4/16/2022 11:15,81.775
4987,4/16/2022 11:30,82.931
4988,4/16/2022 11:45,83.021
4989,4/16/2022 12:00,82.353
4990,4/16/2022 12:15,82.13
4991,4/16/2022 12:30,82.13
4992,4/16/2022 12:45,82.396
4993,4/16/2022 13:00,82.708
4994,4/16/2022 13:15,83.109
4995,4/16/2022 13:30,82.841
4996,4/16/2022 13:45,81.73
4997,4/16/2022 14:00,80.404
4998,4/16/2022 14:15,79.304
4999,4/16/2022 14:30,78.69
5000,4/16/2022 14:45,78.602
5001,4/16/2022 15:00,78.865
5002,4/16/2022 15:15,79.173
5003,4/16/2022 15:30,79.524
5004,4/16/2022 15:45,79.876
5005,4/16/2022 16:00,80.139
5006,4/16/2022 16:15,80.316
5007,4/16/2022 16:30,80.404
5008,4/16/2022 16:45,80.361
5009,4/16/2022 17:00,80.227
5010,4/16/2022 17:15,79.963
5011,4/16/2022 17:30,79.612
5012,4/16/2022 17:45,79.128
5013,4/16/2022 18:00,78.427
5014,4/16/2022 18:15,77.553
5015,4/16/2022 18:30,76.55
5016,4/16/2022 18:45,75.463
5017,4/16/2022 19:00,74.25
5018,4/16/2022 19:15,72.997
5019,4/16/2022 19:30,71.791
5020,4/16/2022 19:45,70.543
5021,4/16/2022 20:00,69.343
5022,4/16/2022 20:15,68.142
5023,4/16/2022 20:30,67.028
5024,4/16/2022 20:45,65.916
5025,4/16/2022 21:00,64.803
5026,4/16/2022 21:15,63.732
5027,4/16/2022 21:30,62.748
5028,4/16/2022 21:45,61.804
5029,4/16/2022 22:00,60.904
5030,4/16/2022 22:15,60.046
5031,4/16/2022 22:30,59.229
5032,4/16/2022 22:45,58.498
5033,4/16/2022 23:00,57.765
5034,4/16/2022 23:15,57.074
5035,4/16/2022 23:30,56.426
5036,4/16/2022 23:45,55.819
5037,4/17/2022 0:00,55.213
5038,4/17/2022 0:15,54.648
5039,4/17/2022 0:30,54.126
5040,4/17/2022 0:45,53.645
5041,4/17/2022 1:00,53.166
5042,4/17/2022 1:15,52.729
5043,4/17/2022 1:30,52.291
5044,4/17/2022 1:45,51.895
5045,4/17/2022 2:00,51.501
5046,4/17/2022 2:15,51.105
5047,4/17/2022 2:30,50.752
5048,4/17/2022 2:45,50.4
5049,4/17/2022 3:00,50.047
5050,4/17/2022 3:15,49.737
5051,4/17/2022 3:30,49.428
5052,4/17/2022 3:45,49.161
5053,4/17/2022 4:00,48.983
5054,4/17/2022 4:15,48.762
5055,4/17/2022 4:30,48.538
5056,4/17/2022 4:45,48.315
5057,4/17/2022 5:00,48.094
5058,4/17/2022 5:15,47.871
5059,4/17/2022 5:30,47.647
5060,4/17/2022 5:45,47.422
5061,4/17/2022 6:00,47.199
5062,4/17/2022 6:15,47.019
5063,4/17/2022 6:30,46.931
5064,4/17/2022 6:45,46.931
5065,4/17/2022 7:00,47.154
5066,4/17/2022 7:15,47.557
5067,4/17/2022 7:30,48.094
5068,4/17/2022 7:45,48.717
5069,4/17/2022 8:00,49.428
5070,4/17/2022 8:15,50.18
5071,4/17/2022 8:30,51.105
5072,4/17/2022 8:45,52.115
5073,4/17/2022 9:00,53.253
5074,4/17/2022 9:15,54.516
5075,4/17/2022 9:30,55.819
5076,4/17/2022 9:45,57.204
5077,4/17/2022 10:00,58.669
5078,4/17/2022 10:15,60.174
5079,4/17/2022 10:30,61.761
5080,4/17/2022 10:45,63.304
5081,4/17/2022 11:00,64.888
5082,4/17/2022 11:15,66.429
5083,4/17/2022 11:30,67.971
5084,4/17/2022 11:45,69.643
5085,4/17/2022 12:00,70.716
5086,4/17/2022 12:15,71.704
5087,4/17/2022 12:30,72.869
5088,4/17/2022 12:45,74.381
5089,4/17/2022 13:00,76.071
5090,4/17/2022 13:15,77.902
5091,4/17/2022 13:30,79.7
5092,4/17/2022 13:45,81.376
5093,4/17/2022 14:00,82.931
5094,4/17/2022 14:15,84.317
5095,4/17/2022 14:30,85.532
5096,4/17/2022 14:45,86.527
5097,4/17/2022 15:00,87.255
5098,4/17/2022 15:15,87.757
5099,4/17/2022 15:30,87.573
5100,4/17/2022 15:45,85.442
5101,4/17/2022 16:00,84.094
5102,4/17/2022 16:15,83.422
5103,4/17/2022 16:30,82.976
5104,4/17/2022 16:45,82.575
5105,4/17/2022 17:00,82.175
5106,4/17/2022 17:15,81.775
5107,4/17/2022 17:30,81.333
5108,4/17/2022 17:45,80.802
5109,4/17/2022 18:00,80.096
5110,4/17/2022 18:15,79.128
5111,4/17/2022 18:30,78.033
5112,4/17/2022 18:45,76.854
5113,4/17/2022 19:00,75.551
5114,4/17/2022 19:15,74.25
5115,4/17/2022 19:30,72.955
5116,4/17/2022 19:45,71.62
5117,4/17/2022 20:00,70.329
5118,4/17/2022 20:15,69.085
5119,4/17/2022 20:30,67.885
5120,4/17/2022 20:45,66.814
5121,4/17/2022 21:00,65.788
5122,4/17/2022 21:15,64.803
5123,4/17/2022 21:30,63.819
5124,4/17/2022 21:45,62.919
5125,4/17/2022 22:00,62.062
5126,4/17/2022 22:15,61.205
5127,4/17/2022 22:30,60.433
5128,4/17/2022 22:45,59.659
5129,4/17/2022 23:00,58.928
5130,4/17/2022 23:15,58.195
5131,4/17/2022 23:30,57.549
5132,4/17/2022 23:45,56.901
5133,4/18/2022 0:00,56.295
5134,4/18/2022 0:15,55.733
5135,4/18/2022 0:30,55.213
5136,4/18/2022 0:45,54.734
5137,4/18/2022 1:00,54.255
5138,4/18/2022 1:15,53.82
5139,4/18/2022 1:30,53.298
5140,4/18/2022 1:45,52.817
5141,4/18/2022 2:00,52.378
5142,4/18/2022 2:15,51.94
5143,4/18/2022 2:30,51.544
5144,4/18/2022 2:45,51.193
5145,4/18/2022 3:00,50.886
5146,4/18/2022 3:15,50.621
5147,4/18/2022 3:30,50.445
5148,4/18/2022 3:45,50.223
5149,4/18/2022 4:00,50.047
5150,4/18/2022 4:15,49.87
5151,4/18/2022 4:30,49.692
5152,4/18/2022 4:45,49.516
5153,4/18/2022 5:00,49.383
5154,4/18/2022 5:15,49.204
5155,4/18/2022 5:30,49.073
5156,4/18/2022 5:45,48.938
5157,4/18/2022 6:00,48.85
5158,4/18/2022 6:15,48.717
5159,4/18/2022 6:30,48.672
5160,4/18/2022 6:45,48.762
5161,4/18/2022 7:00,49.028
5162,4/18/2022 7:15,49.471
5163,4/18/2022 7:30,50.002
5164,4/18/2022 7:45,50.664
5165,4/18/2022 8:00,51.413
5166,4/18/2022 8:15,52.335
5167,4/18/2022 8:30,53.384
5168,4/18/2022 8:45,54.516
5169,4/18/2022 9:00,55.776
5170,4/18/2022 9:15,57.031
5171,4/18/2022 9:30,58.325
5172,4/18/2022 9:45,59.659
5173,4/18/2022 10:00,60.948
5174,4/18/2022 10:15,62.319
5175,4/18/2022 10:30,63.732
5176,4/18/2022 10:45,65.23
5177,4/18/2022 11:00,66.814
5178,4/18/2022 11:15,68.313
5179,4/18/2022 11:30,69.728
5180,4/18/2022 11:45,71.06
5181,4/18/2022 12:00,72.437
5182,4/18/2022 12:15,73.818
5183,4/18/2022 12:30,75.117
5184,4/18/2022 12:45,76.419
5185,4/18/2022 13:00,77.684
5186,4/18/2022 13:15,78.865
5187,4/18/2022 13:30,80.008
5188,4/18/2022 13:45,81.111
5189,4/18/2022 14:00,82.13
5190,4/18/2022 14:15,83.109
5191,4/18/2022 14:30,83.914
5192,4/18/2022 14:45,84.677
5193,4/18/2022 15:00,85.217
5194,4/18/2022 15:15,85.577
5195,4/18/2022 15:30,85.802
5196,4/18/2022 15:45,85.712
5197,4/18/2022 16:00,85.442
5198,4/18/2022 16:15,85.082
5199,4/18/2022 16:30,84.587
5200,4/18/2022 16:45,83.959
5201,4/18/2022 17:00,83.242
5202,4/18/2022 17:15,82.53
5203,4/18/2022 17:30,81.73
5204,4/18/2022 17:45,81.023
5205,4/18/2022 18:00,80.227
5206,4/18/2022 18:15,79.347
5207,4/18/2022 18:30,78.339
5208,4/18/2022 18:45,77.335
5209,4/18/2022 19:00,76.203
5210,4/18/2022 19:15,75.074
5211,4/18/2022 19:30,73.99
5212,4/18/2022 19:45,72.955
5213,4/18/2022 20:00,71.964
5214,4/18/2022 20:15,71.06
5215,4/18/2022 20:30,70.243
5216,4/18/2022 20:45,69.471
5217,4/18/2022 21:00,68.785
5218,4/18/2022 21:15,68.099
5219,4/18/2022 21:30,67.456
5220,4/18/2022 21:45,66.9
5221,4/18/2022 22:00,66.385
5222,4/18/2022 22:15,65.916
5223,4/18/2022 22:30,65.487
5224,4/18/2022 22:45,65.059
5225,4/18/2022 23:00,64.674
5226,4/18/2022 23:15,64.332
5227,4/18/2022 23:30,63.99
5228,4/18/2022 23:45,63.604
5229,4/19/2022 0:00,63.219
5230,4/19/2022 0:15,62.919
5231,4/19/2022 0:30,62.577
5232,4/19/2022 0:45,62.319
5233,4/19/2022 1:00,62.062
5234,4/19/2022 1:15,61.804
5235,4/19/2022 1:30,61.59
5236,4/19/2022 1:45,61.376
5237,4/19/2022 2:00,61.162
5238,4/19/2022 2:15,60.948
5239,4/19/2022 2:30,60.775
5240,4/19/2022 2:45,60.604
5241,4/19/2022 3:00,60.39
5242,4/19/2022 3:15,60.174
5243,4/19/2022 3:30,59.916
5244,4/19/2022 3:45,59.702
5245,4/19/2022 4:00,59.486
5246,4/19/2022 4:15,59.229
5247,4/19/2022 4:30,58.971
5248,4/19/2022 4:45,58.669
5249,4/19/2022 5:00,58.368
5250,4/19/2022 5:15,58.109
5251,4/19/2022 5:30,57.85
5252,4/19/2022 5:45,57.636
5253,4/19/2022 6:00,57.42
5254,4/19/2022 6:15,57.29
5255,4/19/2022 6:30,57.204
5256,4/19/2022 6:45,57.16
5257,4/19/2022 7:00,57.16
5258,4/19/2022 7:15,57.247
5259,4/19/2022 7:30,57.333
5260,4/19/2022 7:45,57.463
5261,4/19/2022 8:00,57.592
5262,4/19/2022 8:15,57.807
5263,4/19/2022 8:30,58.023
5264,4/19/2022 8:45,58.282
5265,4/19/2022 9:00,58.669
5266,4/19/2022 9:15,59.272
5267,4/19/2022 9:30,60.003
5268,4/19/2022 9:45,60.775
5269,4/19/2022 10:00,61.633
5270,4/19/2022 10:15,62.661
5271,4/19/2022 10:30,63.862
5272,4/19/2022 10:45,65.059
5273,4/19/2022 11:00,66.385
5274,4/19/2022 11:15,67.757
5275,4/19/2022 11:30,69.17
5276,4/19/2022 11:45,70.587
5277,4/19/2022 12:00,71.964
5278,4/19/2022 12:15,73.299
5279,4/19/2022 12:30,74.64
5280,4/19/2022 12:45,75.942
5281,4/19/2022 13:00,77.16
5282,4/19/2022 13:15,78.339
5283,4/19/2022 13:30,79.435
5284,4/19/2022 13:45,80.449
5285,4/19/2022 14:00,81.333
5286,4/19/2022 14:15,82.175
5287,4/19/2022 14:30,82.931
5288,4/19/2022 14:45,83.556
5289,4/19/2022 15:00,84.094
5290,4/19/2022 15:15,84.542
5291,4/19/2022 15:30,84.857
5292,4/19/2022 15:45,85.082
5293,4/19/2022 16:00,85.217
5294,4/19/2022 16:15,85.217
5295,4/19/2022 16:30,85.082
5296,4/19/2022 16:45,84.857
5297,4/19/2022 17:00,84.497
5298,4/19/2022 17:15,84.049
5299,4/19/2022 17:30,83.467
5300,4/19/2022 17:45,82.841
5301,4/19/2022 18:00,82.042
5302,4/19/2022 18:15,81.066
5303,4/19/2022 18:30,79.92
5304,4/19/2022 18:45,78.777
5305,4/19/2022 19:00,77.509
5306,4/19/2022 19:15,76.246
5307,4/19/2022 19:30,74.943
5308,4/19/2022 19:45,73.645
5309,4/19/2022 20:00,72.437
5310,4/19/2022 20:15,71.231
5311,4/19/2022 20:30,70.115
5312,4/19/2022 20:45,68.999
5313,4/19/2022 21:00,68.013
5314,4/19/2022 21:15,67.028
5315,4/19/2022 21:30,66.13
5316,4/19/2022 21:45,65.23
5317,4/19/2022 22:00,64.418
5318,4/19/2022 22:15,63.648
5319,4/19/2022 22:30,62.962
5320,4/19/2022 22:45,62.276
5321,4/19/2022 23:00,61.677
5322,4/19/2022 23:15,61.075
5323,4/19/2022 23:30,60.517
5324,4/19/2022 23:45,59.959
5325,4/20/2022 0:00,59.445
5326,4/20/2022 0:15,58.928
5327,4/20/2022 0:30,58.411
5328,4/20/2022 0:45,58.023
5329,4/20/2022 1:00,57.679
5330,4/20/2022 1:15,57.42
5331,4/20/2022 1:30,57.117
5332,4/20/2022 1:45,56.858
5333,4/20/2022 2:00,56.599
5334,4/20/2022 2:15,56.383
5335,4/20/2022 2:30,56.251
5336,4/20/2022 2:45,56.079
5337,4/20/2022 3:00,55.949
5338,4/20/2022 3:15,55.863
5339,4/20/2022 3:30,55.733
5340,4/20/2022 3:45,55.647
5341,4/20/2022 4:00,55.558
5342,4/20/2022 4:15,55.429
5343,4/20/2022 4:30,55.299
5344,4/20/2022 4:45,55.168
5345,4/20/2022 5:00,55.081
5346,4/20/2022 5:15,54.995
5347,4/20/2022 5:30,54.909
5348,4/20/2022 5:45,54.865
5349,4/20/2022 6:00,54.82
5350,4/20/2022 6:15,54.82
5351,4/20/2022 6:30,54.909
5352,4/20/2022 6:45,54.995
5353,4/20/2022 7:00,55.213
5354,4/20/2022 7:15,55.647
5355,4/20/2022 7:30,56.079
5356,4/20/2022 7:45,56.642
5357,4/20/2022 8:00,57.204
5358,4/20/2022 8:15,57.765
5359,4/20/2022 8:30,58.411
5360,4/20/2022 8:45,59.142
5361,4/20/2022 9:00,60.089
5362,4/20/2022 9:15,61.075
5363,4/20/2022 9:30,62.148
5364,4/20/2022 9:45,63.262
5365,4/20/2022 10:00,64.503
5366,4/20/2022 10:15,65.872
5367,4/20/2022 10:30,67.285
5368,4/20/2022 10:45,68.742
5369,4/20/2022 11:00,70.201
5370,4/20/2022 11:15,71.661
5371,4/20/2022 11:30,73.126
5372,4/20/2022 11:45,74.554
5373,4/20/2022 12:00,75.853
5374,4/20/2022 12:15,77.117
5375,4/20/2022 12:30,78.339
5376,4/20/2022 12:45,79.435
5377,4/20/2022 13:00,80.492
5378,4/20/2022 13:15,81.333
5379,4/20/2022 13:30,81.819
5380,4/20/2022 13:45,82.13
5381,4/20/2022 14:00,82.308
5382,4/20/2022 14:15,82.486
5383,4/20/2022 14:30,82.53
5384,4/20/2022 14:45,82.53
5385,4/20/2022 15:00,82.441
5386,4/20/2022 15:15,82.218
5387,4/20/2022 15:30,81.909
5388,4/20/2022 15:45,81.509
5389,4/20/2022 16:00,81.111
5390,4/20/2022 16:15,80.757
5391,4/20/2022 16:30,80.404
5392,4/20/2022 16:45,79.963
5393,4/20/2022 17:00,79.48
5394,4/20/2022 17:15,78.865
5395,4/20/2022 17:30,78.208
5396,4/20/2022 17:45,77.464
5397,4/20/2022 18:00,76.681
5398,4/20/2022 18:15,75.81
5399,4/20/2022 18:30,74.943
5400,4/20/2022 18:45,74.077
5401,4/20/2022 19:00,73.17
5402,4/20/2022 19:15,72.264
5403,4/20/2022 19:30,71.404
5404,4/20/2022 19:45,70.587
5405,4/20/2022 20:00,69.858
5406,4/20/2022 20:15,69.042
5407,4/20/2022 20:30,68.227
5408,4/20/2022 20:45,67.456
5409,4/20/2022 21:00,66.686
5410,4/20/2022 21:15,65.959
5411,4/20/2022 21:30,65.273
5412,4/20/2022 21:45,64.632
5413,4/20/2022 22:00,64.033
5414,4/20/2022 22:15,63.518
5415,4/20/2022 22:30,63.048
5416,4/20/2022 22:45,62.577
5417,4/20/2022 23:00,62.191
5418,4/20/2022 23:15,61.848
5419,4/20/2022 23:30,61.506
5420,4/20/2022 23:45,61.205
5421,4/21/2022 0:00,60.948
5422,4/21/2022 0:15,60.69
5423,4/21/2022 0:30,60.433
5424,4/21/2022 0:45,60.217
5425,4/21/2022 1:00,60.003
5426,4/21/2022 1:15,59.83
5427,4/21/2022 1:30,59.659
5428,4/21/2022 1:45,59.486
5429,4/21/2022 2:00,59.315
5430,4/21/2022 2:15,59.185
5431,4/21/2022 2:30,59.056
5432,4/21/2022 2:45,58.928
5433,4/21/2022 3:00,58.798
5434,4/21/2022 3:15,58.669
5435,4/21/2022 3:30,58.541
5436,4/21/2022 3:45,58.455
5437,4/21/2022 4:00,58.325
5438,4/21/2022 4:15,58.195
5439,4/21/2022 4:30,58.023
5440,4/21/2022 4:45,57.807
5441,4/21/2022 5:00,57.636
5442,4/21/2022 5:15,57.42
5443,4/21/2022 5:30,57.204
5444,4/21/2022 5:45,56.988
5445,4/21/2022 6:00,56.815
5446,4/21/2022 6:15,56.642
5447,4/21/2022 6:30,56.469
5448,4/21/2022 6:45,56.426
5449,4/21/2022 7:00,56.469
5450,4/21/2022 7:15,56.556
5451,4/21/2022 7:30,56.772
5452,4/21/2022 7:45,56.988
5453,4/21/2022 8:00,57.29
5454,4/21/2022 8:15,57.679
5455,4/21/2022 8:30,58.066
5456,4/21/2022 8:45,58.455
5457,4/21/2022 9:00,58.885
5458,4/21/2022 9:15,59.229
5459,4/21/2022 9:30,59.616
5460,4/21/2022 9:45,60.046
5461,4/21/2022 10:00,60.604
5462,4/21/2022 10:15,61.205
5463,4/21/2022 10:30,61.934
5464,4/21/2022 10:45,62.834
5465,4/21/2022 11:00,63.775
5466,4/21/2022 11:15,64.76
5467,4/21/2022 11:30,65.574
5468,4/21/2022 11:45,66.301
5469,4/21/2022 12:00,67.028
5470,4/21/2022 12:15,67.757
5471,4/21/2022 12:30,68.443
5472,4/21/2022 12:45,69.085
5473,4/21/2022 13:00,69.728
5474,4/21/2022 13:15,70.502
5475,4/21/2022 13:30,71.317
5476,4/21/2022 13:45,72.05
5477,4/21/2022 14:00,72.869
5478,4/21/2022 14:15,73.688
5479,4/21/2022 14:30,74.554
5480,4/21/2022 14:45,75.333
5481,4/21/2022 15:00,75.942
5482,4/21/2022 15:15,76.246
5483,4/21/2022 15:30,76.55
5484,4/21/2022 15:45,76.768
5485,4/21/2022 16:00,76.811
5486,4/21/2022 16:15,76.681
5487,4/21/2022 16:30,76.332
5488,4/21/2022 16:45,75.853
5489,4/21/2022 17:00,75.333
5490,4/21/2022 17:15,74.727
5491,4/21/2022 17:30,74.206
5492,4/21/2022 17:45,73.731
5493,4/21/2022 18:00,73.256
5494,4/21/2022 18:15,72.653
5495,4/21/2022 18:30,71.964
5496,4/21/2022 18:45,71.19
5497,4/21/2022 19:00,70.372
5498,4/21/2022 19:15,69.471
5499,4/21/2022 19:30,68.571
5500,4/21/2022 19:45,67.627
5501,4/21/2022 20:00,66.729
5502,4/21/2022 20:15,65.872
5503,4/21/2022 20:30,65.059
5504,4/21/2022 20:45,64.247
5505,4/21/2022 21:00,63.433
5506,4/21/2022 21:15,62.704
5507,4/21/2022 21:30,62.019
5508,4/21/2022 21:45,61.376
5509,4/21/2022 22:00,60.775
5510,4/21/2022 22:15,60.217
5511,4/21/2022 22:30,59.745
5512,4/21/2022 22:45,59.358
5513,4/21/2022 23:00,58.971
5514,4/21/2022 23:15,58.669
5515,4/21/2022 23:30,58.541
5516,4/21/2022 23:45,58.368
5517,4/22/2022 0:00,58.239
5518,4/22/2022 0:15,58.109
5519,4/22/2022 0:30,57.979
5520,4/22/2022 0:45,57.85
5521,4/22/2022 1:00,57.722
5522,4/22/2022 1:15,57.592
5523,4/22/2022 1:30,57.42
5524,4/22/2022 1:45,57.247
5525,4/22/2022 2:00,57.117
5526,4/22/2022 2:15,56.988
5527,4/22/2022 2:30,56.858
5528,4/22/2022 2:45,56.728
5529,4/22/2022 3:00,56.556
5530,4/22/2022 3:15,56.383
5531,4/22/2022 3:30,56.208
5532,4/22/2022 3:45,56.035
5533,4/22/2022 4:00,55.819
5534,4/22/2022 4:15,55.647
5535,4/22/2022 4:30,55.429
5536,4/22/2022 4:45,55.256
5537,4/22/2022 5:00,55.081
5538,4/22/2022 5:15,54.909
5539,4/22/2022 5:30,54.734
5540,4/22/2022 5:45,54.604
5541,4/22/2022 6:00,54.473
5542,4/22/2022 6:15,54.387
5543,4/22/2022 6:30,54.255
5544,4/22/2022 6:45,54.126
5545,4/22/2022 7:00,54.037
5546,4/22/2022 7:15,53.908
5547,4/22/2022 7:30,53.82
5548,4/22/2022 7:45,53.733
5549,4/22/2022 8:00,53.733
5550,4/22/2022 8:15,53.733
5551,4/22/2022 8:30,53.82
5552,4/22/2022 8:45,54.909
5553,4/22/2022 9:00,57.074
5554,4/22/2022 9:15,58.971
5555,4/22/2022 9:30,60.39
5556,4/22/2022 9:45,61.934
5557,4/22/2022 10:00,63.518
5558,4/22/2022 10:15,65.444
5559,4/22/2022 10:30,67.242
5560,4/22/2022 10:45,69.042
5561,4/22/2022 11:00,70.93
5562,4/22/2022 11:15,72.394
5563,4/22/2022 11:30,74.077
5564,4/22/2022 11:45,75.551
5565,4/22/2022 12:00,76.942
5566,4/22/2022 12:15,78.296
5567,4/22/2022 12:30,79.567
5568,4/22/2022 12:45,80.404
5569,4/22/2022 13:00,81.376
5570,4/22/2022 13:15,82.042
5571,4/22/2022 13:30,82.753
5572,4/22/2022 13:45,83.511
5573,4/22/2022 14:00,84.094
5574,4/22/2022 14:15,84.632
5575,4/22/2022 14:30,84.722
5576,4/22/2022 14:45,84.9
5577,4/22/2022 15:00,84.945
5578,4/22/2022 15:15,84.812
5579,4/22/2022 15:30,84.677
5580,4/22/2022 15:45,84.497
5581,4/22/2022 16:00,84.182
5582,4/22/2022 16:15,83.691
5583,4/22/2022 16:30,82.753
5584,4/22/2022 16:45,81.244
5585,4/22/2022 17:00,80.227
5586,4/22/2022 17:15,79.788
5587,4/22/2022 17:30,79.524
5588,4/22/2022 17:45,78.953
5589,4/22/2022 18:00,78.165
5590,4/22/2022 18:15,77.292
5591,4/22/2022 18:30,76.375
5592,4/22/2022 18:45,75.42
5593,4/22/2022 19:00,74.424
5594,4/22/2022 19:15,73.429
5595,4/22/2022 19:30,72.48
5596,4/22/2022 19:45,71.49
5597,4/22/2022 20:00,70.587
5598,4/22/2022 20:15,69.685
5599,4/22/2022 20:30,68.828
5600,4/22/2022 20:45,68.056
5601,4/22/2022 21:00,67.242
5602,4/22/2022 21:15,66.515
5603,4/22/2022 21:30,65.788
5604,4/22/2022 21:45,65.102
5605,4/22/2022 22:00,64.459
5606,4/22/2022 22:15,63.775
5607,4/22/2022 22:30,63.133
5608,4/22/2022 22:45,62.49
5609,4/22/2022 23:00,61.891
5610,4/22/2022 23:15,61.29
5611,4/22/2022 23:30,60.775
5612,4/22/2022 23:45,60.26
5613,4/23/2022 0:00,59.788
5614,4/23/2022 0:15,59.315
5615,4/23/2022 0:30,58.885
5616,4/23/2022 0:45,58.455
5617,4/23/2022 1:00,58.023
5618,4/23/2022 1:15,57.636
5619,4/23/2022 1:30,57.247
5620,4/23/2022 1:45,56.858
5621,4/23/2022 2:00,56.469
5622,4/23/2022 2:15,56.122
5623,4/23/2022 2:30,55.776
5624,4/23/2022 2:45,55.429
5625,4/23/2022 3:00,55.081
5626,4/23/2022 3:15,54.777
5627,4/23/2022 3:30,54.473
5628,4/23/2022 3:45,54.169
5629,4/23/2022 4:00,53.865
5630,4/23/2022 4:15,53.602
5631,4/23/2022 4:30,53.341
5632,4/23/2022 4:45,53.078
5633,4/23/2022 5:00,52.817
5634,4/23/2022 5:15,52.554
5635,4/23/2022 5:30,52.335
5636,4/23/2022 5:45,52.115
5637,4/23/2022 6:00,51.94
5638,4/23/2022 6:15,51.809
5639,4/23/2022 6:30,51.764
5640,4/23/2022 6:45,51.94
5641,4/23/2022 7:00,52.291
5642,4/23/2022 7:15,52.772
5643,4/23/2022 7:30,53.384
5644,4/23/2022 7:45,54.126
5645,4/23/2022 8:00,54.995
5646,4/23/2022 8:15,55.992
5647,4/23/2022 8:30,57.074
5648,4/23/2022 8:45,58.325
5649,4/23/2022 9:00,59.659
5650,4/23/2022 9:15,61.075
5651,4/23/2022 9:30,62.533
5652,4/23/2022 9:45,64.074
5653,4/23/2022 10:00,65.658
5654,4/23/2022 10:15,67.242
5655,4/23/2022 10:30,68.871
5656,4/23/2022 10:45,70.502
5657,4/23/2022 11:00,72.093
5658,4/23/2022 11:15,73.688
5659,4/23/2022 11:30,75.247
5660,4/23/2022 11:45,76.768
5661,4/23/2022 12:00,78.208
5662,4/23/2022 12:15,79.655
5663,4/23/2022 12:30,81.023
5664,4/23/2022 12:45,82.396
5665,4/23/2022 13:00,83.779
5666,4/23/2022 13:15,85.352
5667,4/23/2022 13:30,86.981
5668,4/23/2022 13:45,88.443
5669,4/23/2022 14:00,89.731
5670,4/23/2022 14:15,90.936
5671,4/23/2022 14:30,91.963
5672,4/23/2022 14:45,92.856
5673,4/23/2022 15:00,93.564
5674,4/23/2022 15:15,94.039
5675,4/23/2022 15:30,94.323
5676,4/23/2022 15:45,94.419
5677,4/23/2022 16:00,94.323
5678,4/23/2022 16:15,94.086
5679,4/23/2022 16:30,93.659
5680,4/23/2022 16:45,93.092
5681,4/23/2022 17:00,92.386
5682,4/23/2022 17:15,91.449
5683,4/23/2022 17:30,90.379
5684,4/23/2022 17:45,89.177
5685,4/23/2022 18:00,87.939
5686,4/23/2022 18:15,86.664
5687,4/23/2022 18:30,85.352
5688,4/23/2022 18:45,84.004
5689,4/23/2022 19:00,82.665
5690,4/23/2022 19:15,81.376
5691,4/23/2022 19:30,80.096
5692,4/23/2022 19:45,78.865
5693,4/23/2022 20:00,77.684
5694,4/23/2022 20:15,76.593
5695,4/23/2022 20:30,75.508
5696,4/23/2022 20:45,74.467
5697,4/23/2022 21:00,73.472
5698,4/23/2022 21:15,72.523
5699,4/23/2022 21:30,71.62
5700,4/23/2022 21:45,70.759
5701,4/23/2022 22:00,69.942
5702,4/23/2022 22:15,69.17
5703,4/23/2022 22:30,68.4
5704,4/23/2022 22:45,67.714
5705,4/23/2022 23:00,67.028
5706,4/23/2022 23:15,66.385
5707,4/23/2022 23:30,65.745
5708,4/23/2022 23:45,65.145
5709,4/24/2022 0:00,64.589
5710,4/24/2022 0:15,64.033
5711,4/24/2022 0:30,63.475
5712,4/24/2022 0:45,62.962
5713,4/24/2022 1:00,62.49
5714,4/24/2022 1:15,62.019
5715,4/24/2022 1:30,61.547
5716,4/24/2022 1:45,61.119
5717,4/24/2022 2:00,60.647
5718,4/24/2022 2:15,60.217
5719,4/24/2022 2:30,59.83
5720,4/24/2022 2:45,59.401
5721,4/24/2022 3:00,58.971
5722,4/24/2022 3:15,58.582
5723,4/24/2022 3:30,58.195
5724,4/24/2022 3:45,57.807
5725,4/24/2022 4:00,57.463
5726,4/24/2022 4:15,57.247
5727,4/24/2022 4:30,57.031
5728,4/24/2022 4:45,56.901
5729,4/24/2022 5:00,56.815
5730,4/24/2022 5:15,56.685
5731,4/24/2022 5:30,56.599
5732,4/24/2022 5:45,56.512
5733,4/24/2022 6:00,56.469
5734,4/24/2022 6:15,56.469
5735,4/24/2022 6:30,56.469
5736,4/24/2022 6:45,56.512
5737,4/24/2022 7:00,56.642
5738,4/24/2022 7:15,56.772
5739,4/24/2022 7:30,56.944
5740,4/24/2022 7:45,57.204
5741,4/24/2022 8:00,57.506
5742,4/24/2022 8:15,57.936
5743,4/24/2022 8:30,58.455
5744,4/24/2022 8:45,59.099
5745,4/24/2022 9:00,59.873
5746,4/24/2022 9:15,60.775
5747,4/24/2022 9:30,61.891
5748,4/24/2022 9:45,63.176
5749,4/24/2022 10:00,64.803
5750,4/24/2022 10:15,66.772
5751,4/24/2022 10:30,69.042
5752,4/24/2022 10:45,71.704
5753,4/24/2022 11:00,74.683
5754,4/24/2022 11:15,77.727
5755,4/24/2022 11:30,80.668
5756,4/24/2022 11:45,83.199
5757,4/24/2022 12:00,84.767
5758,4/24/2022 12:15,85.262
5759,4/24/2022 12:30,86.074
5760,4/24/2022 12:45,87.073
5761,4/24/2022 13:00,88.122
5762,4/24/2022 13:15,89.269
5763,4/24/2022 13:30,90.379
5764,4/24/2022 13:45,91.449
5765,4/24/2022 14:00,92.48
5766,4/24/2022 14:15,93.375
5767,4/24/2022 14:30,94.23
5768,4/24/2022 14:45,94.896
5769,4/24/2022 15:00,95.472
5770,4/24/2022 15:15,95.855
5771,4/24/2022 15:30,96.048
5772,4/24/2022 15:45,96.096
5773,4/24/2022 16:00,95.952
5774,4/24/2022 16:15,95.662
5775,4/24/2022 16:30,95.23
5776,4/24/2022 16:45,94.609
5777,4/24/2022 17:00,93.801
5778,4/24/2022 17:15,92.856
5779,4/24/2022 17:30,91.776
5780,4/24/2022 17:45,90.565
5781,4/24/2022 18:00,89.269
5782,4/24/2022 18:15,87.939
5783,4/24/2022 18:30,86.527
5784,4/24/2022 18:45,85.082
5785,4/24/2022 19:00,83.646
5786,4/24/2022 19:15,82.175
5787,4/24/2022 19:30,80.802
5788,4/24/2022 19:45,79.435
5789,4/24/2022 20:00,78.165
5790,4/24/2022 20:15,76.899
5791,4/24/2022 20:30,75.681
5792,4/24/2022 20:45,74.511
5793,4/24/2022 21:00,73.429
5794,4/24/2022 21:15,72.351
5795,4/24/2022 21:30,71.274
5796,4/24/2022 21:45,70.286
5797,4/24/2022 22:00,69.3
5798,4/24/2022 22:15,68.356
5799,4/24/2022 22:30,67.456
5800,4/24/2022 22:45,66.643
5801,4/24/2022 23:00,65.829
5802,4/24/2022 23:15,65.059
5803,4/24/2022 23:30,64.332
5804,4/24/2022 23:45,63.604
5805,4/25/2022 0:00,62.962
5806,4/25/2022 0:15,62.319
5807,4/25/2022 0:30,61.72
5808,4/25/2022 0:45,61.162
5809,4/25/2022 1:00,60.604
5810,4/25/2022 1:15,60.089
5811,4/25/2022 1:30,59.572
5812,4/25/2022 1:45,59.142
5813,4/25/2022 2:00,58.712
5814,4/25/2022 2:15,58.325
5815,4/25/2022 2:30,57.936
5816,4/25/2022 2:45,57.592
5817,4/25/2022 3:00,57.204
5818,4/25/2022 3:15,56.901
5819,4/25/2022 3:30,56.599
5820,4/25/2022 3:45,56.34
5821,4/25/2022 4:00,56.035
5822,4/25/2022 4:15,55.776
5823,4/25/2022 4:30,55.558
5824,4/25/2022 4:45,55.299
5825,4/25/2022 5:00,55.081
5826,4/25/2022 5:15,54.865
5827,4/25/2022 5:30,54.691
5828,4/25/2022 5:45,54.473
5829,4/25/2022 6:00,54.343
5830,4/25/2022 6:15,54.212
5831,4/25/2022 6:30,54.126
5832,4/25/2022 6:45,54.082
5833,4/25/2022 7:00,54.082
5834,4/25/2022 7:15,55.213
5835,4/25/2022 7:30,57.85
5836,4/25/2022 7:45,60.647
5837,4/25/2022 8:00,62.834
5838,4/25/2022 8:15,64.161
5839,4/25/2022 8:30,65.403
5840,4/25/2022 8:45,66.985
5841,4/25/2022 9:00,68.742
5842,4/25/2022 9:15,70.716
5843,4/25/2022 9:30,72.826
5844,4/25/2022 9:45,75.029
5845,4/25/2022 10:00,77.292
5846,4/25/2022 10:15,79.392
5847,4/25/2022 10:30,81.421
5848,4/25/2022 10:45,83.332
5849,4/25/2022 11:00,85.082
5850,4/25/2022 11:15,86.799
5851,4/25/2022 11:30,88.396
5852,4/25/2022 11:45,89.915
5853,4/25/2022 12:00,91.17
5854,4/25/2022 12:15,92.291
5855,4/25/2022 12:30,93.328
5856,4/25/2022 12:45,94.372
5857,4/25/2022 13:00,95.374
5858,4/25/2022 13:15,96.289
5859,4/25/2022 13:30,97.111
5860,4/25/2022 13:45,97.794
5861,4/25/2022 14:00,98.332
5862,4/25/2022 14:15,98.676
5863,4/25/2022 14:30,98.971
5864,4/25/2022 14:45,99.167
5865,4/25/2022 15:00,99.316
5866,4/25/2022 15:15,99.464
5867,4/25/2022 15:30,98.971
5868,4/25/2022 15:45,96.966
5869,4/25/2022 16:00,96.724
5870,4/25/2022 16:15,96.627
5871,4/25/2022 16:30,96.627
5872,4/25/2022 16:45,96.627
5873,4/25/2022 17:00,96.53
5874,4/25/2022 17:15,96.289
5875,4/25/2022 17:30,95.806
5876,4/25/2022 17:45,95.184
5877,4/25/2022 18:00,94.419
5878,4/25/2022 18:15,93.564
5879,4/25/2022 18:30,92.62
5880,4/25/2022 18:45,91.542
5881,4/25/2022 19:00,90.379
5882,4/25/2022 19:15,89.177
5883,4/25/2022 19:30,87.894
5884,4/25/2022 19:45,86.664
5885,4/25/2022 20:00,85.442
5886,4/25/2022 20:15,84.182
5887,4/25/2022 20:30,83.287
5888,4/25/2022 20:45,82.931
5889,4/25/2022 21:00,82.575
5890,4/25/2022 21:15,81.687
5891,4/25/2022 21:30,80.492
5892,4/25/2022 21:45,79.261
5893,4/25/2022 22:00,77.99
5894,4/25/2022 22:15,76.768
5895,4/25/2022 22:30,75.637
5896,4/25/2022 22:45,74.64
5897,4/25/2022 23:00,73.645
5898,4/25/2022 23:15,72.653
5899,4/25/2022 23:30,71.748
5900,4/25/2022 23:45,70.846
5901,4/26/2022 0:00,69.985
5902,4/26/2022 0:15,69.17
5903,4/26/2022 0:30,68.4
5904,4/26/2022 0:45,67.627
5905,4/26/2022 1:00,66.943
5906,4/26/2022 1:15,66.301
5907,4/26/2022 1:30,65.701
5908,4/26/2022 1:45,65.145
5909,4/26/2022 2:00,64.632
5910,4/26/2022 2:15,64.161
5911,4/26/2022 2:30,63.862
5912,4/26/2022 2:45,63.433
5913,4/26/2022 3:00,63.005
5914,4/26/2022 3:15,62.62
5915,4/26/2022 3:30,62.191
5916,4/26/2022 3:45,61.804
5917,4/26/2022 4:00,61.376
5918,4/26/2022 4:15,60.948
5919,4/26/2022 4:30,60.517
5920,4/26/2022 4:45,60.089
5921,4/26/2022 5:00,59.702
5922,4/26/2022 5:15,59.315
5923,4/26/2022 5:30,58.971
5924,4/26/2022 5:45,58.669
5925,4/26/2022 6:00,58.411
5926,4/26/2022 6:15,58.239
5927,4/26/2022 6:30,58.195
5928,4/26/2022 6:45,59.445
5929,4/26/2022 7:00,60.69
5930,4/26/2022 7:15,62.362
5931,4/26/2022 7:30,64.546
5932,4/26/2022 7:45,66.173
5933,4/26/2022 8:00,67.5
5934,4/26/2022 8:15,68.313
5935,4/26/2022 8:30,69.256
5936,4/26/2022 8:45,70.372
5937,4/26/2022 9:00,71.704
5938,4/26/2022 9:15,73.429
5939,4/26/2022 9:30,75.376
5940,4/26/2022 9:45,76.768
5941,4/26/2022 10:00,77.335
5942,4/26/2022 10:15,76.725
5943,4/26/2022 10:30,76.158
5944,4/26/2022 10:45,75.81
5945,4/26/2022 11:00,75.551
5946,4/26/2022 11:15,75.333
5947,4/26/2022 11:30,75.16
5948,4/26/2022 11:45,75.029
5949,4/26/2022 12:00,74.986
5950,4/26/2022 12:15,74.899
5951,4/26/2022 12:30,74.813
5952,4/26/2022 12:45,74.77
5953,4/26/2022 13:00,74.727
5954,4/26/2022 13:15,74.597
5955,4/26/2022 13:30,74.424
5956,4/26/2022 13:45,74.206
5957,4/26/2022 14:00,73.947
5958,4/26/2022 14:15,73.688
5959,4/26/2022 14:30,73.472
5960,4/26/2022 14:45,73.213
5961,4/26/2022 15:00,72.955
5962,4/26/2022 15:15,72.826
5963,4/26/2022 15:30,72.61
5964,4/26/2022 15:45,72.307
5965,4/26/2022 16:00,71.92
5966,4/26/2022 16:15,71.447
5967,4/26/2022 16:30,70.974
5968,4/26/2022 16:45,71.19
5969,4/26/2022 17:00,71.877
5970,4/26/2022 17:15,72.696
5971,4/26/2022 17:30,73.386
5972,4/26/2022 17:45,74.25
5973,4/26/2022 18:00,74.424
5974,4/26/2022 18:15,74.338
5975,4/26/2022 18:30,74.25
5976,4/26/2022 18:45,74.163
5977,4/26/2022 19:00,74.034
5978,4/26/2022 19:15,73.861
5979,4/26/2022 19:30,73.602
5980,4/26/2022 19:45,73.299
5981,4/26/2022 20:00,72.955
5982,4/26/2022 20:15,72.523
5983,4/26/2022 20:30,72.093
5984,4/26/2022 20:45,71.577
5985,4/26/2022 21:00,71.06
5986,4/26/2022 21:15,70.543
5987,4/26/2022 21:30,69.942
5988,4/26/2022 21:45,69.386
5989,4/26/2022 22:00,68.785
5990,4/26/2022 22:15,68.185
5991,4/26/2022 22:30,67.586
5992,4/26/2022 22:45,66.985
5993,4/26/2022 23:00,66.429
5994,4/26/2022 23:15,65.829
5995,4/26/2022 23:30,65.273
5996,4/26/2022 23:45,64.76
5997,4/27/2022 0:00,64.204
5998,4/27/2022 0:15,63.732
5999,4/27/2022 0:30,63.219
6000,4/27/2022 0:45,62.748
6001,4/27/2022 1:00,62.319
6002,4/27/2022 1:15,61.848
6003,4/27/2022 1:30,61.462
6004,4/27/2022 1:45,61.032
6005,4/27/2022 2:00,60.647
6006,4/27/2022 2:15,60.26
6007,4/27/2022 2:30,59.873
6008,4/27/2022 2:45,59.529
6009,4/27/2022 3:00,59.185
6010,4/27/2022 3:15,58.842
6011,4/27/2022 3:30,58.541
6012,4/27/2022 3:45,58.239
6013,4/27/2022 4:00,57.936
6014,4/27/2022 4:15,57.636
6015,4/27/2022 4:30,57.376
6016,4/27/2022 4:45,57.074
6017,4/27/2022 5:00,56.815
6018,4/27/2022 5:15,56.556
6019,4/27/2022 5:30,56.34
6020,4/27/2022 5:45,56.079
6021,4/27/2022 6:00,55.819
6022,4/27/2022 6:15,55.602
6023,4/27/2022 6:30,55.429
6024,4/27/2022 6:45,55.256
6025,4/27/2022 7:00,55.081
6026,4/27/2022 7:15,54.952
6027,4/27/2022 7:30,54.865
6028,4/27/2022 7:45,54.82
6029,4/27/2022 8:00,54.82
6030,4/27/2022 8:15,54.82
6031,4/27/2022 8:30,54.865
6032,4/27/2022 8:45,54.952
6033,4/27/2022 9:00,55.081
6034,4/27/2022 9:15,55.213
6035,4/27/2022 9:30,55.429
6036,4/27/2022 9:45,55.647
6037,4/27/2022 10:00,55.949
6038,4/27/2022 10:15,56.251
6039,4/27/2022 10:30,56.599
6040,4/27/2022 10:45,56.988
6041,4/27/2022 11:00,57.376
6042,4/27/2022 11:15,57.807
6043,4/27/2022 11:30,58.282
6044,4/27/2022 11:45,58.755
6045,4/27/2022 12:00,59.272
6046,4/27/2022 12:15,59.788
6047,4/27/2022 12:30,60.346
6048,4/27/2022 12:45,60.904
6049,4/27/2022 13:00,61.506
6050,4/27/2022 13:15,62.148
6051,4/27/2022 13:30,62.791
6052,4/27/2022 13:45,63.561
6053,4/27/2022 14:00,64.76
6054,4/27/2022 14:15,65.658
6055,4/27/2022 14:30,66.385
6056,4/27/2022 14:45,67.114
6057,4/27/2022 15:00,67.928
6058,4/27/2022 15:15,68.657
6059,4/27/2022 15:30,69.343
6060,4/27/2022 15:45,69.901
6061,4/27/2022 16:00,70.372
6062,4/27/2022 16:15,70.543
6063,4/27/2022 16:30,70.716
6064,4/27/2022 16:45,70.887
6065,4/27/2022 17:00,71.06
6066,4/27/2022 17:15,71.19
6067,4/27/2022 17:30,71.231
6068,4/27/2022 17:45,71.146
6069,4/27/2022 18:00,70.974
6070,4/27/2022 18:15,70.846
6071,4/27/2022 18:30,70.716
6072,4/27/2022 18:45,70.502
6073,4/27/2022 19:00,70.201
6074,4/27/2022 19:15,69.858
6075,4/27/2022 19:30,69.514
6076,4/27/2022 19:45,69.085
6077,4/27/2022 20:00,68.657
6078,4/27/2022 20:15,68.185
6079,4/27/2022 20:30,67.714
6080,4/27/2022 20:45,67.242
6081,4/27/2022 21:00,66.772
6082,4/27/2022 21:15,66.258
6083,4/27/2022 21:30,65.788
6084,4/27/2022 21:45,65.316
6085,4/27/2022 22:00,64.845
6086,4/27/2022 22:15,64.375
6087,4/27/2022 22:30,63.946
6088,4/27/2022 22:45,63.518
6089,4/27/2022 23:00,63.133
6090,4/27/2022 23:15,62.704
6091,4/27/2022 23:30,62.319
6092,4/27/2022 23:45,61.934
6093,4/28/2022 0:00,61.547
6094,4/28/2022 0:15,61.119
6095,4/28/2022 0:30,60.775
6096,4/28/2022 0:45,60.39
6097,4/28/2022 1:00,60.003
6098,4/28/2022 1:15,59.659
6099,4/28/2022 1:30,59.315
6100,4/28/2022 1:45,58.971
6101,4/28/2022 2:00,58.669
6102,4/28/2022 2:15,58.368
6103,4/28/2022 2:30,58.066
6104,4/28/2022 2:45,57.765
6105,4/28/2022 3:00,57.463
6106,4/28/2022 3:15,57.16
6107,4/28/2022 3:30,56.901
6108,4/28/2022 3:45,56.642
6109,4/28/2022 4:00,56.383
6110,4/28/2022 4:15,56.122
6111,4/28/2022 4:30,55.906
6112,4/28/2022 4:45,55.733
6113,4/28/2022 5:00,55.515
6114,4/28/2022 5:15,55.342
6115,4/28/2022 5:30,55.168
6116,4/28/2022 5:45,55.038
6117,4/28/2022 6:00,54.865
6118,4/28/2022 6:15,54.734
6119,4/28/2022 6:30,54.648
6120,4/28/2022 6:45,54.516
6121,4/28/2022 7:00,54.43
6122,4/28/2022 7:15,54.387
6123,4/28/2022 7:30,55.386
6124,4/28/2022 7:45,56.772
6125,4/28/2022 8:00,59.056
6126,4/28/2022 8:15,61.119
6127,4/28/2022 8:30,62.834
6128,4/28/2022 8:45,64.247
6129,4/28/2022 9:00,64.931
6130,4/28/2022 9:15,65.574
6131,4/28/2022 9:30,66.13
6132,4/28/2022 9:45,66.686
6133,4/28/2022 10:00,67.114
6134,4/28/2022 10:15,67.456
6135,4/28/2022 10:30,67.798
6136,4/28/2022 10:45,68.099
6137,4/28/2022 11:00,68.4
6138,4/28/2022 11:15,68.742
6139,4/28/2022 11:30,69.085
6140,4/28/2022 11:45,69.427
6141,4/28/2022 12:00,69.728
6142,4/28/2022 12:15,70.029
6143,4/28/2022 12:30,70.329
6144,4/28/2022 12:45,70.587
6145,4/28/2022 13:00,70.887
6146,4/28/2022 13:15,71.146
6147,4/28/2022 13:30,71.274
6148,4/28/2022 13:45,71.317
6149,4/28/2022 14:00,71.317
6150,4/28/2022 14:15,71.274
6151,4/28/2022 14:30,71.231
6152,4/28/2022 14:45,71.146
6153,4/28/2022 15:00,71.017
6154,4/28/2022 15:15,70.846
6155,4/28/2022 15:30,70.63
6156,4/28/2022 15:45,70.372
6157,4/28/2022 16:00,70.115
6158,4/28/2022 16:15,69.814
6159,4/28/2022 16:30,69.471
6160,4/28/2022 16:45,69.6
6161,4/28/2022 17:00,70.329
6162,4/28/2022 17:15,71.06
6163,4/28/2022 17:30,71.103
6164,4/28/2022 17:45,71.017
6165,4/28/2022 18:00,70.887
6166,4/28/2022 18:15,70.587
6167,4/28/2022 18:30,70.201
6168,4/28/2022 18:45,69.685
6169,4/28/2022 19:00,69.085
6170,4/28/2022 19:15,68.443
6171,4/28/2022 19:30,67.757
6172,4/28/2022 19:45,67.028
6173,4/28/2022 20:00,66.344
6174,4/28/2022 20:15,65.872
6175,4/28/2022 20:30,66.258
6176,4/28/2022 20:45,66.729
6177,4/28/2022 21:00,67.285
6178,4/28/2022 21:15,67.242
6179,4/28/2022 21:30,67.028
6180,4/28/2022 21:45,66.729
6181,4/28/2022 22:00,66.344
6182,4/28/2022 22:15,66
6183,4/28/2022 22:30,65.574
6184,4/28/2022 22:45,65.188
6185,4/28/2022 23:00,64.76
6186,4/28/2022 23:15,64.332
6187,4/28/2022 23:30,63.946
6188,4/28/2022 23:45,63.518
6189,4/29/2022 0:00,63.133
6190,4/29/2022 0:15,62.748
6191,4/29/2022 0:30,62.362
6192,4/29/2022 0:45,62.019
6193,4/29/2022 1:00,61.72
6194,4/29/2022 1:15,61.376
6195,4/29/2022 1:30,61.032
6196,4/29/2022 1:45,60.647
6197,4/29/2022 2:00,60.303
6198,4/29/2022 2:15,59.916
6199,4/29/2022 2:30,59.572
6200,4/29/2022 2:45,59.229
6201,4/29/2022 3:00,58.842
6202,4/29/2022 3:15,58.498
6203,4/29/2022 3:30,58.152
6204,4/29/2022 3:45,57.807
6205,4/29/2022 4:00,57.463
6206,4/29/2022 4:15,57.16
6207,4/29/2022 4:30,56.815
6208,4/29/2022 4:45,56.469
6209,4/29/2022 5:00,56.165
6210,4/29/2022 5:15,55.819
6211,4/29/2022 5:30,55.515
6212,4/29/2022 5:45,55.69
6213,4/29/2022 6:00,57.247
6214,4/29/2022 6:15,58.498
6215,4/29/2022 6:30,59.959
6216,4/29/2022 6:45,61.205
6217,4/29/2022 7:00,62.191
6218,4/29/2022 7:15,62.577
6219,4/29/2022 7:30,62.791
6220,4/29/2022 7:45,63.09
6221,4/29/2022 8:00,63.518
6222,4/29/2022 8:15,63.99
6223,4/29/2022 8:30,64.589
6224,4/29/2022 8:45,65.23
6225,4/29/2022 9:00,65.916
6226,4/29/2022 9:15,66.6
6227,4/29/2022 9:30,67.158
6228,4/29/2022 9:45,67.627
6229,4/29/2022 10:00,68.013
6230,4/29/2022 10:15,68.313
6231,4/29/2022 10:30,68.571
6232,4/29/2022 10:45,68.828
6233,4/29/2022 11:00,69.042
6234,4/29/2022 11:15,69.256
6235,4/29/2022 11:30,69.557
6236,4/29/2022 11:45,69.814
6237,4/29/2022 12:00,69.942
6238,4/29/2022 12:15,70.329
6239,4/29/2022 12:30,70.846
6240,4/29/2022 12:45,71.661
6241,4/29/2022 13:00,72.61
6242,4/29/2022 13:15,73.645
6243,4/29/2022 13:30,74.899
6244,4/29/2022 13:45,76.246
6245,4/29/2022 14:00,77.727
6246,4/29/2022 14:15,79.261
6247,4/29/2022 14:30,80.802
6248,4/29/2022 14:45,82.353
6249,4/29/2022 15:00,83.779
6250,4/29/2022 15:15,85.127
6251,4/29/2022 15:30,86.346
6252,4/29/2022 15:45,87.436
6253,4/29/2022 16:00,88.443
6254,4/29/2022 16:15,89.224
6255,4/29/2022 16:30,89.87
6256,4/29/2022 16:45,90.424
6257,4/29/2022 17:00,90.891
6258,4/29/2022 17:15,91.308
6259,4/29/2022 17:30,91.542
6260,4/29/2022 17:45,91.589
6261,4/29/2022 18:00,91.355
6262,4/29/2022 18:15,90.891
6263,4/29/2022 18:30,90.239
6264,4/29/2022 18:45,89.407
6265,4/29/2022 19:00,88.396
6266,4/29/2022 19:15,87.3
6267,4/29/2022 19:30,86.119
6268,4/29/2022 19:45,84.945
6269,4/29/2022 20:00,83.779
6270,4/29/2022 20:15,82.575
6271,4/29/2022 20:30,81.421
6272,4/29/2022 20:45,80.316
6273,4/29/2022 21:00,79.216
6274,4/29/2022 21:15,78.121
6275,4/29/2022 21:30,77.117
6276,4/29/2022 21:45,76.114
6277,4/29/2022 22:00,75.117
6278,4/29/2022 22:15,74.206
6279,4/29/2022 22:30,73.342
6280,4/29/2022 22:45,72.48
6281,4/29/2022 23:00,71.661
6282,4/29/2022 23:15,70.887
6283,4/29/2022 23:30,70.115
6284,4/29/2022 23:45,69.343
6285,4/30/2022 0:00,68.657
6286,4/30/2022 0:15,67.971
6287,4/30/2022 0:30,67.329
6288,4/30/2022 0:45,66.686
6289,4/30/2022 1:00,66.13
6290,4/30/2022 1:15,65.574
6291,4/30/2022 1:30,65.017
6292,4/30/2022 1:45,64.503
6293,4/30/2022 2:00,64.033
6294,4/30/2022 2:15,63.561
6295,4/30/2022 2:30,63.09
6296,4/30/2022 2:45,62.661
6297,4/30/2022 3:00,62.276
6298,4/30/2022 3:15,61.891
6299,4/30/2022 3:30,61.506
6300,4/30/2022 3:45,61.162
6301,4/30/2022 4:00,60.818
6302,4/30/2022 4:15,60.433
6303,4/30/2022 4:30,60.132
6304,4/30/2022 4:45,59.83
6305,4/30/2022 5:00,59.529
6306,4/30/2022 5:15,59.229
6307,4/30/2022 5:30,58.928
6308,4/30/2022 5:45,58.669
6309,4/30/2022 6:00,58.455
6310,4/30/2022 6:15,58.195
6311,4/30/2022 6:30,58.023
6312,4/30/2022 6:45,57.85
6313,4/30/2022 7:00,57.722
6314,4/30/2022 7:15,57.592
6315,4/30/2022 7:30,57.549
6316,4/30/2022 7:45,57.506
6317,4/30/2022 8:00,57.463
6318,4/30/2022 8:15,57.463
6319,4/30/2022 8:30,57.463
6320,4/30/2022 8:45,57.506
6321,4/30/2022 9:00,57.592
6322,4/30/2022 9:15,57.765
6323,4/30/2022 9:30,59.014
6324,4/30/2022 9:45,60.775
6325,4/30/2022 10:00,62.406
6326,4/30/2022 10:15,63.819
6327,4/30/2022 10:30,65.145
6328,4/30/2022 10:45,66.515
6329,4/30/2022 11:00,68.013
6330,4/30/2022 11:15,69.514
6331,4/30/2022 11:30,71.06
6332,4/30/2022 11:45,72.61
6333,4/30/2022 12:00,74.12
6334,4/30/2022 12:15,75.551
6335,4/30/2022 12:30,76.942
6336,4/30/2022 12:45,78.208
6337,4/30/2022 13:00,79.347
6338,4/30/2022 13:15,80.404
6339,4/30/2022 13:30,81.376
6340,4/30/2022 13:45,82.263
6341,4/30/2022 14:00,83.064
6342,4/30/2022 14:15,83.736
6343,4/30/2022 14:30,84.317
6344,4/30/2022 14:45,84.812
6345,4/30/2022 15:00,85.262
6346,4/30/2022 15:15,85.622
6347,4/30/2022 15:30,85.894
6348,4/30/2022 15:45,86.164
6349,4/30/2022 16:00,86.256
6350,4/30/2022 16:15,86.256
6351,4/30/2022 16:30,86.074
6352,4/30/2022 16:45,85.622
6353,4/30/2022 17:00,84.99
6354,4/30/2022 17:15,84.227
6355,4/30/2022 17:30,83.377
6356,4/30/2022 17:45,82.441
6357,4/30/2022 18:00,81.509
6358,4/30/2022 18:15,80.537
6359,4/30/2022 18:30,79.524
6360,4/30/2022 18:45,78.514
6361,4/30/2022 19:00,77.421
6362,4/30/2022 19:15,76.375
6363,4/30/2022 19:30,75.29
6364,4/30/2022 19:45,74.25
6365,4/30/2022 20:00,73.126
6366,4/30/2022 20:15,72.05
6367,4/30/2022 20:30,70.93
6368,4/30/2022 20:45,69.858
6369,4/30/2022 21:00,68.785
6370,4/30/2022 21:15,67.714
6371,4/30/2022 21:30,66.729
6372,4/30/2022 21:45,65.745
6373,4/30/2022 22:00,64.803
6374,4/30/2022 22:15,63.903
6375,4/30/2022 22:30,63.005
6376,4/30/2022 22:45,62.148
6377,4/30/2022 23:00,61.333
6378,4/30/2022 23:15,60.561
6379,4/30/2022 23:30,59.745
6380,4/30/2022 23:45,58.971
6381,5/1/2022 0:00,58.239
6382,5/1/2022 0:15,57.549
6383,5/1/2022 0:30,56.944
6384,5/1/2022 0:45,56.34
6385,5/1/2022 1:00,55.819
6386,5/1/2022 1:15,55.299
6387,5/1/2022 1:30,54.777
6388,5/1/2022 1:45,54.3
6389,5/1/2022 2:00,53.82
6390,5/1/2022 2:15,53.341
6391,5/1/2022 2:30,52.903
6392,5/1/2022 2:45,52.509
6393,5/1/2022 3:00,52.115
6394,5/1/2022 3:15,51.721
6395,5/1/2022 3:30,51.37
6396,5/1/2022 3:45,50.974
6397,5/1/2022 4:00,50.664
6398,5/1/2022 4:15,50.311
6399,5/1/2022 4:30,50.002
6400,5/1/2022 4:45,49.692
6401,5/1/2022 5:00,49.428
6402,5/1/2022 5:15,49.161
6403,5/1/2022 5:30,48.895
6404,5/1/2022 5:45,48.672
6405,5/1/2022 6:00,48.493
6406,5/1/2022 6:15,48.405
6407,5/1/2022 6:30,48.405
6408,5/1/2022 6:45,48.45
6409,5/1/2022 7:00,48.538
6410,5/1/2022 7:15,48.717
6411,5/1/2022 7:30,49.028
6412,5/1/2022 7:45,49.428
6413,5/1/2022 8:00,49.959
6414,5/1/2022 8:15,50.621
6415,5/1/2022 8:30,51.501
6416,5/1/2022 8:45,52.509
6417,5/1/2022 9:00,53.69
6418,5/1/2022 9:15,54.952
6419,5/1/2022 9:30,56.295
6420,5/1/2022 9:45,57.765
6421,5/1/2022 10:00,59.142
6422,5/1/2022 10:15,60.39
6423,5/1/2022 10:30,61.376
6424,5/1/2022 10:45,62.276
6425,5/1/2022 11:00,63.048
6426,5/1/2022 11:15,63.732
6427,5/1/2022 11:30,64.418
6428,5/1/2022 11:45,65.145
6429,5/1/2022 12:00,65.959
6430,5/1/2022 12:15,66.943
6431,5/1/2022 12:30,67.971
6432,5/1/2022 12:45,68.956
6433,5/1/2022 13:00,69.858
6434,5/1/2022 13:15,70.673
6435,5/1/2022 13:30,71.404
6436,5/1/2022 13:45,72.007
6437,5/1/2022 14:00,72.567
6438,5/1/2022 14:15,73.04
6439,5/1/2022 14:30,73.472
6440,5/1/2022 14:45,73.861
6441,5/1/2022 15:00,74.25
6442,5/1/2022 15:15,74.64
6443,5/1/2022 15:30,74.986
6444,5/1/2022 15:45,74.986
6445,5/1/2022 16:00,74.64
6446,5/1/2022 16:15,74.424
6447,5/1/2022 16:30,74.597
6448,5/1/2022 16:45,74.077
6449,5/1/2022 17:00,73.386
6450,5/1/2022 17:15,73.083
6451,5/1/2022 17:30,73.04
6452,5/1/2022 17:45,73.083
6453,5/1/2022 18:00,73.17
6454,5/1/2022 18:15,73.256
6455,5/1/2022 18:30,73.256
6456,5/1/2022 18:45,73.299
6457,5/1/2022 19:00,73.299
6458,5/1/2022 19:15,73.299
6459,5/1/2022 19:30,73.299
6460,5/1/2022 19:45,73.256
6461,5/1/2022 20:00,73.213
6462,5/1/2022 20:15,73.126
6463,5/1/2022 20:30,73.04
6464,5/1/2022 20:45,72.912
6465,5/1/2022 21:00,72.826
6466,5/1/2022 21:15,72.826
6467,5/1/2022 21:30,72.869
6468,5/1/2022 21:45,72.869
6469,5/1/2022 22:00,72.912
6470,5/1/2022 22:15,72.955
6471,5/1/2022 22:30,72.955
6472,5/1/2022 22:45,72.955
6473,5/1/2022 23:00,72.912
6474,5/1/2022 23:15,72.869
6475,5/1/2022 23:30,72.826
6476,5/1/2022 23:45,72.696
6477,5/2/2022 0:00,72.61
6478,5/2/2022 0:15,72.437
6479,5/2/2022 0:30,72.307
6480,5/2/2022 0:45,72.178
6481,5/2/2022 1:00,72.007
6482,5/2/2022 1:15,71.791
6483,5/2/2022 1:30,71.577
6484,5/2/2022 1:45,71.361
6485,5/2/2022 2:00,71.146
6486,5/2/2022 2:15,70.887
6487,5/2/2022 2:30,70.716
6488,5/2/2022 2:45,70.502
6489,5/2/2022 3:00,70.286
6490,5/2/2022 3:15,70.115
6491,5/2/2022 3:30,69.901
6492,5/2/2022 3:45,69.728
6493,5/2/2022 4:00,69.557
6494,5/2/2022 4:15,69.386
6495,5/2/2022 4:30,69.213
6496,5/2/2022 4:45,69.042
6497,5/2/2022 5:00,68.871
6498,5/2/2022 5:15,68.698
6499,5/2/2022 5:30,68.571
6500,5/2/2022 5:45,68.4
6501,5/2/2022 6:00,68.27
6502,5/2/2022 6:15,68.142
6503,5/2/2022 6:30,68.056
6504,5/2/2022 6:45,67.971
6505,5/2/2022 7:00,67.885
6506,5/2/2022 7:15,67.842
6507,5/2/2022 7:30,67.798
6508,5/2/2022 7:45,67.757
6509,5/2/2022 8:00,67.757
6510,5/2/2022 8:15,67.757
6511,5/2/2022 8:30,67.798
6512,5/2/2022 8:45,67.798
6513,5/2/2022 9:00,67.842
6514,5/2/2022 9:15,67.885
6515,5/2/2022 9:30,67.971
6516,5/2/2022 9:45,68.013
6517,5/2/2022 10:00,68.099
6518,5/2/2022 10:15,68.142
6519,5/2/2022 10:30,68.27
6520,5/2/2022 10:45,68.356
6521,5/2/2022 11:00,68.527
6522,5/2/2022 11:15,68.657
6523,5/2/2022 11:30,68.828
6524,5/2/2022 11:45,68.956
6525,5/2/2022 12:00,69.129
6526,5/2/2022 12:15,69.3
6527,5/2/2022 12:30,69.471
6528,5/2/2022 12:45,69.643
6529,5/2/2022 13:00,69.814
6530,5/2/2022 13:15,70.029
6531,5/2/2022 13:30,70.201
6532,5/2/2022 13:45,70.372
6533,5/2/2022 14:00,70.587
6534,5/2/2022 14:15,70.803
6535,5/2/2022 14:30,71.06
6536,5/2/2022 14:45,71.317
6537,5/2/2022 15:00,71.62
6538,5/2/2022 15:15,73.774
6539,5/2/2022 15:30,75.681
6540,5/2/2022 15:45,75.29
6541,5/2/2022 16:00,74.986
6542,5/2/2022 16:15,74.683
6543,5/2/2022 16:30,74.424
6544,5/2/2022 16:45,74.25
6545,5/2/2022 17:00,74.12
6546,5/2/2022 17:15,73.99
6547,5/2/2022 17:30,73.947
6548,5/2/2022 17:45,73.947
6549,5/2/2022 18:00,73.99
6550,5/2/2022 18:15,74.077
6551,5/2/2022 18:30,74.12
6552,5/2/2022 18:45,74.163
6553,5/2/2022 19:00,74.206
6554,5/2/2022 19:15,74.206
6555,5/2/2022 19:30,74.206
6556,5/2/2022 19:45,74.163
6557,5/2/2022 20:00,74.206
6558,5/2/2022 20:15,74.25
6559,5/2/2022 20:30,74.295
6560,5/2/2022 20:45,74.338
6561,5/2/2022 21:00,74.338
6562,5/2/2022 21:15,74.25
6563,5/2/2022 21:30,74.163
6564,5/2/2022 21:45,74.12
6565,5/2/2022 22:00,74.077
6566,5/2/2022 22:15,74.077
6567,5/2/2022 22:30,74.034
6568,5/2/2022 22:45,74.034
6569,5/2/2022 23:00,73.99
6570,5/2/2022 23:15,73.947
6571,5/2/2022 23:30,73.904
6572,5/2/2022 23:45,73.818
6573,5/3/2022 0:00,73.774
6574,5/3/2022 0:15,73.731
6575,5/3/2022 0:30,73.645
6576,5/3/2022 0:45,73.602
6577,5/3/2022 1:00,73.515
6578,5/3/2022 1:15,73.429
6579,5/3/2022 1:30,73.342
6580,5/3/2022 1:45,73.256
6581,5/3/2022 2:00,73.126
6582,5/3/2022 2:15,73.04
6583,5/3/2022 2:30,72.869
6584,5/3/2022 2:45,72.653
6585,5/3/2022 3:00,72.437
6586,5/3/2022 3:15,72.178
6587,5/3/2022 3:30,71.92
6588,5/3/2022 3:45,71.661
6589,5/3/2022 4:00,71.404
6590,5/3/2022 4:15,71.19
6591,5/3/2022 4:30,70.974
6592,5/3/2022 4:45,70.803
6593,5/3/2022 5:00,70.587
6594,5/3/2022 5:15,70.416
6595,5/3/2022 5:30,70.201
6596,5/3/2022 5:45,70.029
6597,5/3/2022 6:00,69.858
6598,5/3/2022 6:15,69.728
6599,5/3/2022 6:30,69.643
6600,5/3/2022 6:45,69.6
6601,5/3/2022 7:00,69.514
6602,5/3/2022 7:15,69.471
6603,5/3/2022 7:30,69.427
6604,5/3/2022 7:45,69.386
6605,5/3/2022 8:00,69.343
6606,5/3/2022 8:15,69.256
6607,5/3/2022 8:30,69.213
6608,5/3/2022 8:45,69.17
6609,5/3/2022 9:00,69.129
6610,5/3/2022 9:15,69.085
6611,5/3/2022 9:30,69.042
6612,5/3/2022 9:45,69.042
6613,5/3/2022 10:00,69.042
6614,5/3/2022 10:15,69.085
6615,5/3/2022 10:30,69.17
6616,5/3/2022 10:45,69.256
6617,5/3/2022 11:00,69.386
6618,5/3/2022 11:15,69.514
6619,5/3/2022 11:30,69.643
6620,5/3/2022 11:45,69.814
6621,5/3/2022 12:00,69.985
6622,5/3/2022 12:15,70.201
6623,5/3/2022 12:30,70.372
6624,5/3/2022 12:45,70.587
6625,5/3/2022 13:00,70.803
6626,5/3/2022 13:15,71.06
6627,5/3/2022 13:30,71.317
6628,5/3/2022 13:45,71.577
6629,5/3/2022 14:00,71.791
6630,5/3/2022 14:15,72.007
6631,5/3/2022 14:30,72.307
6632,5/3/2022 14:45,72.61
6633,5/3/2022 15:00,72.955
6634,5/3/2022 15:15,75.29
6635,5/3/2022 15:30,76.942
6636,5/3/2022 15:45,76.811
6637,5/3/2022 16:00,76.55
6638,5/3/2022 16:15,76.289
6639,5/3/2022 16:30,76.114
6640,5/3/2022 16:45,76.028
6641,5/3/2022 17:00,75.985
6642,5/3/2022 17:15,75.985
6643,5/3/2022 17:30,75.985
6644,5/3/2022 17:45,76.071
6645,5/3/2022 18:00,76.158
6646,5/3/2022 18:15,76.332
6647,5/3/2022 18:30,76.419
6648,5/3/2022 18:45,76.464
6649,5/3/2022 19:00,76.464
6650,5/3/2022 19:15,76.507
6651,5/3/2022 19:30,76.507
6652,5/3/2022 19:45,76.507
6653,5/3/2022 20:00,76.55
6654,5/3/2022 20:15,76.593
6655,5/3/2022 20:30,76.681
6656,5/3/2022 20:45,76.681
6657,5/3/2022 21:00,76.725
6658,5/3/2022 21:15,76.725
6659,5/3/2022 21:30,76.725
6660,5/3/2022 21:45,76.681
6661,5/3/2022 22:00,76.681
6662,5/3/2022 22:15,76.636
6663,5/3/2022 22:30,76.593
6664,5/3/2022 22:45,76.55
6665,5/3/2022 23:00,76.55
6666,5/3/2022 23:15,76.507
6667,5/3/2022 23:30,76.419
6668,5/3/2022 23:45,76.375
6669,5/4/2022 0:00,76.246
6670,5/4/2022 0:15,76.114
6671,5/4/2022 0:30,75.985
6672,5/4/2022 0:45,75.81
6673,5/4/2022 1:00,75.637
6674,5/4/2022 1:15,75.508
6675,5/4/2022 1:30,75.29
6676,5/4/2022 1:45,75.117
6677,5/4/2022 2:00,74.943
6678,5/4/2022 2:15,74.813
6679,5/4/2022 2:30,74.64
6680,5/4/2022 2:45,74.467
6681,5/4/2022 3:00,74.295
6682,5/4/2022 3:15,74.077
6683,5/4/2022 3:30,73.904
6684,5/4/2022 3:45,73.774
6685,5/4/2022 4:00,73.602
6686,5/4/2022 4:15,73.429
6687,5/4/2022 4:30,73.213
6688,5/4/2022 4:45,72.955
6689,5/4/2022 5:00,72.739
6690,5/4/2022 5:15,72.523
6691,5/4/2022 5:30,72.351
6692,5/4/2022 5:45,72.178
6693,5/4/2022 6:00,72.093
6694,5/4/2022 6:15,72.05
6695,5/4/2022 6:30,72.007
6696,5/4/2022 6:45,71.92
6697,5/4/2022 7:00,71.877
6698,5/4/2022 7:15,71.791
6699,5/4/2022 7:30,71.704
6700,5/4/2022 7:45,71.661
6701,5/4/2022 8:00,71.577
6702,5/4/2022 8:15,71.49
6703,5/4/2022 8:30,71.404
6704,5/4/2022 8:45,71.404
6705,5/4/2022 9:00,71.361
6706,5/4/2022 9:15,71.361
6707,5/4/2022 9:30,71.361
6708,5/4/2022 9:45,71.404
6709,5/4/2022 10:00,71.49
6710,5/4/2022 10:15,71.577
6711,5/4/2022 10:30,71.661
6712,5/4/2022 10:45,71.791
6713,5/4/2022 11:00,71.964
6714,5/4/2022 11:15,72.093
6715,5/4/2022 11:30,72.307
6716,5/4/2022 11:45,72.48
6717,5/4/2022 12:00,72.696
6718,5/4/2022 12:15,72.869
6719,5/4/2022 12:30,73.126
6720,5/4/2022 12:45,73.342
6721,5/4/2022 13:00,73.558
6722,5/4/2022 13:15,73.818
6723,5/4/2022 13:30,74.077
6724,5/4/2022 13:45,74.467
6725,5/4/2022 14:00,75.247
6726,5/4/2022 14:15,76.681
6727,5/4/2022 14:30,80.272
6728,5/4/2022 14:45,82.753
6729,5/4/2022 15:00,81.376
6730,5/4/2022 15:15,79.7
6731,5/4/2022 15:30,78.645
6732,5/4/2022 15:45,77.99
6733,5/4/2022 16:00,77.639
6734,5/4/2022 16:15,77.421
6735,5/4/2022 16:30,77.335
6736,5/4/2022 16:45,77.292
6737,5/4/2022 17:00,77.247
6738,5/4/2022 17:15,77.203
6739,5/4/2022 17:30,77.117
6740,5/4/2022 17:45,77.072
6741,5/4/2022 18:00,76.942
6742,5/4/2022 18:15,76.854
6743,5/4/2022 18:30,76.681
6744,5/4/2022 18:45,76.507
6745,5/4/2022 19:00,76.071
6746,5/4/2022 19:15,75.637
6747,5/4/2022 19:30,75.551
6748,5/4/2022 19:45,75.463
6749,5/4/2022 20:00,75.376
6750,5/4/2022 20:15,75.333
6751,5/4/2022 20:30,75.376
6752,5/4/2022 20:45,75.853
6753,5/4/2022 21:00,75.637
6754,5/4/2022 21:15,75.333
6755,5/4/2022 21:30,75.029
6756,5/4/2022 21:45,74.813
6757,5/4/2022 22:00,74.683
6758,5/4/2022 22:15,74.683
6759,5/4/2022 22:30,74.597
6760,5/4/2022 22:45,74.467
6761,5/4/2022 23:00,74.381
6762,5/4/2022 23:15,74.338
6763,5/4/2022 23:30,74.338
6764,5/4/2022 23:45,74.25
6765,5/5/2022 0:00,74.163
6766,5/5/2022 0:15,74.077
6767,5/5/2022 0:30,73.99
6768,5/5/2022 0:45,73.947
6769,5/5/2022 1:00,73.861
6770,5/5/2022 1:15,73.818
6771,5/5/2022 1:30,73.731
6772,5/5/2022 1:45,73.645
6773,5/5/2022 2:00,73.558
6774,5/5/2022 2:15,73.515
6775,5/5/2022 2:30,73.429
6776,5/5/2022 2:45,73.342
6777,5/5/2022 3:00,73.213
6778,5/5/2022 3:15,73.04
6779,5/5/2022 3:30,72.912
6780,5/5/2022 3:45,72.783
6781,5/5/2022 4:00,72.61
6782,5/5/2022 4:15,72.523
6783,5/5/2022 4:30,72.394
6784,5/5/2022 4:45,72.264
6785,5/5/2022 5:00,72.136
6786,5/5/2022 5:15,72.007
6787,5/5/2022 5:30,71.92
6788,5/5/2022 5:45,71.834
6789,5/5/2022 6:00,71.834
6790,5/5/2022 6:15,71.791
6791,5/5/2022 6:30,71.704
6792,5/5/2022 6:45,71.62
6793,5/5/2022 7:00,71.577
6794,5/5/2022 7:15,71.49
6795,5/5/2022 7:30,71.49
6796,5/5/2022 7:45,71.49
6797,5/5/2022 8:00,71.49
6798,5/5/2022 8:15,71.49
6799,5/5/2022 8:30,71.533
6800,5/5/2022 8:45,72.05
6801,5/5/2022 9:00,72.264
6802,5/5/2022 9:15,71.146
6803,5/5/2022 9:30,70.887
6804,5/5/2022 9:45,70.716
6805,5/5/2022 10:00,70.716
6806,5/5/2022 10:15,70.716
6807,5/5/2022 10:30,70.759
6808,5/5/2022 10:45,70.887
6809,5/5/2022 11:00,70.974
6810,5/5/2022 11:15,71.103
6811,5/5/2022 11:30,71.19
6812,5/5/2022 11:45,71.317
6813,5/5/2022 12:00,71.404
6814,5/5/2022 12:15,71.533
6815,5/5/2022 12:30,71.661
6816,5/5/2022 12:45,71.834
6817,5/5/2022 13:00,71.964
6818,5/5/2022 13:15,72.178
6819,5/5/2022 13:30,72.437
6820,5/5/2022 13:45,72.696
6821,5/5/2022 14:00,72.826
6822,5/5/2022 14:15,72.997
6823,5/5/2022 14:30,72.997
6824,5/5/2022 14:45,72.997
6825,5/5/2022 15:00,73.04
6826,5/5/2022 15:15,73.126
6827,5/5/2022 15:30,73.17
6828,5/5/2022 15:45,73.213
6829,5/5/2022 16:00,73.299
6830,5/5/2022 16:15,73.342
6831,5/5/2022 16:30,73.386
6832,5/5/2022 16:45,73.429
6833,5/5/2022 17:00,73.472
6834,5/5/2022 17:15,73.472
6835,5/5/2022 17:30,73.472
6836,5/5/2022 17:45,73.472
6837,5/5/2022 18:00,73.472
6838,5/5/2022 18:15,73.472
6839,5/5/2022 18:30,73.472
6840,5/5/2022 18:45,73.429
6841,5/5/2022 19:00,73.386
6842,5/5/2022 19:15,73.299
6843,5/5/2022 19:30,73.256
6844,5/5/2022 19:45,73.17
6845,5/5/2022 20:00,73.083
6846,5/5/2022 20:15,73.04
6847,5/5/2022 20:30,72.955
6848,5/5/2022 20:45,72.869
6849,5/5/2022 21:00,72.826
6850,5/5/2022 21:15,72.739
6851,5/5/2022 21:30,72.696
6852,5/5/2022 21:45,72.61
6853,5/5/2022 22:00,72.567
6854,5/5/2022 22:15,72.523
6855,5/5/2022 22:30,72.437
6856,5/5/2022 22:45,72.394
6857,5/5/2022 23:00,72.351
6858,5/5/2022 23:15,72.264
6859,5/5/2022 23:30,72.178
6860,5/5/2022 23:45,72.093
6861,5/6/2022 0:00,72.05
6862,5/6/2022 0:15,71.964
6863,5/6/2022 0:30,71.92
6864,5/6/2022 0:45,71.834
6865,5/6/2022 1:00,71.791
6866,5/6/2022 1:15,71.748
6867,5/6/2022 1:30,71.661
6868,5/6/2022 1:45,71.62
6869,5/6/2022 2:00,71.533
6870,5/6/2022 2:15,71.49
6871,5/6/2022 2:30,71.404
6872,5/6/2022 2:45,71.361
6873,5/6/2022 3:00,71.317
6874,5/6/2022 3:15,71.231
6875,5/6/2022 3:30,71.19
6876,5/6/2022 3:45,71.103
6877,5/6/2022 4:00,71.017
6878,5/6/2022 4:15,70.93
6879,5/6/2022 4:30,70.887
6880,5/6/2022 4:45,70.803
6881,5/6/2022 5:00,70.759
6882,5/6/2022 5:15,70.673
6883,5/6/2022 5:30,70.63
6884,5/6/2022 5:45,70.543
6885,5/6/2022 6:00,70.459
6886,5/6/2022 6:15,70.416
6887,5/6/2022 6:30,70.372
6888,5/6/2022 6:45,70.372
6889,5/6/2022 7:00,70.329
6890,5/6/2022 7:15,70.329
6891,5/6/2022 7:30,70.329
6892,5/6/2022 7:45,70.329
6893,5/6/2022 8:00,70.372
6894,5/6/2022 8:15,70.372
6895,5/6/2022 8:30,70.416
6896,5/6/2022 8:45,70.416
6897,5/6/2022 9:00,70.459
6898,5/6/2022 9:15,70.502
6899,5/6/2022 9:30,70.543
6900,5/6/2022 9:45,70.543
6901,5/6/2022 10:00,70.63
6902,5/6/2022 10:15,70.673
6903,5/6/2022 10:30,70.716
6904,5/6/2022 10:45,70.803
6905,5/6/2022 11:00,70.887
6906,5/6/2022 11:15,70.974
6907,5/6/2022 11:30,71.017
6908,5/6/2022 11:45,71.06
6909,5/6/2022 12:00,71.146
6910,5/6/2022 12:15,71.231
6911,5/6/2022 12:30,71.317
6912,5/6/2022 12:45,71.447
6913,5/6/2022 13:00,71.577
6914,5/6/2022 13:15,71.791
6915,5/6/2022 13:30,72.136
6916,5/6/2022 13:45,72.437
6917,5/6/2022 14:00,72.739
6918,5/6/2022 14:15,72.869
6919,5/6/2022 14:30,72.783
6920,5/6/2022 14:45,72.739
6921,5/6/2022 15:00,72.739
6922,5/6/2022 15:15,72.739
6923,5/6/2022 15:30,72.739
6924,5/6/2022 15:45,72.783
6925,5/6/2022 16:00,72.826
6926,5/6/2022 16:15,72.869
6927,5/6/2022 16:30,72.912
6928,5/6/2022 16:45,72.997
6929,5/6/2022 17:00,72.997
6930,5/6/2022 17:15,73.04
6931,5/6/2022 17:30,73.04
6932,5/6/2022 17:45,73.083
6933,5/6/2022 18:00,73.083
6934,5/6/2022 18:15,73.04
6935,5/6/2022 18:30,73.04
6936,5/6/2022 18:45,73.04
6937,5/6/2022 19:00,72.997
6938,5/6/2022 19:15,72.955
6939,5/6/2022 19:30,72.912
6940,5/6/2022 19:45,72.869
6941,5/6/2022 20:00,72.826
6942,5/6/2022 20:15,72.783
6943,5/6/2022 20:30,72.739
6944,5/6/2022 20:45,72.696
6945,5/6/2022 21:00,72.61
6946,5/6/2022 21:15,72.567
6947,5/6/2022 21:30,72.48
6948,5/6/2022 21:45,72.437
6949,5/6/2022 22:00,72.351
6950,5/6/2022 22:15,72.264
6951,5/6/2022 22:30,72.221
6952,5/6/2022 22:45,72.093
6953,5/6/2022 23:00,72.007
6954,5/6/2022 23:15,71.92
6955,5/6/2022 23:30,71.834
6956,5/6/2022 23:45,71.704
6957,5/7/2022 0:00,71.62
6958,5/7/2022 0:15,71.49
6959,5/7/2022 0:30,71.361
6960,5/7/2022 0:45,71.274
6961,5/7/2022 1:00,71.146
6962,5/7/2022 1:15,71.017
6963,5/7/2022 1:30,70.93
6964,5/7/2022 1:45,70.803
6965,5/7/2022 2:00,70.673
6966,5/7/2022 2:15,70.543
6967,5/7/2022 2:30,70.459
6968,5/7/2022 2:45,70.329
6969,5/7/2022 3:00,70.201
6970,5/7/2022 3:15,70.072
6971,5/7/2022 3:30,69.942
6972,5/7/2022 3:45,69.858
6973,5/7/2022 4:00,69.771
6974,5/7/2022 4:15,69.685
6975,5/7/2022 4:30,69.557
6976,5/7/2022 4:45,69.471
6977,5/7/2022 5:00,69.386
6978,5/7/2022 5:15,69.3
6979,5/7/2022 5:30,69.256
6980,5/7/2022 5:45,69.17
6981,5/7/2022 6:00,69.129
6982,5/7/2022 6:15,69.085
6983,5/7/2022 6:30,68.999
6984,5/7/2022 6:45,68.956
6985,5/7/2022 7:00,68.913
6986,5/7/2022 7:15,68.913
6987,5/7/2022 7:30,68.913
6988,5/7/2022 7:45,68.913
6989,5/7/2022 8:00,68.913
6990,5/7/2022 8:15,68.913
6991,5/7/2022 8:30,68.913
6992,5/7/2022 8:45,68.913
6993,5/7/2022 9:00,68.913
6994,5/7/2022 9:15,68.913
6995,5/7/2022 9:30,68.913
6996,5/7/2022 9:45,68.913
6997,5/7/2022 10:00,68.913
6998,5/7/2022 10:15,68.956
6999,5/7/2022 10:30,68.999
7000,5/7/2022 10:45,69.085
7001,5/7/2022 11:00,69.129
7002,5/7/2022 11:15,69.213
7003,5/7/2022 11:30,69.3
7004,5/7/2022 11:45,69.386
7005,5/7/2022 12:00,69.471
7006,5/7/2022 12:15,69.6
7007,5/7/2022 12:30,69.771
7008,5/7/2022 12:45,69.942
7009,5/7/2022 13:00,70.201
7010,5/7/2022 13:15,70.543
7011,5/7/2022 13:30,71.06
7012,5/7/2022 13:45,71.447
7013,5/7/2022 14:00,71.964
7014,5/7/2022 14:15,72.178
7015,5/7/2022 14:30,71.964
7016,5/7/2022 14:45,71.834
7017,5/7/2022 15:00,71.834
7018,5/7/2022 15:15,71.877
7019,5/7/2022 15:30,71.92
7020,5/7/2022 15:45,72.007
7021,5/7/2022 16:00,72.093
7022,5/7/2022 16:15,72.221
7023,5/7/2022 16:30,72.351
7024,5/7/2022 16:45,72.437
7025,5/7/2022 17:00,72.48
7026,5/7/2022 17:15,72.567
7027,5/7/2022 17:30,72.61
7028,5/7/2022 17:45,72.653
7029,5/7/2022 18:00,72.696
7030,5/7/2022 18:15,72.696
7031,5/7/2022 18:30,72.653
7032,5/7/2022 18:45,72.61
7033,5/7/2022 19:00,72.523
7034,5/7/2022 19:15,72.48
7035,5/7/2022 19:30,72.437
7036,5/7/2022 19:45,72.394
7037,5/7/2022 20:00,72.351
7038,5/7/2022 20:15,72.351
7039,5/7/2022 20:30,72.264
7040,5/7/2022 20:45,72.221
7041,5/7/2022 21:00,72.136
7042,5/7/2022 21:15,72.05
7043,5/7/2022 21:30,71.964
7044,5/7/2022 21:45,71.834
7045,5/7/2022 22:00,71.748
7046,5/7/2022 22:15,71.62
7047,5/7/2022 22:30,71.533
7048,5/7/2022 22:45,71.404
7049,5/7/2022 23:00,71.274
7050,5/7/2022 23:15,71.146
7051,5/7/2022 23:30,71.017
7052,5/7/2022 23:45,70.887
7053,5/8/2022 0:00,70.759
7054,5/8/2022 0:15,70.63
7055,5/8/2022 0:30,70.502
7056,5/8/2022 0:45,70.372
7057,5/8/2022 1:00,70.243
7058,5/8/2022 1:15,70.115
7059,5/8/2022 1:30,69.942
7060,5/8/2022 1:45,69.814
7061,5/8/2022 2:00,69.685
7062,5/8/2022 2:15,69.557
7063,5/8/2022 2:30,69.471
7064,5/8/2022 2:45,69.343
7065,5/8/2022 3:00,69.213
7066,5/8/2022 3:15,69.085
7067,5/8/2022 3:30,68.956
7068,5/8/2022 3:45,68.828
7069,5/8/2022 4:00,68.698
7070,5/8/2022 4:15,68.571
7071,5/8/2022 4:30,68.4
7072,5/8/2022 4:45,68.313
7073,5/8/2022 5:00,68.185
7074,5/8/2022 5:15,68.056
7075,5/8/2022 5:30,67.928
7076,5/8/2022 5:45,67.798
7077,5/8/2022 6:00,67.671
7078,5/8/2022 6:15,67.627
7079,5/8/2022 6:30,67.586
7080,5/8/2022 6:45,67.586
7081,5/8/2022 7:00,67.586
7082,5/8/2022 7:15,67.586
7083,5/8/2022 7:30,67.543
7084,5/8/2022 7:45,67.543
7085,5/8/2022 8:00,67.5
7086,5/8/2022 8:15,67.5
7087,5/8/2022 8:30,67.456
7088,5/8/2022 8:45,67.456
7089,5/8/2022 9:00,67.456
7090,5/8/2022 9:15,67.456
7091,5/8/2022 9:30,67.5
7092,5/8/2022 9:45,67.543
7093,5/8/2022 10:00,67.586
7094,5/8/2022 10:15,67.627
7095,5/8/2022 10:30,67.671
7096,5/8/2022 10:45,67.671
7097,5/8/2022 11:00,67.714
7098,5/8/2022 11:15,67.757
7099,5/8/2022 11:30,67.798
7100,5/8/2022 11:45,67.842
7101,5/8/2022 12:00,67.885
7102,5/8/2022 12:15,67.971
7103,5/8/2022 12:30,68.056
7104,5/8/2022 12:45,68.142
7105,5/8/2022 13:00,68.313
7106,5/8/2022 13:15,68.571
7107,5/8/2022 13:30,69.085
7108,5/8/2022 13:45,69.514
7109,5/8/2022 14:00,70.072
7110,5/8/2022 14:15,70.158
7111,5/8/2022 14:30,69.858
7112,5/8/2022 14:45,69.643
7113,5/8/2022 15:00,69.557
7114,5/8/2022 15:15,69.557
7115,5/8/2022 15:30,69.6
7116,5/8/2022 15:45,69.643
7117,5/8/2022 16:00,69.685
7118,5/8/2022 16:15,69.728
7119,5/8/2022 16:30,69.771
7120,5/8/2022 16:45,69.814
7121,5/8/2022 17:00,69.858
7122,5/8/2022 17:15,69.858
7123,5/8/2022 17:30,69.858
7124,5/8/2022 17:45,69.901
7125,5/8/2022 18:00,69.901
7126,5/8/2022 18:15,69.858
7127,5/8/2022 18:30,69.814
7128,5/8/2022 18:45,69.771
7129,5/8/2022 19:00,69.728
7130,5/8/2022 19:15,69.643
7131,5/8/2022 19:30,69.557
7132,5/8/2022 19:45,69.471
7133,5/8/2022 20:00,69.386
7134,5/8/2022 20:15,69.3
7135,5/8/2022 20:30,69.213
7136,5/8/2022 20:45,69.085
7137,5/8/2022 21:00,68.999
7138,5/8/2022 21:15,68.913
7139,5/8/2022 21:30,68.785
7140,5/8/2022 21:45,68.698
7141,5/8/2022 22:00,68.614
7142,5/8/2022 22:15,68.484
7143,5/8/2022 22:30,68.356
7144,5/8/2022 22:45,68.227
7145,5/8/2022 23:00,68.099
7146,5/8/2022 23:15,67.971
7147,5/8/2022 23:30,67.842
7148,5/8/2022 23:45,67.714
7149,5/9/2022 0:00,67.586
7150,5/9/2022 0:15,67.456
7151,5/9/2022 0:30,67.329
7152,5/9/2022 0:45,67.199
7153,5/9/2022 1:00,67.071
7154,5/9/2022 1:15,66.943
7155,5/9/2022 1:30,66.814
7156,5/9/2022 1:45,66.686
7157,5/9/2022 2:00,66.6
7158,5/9/2022 2:15,66.472
7159,5/9/2022 2:30,66.344
7160,5/9/2022 2:45,66.258
7161,5/9/2022 3:00,66.13
7162,5/9/2022 3:15,66.043
7163,5/9/2022 3:30,65.916
7164,5/9/2022 3:45,65.788
7165,5/9/2022 4:00,65.658
7166,5/9/2022 4:15,65.53
7167,5/9/2022 4:30,65.403
7168,5/9/2022 4:45,65.316
7169,5/9/2022 5:00,65.188
7170,5/9/2022 5:15,65.059
7171,5/9/2022 5:30,64.974
7172,5/9/2022 5:45,64.845
7173,5/9/2022 6:00,64.76
7174,5/9/2022 6:15,64.674
7175,5/9/2022 6:30,64.632
7176,5/9/2022 6:45,64.632
7177,5/9/2022 7:00,64.632
7178,5/9/2022 7:15,64.674
7179,5/9/2022 7:30,64.674
7180,5/9/2022 7:45,64.674
7181,5/9/2022 8:00,64.717
7182,5/9/2022 8:15,64.717
7183,5/9/2022 8:30,64.717
7184,5/9/2022 8:45,64.674
7185,5/9/2022 9:00,64.674
7186,5/9/2022 9:15,64.674
7187,5/9/2022 9:30,64.717
7188,5/9/2022 9:45,64.717
7189,5/9/2022 10:00,64.76
7190,5/9/2022 10:15,64.803
7191,5/9/2022 10:30,64.845
7192,5/9/2022 10:45,64.888
7193,5/9/2022 11:00,64.974
7194,5/9/2022 11:15,65.102
7195,5/9/2022 11:30,65.188
7196,5/9/2022 11:45,65.273
7197,5/9/2022 12:00,65.403
7198,5/9/2022 12:15,65.574
7199,5/9/2022 12:30,65.701
7200,5/9/2022 12:45,65.872
7201,5/9/2022 13:00,66.087
7202,5/9/2022 13:15,66.429
7203,5/9/2022 13:30,67.158
7204,5/9/2022 13:45,67.885
7205,5/9/2022 14:00,68.443
7206,5/9/2022 14:15,68.484
7207,5/9/2022 14:30,68.099
7208,5/9/2022 14:45,67.842
7209,5/9/2022 15:00,67.757
7210,5/9/2022 15:15,67.757
7211,5/9/2022 15:30,67.757
7212,5/9/2022 15:45,67.798
7213,5/9/2022 16:00,67.885
7214,5/9/2022 16:15,67.928
7215,5/9/2022 16:30,68.013
7216,5/9/2022 16:45,68.056
7217,5/9/2022 17:00,68.142
7218,5/9/2022 17:15,68.185
7219,5/9/2022 17:30,68.185
7220,5/9/2022 17:45,68.356
7221,5/9/2022 18:00,68.527
7222,5/9/2022 18:15,68.657
7223,5/9/2022 18:30,68.871
7224,5/9/2022 18:45,69.042
7225,5/9/2022 19:00,69.085
7226,5/9/2022 19:15,69.085
7227,5/9/2022 19:30,69.042
7228,5/9/2022 19:45,69.042
7229,5/9/2022 20:00,68.913
7230,5/9/2022 20:15,68.828
7231,5/9/2022 20:30,68.742
7232,5/9/2022 20:45,68.698
7233,5/9/2022 21:00,68.657
7234,5/9/2022 21:15,68.657
7235,5/9/2022 21:30,68.614
7236,5/9/2022 21:45,68.571
7237,5/9/2022 22:00,68.527
7238,5/9/2022 22:15,68.527
7239,5/9/2022 22:30,68.527
7240,5/9/2022 22:45,68.527
7241,5/9/2022 23:00,68.527
7242,5/9/2022 23:15,68.484
7243,5/9/2022 23:30,68.484
7244,5/9/2022 23:45,68.4
7245,5/10/2022 0:00,68.356
7246,5/10/2022 0:15,68.27
7247,5/10/2022 0:30,68.056
7248,5/10/2022 0:45,67.885
7249,5/10/2022 1:00,67.714
7250,5/10/2022 1:15,67.543
7251,5/10/2022 1:30,67.413
7252,5/10/2022 1:45,67.242
7253,5/10/2022 2:00,67.114
7254,5/10/2022 2:15,66.985
7255,5/10/2022 2:30,66.857
7256,5/10/2022 2:45,66.686
7257,5/10/2022 3:00,66.558
7258,5/10/2022 3:15,66.429
7259,5/10/2022 3:30,66.258
7260,5/10/2022 3:45,66.087
7261,5/10/2022 4:00,65.916
7262,5/10/2022 4:15,65.829
7263,5/10/2022 4:30,65.701
7264,5/10/2022 4:45,65.574
7265,5/10/2022 5:00,65.444
7266,5/10/2022 5:15,65.316
7267,5/10/2022 5:30,65.23
7268,5/10/2022 5:45,65.102
7269,5/10/2022 6:00,65.017
7270,5/10/2022 6:15,64.974
7271,5/10/2022 6:30,65.017
7272,5/10/2022 6:45,65.017
7273,5/10/2022 7:00,65.017
7274,5/10/2022 7:15,65.017
7275,5/10/2022 7:30,65.017
7276,5/10/2022 7:45,65.017
7277,5/10/2022 8:00,64.974
7278,5/10/2022 8:15,65.188
7279,5/10/2022 8:30,65.403
7280,5/10/2022 8:45,65.487
7281,5/10/2022 9:00,65.53
7282,5/10/2022 9:15,65.574
7283,5/10/2022 9:30,65.615
7284,5/10/2022 9:45,65.615
7285,5/10/2022 10:00,65.658
7286,5/10/2022 10:15,65.701
7287,5/10/2022 10:30,65.788
7288,5/10/2022 10:45,65.829
7289,5/10/2022 11:00,65.916
7290,5/10/2022 11:15,66.043
7291,5/10/2022 11:30,66.13
7292,5/10/2022 11:45,66.214
7293,5/10/2022 12:00,66.344
7294,5/10/2022 12:15,66.515
7295,5/10/2022 12:30,66.686
7296,5/10/2022 12:45,66.814
7297,5/10/2022 13:00,67.114
7298,5/10/2022 13:15,67.5
7299,5/10/2022 13:30,68.484
7300,5/10/2022 13:45,69.343
7301,5/10/2022 14:00,69.814
7302,5/10/2022 14:15,69.858
7303,5/10/2022 14:30,69.514
7304,5/10/2022 14:45,69.386
7305,5/10/2022 15:00,69.343
7306,5/10/2022 15:15,69.343
7307,5/10/2022 15:30,69.343
7308,5/10/2022 15:45,69.427
7309,5/10/2022 16:00,69.471
7310,5/10/2022 16:15,69.514
7311,5/10/2022 16:30,69.557
7312,5/10/2022 16:45,69.6
7313,5/10/2022 17:00,69.643
7314,5/10/2022 17:15,69.728
7315,5/10/2022 17:30,69.771
7316,5/10/2022 17:45,69.814
7317,5/10/2022 18:00,69.858
7318,5/10/2022 18:15,69.858
7319,5/10/2022 18:30,69.858
7320,5/10/2022 18:45,69.814
7321,5/10/2022 19:00,69.728
7322,5/10/2022 19:15,69.643
7323,5/10/2022 19:30,69.6
7324,5/10/2022 19:45,69.514
7325,5/10/2022 20:00,69.427
7326,5/10/2022 20:15,69.386
7327,5/10/2022 20:30,69.3
7328,5/10/2022 20:45,69.213
7329,5/10/2022 21:00,69.17
7330,5/10/2022 21:15,69.129
7331,5/10/2022 21:30,69.085
7332,5/10/2022 21:45,69.042
7333,5/10/2022 22:00,68.999
7334,5/10/2022 22:15,68.956
7335,5/10/2022 22:30,68.871
7336,5/10/2022 22:45,68.871
7337,5/10/2022 23:00,68.871
7338,5/10/2022 23:15,68.828
7339,5/10/2022 23:30,68.828
7340,5/10/2022 23:45,68.785
7341,5/11/2022 0:00,68.828
7342,5/11/2022 0:15,68.657
7343,5/11/2022 0:30,68.614
7344,5/11/2022 0:45,68.571
7345,5/11/2022 1:00,68.484
7346,5/11/2022 1:15,68.443
7347,5/11/2022 1:30,68.4
7348,5/11/2022 1:45,68.27
7349,5/11/2022 2:00,68.099
7350,5/11/2022 2:15,67.928
7351,5/11/2022 2:30,67.757
7352,5/11/2022 2:45,67.586
7353,5/11/2022 3:00,67.413
7354,5/11/2022 3:15,67.242
7355,5/11/2022 3:30,67.114
7356,5/11/2022 3:45,66.943
7357,5/11/2022 4:00,66.772
7358,5/11/2022 4:15,66.6
7359,5/11/2022 4:30,66.385
7360,5/11/2022 4:45,66.214
7361,5/11/2022 5:00,66.043
7362,5/11/2022 5:15,65.872
7363,5/11/2022 5:30,65.701
7364,5/11/2022 5:45,65.574
7365,5/11/2022 6:00,65.487
7366,5/11/2022 6:15,65.403
7367,5/11/2022 6:30,65.359
7368,5/11/2022 6:45,65.359
7369,5/11/2022 7:00,65.359
7370,5/11/2022 7:15,65.359
7371,5/11/2022 7:30,65.403
7372,5/11/2022 7:45,65.403
7373,5/11/2022 8:00,65.444
7374,5/11/2022 8:15,65.444
7375,5/11/2022 8:30,65.487
7376,5/11/2022 8:45,65.487
7377,5/11/2022 9:00,65.487
7378,5/11/2022 9:15,65.487
7379,5/11/2022 9:30,65.574
7380,5/11/2022 9:45,65.574
7381,5/11/2022 10:00,65.615
7382,5/11/2022 10:15,65.658
7383,5/11/2022 10:30,65.745
7384,5/11/2022 10:45,65.829
7385,5/11/2022 11:00,65.959
7386,5/11/2022 11:15,66.13
7387,5/11/2022 11:30,66.344
7388,5/11/2022 11:45,66.515
7389,5/11/2022 12:00,66.814
7390,5/11/2022 12:15,67.114
7391,5/11/2022 12:30,67.329
7392,5/11/2022 12:45,67.586
7393,5/11/2022 13:00,67.885
7394,5/11/2022 13:15,68.4
7395,5/11/2022 13:30,69.471
7396,5/11/2022 13:45,70.115
7397,5/11/2022 14:00,70.329
7398,5/11/2022 14:15,70.243
7399,5/11/2022 14:30,69.942
7400,5/11/2022 14:45,69.771
7401,5/11/2022 15:00,69.728
7402,5/11/2022 15:15,69.728
7403,5/11/2022 15:30,69.814
7404,5/11/2022 15:45,69.901
7405,5/11/2022 16:00,70.029
7406,5/11/2022 16:15,70.115
7407,5/11/2022 16:30,70.243
7408,5/11/2022 16:45,70.329
7409,5/11/2022 17:00,70.459
7410,5/11/2022 17:15,70.543
7411,5/11/2022 17:30,70.63
7412,5/11/2022 17:45,70.759
7413,5/11/2022 18:00,70.93
7414,5/11/2022 18:15,71.06
7415,5/11/2022 18:30,71.146
7416,5/11/2022 18:45,71.19
7417,5/11/2022 19:00,71.231
7418,5/11/2022 19:15,71.231
7419,5/11/2022 19:30,71.274
7420,5/11/2022 19:45,71.274
7421,5/11/2022 20:00,71.317
7422,5/11/2022 20:15,70.887
7423,5/11/2022 20:30,70.63
7424,5/11/2022 20:45,70.372
7425,5/11/2022 21:00,70.115
7426,5/11/2022 21:15,69.814
7427,5/11/2022 21:30,69.471
7428,5/11/2022 21:45,69.129
7429,5/11/2022 22:00,68.999
7430,5/11/2022 22:15,69.085
7431,5/11/2022 22:30,69.129
7432,5/11/2022 22:45,69.129
7433,5/11/2022 23:00,69.17
7434,5/11/2022 23:15,69.129
7435,5/11/2022 23:30,69.085
7436,5/11/2022 23:45,69.085
7437,5/12/2022 0:00,69.042
7438,5/12/2022 0:15,68.956
7439,5/12/2022 0:30,68.913
7440,5/12/2022 0:45,68.785
7441,5/12/2022 1:00,68.698
7442,5/12/2022 1:15,68.571
7443,5/12/2022 1:30,68.4
7444,5/12/2022 1:45,68.227
7445,5/12/2022 2:00,68.056
7446,5/12/2022 2:15,67.885
7447,5/12/2022 2:30,67.714
7448,5/12/2022 2:45,67.543
7449,5/12/2022 3:00,67.372
7450,5/12/2022 3:15,67.199
7451,5/12/2022 3:30,67.028
7452,5/12/2022 3:45,66.857
7453,5/12/2022 4:00,66.686
7454,5/12/2022 4:15,66.472
7455,5/12/2022 4:30,66.301
7456,5/12/2022 4:45,66.173
7457,5/12/2022 5:00,66
7458,5/12/2022 5:15,65.872
7459,5/12/2022 5:30,65.701
7460,5/12/2022 5:45,65.574
7461,5/12/2022 6:00,65.487
7462,5/12/2022 6:15,65.444
7463,5/12/2022 6:30,65.487
7464,5/12/2022 6:45,65.487
7465,5/12/2022 7:00,65.574
7466,5/12/2022 7:15,65.615
7467,5/12/2022 7:30,65.701
7468,5/12/2022 7:45,65.788
7469,5/12/2022 8:00,65.829
7470,5/12/2022 8:15,66.087
7471,5/12/2022 8:30,66.087
7472,5/12/2022 8:45,66.9
7473,5/12/2022 9:00,67.714
7474,5/12/2022 9:15,68.099
7475,5/12/2022 9:30,68.527
7476,5/12/2022 9:45,70.243
7477,5/12/2022 10:00,71.834
7478,5/12/2022 10:15,72.264
7479,5/12/2022 10:30,72.178
7480,5/12/2022 10:45,72.093
7481,5/12/2022 11:00,71.92
7482,5/12/2022 11:15,72.178
7483,5/12/2022 11:30,72.351
7484,5/12/2022 11:45,72.653
7485,5/12/2022 12:00,72.869
7486,5/12/2022 12:15,71.49
7487,5/12/2022 12:30,70.416
7488,5/12/2022 12:45,69.643
7489,5/12/2022 13:00,69.042
7490,5/12/2022 13:15,68.571
7491,5/12/2022 13:30,68.185
7492,5/12/2022 13:45,67.842
7493,5/12/2022 14:00,67.586
7494,5/12/2022 14:15,67.372
7495,5/12/2022 14:30,67.114
7496,5/12/2022 14:45,67.586
7497,5/12/2022 15:00,67.5
7498,5/12/2022 15:03,
7499,5/12/2022 15:03,
