Obs_Numb,Date_Time,Temp_F
1,2/23/2022 13:00,61.205
2,2/23/2022 13:15,61.162
3,2/23/2022 13:30,61.119
4,2/23/2022 13:45,61.075
5,2/23/2022 14:00,61.032
6,2/23/2022 14:15,60.904
7,2/23/2022 14:30,60.818
8,2/23/2022 14:45,60.775
9,2/23/2022 15:00,61.032
10,2/23/2022 15:15,61.677
11,2/23/2022 15:30,62.447
12,2/23/2022 15:45,63.262
13,2/23/2022 16:00,63.99
14,2/23/2022 16:15,64.503
15,2/23/2022 16:30,64.931
16,2/23/2022 16:45,65.23
17,2/23/2022 17:00,65.574
18,2/23/2022 17:15,66.043
19,2/23/2022 17:30,66.515
20,2/23/2022 17:45,66.943
21,2/23/2022 18:00,67.372
22,2/23/2022 18:15,67.798
23,2/23/2022 18:30,68.185
24,2/23/2022 18:45,68.571
25,2/23/2022 19:00,68.956
26,2/23/2022 19:15,69.343
27,2/23/2022 19:30,69.771
28,2/23/2022 19:45,70.329
29,2/23/2022 20:00,70.673
30,2/23/2022 20:15,70.93
31,2/23/2022 20:30,71.231
32,2/23/2022 20:45,71.19
33,2/23/2022 21:00,70.63
34,2/23/2022 21:15,70.029
35,2/23/2022 21:30,69.6
36,2/23/2022 21:45,69.685
37,2/23/2022 22:00,70.029
38,2/23/2022 22:15,70.372
39,2/23/2022 22:30,70.716
40,2/23/2022 22:45,71.017
41,2/23/2022 23:00,71.103
42,2/23/2022 23:15,70.543
43,2/23/2022 23:30,69.942
44,2/23/2022 23:45,69.643
45,2/24/2022 0:00,69.858
46,2/24/2022 0:15,70.158
47,2/24/2022 0:30,70.416
48,2/24/2022 0:45,70.63
49,2/24/2022 1:00,70.887
50,2/24/2022 1:15,71.06
51,2/24/2022 1:30,71.103
52,2/24/2022 1:45,70.673
53,2/24/2022 2:00,70.115
54,2/24/2022 2:15,69.685
55,2/24/2022 2:30,69.685
56,2/24/2022 2:45,69.942
57,2/24/2022 3:00,70.201
58,2/24/2022 3:15,70.459
59,2/24/2022 3:30,70.716
60,2/24/2022 3:45,70.887
61,2/24/2022 4:00,71.103
62,2/24/2022 4:15,71.19
63,2/24/2022 4:30,70.759
64,2/24/2022 4:45,70.201
65,2/24/2022 5:00,69.685
66,2/24/2022 5:15,69.643
67,2/24/2022 5:30,69.858
68,2/24/2022 5:45,70.201
69,2/24/2022 6:00,70.587
70,2/24/2022 6:15,70.887
71,2/24/2022 6:30,71.19
72,2/24/2022 6:45,71.06
73,2/24/2022 7:00,70.543
74,2/24/2022 7:15,69.942
75,2/24/2022 7:30,69.6
76,2/24/2022 7:45,69.728
77,2/24/2022 8:00,70.072
78,2/24/2022 8:15,70.416
79,2/24/2022 8:30,70.759
80,2/24/2022 8:45,71.06
81,2/24/2022 9:00,71.231
82,2/24/2022 9:15,70.803
83,2/24/2022 9:30,70.201
84,2/24/2022 9:45,69.685
85,2/24/2022 10:00,69.6
86,2/24/2022 10:15,69.901
87,2/24/2022 10:30,70.243
88,2/24/2022 10:45,70.587
89,2/24/2022 11:00,70.887
90,2/24/2022 11:15,71.146
91,2/24/2022 11:30,71.231
92,2/24/2022 11:45,70.759
93,2/24/2022 12:00,70.201
94,2/24/2022 12:15,69.728
95,2/24/2022 12:30,69.814
96,2/24/2022 12:45,70.243
97,2/24/2022 13:00,70.803
98,2/24/2022 13:15,71.404
99,2/24/2022 13:30,72.007
100,2/24/2022 13:45,72.136
101,2/24/2022 14:00,71.964
102,2/24/2022 14:15,71.748
103,2/24/2022 14:30,71.533
104,2/24/2022 14:45,71.317
105,2/24/2022 15:00,71.146
106,2/24/2022 15:15,70.93
107,2/24/2022 15:30,70.759
108,2/24/2022 15:45,70.587
109,2/24/2022 16:00,70.158
110,2/24/2022 16:15,69.6
111,2/24/2022 16:30,69.6
112,2/24/2022 16:45,69.771
113,2/24/2022 17:00,69.942
114,2/24/2022 17:15,70.072
115,2/24/2022 17:30,70.286
116,2/24/2022 17:45,70.587
117,2/24/2022 18:00,70.887
118,2/24/2022 18:15,71.146
119,2/24/2022 18:30,70.887
120,2/24/2022 18:45,70.286
121,2/24/2022 19:00,69.728
122,2/24/2022 19:15,69.557
123,2/24/2022 19:30,69.814
124,2/24/2022 19:45,70.201
125,2/24/2022 20:00,70.543
126,2/24/2022 20:15,70.887
127,2/24/2022 20:30,71.146
128,2/24/2022 20:45,70.803
129,2/24/2022 21:00,70.201
130,2/24/2022 21:15,69.685
131,2/24/2022 21:30,69.557
132,2/24/2022 21:45,69.814
133,2/24/2022 22:00,70.201
134,2/24/2022 22:15,70.543
135,2/24/2022 22:30,70.887
136,2/24/2022 22:45,71.103
137,2/24/2022 23:00,70.673
138,2/24/2022 23:15,70.072
139,2/24/2022 23:30,69.643
140,2/24/2022 23:45,69.771
141,2/25/2022 0:00,70.072
142,2/25/2022 0:15,70.372
143,2/25/2022 0:30,70.63
144,2/25/2022 0:45,70.887
145,2/25/2022 1:00,71.103
146,2/25/2022 1:15,71.146
147,2/25/2022 1:30,70.716
148,2/25/2022 1:45,70.158
149,2/25/2022 2:00,69.685
150,2/25/2022 2:15,69.643
151,2/25/2022 2:30,69.901
152,2/25/2022 2:45,70.201
153,2/25/2022 3:00,70.502
154,2/25/2022 3:15,70.759
155,2/25/2022 3:30,70.974
156,2/25/2022 3:45,71.06
157,2/25/2022 4:00,70.673
158,2/25/2022 4:15,70.158
159,2/25/2022 4:30,69.685
160,2/25/2022 4:45,69.6
161,2/25/2022 5:00,69.814
162,2/25/2022 5:15,70.029
163,2/25/2022 5:30,70.372
164,2/25/2022 5:45,70.673
165,2/25/2022 6:00,71.017
166,2/25/2022 6:15,70.93
167,2/25/2022 6:30,70.416
168,2/25/2022 6:45,69.858
169,2/25/2022 7:00,69.514
170,2/25/2022 7:15,69.685
171,2/25/2022 7:30,70.029
172,2/25/2022 7:45,70.416
173,2/25/2022 8:00,70.716
174,2/25/2022 8:15,71.06
175,2/25/2022 8:30,71.017
176,2/25/2022 8:45,70.543
177,2/25/2022 9:00,69.942
178,2/25/2022 9:15,69.557
179,2/25/2022 9:30,69.685
180,2/25/2022 9:45,70.029
181,2/25/2022 10:00,70.372
182,2/25/2022 10:15,70.759
183,2/25/2022 10:30,71.06
184,2/25/2022 10:45,70.93
185,2/25/2022 11:00,70.372
186,2/25/2022 11:15,69.814
187,2/25/2022 11:30,69.685
188,2/25/2022 11:45,69.942
189,2/25/2022 12:00,70.587
190,2/25/2022 12:15,70.93
191,2/25/2022 12:30,71.577
192,2/25/2022 12:45,72.05
193,2/25/2022 13:00,72.007
194,2/25/2022 13:15,71.791
195,2/25/2022 13:30,71.49
196,2/25/2022 13:45,71.317
197,2/25/2022 14:00,71.103
198,2/25/2022 14:15,70.887
199,2/25/2022 14:30,70.63
200,2/25/2022 14:45,70.459
201,2/25/2022 15:00,70.201
202,2/25/2022 15:15,69.858
203,2/25/2022 15:30,69.427
204,2/25/2022 15:45,69.427
205,2/25/2022 16:00,69.471
206,2/25/2022 16:15,69.514
207,2/25/2022 16:30,69.557
208,2/25/2022 16:45,69.6
209,2/25/2022 17:00,69.471
210,2/25/2022 17:15,69.471
211,2/25/2022 17:30,69.557
212,2/25/2022 17:45,69.685
213,2/25/2022 18:00,69.771
214,2/25/2022 18:15,69.858
215,2/25/2022 18:30,69.942
216,2/25/2022 18:45,70.029
217,2/25/2022 19:00,70.115
218,2/25/2022 19:15,70.201
219,2/25/2022 19:30,70.243
220,2/25/2022 19:45,70.329
221,2/25/2022 20:00,70.416
222,2/25/2022 20:15,70.502
223,2/25/2022 20:30,70.587
224,2/25/2022 20:45,70.63
225,2/25/2022 21:00,70.63
226,2/25/2022 21:15,70.673
227,2/25/2022 21:30,70.716
228,2/25/2022 21:45,70.587
229,2/25/2022 22:00,69.942
230,2/25/2022 22:15,69.386
231,2/25/2022 22:30,69.343
232,2/25/2022 22:45,69.471
233,2/25/2022 23:00,69.643
234,2/25/2022 23:15,69.771
235,2/25/2022 23:30,69.858
236,2/25/2022 23:45,69.942
237,2/26/2022 0:00,69.942
238,2/26/2022 0:15,69.985
239,2/26/2022 0:30,70.029
240,2/26/2022 0:45,70.072
241,2/26/2022 1:00,70.115
242,2/26/2022 1:15,70.115
243,2/26/2022 1:30,70.158
244,2/26/2022 1:45,70.201
245,2/26/2022 2:00,70.201
246,2/26/2022 2:15,70.243
247,2/26/2022 2:30,70.243
248,2/26/2022 2:45,70.286
249,2/26/2022 3:00,70.286
250,2/26/2022 3:15,70.329
251,2/26/2022 3:30,70.329
252,2/26/2022 3:45,70.329
253,2/26/2022 4:00,70.329
254,2/26/2022 4:15,70.329
255,2/26/2022 4:30,70.329
256,2/26/2022 4:45,70.243
257,2/26/2022 5:00,70.158
258,2/26/2022 5:15,70.158
259,2/26/2022 5:30,70.243
260,2/26/2022 5:45,70.286
261,2/26/2022 6:00,70.372
262,2/26/2022 6:15,70.416
263,2/26/2022 6:30,70.459
264,2/26/2022 6:45,70.502
265,2/26/2022 7:00,70.587
266,2/26/2022 7:15,70.63
267,2/26/2022 7:30,70.63
268,2/26/2022 7:45,70.115
269,2/26/2022 8:00,69.427
270,2/26/2022 8:15,69.343
271,2/26/2022 8:30,69.386
272,2/26/2022 8:45,69.514
273,2/26/2022 9:00,69.6
274,2/26/2022 9:15,69.685
275,2/26/2022 9:30,69.771
276,2/26/2022 9:45,69.814
277,2/26/2022 10:00,69.858
278,2/26/2022 10:15,69.901
279,2/26/2022 10:30,69.901
280,2/26/2022 10:45,70.029
281,2/26/2022 11:00,70.115
282,2/26/2022 11:15,70.115
283,2/26/2022 11:30,70.115
284,2/26/2022 11:45,70.029
285,2/26/2022 12:00,69.985
286,2/26/2022 12:15,69.985
287,2/26/2022 12:30,69.985
288,2/26/2022 12:45,70.029
289,2/26/2022 13:00,70.029
290,2/26/2022 13:15,70.372
291,2/26/2022 13:30,70.673
292,2/26/2022 13:45,71.317
293,2/26/2022 14:00,71.748
294,2/26/2022 14:15,71.62
295,2/26/2022 14:30,71.49
296,2/26/2022 14:45,71.317
297,2/26/2022 15:00,71.103
298,2/26/2022 15:15,70.887
299,2/26/2022 15:30,70.716
300,2/26/2022 15:45,70.587
301,2/26/2022 16:00,70.372
302,2/26/2022 16:15,70.243
303,2/26/2022 16:30,70.072
304,2/26/2022 16:45,69.942
305,2/26/2022 17:00,69.985
306,2/26/2022 17:15,70.029
307,2/26/2022 17:30,70.072
308,2/26/2022 17:45,70.115
309,2/26/2022 18:00,70.115
310,2/26/2022 18:15,70.115
311,2/26/2022 18:30,70.115
312,2/26/2022 18:45,70.115
313,2/26/2022 19:00,70.115
314,2/26/2022 19:15,70.072
315,2/26/2022 19:30,70.072
316,2/26/2022 19:45,70.072
317,2/26/2022 20:00,70.072
318,2/26/2022 20:15,70.115
319,2/26/2022 20:30,70.072
320,2/26/2022 20:45,70.072
321,2/26/2022 21:00,70.072
322,2/26/2022 21:15,70.029
323,2/26/2022 21:30,70.029
324,2/26/2022 21:45,70.029
325,2/26/2022 22:00,70.072
326,2/26/2022 22:15,70.072
327,2/26/2022 22:30,70.029
328,2/26/2022 22:45,70.072
329,2/26/2022 23:00,70.158
330,2/26/2022 23:15,70.158
331,2/26/2022 23:30,70.158
332,2/26/2022 23:45,70.115
333,2/27/2022 0:00,70.072
334,2/27/2022 0:15,70.029
335,2/27/2022 0:30,70.029
336,2/27/2022 0:45,69.985
337,2/27/2022 1:00,69.942
338,2/27/2022 1:15,69.901
339,2/27/2022 1:30,69.858
340,2/27/2022 1:45,69.814
341,2/27/2022 2:00,69.771
342,2/27/2022 2:15,69.771
343,2/27/2022 2:30,69.728
344,2/27/2022 2:45,69.728
345,2/27/2022 3:00,69.685
346,2/27/2022 3:15,69.685
347,2/27/2022 3:30,69.643
348,2/27/2022 3:45,69.643
349,2/27/2022 4:00,69.6
350,2/27/2022 4:15,69.6
351,2/27/2022 4:30,69.557
352,2/27/2022 4:45,69.471
353,2/27/2022 5:00,69.343
354,2/27/2022 5:15,69.3
355,2/27/2022 5:30,69.3
356,2/27/2022 5:45,69.343
357,2/27/2022 6:00,69.343
358,2/27/2022 6:15,69.386
359,2/27/2022 6:30,69.427
360,2/27/2022 6:45,69.427
361,2/27/2022 7:00,69.427
362,2/27/2022 7:15,69.471
363,2/27/2022 7:30,69.471
364,2/27/2022 7:45,69.471
365,2/27/2022 8:00,69.471
366,2/27/2022 8:15,69.514
367,2/27/2022 8:30,69.514
368,2/27/2022 8:45,69.557
369,2/27/2022 9:00,69.557
370,2/27/2022 9:15,69.6
371,2/27/2022 9:30,69.6
372,2/27/2022 9:45,69.643
373,2/27/2022 10:00,69.643
374,2/27/2022 10:15,69.643
375,2/27/2022 10:30,69.643
376,2/27/2022 10:45,69.728
377,2/27/2022 11:00,69.858
378,2/27/2022 11:15,69.858
379,2/27/2022 11:30,69.814
380,2/27/2022 11:45,69.771
381,2/27/2022 12:00,69.771
382,2/27/2022 12:15,69.942
383,2/27/2022 12:30,70.329
384,2/27/2022 12:45,70.803
385,2/27/2022 13:00,71.317
386,2/27/2022 13:15,71.704
387,2/27/2022 13:30,71.748
388,2/27/2022 13:45,71.62
389,2/27/2022 14:00,71.447
390,2/27/2022 14:15,71.317
391,2/27/2022 14:30,71.146
392,2/27/2022 14:45,70.974
393,2/27/2022 15:00,70.803
394,2/27/2022 15:15,70.587
395,2/27/2022 15:30,70.201
396,2/27/2022 15:45,69.901
397,2/27/2022 16:00,69.771
398,2/27/2022 16:15,69.901
399,2/27/2022 16:30,70.072
400,2/27/2022 16:45,70.201
401,2/27/2022 17:00,70.372
402,2/27/2022 17:15,70.63
403,2/27/2022 17:30,70.846
404,2/27/2022 17:45,70.846
405,2/27/2022 18:00,70.502
406,2/27/2022 18:15,70.029
407,2/27/2022 18:30,69.728
408,2/27/2022 18:45,69.771
409,2/27/2022 19:00,70.029
410,2/27/2022 19:15,70.329
411,2/27/2022 19:30,70.63
412,2/27/2022 19:45,70.93
413,2/27/2022 20:00,70.803
414,2/27/2022 20:15,70.416
415,2/27/2022 20:30,69.942
416,2/27/2022 20:45,69.685
417,2/27/2022 21:00,69.771
418,2/27/2022 21:15,70.029
419,2/27/2022 21:30,70.286
420,2/27/2022 21:45,70.673
421,2/27/2022 22:00,70.93
422,2/27/2022 22:15,70.716
423,2/27/2022 22:30,70.286
424,2/27/2022 22:45,69.858
425,2/27/2022 23:00,69.814
426,2/27/2022 23:15,69.942
427,2/27/2022 23:30,70.201
428,2/27/2022 23:45,70.543
429,2/28/2022 0:00,70.759
430,2/28/2022 0:15,71.06
431,2/28/2022 0:30,71.017
432,2/28/2022 0:45,70.716
433,2/28/2022 1:00,70.286
434,2/28/2022 1:15,69.901
435,2/28/2022 1:30,69.814
436,2/28/2022 1:45,69.901
437,2/28/2022 2:00,70.072
438,2/28/2022 2:15,70.329
439,2/28/2022 2:30,70.587
440,2/28/2022 2:45,70.846
441,2/28/2022 3:00,71.06
442,2/28/2022 3:15,70.887
443,2/28/2022 3:30,70.543
444,2/28/2022 3:45,70.115
445,2/28/2022 4:00,69.814
446,2/28/2022 4:15,69.814
447,2/28/2022 4:30,69.942
448,2/28/2022 4:45,70.115
449,2/28/2022 5:00,70.329
450,2/28/2022 5:15,70.587
451,2/28/2022 5:30,70.846
452,2/28/2022 5:45,70.803
453,2/28/2022 6:00,70.416
454,2/28/2022 6:15,69.942
455,2/28/2022 6:30,69.728
456,2/28/2022 6:45,69.814
457,2/28/2022 7:00,70.029
458,2/28/2022 7:15,70.329
459,2/28/2022 7:30,70.63
460,2/28/2022 7:45,70.846
461,2/28/2022 8:00,70.587
462,2/28/2022 8:15,70.158
463,2/28/2022 8:30,69.771
464,2/28/2022 8:45,69.728
465,2/28/2022 9:00,69.901
466,2/28/2022 9:15,70.158
467,2/28/2022 9:30,70.459
468,2/28/2022 9:45,70.803
469,2/28/2022 10:00,70.887
470,2/28/2022 10:15,70.543
471,2/28/2022 10:30,70.072
472,2/28/2022 10:45,69.685
473,2/28/2022 11:00,69.728
474,2/28/2022 11:15,69.985
475,2/28/2022 11:30,70.329
476,2/28/2022 11:45,70.759
477,2/28/2022 12:00,71.404
478,2/28/2022 12:15,71.704
479,2/28/2022 12:30,71.62
480,2/28/2022 12:45,71.49
481,2/28/2022 13:00,71.317
482,2/28/2022 13:15,71.103
483,2/28/2022 13:30,70.673
484,2/28/2022 13:45,70.158
485,2/28/2022 14:00,69.771
486,2/28/2022 14:15,69.728
487,2/28/2022 14:30,69.771
488,2/28/2022 14:45,69.942
489,2/28/2022 15:00,70.072
490,2/28/2022 15:15,70.243
491,2/28/2022 15:30,70.416
492,2/28/2022 15:45,70.587
493,2/28/2022 16:00,70.716
494,2/28/2022 16:15,70.759
495,2/28/2022 16:30,70.416
496,2/28/2022 16:45,69.901
497,2/28/2022 17:00,69.643
498,2/28/2022 17:15,69.643
499,2/28/2022 17:30,69.771
500,2/28/2022 17:45,69.942
501,2/28/2022 18:00,70.158
502,2/28/2022 18:15,70.372
503,2/28/2022 18:30,70.587
504,2/28/2022 18:45,70.803
505,2/28/2022 19:00,70.587
506,2/28/2022 19:15,70.115
507,2/28/2022 19:30,69.728
508,2/28/2022 19:45,69.685
509,2/28/2022 20:00,69.814
510,2/28/2022 20:15,70.029
511,2/28/2022 20:30,70.243
512,2/28/2022 20:45,70.459
513,2/28/2022 21:00,70.716
514,2/28/2022 21:15,70.803
515,2/28/2022 21:30,70.459
516,2/28/2022 21:45,69.942
517,2/28/2022 22:00,69.685
518,2/28/2022 22:15,69.685
519,2/28/2022 22:30,69.858
520,2/28/2022 22:45,70.115
521,2/28/2022 23:00,70.372
522,2/28/2022 23:15,70.63
523,2/28/2022 23:30,70.803
524,2/28/2022 23:45,70.974
525,3/1/2022 0:00,70.887
526,3/1/2022 0:15,70.502
527,3/1/2022 0:30,70.029
528,3/1/2022 0:45,69.771
529,3/1/2022 1:00,69.771
530,3/1/2022 1:15,69.858
531,3/1/2022 1:30,69.985
532,3/1/2022 1:45,70.158
533,3/1/2022 2:00,70.329
534,3/1/2022 2:15,70.543
535,3/1/2022 2:30,70.716
536,3/1/2022 2:45,70.846
537,3/1/2022 3:00,70.716
538,3/1/2022 3:15,70.329
539,3/1/2022 3:30,69.901
540,3/1/2022 3:45,69.728
541,3/1/2022 4:00,69.771
542,3/1/2022 4:15,69.858
543,3/1/2022 4:30,69.942
544,3/1/2022 4:45,70.115
545,3/1/2022 5:00,70.286
546,3/1/2022 5:15,70.502
547,3/1/2022 5:30,70.716
548,3/1/2022 5:45,70.887
549,3/1/2022 6:00,70.673
550,3/1/2022 6:15,70.158
551,3/1/2022 6:30,69.771
552,3/1/2022 6:45,69.685
553,3/1/2022 7:00,69.814
554,3/1/2022 7:15,69.985
555,3/1/2022 7:30,70.072
556,3/1/2022 7:45,70.201
557,3/1/2022 8:00,70.416
558,3/1/2022 8:15,70.587
559,3/1/2022 8:30,70.759
560,3/1/2022 8:45,70.93
561,3/1/2022 9:00,70.587
562,3/1/2022 9:15,70.029
563,3/1/2022 9:30,69.728
564,3/1/2022 9:45,69.814
565,3/1/2022 10:00,69.901
566,3/1/2022 10:15,70.158
567,3/1/2022 10:30,70.416
568,3/1/2022 10:45,70.243
569,3/1/2022 11:00,70.029
570,3/1/2022 11:15,70.115
571,3/1/2022 11:30,70.372
572,3/1/2022 11:45,70.803
573,3/1/2022 12:00,71.361
574,3/1/2022 12:15,71.49
575,3/1/2022 12:30,71.447
576,3/1/2022 12:45,71.361
577,3/1/2022 13:00,71.231
578,3/1/2022 13:15,71.146
579,3/1/2022 13:30,70.974
580,3/1/2022 13:45,70.846
581,3/1/2022 14:00,70.673
582,3/1/2022 14:15,70.502
583,3/1/2022 14:30,70.115
584,3/1/2022 14:45,69.685
585,3/1/2022 15:00,69.514
586,3/1/2022 15:15,69.514
587,3/1/2022 15:30,69.557
588,3/1/2022 15:45,69.6
589,3/1/2022 16:00,69.685
590,3/1/2022 16:15,69.685
591,3/1/2022 16:30,69.771
592,3/1/2022 16:45,69.985
593,3/1/2022 17:00,70.286
594,3/1/2022 17:15,70.587
595,3/1/2022 17:30,70.846
596,3/1/2022 17:45,71.06
597,3/1/2022 18:00,70.846
598,3/1/2022 18:15,70.372
599,3/1/2022 18:30,69.858
600,3/1/2022 18:45,69.771
601,3/1/2022 19:00,69.901
602,3/1/2022 19:15,70.158
603,3/1/2022 19:30,70.459
604,3/1/2022 19:45,70.716
605,3/1/2022 20:00,71.017
606,3/1/2022 20:15,70.93
607,3/1/2022 20:30,70.502
608,3/1/2022 20:45,69.985
609,3/1/2022 21:00,69.771
610,3/1/2022 21:15,69.901
611,3/1/2022 21:30,70.115
612,3/1/2022 21:45,70.416
613,3/1/2022 22:00,70.543
614,3/1/2022 22:15,70.887
615,3/1/2022 22:30,71.017
616,3/1/2022 22:45,70.673
617,3/1/2022 23:00,70.243
618,3/1/2022 23:15,69.985
619,3/1/2022 23:30,69.985
620,3/1/2022 23:45,70.072
621,3/2/2022 0:00,70.243
622,3/2/2022 0:15,70.459
623,3/2/2022 0:30,70.63
624,3/2/2022 0:45,70.803
625,3/2/2022 1:00,70.543
626,3/2/2022 1:15,70.115
627,3/2/2022 1:30,69.901
628,3/2/2022 1:45,69.942
629,3/2/2022 2:00,70.029
630,3/2/2022 2:15,70.201
631,3/2/2022 2:30,70.416
632,3/2/2022 2:45,70.63
633,3/2/2022 3:00,70.846
634,3/2/2022 3:15,70.673
635,3/2/2022 3:30,70.286
636,3/2/2022 3:45,69.942
637,3/2/2022 4:00,69.901
638,3/2/2022 4:15,69.942
639,3/2/2022 4:30,70.029
640,3/2/2022 4:45,70.286
641,3/2/2022 5:00,70.587
642,3/2/2022 5:15,70.887
643,3/2/2022 5:30,71.146
644,3/2/2022 5:45,71.19
645,3/2/2022 6:00,70.803
646,3/2/2022 6:15,70.286
647,3/2/2022 6:30,69.942
648,3/2/2022 6:45,69.942
649,3/2/2022 7:00,70.158
650,3/2/2022 7:15,70.416
651,3/2/2022 7:30,70.716
652,3/2/2022 7:45,71.017
653,3/2/2022 8:00,71.231
654,3/2/2022 8:15,71.06
655,3/2/2022 8:30,70.543
656,3/2/2022 8:45,70.029
657,3/2/2022 9:00,70.029
658,3/2/2022 9:15,70.416
659,3/2/2022 9:30,70.974
660,3/2/2022 9:45,71.62
661,3/2/2022 10:00,71.92
662,3/2/2022 10:15,72.05
663,3/2/2022 10:30,71.964
664,3/2/2022 10:45,70.887
665,3/2/2022 11:00,70.63
666,3/2/2022 11:15,70.716
667,3/2/2022 11:30,70.887
668,3/2/2022 11:45,71.231
669,3/2/2022 12:00,71.447
670,3/2/2022 12:15,71.317
671,3/2/2022 12:30,71.103
672,3/2/2022 12:45,70.846
673,3/2/2022 13:00,70.587
674,3/2/2022 13:15,70.329
675,3/2/2022 13:30,70.115
676,3/2/2022 13:45,70.115
677,3/2/2022 14:00,70.243
678,3/2/2022 14:15,70.587
679,3/2/2022 14:30,70.974
680,3/2/2022 14:45,71.404
681,3/2/2022 15:00,71.62
682,3/2/2022 15:15,71.533
683,3/2/2022 15:30,71.361
684,3/2/2022 15:45,71.146
685,3/2/2022 16:00,70.93
686,3/2/2022 16:15,70.716
687,3/2/2022 16:30,70.459
688,3/2/2022 16:45,70.286
689,3/2/2022 17:00,70.372
690,3/2/2022 17:15,70.587
691,3/2/2022 17:30,71.06
692,3/2/2022 17:45,71.62
693,3/2/2022 18:00,71.748
694,3/2/2022 18:15,71.62
695,3/2/2022 18:30,71.404
696,3/2/2022 18:45,71.146
697,3/2/2022 19:00,70.93
698,3/2/2022 19:15,70.673
699,3/2/2022 19:30,70.459
700,3/2/2022 19:45,70.243
701,3/2/2022 20:00,70.243
702,3/2/2022 20:15,70.502
703,3/2/2022 20:30,70.846
704,3/2/2022 20:45,71.404
705,3/2/2022 21:00,71.748
706,3/2/2022 21:15,71.704
707,3/2/2022 21:30,71.533
708,3/2/2022 21:45,71.274
709,3/2/2022 22:00,71.017
710,3/2/2022 22:15,70.803
711,3/2/2022 22:30,70.543
712,3/2/2022 22:45,70.286
713,3/2/2022 23:00,70.243
714,3/2/2022 23:15,70.329
715,3/2/2022 23:30,70.716
716,3/2/2022 23:45,71.146
717,3/3/2022 0:00,71.447
718,3/3/2022 0:15,71.404
719,3/3/2022 0:30,71.19
720,3/3/2022 0:45,70.974
721,3/3/2022 1:00,70.716
722,3/3/2022 1:15,70.459
723,3/3/2022 1:30,70.201
724,3/3/2022 1:45,70.115
725,3/3/2022 2:00,70.243
726,3/3/2022 2:15,70.63
727,3/3/2022 2:30,71.017
728,3/3/2022 2:45,71.274
729,3/3/2022 3:00,71.19
730,3/3/2022 3:15,71.06
731,3/3/2022 3:30,70.846
732,3/3/2022 3:45,70.63
733,3/3/2022 4:00,70.372
734,3/3/2022 4:15,70.201
735,3/3/2022 4:30,70.201
736,3/3/2022 4:45,70.416
737,3/3/2022 5:00,70.846
738,3/3/2022 5:15,71.404
739,3/3/2022 5:30,71.704
740,3/3/2022 5:45,71.661
741,3/3/2022 6:00,71.49
742,3/3/2022 6:15,71.274
743,3/3/2022 6:30,71.017
744,3/3/2022 6:45,70.803
745,3/3/2022 7:00,70.587
746,3/3/2022 7:15,70.372
747,3/3/2022 7:30,70.286
748,3/3/2022 7:45,70.416
749,3/3/2022 8:00,70.716
750,3/3/2022 8:15,71.231
751,3/3/2022 8:30,71.661
752,3/3/2022 8:45,71.661
753,3/3/2022 9:00,71.49
754,3/3/2022 9:15,71.274
755,3/3/2022 9:30,71.06
756,3/3/2022 9:45,70.803
757,3/3/2022 10:00,70.587
758,3/3/2022 10:15,70.329
759,3/3/2022 10:30,70.158
760,3/3/2022 10:45,70.158
761,3/3/2022 11:00,70.372
762,3/3/2022 11:15,70.759
763,3/3/2022 11:30,71.06
764,3/3/2022 11:45,71.317
765,3/3/2022 12:00,71.317
766,3/3/2022 12:15,71.274
767,3/3/2022 12:30,71.146
768,3/3/2022 12:45,70.974
769,3/3/2022 13:00,70.846
770,3/3/2022 13:15,70.673
771,3/3/2022 13:30,70.543
772,3/3/2022 13:45,70.372
773,3/3/2022 14:00,70.243
774,3/3/2022 14:15,70.115
775,3/3/2022 14:30,70.029
776,3/3/2022 14:45,70.115
777,3/3/2022 15:00,70.329
778,3/3/2022 15:15,70.673
779,3/3/2022 15:30,70.974
780,3/3/2022 15:45,70.846
781,3/3/2022 16:00,70.587
782,3/3/2022 16:15,70.286
783,3/3/2022 16:30,69.985
784,3/3/2022 16:45,69.814
785,3/3/2022 17:00,69.901
786,3/3/2022 17:15,70.158
787,3/3/2022 17:30,70.502
788,3/3/2022 17:45,70.93
789,3/3/2022 18:00,71.231
790,3/3/2022 18:15,71.103
791,3/3/2022 18:30,70.846
792,3/3/2022 18:45,70.502
793,3/3/2022 19:00,70.201
794,3/3/2022 19:15,69.901
795,3/3/2022 19:30,69.858
796,3/3/2022 19:45,70.029
797,3/3/2022 20:00,70.372
798,3/3/2022 20:15,70.803
799,3/3/2022 20:30,71.231
800,3/3/2022 20:45,71.231
801,3/3/2022 21:00,71.017
802,3/3/2022 21:15,70.716
803,3/3/2022 21:30,70.416
804,3/3/2022 21:45,70.029
805,3/3/2022 22:00,69.858
806,3/3/2022 22:15,69.942
807,3/3/2022 22:30,70.158
808,3/3/2022 22:45,70.543
809,3/3/2022 23:00,70.803
810,3/3/2022 23:15,70.759
811,3/3/2022 23:30,70.543
812,3/3/2022 23:45,70.286
813,3/4/2022 0:00,70.029
814,3/4/2022 0:15,69.858
815,3/4/2022 0:30,69.942
816,3/4/2022 0:45,70.115
817,3/4/2022 1:00,70.416
818,3/4/2022 1:15,70.759
819,3/4/2022 1:30,70.887
820,3/4/2022 1:45,70.759
821,3/4/2022 2:00,70.543
822,3/4/2022 2:15,70.286
823,3/4/2022 2:30,70.029
824,3/4/2022 2:45,69.814
825,3/4/2022 3:00,69.814
826,3/4/2022 3:15,69.985
827,3/4/2022 3:30,70.243
828,3/4/2022 3:45,70.587
829,3/4/2022 4:00,70.803
830,3/4/2022 4:15,70.716
831,3/4/2022 4:30,70.459
832,3/4/2022 4:45,70.158
833,3/4/2022 5:00,69.901
834,3/4/2022 5:15,69.858
835,3/4/2022 5:30,70.072
836,3/4/2022 5:45,70.372
837,3/4/2022 6:00,70.846
838,3/4/2022 6:15,71.19
839,3/4/2022 6:30,71.146
840,3/4/2022 6:45,70.93
841,3/4/2022 7:00,70.63
842,3/4/2022 7:15,70.329
843,3/4/2022 7:30,69.985
844,3/4/2022 7:45,69.858
845,3/4/2022 8:00,69.942
846,3/4/2022 8:15,70.158
847,3/4/2022 8:30,70.63
848,3/4/2022 8:45,71.017
849,3/4/2022 9:00,71.19
850,3/4/2022 9:15,70.974
851,3/4/2022 9:30,70.63
852,3/4/2022 9:45,70.329
853,3/4/2022 10:00,70.029
854,3/4/2022 10:15,69.985
855,3/4/2022 10:30,70.115
856,3/4/2022 10:45,70.587
857,3/4/2022 11:00,70.974
858,3/4/2022 11:15,71.017
859,3/4/2022 11:30,70.887
860,3/4/2022 11:45,70.759
861,3/4/2022 12:00,70.502
862,3/4/2022 12:15,70.286
863,3/4/2022 12:30,70.201
864,3/4/2022 12:45,70.243
865,3/4/2022 13:00,70.63
866,3/4/2022 13:15,71.017
867,3/4/2022 13:30,71.274
868,3/4/2022 13:45,71.19
869,3/4/2022 14:00,71.017
870,3/4/2022 14:15,70.673
871,3/4/2022 14:30,70.243
872,3/4/2022 14:45,69.858
873,3/4/2022 15:00,69.728
874,3/4/2022 15:15,69.728
875,3/4/2022 15:30,69.858
876,3/4/2022 15:45,70.029
877,3/4/2022 16:00,70.158
878,3/4/2022 16:15,70.372
879,3/4/2022 16:30,70.543
880,3/4/2022 16:45,70.329
881,3/4/2022 17:00,69.942
882,3/4/2022 17:15,69.728
883,3/4/2022 17:30,69.728
884,3/4/2022 17:45,69.858
885,3/4/2022 18:00,69.985
886,3/4/2022 18:15,70.115
887,3/4/2022 18:30,70.329
888,3/4/2022 18:45,70.543
889,3/4/2022 19:00,70.846
890,3/4/2022 19:15,70.887
891,3/4/2022 19:30,70.502
892,3/4/2022 19:45,70.029
893,3/4/2022 20:00,69.728
894,3/4/2022 20:15,69.771
895,3/4/2022 20:30,69.901
896,3/4/2022 20:45,70.158
897,3/4/2022 21:00,70.416
898,3/4/2022 21:15,70.673
899,3/4/2022 21:30,70.974
900,3/4/2022 21:45,70.716
901,3/4/2022 22:00,70.286
902,3/4/2022 22:15,69.858
903,3/4/2022 22:30,69.771
904,3/4/2022 22:45,69.858
905,3/4/2022 23:00,70.072
906,3/4/2022 23:15,70.372
907,3/4/2022 23:30,70.63
908,3/4/2022 23:45,70.803
909,3/5/2022 0:00,70.93
910,3/5/2022 0:15,70.63
911,3/5/2022 0:30,70.201
912,3/5/2022 0:45,69.901
913,3/5/2022 1:00,69.858
914,3/5/2022 1:15,69.901
915,3/5/2022 1:30,70.072
916,3/5/2022 1:45,70.243
917,3/5/2022 2:00,70.459
918,3/5/2022 2:15,70.673
919,3/5/2022 2:30,70.587
920,3/5/2022 2:45,70.243
921,3/5/2022 3:00,69.814
922,3/5/2022 3:15,69.728
923,3/5/2022 3:30,69.771
924,3/5/2022 3:45,69.858
925,3/5/2022 4:00,70.029
926,3/5/2022 4:15,70.201
927,3/5/2022 4:30,70.416
928,3/5/2022 4:45,70.459
929,3/5/2022 5:00,70.201
930,3/5/2022 5:15,69.814
931,3/5/2022 5:30,69.728
932,3/5/2022 5:45,69.728
933,3/5/2022 6:00,69.771
934,3/5/2022 6:15,69.901
935,3/5/2022 6:30,70.115
936,3/5/2022 6:45,70.372
937,3/5/2022 7:00,70.63
938,3/5/2022 7:15,70.887
939,3/5/2022 7:30,70.803
940,3/5/2022 7:45,70.372
941,3/5/2022 8:00,69.901
942,3/5/2022 8:15,69.771
943,3/5/2022 8:30,69.814
944,3/5/2022 8:45,69.985
945,3/5/2022 9:00,70.201
946,3/5/2022 9:15,70.459
947,3/5/2022 9:30,70.716
948,3/5/2022 9:45,70.974
949,3/5/2022 10:00,70.887
950,3/5/2022 10:15,70.459
951,3/5/2022 10:30,69.942
952,3/5/2022 10:45,69.771
953,3/5/2022 11:00,69.858
954,3/5/2022 11:15,70.029
955,3/5/2022 11:30,70.243
956,3/5/2022 11:45,70.459
957,3/5/2022 12:00,70.759
958,3/5/2022 12:15,70.803
959,3/5/2022 12:30,70.459
960,3/5/2022 12:45,70.029
961,3/5/2022 13:00,69.814
962,3/5/2022 13:15,69.814
963,3/5/2022 13:30,69.901
964,3/5/2022 13:45,70.029
965,3/5/2022 14:00,70.243
966,3/5/2022 14:15,70.459
967,3/5/2022 14:30,70.673
968,3/5/2022 14:45,70.543
969,3/5/2022 15:00,70.158
970,3/5/2022 15:15,69.858
971,3/5/2022 15:30,69.814
972,3/5/2022 15:45,69.858
973,3/5/2022 16:00,70.029
974,3/5/2022 16:15,70.243
975,3/5/2022 16:30,70.416
976,3/5/2022 16:45,70.63
977,3/5/2022 17:00,70.459
978,3/5/2022 17:15,70.072
979,3/5/2022 17:30,69.771
980,3/5/2022 17:45,69.771
981,3/5/2022 18:00,69.814
982,3/5/2022 18:15,69.942
983,3/5/2022 18:30,70.201
984,3/5/2022 18:45,70.459
985,3/5/2022 19:00,70.716
986,3/5/2022 19:15,70.974
987,3/5/2022 19:30,70.716
988,3/5/2022 19:45,70.243
989,3/5/2022 20:00,69.858
990,3/5/2022 20:15,69.858
991,3/5/2022 20:30,69.942
992,3/5/2022 20:45,70.158
993,3/5/2022 21:00,70.459
994,3/5/2022 21:15,70.716
995,3/5/2022 21:30,71.017
996,3/5/2022 21:45,70.93
997,3/5/2022 22:00,70.502
998,3/5/2022 22:15,70.029
999,3/5/2022 22:30,69.858
1000,3/5/2022 22:45,69.942
1001,3/5/2022 23:00,70.072
1002,3/5/2022 23:15,70.329
1003,3/5/2022 23:30,70.543
1004,3/5/2022 23:45,70.846
1005,3/6/2022 0:00,70.846
1006,3/6/2022 0:15,70.502
1007,3/6/2022 0:30,70.072
1008,3/6/2022 0:45,69.901
1009,3/6/2022 1:00,69.901
1010,3/6/2022 1:15,69.985
1011,3/6/2022 1:30,70.158
1012,3/6/2022 1:45,70.329
1013,3/6/2022 2:00,70.543
1014,3/6/2022 2:15,70.543
1015,3/6/2022 2:30,70.201
1016,3/6/2022 2:45,69.858
1017,3/6/2022 3:00,69.771
1018,3/6/2022 3:15,69.814
1019,3/6/2022 3:30,69.901
1020,3/6/2022 3:45,70.115
1021,3/6/2022 4:00,70.329
1022,3/6/2022 4:15,70.502
1023,3/6/2022 4:30,70.416
1024,3/6/2022 4:45,70.029
1025,3/6/2022 5:00,69.771
1026,3/6/2022 5:15,69.771
1027,3/6/2022 5:30,69.858
1028,3/6/2022 5:45,69.985
1029,3/6/2022 6:00,70.115
1030,3/6/2022 6:15,70.329
1031,3/6/2022 6:30,70.587
1032,3/6/2022 6:45,70.846
1033,3/6/2022 7:00,70.974
1034,3/6/2022 7:15,70.673
1035,3/6/2022 7:30,70.158
1036,3/6/2022 7:45,69.814
1037,3/6/2022 8:00,69.858
1038,3/6/2022 8:15,69.942
1039,3/6/2022 8:30,70.201
1040,3/6/2022 8:45,70.459
1041,3/6/2022 9:00,70.759
1042,3/6/2022 9:15,70.974
1043,3/6/2022 9:30,70.759
1044,3/6/2022 9:45,70.286
1045,3/6/2022 10:00,69.901
1046,3/6/2022 10:15,69.858
1047,3/6/2022 10:30,69.942
1048,3/6/2022 10:45,70.158
1049,3/6/2022 11:00,70.372
1050,3/6/2022 11:15,70.673
1051,3/6/2022 11:30,70.803
1052,3/6/2022 11:45,70.587
1053,3/6/2022 12:00,70.201
1054,3/6/2022 12:15,69.901
1055,3/6/2022 12:30,69.942
1056,3/6/2022 12:45,70.158
1057,3/6/2022 13:00,70.543
1058,3/6/2022 13:15,70.974
1059,3/6/2022 13:30,71.317
1060,3/6/2022 13:45,71.447
1061,3/6/2022 14:00,71.404
1062,3/6/2022 14:15,71.317
1063,3/6/2022 14:30,71.19
1064,3/6/2022 14:45,71.06
1065,3/6/2022 15:00,70.93
1066,3/6/2022 15:15,70.587
1067,3/6/2022 15:30,69.985
1068,3/6/2022 15:45,69.643
1069,3/6/2022 16:00,69.557
1070,3/6/2022 16:15,69.557
1071,3/6/2022 16:30,69.643
1072,3/6/2022 16:45,69.685
1073,3/6/2022 17:00,69.814
1074,3/6/2022 17:15,69.942
1075,3/6/2022 17:30,70.072
1076,3/6/2022 17:45,70.243
1077,3/6/2022 18:00,70.372
1078,3/6/2022 18:15,70.459
1079,3/6/2022 18:30,70.63
1080,3/6/2022 18:45,70.416
1081,3/6/2022 19:00,69.942
1082,3/6/2022 19:15,69.643
1083,3/6/2022 19:30,69.6
1084,3/6/2022 19:45,69.685
1085,3/6/2022 20:00,69.814
1086,3/6/2022 20:15,69.985
1087,3/6/2022 20:30,70.201
1088,3/6/2022 20:45,70.372
1089,3/6/2022 21:00,70.716
1090,3/6/2022 21:15,70.716
1091,3/6/2022 21:30,70.286
1092,3/6/2022 21:45,69.814
1093,3/6/2022 22:00,69.685
1094,3/6/2022 22:15,69.728
1095,3/6/2022 22:30,69.814
1096,3/6/2022 22:45,69.985
1097,3/6/2022 23:00,70.201
1098,3/6/2022 23:15,70.416
1099,3/6/2022 23:30,70.372
1100,3/6/2022 23:45,69.985
1101,3/7/2022 0:00,69.643
1102,3/7/2022 0:15,69.643
1103,3/7/2022 0:30,69.685
1104,3/7/2022 0:45,69.814
1105,3/7/2022 1:00,69.942
1106,3/7/2022 1:15,70.115
1107,3/7/2022 1:30,70.372
1108,3/7/2022 1:45,70.587
1109,3/7/2022 2:00,70.803
1110,3/7/2022 2:15,70.716
1111,3/7/2022 2:30,70.286
1112,3/7/2022 2:45,69.858
1113,3/7/2022 3:00,69.685
1114,3/7/2022 3:15,69.685
1115,3/7/2022 3:30,69.685
1116,3/7/2022 3:45,69.814
1117,3/7/2022 4:00,69.942
1118,3/7/2022 4:15,70.115
1119,3/7/2022 4:30,70.201
1120,3/7/2022 4:45,70.329
1121,3/7/2022 5:00,70.459
1122,3/7/2022 5:15,70.587
1123,3/7/2022 5:30,70.716
1124,3/7/2022 5:45,70.673
1125,3/7/2022 6:00,70.243
1126,3/7/2022 6:15,69.814
1127,3/7/2022 6:30,69.685
1128,3/7/2022 6:45,69.685
1129,3/7/2022 7:00,69.728
1130,3/7/2022 7:15,69.814
1131,3/7/2022 7:30,69.901
1132,3/7/2022 7:45,69.985
1133,3/7/2022 8:00,70.158
1134,3/7/2022 8:15,70.286
1135,3/7/2022 8:30,70.459
1136,3/7/2022 8:45,70.63
1137,3/7/2022 9:00,70.372
1138,3/7/2022 9:15,69.901
1139,3/7/2022 9:30,69.643
1140,3/7/2022 9:45,69.643
1141,3/7/2022 10:00,69.685
1142,3/7/2022 10:15,69.858
1143,3/7/2022 10:30,70.029
1144,3/7/2022 10:45,70.201
1145,3/7/2022 11:00,70.372
1146,3/7/2022 11:15,70.543
1147,3/7/2022 11:30,70.416
1148,3/7/2022 11:45,69.985
1149,3/7/2022 12:00,69.685
1150,3/7/2022 12:15,69.6
1151,3/7/2022 12:30,69.685
1152,3/7/2022 12:45,69.814
1153,3/7/2022 13:00,69.901
1154,3/7/2022 13:15,70.029
1155,3/7/2022 13:30,70.329
1156,3/7/2022 13:45,70.716
1157,3/7/2022 14:00,70.887
1158,3/7/2022 14:15,70.846
1159,3/7/2022 14:30,70.716
1160,3/7/2022 14:45,70.63
1161,3/7/2022 15:00,70.416
1162,3/7/2022 15:15,70.243
1163,3/7/2022 15:30,70.115
1164,3/7/2022 15:45,69.985
1165,3/7/2022 16:00,70.029
1166,3/7/2022 16:15,70.329
1167,3/7/2022 16:30,70.587
1168,3/7/2022 16:45,70.803
1169,3/7/2022 17:00,71.017
1170,3/7/2022 17:15,71.017
1171,3/7/2022 17:30,70.716
1172,3/7/2022 17:45,70.286
1173,3/7/2022 18:00,69.942
1174,3/7/2022 18:15,69.685
1175,3/7/2022 18:30,69.685
1176,3/7/2022 18:45,69.942
1177,3/7/2022 19:00,70.201
1178,3/7/2022 19:15,70.329
1179,3/7/2022 19:30,70.502
1180,3/7/2022 19:45,70.716
1181,3/7/2022 20:00,70.63
1182,3/7/2022 20:15,70.329
1183,3/7/2022 20:30,69.942
1184,3/7/2022 20:45,69.728
1185,3/7/2022 21:00,69.771
1186,3/7/2022 21:15,69.985
1187,3/7/2022 21:30,70.286
1188,3/7/2022 21:45,70.543
1189,3/7/2022 22:00,70.759
1190,3/7/2022 22:15,70.63
1191,3/7/2022 22:30,70.286
1192,3/7/2022 22:45,69.901
1193,3/7/2022 23:00,69.728
1194,3/7/2022 23:15,69.771
1195,3/7/2022 23:30,69.985
1196,3/7/2022 23:45,70.243
1197,3/8/2022 0:00,70.543
1198,3/8/2022 0:15,70.803
1199,3/8/2022 0:30,70.673
1200,3/8/2022 0:45,70.286
1201,3/8/2022 1:00,69.858
1202,3/8/2022 1:15,69.685
1203,3/8/2022 1:30,69.685
1204,3/8/2022 1:45,69.858
1205,3/8/2022 2:00,69.985
1206,3/8/2022 2:15,70.158
1207,3/8/2022 2:30,70.416
1208,3/8/2022 2:45,70.673
1209,3/8/2022 3:00,70.887
1210,3/8/2022 3:15,70.803
1211,3/8/2022 3:30,70.459
1212,3/8/2022 3:45,70.072
1213,3/8/2022 4:00,69.771
1214,3/8/2022 4:15,69.685
1215,3/8/2022 4:30,69.728
1216,3/8/2022 4:45,69.901
1217,3/8/2022 5:00,70.072
1218,3/8/2022 5:15,70.286
1219,3/8/2022 5:30,70.502
1220,3/8/2022 5:45,70.716
1221,3/8/2022 6:00,70.543
1222,3/8/2022 6:15,70.158
1223,3/8/2022 6:30,69.858
1224,3/8/2022 6:45,69.814
1225,3/8/2022 7:00,69.858
1226,3/8/2022 7:15,69.858
1227,3/8/2022 7:30,70.072
1228,3/8/2022 7:45,70.372
1229,3/8/2022 8:00,70.673
1230,3/8/2022 8:15,70.716
1231,3/8/2022 8:30,70.459
1232,3/8/2022 8:45,70.029
1233,3/8/2022 9:00,69.771
1234,3/8/2022 9:15,69.771
1235,3/8/2022 9:30,69.942
1236,3/8/2022 9:45,70.201
1237,3/8/2022 10:00,70.459
1238,3/8/2022 10:15,70.716
1239,3/8/2022 10:30,70.759
1240,3/8/2022 10:45,70.502
1241,3/8/2022 11:00,70.158
1242,3/8/2022 11:15,69.814
1243,3/8/2022 11:30,69.814
1244,3/8/2022 11:45,70.115
1245,3/8/2022 12:00,70.63
1246,3/8/2022 12:15,71.146
1247,3/8/2022 12:30,71.447
1248,3/8/2022 12:45,71.146
1249,3/8/2022 13:00,71.103
1250,3/8/2022 13:15,70.974
1251,3/8/2022 13:30,70.759
1252,3/8/2022 13:45,70.587
1253,3/8/2022 14:00,70.372
1254,3/8/2022 14:15,70.201
1255,3/8/2022 14:30,70.029
1256,3/8/2022 14:45,69.985
1257,3/8/2022 15:00,70.115
1258,3/8/2022 15:15,70.502
1259,3/8/2022 15:30,70.974
1260,3/8/2022 15:45,71.231
1261,3/8/2022 16:00,71.274
1262,3/8/2022 16:15,71.146
1263,3/8/2022 16:30,70.846
1264,3/8/2022 16:45,70.416
1265,3/8/2022 17:00,69.985
1266,3/8/2022 17:15,69.728
1267,3/8/2022 17:30,69.771
1268,3/8/2022 17:45,69.942
1269,3/8/2022 18:00,70.115
1270,3/8/2022 18:15,70.372
1271,3/8/2022 18:30,70.63
1272,3/8/2022 18:45,71.06
1273,3/8/2022 19:00,70.93
1274,3/8/2022 19:15,70.63
1275,3/8/2022 19:30,70.201
1276,3/8/2022 19:45,69.858
1277,3/8/2022 20:00,69.814
1278,3/8/2022 20:15,69.985
1279,3/8/2022 20:30,70.286
1280,3/8/2022 20:45,70.63
1281,3/8/2022 21:00,70.93
1282,3/8/2022 21:15,70.93
1283,3/8/2022 21:30,70.673
1284,3/8/2022 21:45,70.329
1285,3/8/2022 22:00,69.942
1286,3/8/2022 22:15,69.814
1287,3/8/2022 22:30,69.942
1288,3/8/2022 22:45,70.201
1289,3/8/2022 23:00,70.502
1290,3/8/2022 23:15,70.846
1291,3/8/2022 23:30,70.887
1292,3/8/2022 23:45,70.63
1293,3/9/2022 0:00,70.286
1294,3/9/2022 0:15,69.942
1295,3/9/2022 0:30,69.771
1296,3/9/2022 0:45,69.685
1297,3/9/2022 1:00,69.942
1298,3/9/2022 1:15,70.115
1299,3/9/2022 1:30,70.416
1300,3/9/2022 1:45,70.543
1301,3/9/2022 2:00,70.459
1302,3/9/2022 2:15,70.158
1303,3/9/2022 2:30,69.858
1304,3/9/2022 2:45,69.685
1305,3/9/2022 3:00,69.771
1306,3/9/2022 3:15,69.942
1307,3/9/2022 3:30,70.201
1308,3/9/2022 3:45,70.459
1309,3/9/2022 4:00,70.716
1310,3/9/2022 4:15,70.803
1311,3/9/2022 4:30,70.716
1312,3/9/2022 4:45,70.459
1313,3/9/2022 5:00,70.072
1314,3/9/2022 5:15,69.771
1315,3/9/2022 5:30,69.685
1316,3/9/2022 5:45,69.771
1317,3/9/2022 6:00,69.942
1318,3/9/2022 6:15,70.201
1319,3/9/2022 6:30,70.63
1320,3/9/2022 6:45,70.93
1321,3/9/2022 7:00,70.974
1322,3/9/2022 7:15,70.759
1323,3/9/2022 7:30,70.416
1324,3/9/2022 7:45,69.985
1325,3/9/2022 8:00,69.771
1326,3/9/2022 8:15,69.858
1327,3/9/2022 8:30,70.029
1328,3/9/2022 8:45,70.329
1329,3/9/2022 9:00,70.673
1330,3/9/2022 9:15,71.017
1331,3/9/2022 9:30,70.974
1332,3/9/2022 9:45,70.673
1333,3/9/2022 10:00,70.286
1334,3/9/2022 10:15,69.942
1335,3/9/2022 10:30,69.814
1336,3/9/2022 10:45,69.942
1337,3/9/2022 11:00,70.201
1338,3/9/2022 11:15,70.416
1339,3/9/2022 11:30,70.716
1340,3/9/2022 11:45,70.803
1341,3/9/2022 12:00,70.587
1342,3/9/2022 12:15,70.201
1343,3/9/2022 12:30,69.771
1344,3/9/2022 12:45,69.471
1345,3/9/2022 13:00,69.557
1346,3/9/2022 13:15,69.771
1347,3/9/2022 13:30,69.985
1348,3/9/2022 13:45,70.243
1349,3/9/2022 14:00,70.502
1350,3/9/2022 14:15,70.716
1351,3/9/2022 14:30,70.887
1352,3/9/2022 14:45,70.803
1353,3/9/2022 15:00,70.459
1354,3/9/2022 15:15,70.072
1355,3/9/2022 15:30,69.771
1356,3/9/2022 15:45,69.685
1357,3/9/2022 16:00,69.728
1358,3/9/2022 16:15,69.901
1359,3/9/2022 16:30,70.072
1360,3/9/2022 16:45,70.329
1361,3/9/2022 17:00,70.543
1362,3/9/2022 17:15,70.587
1363,3/9/2022 17:30,70.329
1364,3/9/2022 17:45,69.985
1365,3/9/2022 18:00,69.728
1366,3/9/2022 18:15,69.685
1367,3/9/2022 18:30,69.985
1368,3/9/2022 18:45,70.158
1369,3/9/2022 19:00,70.416
1370,3/9/2022 19:15,70.716
1371,3/9/2022 19:30,70.846
1372,3/9/2022 19:45,70.716
1373,3/9/2022 20:00,70.416
1374,3/9/2022 20:15,70.072
1375,3/9/2022 20:30,69.771
1376,3/9/2022 20:45,69.771
1377,3/9/2022 21:00,69.985
1378,3/9/2022 21:15,70.329
1379,3/9/2022 21:30,70.716
1380,3/9/2022 21:45,71.017
1381,3/9/2022 22:00,70.974
1382,3/9/2022 22:15,70.716
1383,3/9/2022 22:30,70.416
1384,3/9/2022 22:45,70.029
1385,3/9/2022 23:00,69.771
1386,3/9/2022 23:15,69.858
1387,3/9/2022 23:30,70.072
1388,3/9/2022 23:45,70.416
1389,3/10/2022 0:00,70.803
1390,3/10/2022 0:15,70.887
1391,3/10/2022 0:30,70.587
1392,3/10/2022 0:45,70.243
1393,3/10/2022 1:00,69.901
1394,3/10/2022 1:15,69.771
1395,3/10/2022 1:30,69.814
1396,3/10/2022 1:45,69.985
1397,3/10/2022 2:00,70.243
1398,3/10/2022 2:15,70.543
1399,3/10/2022 2:30,70.846
1400,3/10/2022 2:45,70.887
1401,3/10/2022 3:00,70.673
1402,3/10/2022 3:15,70.372
1403,3/10/2022 3:30,70.029
1404,3/10/2022 3:45,69.814
1405,3/10/2022 4:00,69.814
1406,3/10/2022 4:15,69.858
1407,3/10/2022 4:30,70.072
1408,3/10/2022 4:45,70.329
1409,3/10/2022 5:00,70.587
1410,3/10/2022 5:15,70.803
1411,3/10/2022 5:30,70.673
1412,3/10/2022 5:45,70.416
1413,3/10/2022 6:00,70.072
1414,3/10/2022 6:15,69.858
1415,3/10/2022 6:30,69.858
1416,3/10/2022 6:45,69.985
1417,3/10/2022 7:00,70.243
1418,3/10/2022 7:15,70.587
1419,3/10/2022 7:30,70.803
1420,3/10/2022 7:45,70.716
1421,3/10/2022 8:00,70.502
1422,3/10/2022 8:15,70.201
1423,3/10/2022 8:30,69.858
1424,3/10/2022 8:45,69.814
1425,3/10/2022 9:00,69.985
1426,3/10/2022 9:15,70.286
1427,3/10/2022 9:30,70.63
1428,3/10/2022 9:45,70.846
1429,3/10/2022 10:00,70.759
1430,3/10/2022 10:15,70.459
1431,3/10/2022 10:30,70.115
1432,3/10/2022 10:45,69.771
1433,3/10/2022 11:00,69.685
1434,3/10/2022 11:15,69.858
1435,3/10/2022 11:30,70.115
1436,3/10/2022 11:45,70.416
1437,3/10/2022 12:00,70.759
1438,3/10/2022 12:15,70.887
1439,3/10/2022 12:30,70.63
1440,3/10/2022 12:45,70.243
1441,3/10/2022 13:00,69.901
1442,3/10/2022 13:15,69.814
1443,3/10/2022 13:30,70.115
1444,3/10/2022 13:45,70.502
1445,3/10/2022 14:00,70.974
1446,3/10/2022 14:15,71.231
1447,3/10/2022 14:30,71.274
1448,3/10/2022 14:45,71.231
1449,3/10/2022 15:00,71.06
1450,3/10/2022 15:15,70.93
1451,3/10/2022 15:30,70.759
1452,3/10/2022 15:45,70.587
1453,3/10/2022 16:00,70.459
1454,3/10/2022 16:15,70.286
1455,3/10/2022 16:30,70.115
1456,3/10/2022 16:45,70.029
1457,3/10/2022 17:00,70.115
1458,3/10/2022 17:15,70.329
1459,3/10/2022 17:30,70.587
1460,3/10/2022 17:45,70.974
1461,3/10/2022 18:00,71.146
1462,3/10/2022 18:15,71.103
1463,3/10/2022 18:30,70.93
1464,3/10/2022 18:45,70.673
1465,3/10/2022 19:00,70.416
1466,3/10/2022 19:15,70.158
1467,3/10/2022 19:30,69.901
1468,3/10/2022 19:45,69.771
1469,3/10/2022 20:00,69.858
1470,3/10/2022 20:15,70.201
1471,3/10/2022 20:30,70.673
1472,3/10/2022 20:45,71.06
1473,3/10/2022 21:00,71.146
1474,3/10/2022 21:15,71.103
1475,3/10/2022 21:30,70.93
1476,3/10/2022 21:45,70.673
1477,3/10/2022 22:00,70.416
1478,3/10/2022 22:15,70.158
1479,3/10/2022 22:30,69.901
1480,3/10/2022 22:45,69.771
1481,3/10/2022 23:00,69.814
1482,3/10/2022 23:15,70.115
1483,3/10/2022 23:30,70.543
1484,3/10/2022 23:45,71.017
1485,3/11/2022 0:00,71.19
1486,3/11/2022 0:15,71.103
1487,3/11/2022 0:30,70.846
1488,3/11/2022 0:45,70.587
1489,3/11/2022 1:00,70.286
1490,3/11/2022 1:15,69.985
1491,3/11/2022 1:30,69.858
1492,3/11/2022 1:45,69.942
1493,3/11/2022 2:00,70.243
1494,3/11/2022 2:15,70.673
1495,3/11/2022 2:30,71.06
1496,3/11/2022 2:45,71.146
1497,3/11/2022 3:00,71.06
1498,3/11/2022 3:15,70.803
1499,3/11/2022 3:30,70.587
1500,3/11/2022 3:45,70.286
1501,3/11/2022 4:00,70.029
1502,3/11/2022 4:15,69.901
1503,3/11/2022 4:30,69.942
1504,3/11/2022 4:45,70.158
1505,3/11/2022 5:00,70.459
1506,3/11/2022 5:15,70.887
1507,3/11/2022 5:30,71.146
1508,3/11/2022 5:45,71.231
1509,3/11/2022 6:00,71.103
1510,3/11/2022 6:15,70.887
1511,3/11/2022 6:30,70.63
1512,3/11/2022 6:45,70.372
1513,3/11/2022 7:00,70.115
1514,3/11/2022 7:15,69.901
1515,3/11/2022 7:30,69.771
1516,3/11/2022 7:45,69.901
1517,3/11/2022 8:00,70.243
1518,3/11/2022 8:15,70.673
1519,3/11/2022 8:30,71.146
1520,3/11/2022 8:45,71.361
1521,3/11/2022 9:00,71.361
1522,3/11/2022 9:15,71.19
1523,3/11/2022 9:30,70.93
1524,3/11/2022 9:45,70.673
1525,3/11/2022 10:00,70.372
1526,3/11/2022 10:15,70.115
1527,3/11/2022 10:30,69.858
1528,3/11/2022 10:45,69.771
1529,3/11/2022 11:00,69.901
1530,3/11/2022 11:15,70.243
1531,3/11/2022 11:30,70.716
1532,3/11/2022 11:45,71.103
1533,3/11/2022 12:00,71.317
1534,3/11/2022 12:15,71.19
1535,3/11/2022 12:30,70.974
1536,3/11/2022 12:45,70.673
1537,3/11/2022 13:00,70.372
1538,3/11/2022 13:15,70.158
1539,3/11/2022 13:30,70.158
1540,3/11/2022 13:45,70.416
1541,3/11/2022 14:00,70.846
1542,3/11/2022 14:15,71.19
1543,3/11/2022 14:30,71.361
1544,3/11/2022 14:45,71.361
1545,3/11/2022 15:00,71.231
1546,3/11/2022 15:15,71.06
1547,3/11/2022 15:30,70.887
1548,3/11/2022 15:45,70.716
1549,3/11/2022 16:00,70.543
1550,3/11/2022 16:15,70.372
1551,3/11/2022 16:30,70.243
1552,3/11/2022 16:45,70.115
1553,3/11/2022 17:00,70.072
1554,3/11/2022 17:15,70.115
1555,3/11/2022 17:30,70.243
1556,3/11/2022 17:45,70.416
1557,3/11/2022 18:00,70.416
1558,3/11/2022 18:15,70.502
1559,3/11/2022 18:30,70.502
1560,3/11/2022 18:45,70.329
1561,3/11/2022 19:00,70.072
1562,3/11/2022 19:15,69.814
1563,3/11/2022 19:30,69.728
1564,3/11/2022 19:45,69.685
1565,3/11/2022 20:00,69.771
1566,3/11/2022 20:15,69.901
1567,3/11/2022 20:30,70.029
1568,3/11/2022 20:45,70.115
1569,3/11/2022 21:00,70.158
1570,3/11/2022 21:15,70.243
1571,3/11/2022 21:30,70.243
1572,3/11/2022 21:45,70.029
1573,3/11/2022 22:00,69.771
1574,3/11/2022 22:15,69.685
1575,3/11/2022 22:30,69.685
1576,3/11/2022 22:45,69.771
1577,3/11/2022 23:00,69.858
1578,3/11/2022 23:15,69.985
1579,3/11/2022 23:30,70.029
1580,3/11/2022 23:45,70.115
1581,3/12/2022 0:00,70.158
1582,3/12/2022 0:15,70.072
1583,3/12/2022 0:30,69.814
1584,3/12/2022 0:45,69.685
1585,3/12/2022 1:00,69.685
1586,3/12/2022 1:15,69.771
1587,3/12/2022 1:30,69.901
1588,3/12/2022 1:45,70.029
1589,3/12/2022 2:00,70.115
1590,3/12/2022 2:15,70.158
1591,3/12/2022 2:30,70.201
1592,3/12/2022 2:45,70.158
1593,3/12/2022 3:00,69.942
1594,3/12/2022 3:15,69.771
1595,3/12/2022 3:30,69.685
1596,3/12/2022 3:45,69.771
1597,3/12/2022 4:00,69.858
1598,3/12/2022 4:15,70.029
1599,3/12/2022 4:30,70.158
1600,3/12/2022 4:45,70.201
1601,3/12/2022 5:00,70.243
1602,3/12/2022 5:15,70.286
1603,3/12/2022 5:30,70.243
1604,3/12/2022 5:45,70.029
1605,3/12/2022 6:00,69.814
1606,3/12/2022 6:15,69.685
1607,3/12/2022 6:30,69.685
1608,3/12/2022 6:45,69.728
1609,3/12/2022 7:00,69.858
1610,3/12/2022 7:15,69.985
1611,3/12/2022 7:30,70.115
1612,3/12/2022 7:45,70.158
1613,3/12/2022 8:00,70.201
1614,3/12/2022 8:15,70.243
1615,3/12/2022 8:30,70.115
1616,3/12/2022 8:45,69.901
1617,3/12/2022 9:00,69.728
1618,3/12/2022 9:15,69.685
1619,3/12/2022 9:30,69.728
1620,3/12/2022 9:45,69.858
1621,3/12/2022 10:00,70.029
1622,3/12/2022 10:15,70.072
1623,3/12/2022 10:30,70.158
1624,3/12/2022 10:45,70.243
1625,3/12/2022 11:00,70.286
1626,3/12/2022 11:15,70.201
1627,3/12/2022 11:30,69.942
1628,3/12/2022 11:45,69.728
1629,3/12/2022 12:00,69.557
1630,3/12/2022 12:15,69.643
1631,3/12/2022 12:30,69.771
1632,3/12/2022 12:45,69.985
1633,3/12/2022 13:00,70.029
1634,3/12/2022 13:15,70.115
1635,3/12/2022 13:30,70.158
1636,3/12/2022 13:45,70.286
1637,3/12/2022 14:00,70.243
1638,3/12/2022 14:15,70.029
1639,3/12/2022 14:30,69.942
1640,3/12/2022 14:45,69.985
1641,3/12/2022 15:00,70.115
1642,3/12/2022 15:15,70.201
1643,3/12/2022 15:30,70.243
1644,3/12/2022 15:45,70.243
1645,3/12/2022 16:00,70.286
1646,3/12/2022 16:15,70.201
1647,3/12/2022 16:30,69.985
1648,3/12/2022 16:45,69.901
1649,3/12/2022 17:00,69.942
1650,3/12/2022 17:15,70.072
1651,3/12/2022 17:30,70.201
1652,3/12/2022 17:45,70.286
1653,3/12/2022 18:00,70.329
1654,3/12/2022 18:15,70.416
1655,3/12/2022 18:30,70.543
1656,3/12/2022 18:45,70.543
1657,3/12/2022 19:00,70.416
1658,3/12/2022 19:15,70.201
1659,3/12/2022 19:30,70.029
1660,3/12/2022 19:45,69.901
1661,3/12/2022 20:00,69.901
1662,3/12/2022 20:15,69.985
1663,3/12/2022 20:30,70.115
1664,3/12/2022 20:45,70.243
1665,3/12/2022 21:00,70.329
1666,3/12/2022 21:15,70.502
1667,3/12/2022 21:30,70.673
1668,3/12/2022 21:45,70.716
1669,3/12/2022 22:00,70.673
1670,3/12/2022 22:15,70.502
1671,3/12/2022 22:30,70.286
1672,3/12/2022 22:45,70.072
1673,3/12/2022 23:00,69.901
1674,3/12/2022 23:15,69.858
1675,3/12/2022 23:30,69.901
1676,3/12/2022 23:45,70.029
1677,3/13/2022 0:00,70.072
1678,3/13/2022 0:15,70.243
1679,3/13/2022 0:30,70.329
1680,3/13/2022 0:45,70.372
1681,3/13/2022 1:00,70.416
1682,3/13/2022 1:15,70.329
1683,3/13/2022 1:30,70.115
1684,3/13/2022 1:45,69.942
1685,3/13/2022 2:00,69.858
1686,3/13/2022 2:15,69.942
1687,3/13/2022 2:30,70.115
1688,3/13/2022 2:45,70.201
1689,3/13/2022 3:00,70.286
1690,3/13/2022 3:15,70.329
1691,3/13/2022 3:30,70.329
1692,3/13/2022 3:45,70.372
1693,3/13/2022 4:00,70.329
1694,3/13/2022 4:15,70.158
1695,3/13/2022 4:30,69.985
1696,3/13/2022 4:45,69.858
1697,3/13/2022 5:00,69.858
1698,3/13/2022 5:15,69.985
1699,3/13/2022 5:30,70.115
1700,3/13/2022 5:45,70.243
1701,3/13/2022 6:00,70.329
1702,3/13/2022 6:15,70.372
1703,3/13/2022 6:30,70.502
1704,3/13/2022 6:45,70.63
1705,3/13/2022 7:00,70.587
1706,3/13/2022 7:15,70.502
1707,3/13/2022 7:30,70.329
1708,3/13/2022 7:45,70.115
1709,3/13/2022 8:00,69.942
1710,3/13/2022 8:15,69.814
1711,3/13/2022 8:30,69.858
1712,3/13/2022 8:45,69.985
1713,3/13/2022 9:00,70.115
1714,3/13/2022 9:15,70.286
1715,3/13/2022 9:30,70.372
1716,3/13/2022 9:45,70.587
1717,3/13/2022 10:00,70.803
1718,3/13/2022 10:15,70.803
1719,3/13/2022 10:30,70.673
1720,3/13/2022 10:45,70.502
1721,3/13/2022 11:00,70.329
1722,3/13/2022 11:15,70.158
1723,3/13/2022 11:30,69.942
1724,3/13/2022 11:45,69.814
1725,3/13/2022 12:00,69.901
1726,3/13/2022 12:15,70.072
1727,3/13/2022 12:30,70.243
1728,3/13/2022 12:45,70.286
1729,3/13/2022 13:00,70.502
1730,3/13/2022 13:15,70.759
1731,3/13/2022 13:30,70.673
1732,3/13/2022 13:45,70.459
1733,3/13/2022 14:00,70.286
1734,3/13/2022 14:15,70.115
1735,3/13/2022 14:30,70.029
1736,3/13/2022 14:45,70.029
1737,3/13/2022 15:00,70.329
1738,3/13/2022 15:15,70.673
1739,3/13/2022 15:30,70.974
1740,3/13/2022 15:45,71.146
1741,3/13/2022 16:00,71.146
1742,3/13/2022 16:15,71.146
1743,3/13/2022 16:30,70.974
1744,3/13/2022 16:45,70.803
1745,3/13/2022 17:00,70.502
1746,3/13/2022 17:15,70.201
1747,3/13/2022 17:30,69.901
1748,3/13/2022 17:45,69.771
1749,3/13/2022 18:00,69.814
1750,3/13/2022 18:15,69.985
1751,3/13/2022 18:30,70.286
1752,3/13/2022 18:45,70.63
1753,3/13/2022 19:00,70.803
1754,3/13/2022 19:15,70.759
1755,3/13/2022 19:30,70.587
1756,3/13/2022 19:45,70.286
1757,3/13/2022 20:00,70.029
1758,3/13/2022 20:15,69.771
1759,3/13/2022 20:30,69.728
1760,3/13/2022 20:45,69.858
1761,3/13/2022 21:00,70.115
1762,3/13/2022 21:15,70.416
1763,3/13/2022 21:30,70.716
1764,3/13/2022 21:45,70.846
1765,3/13/2022 22:00,70.759
1766,3/13/2022 22:15,70.543
1767,3/13/2022 22:30,70.243
1768,3/13/2022 22:45,69.942
1769,3/13/2022 23:00,69.771
1770,3/13/2022 23:15,69.771
1771,3/13/2022 23:30,69.901
1772,3/13/2022 23:45,70.201
1773,3/14/2022 0:00,70.502
1774,3/14/2022 0:15,70.759
1775,3/14/2022 0:30,70.846
1776,3/14/2022 0:45,70.716
1777,3/14/2022 1:00,70.459
1778,3/14/2022 1:15,70.158
1779,3/14/2022 1:30,69.901
1780,3/14/2022 1:45,69.728
1781,3/14/2022 2:00,69.771
1782,3/14/2022 2:15,69.985
1783,3/14/2022 2:30,70.286
1784,3/14/2022 2:45,70.587
1785,3/14/2022 3:00,70.803
1786,3/14/2022 3:15,70.803
1787,3/14/2022 3:30,70.63
1788,3/14/2022 3:45,70.329
1789,3/14/2022 4:00,70.029
1790,3/14/2022 4:15,69.814
1791,3/14/2022 4:30,69.771
1792,3/14/2022 4:45,69.901
1793,3/14/2022 5:00,70.115
1794,3/14/2022 5:15,70.416
1795,3/14/2022 5:30,70.716
1796,3/14/2022 5:45,70.803
1797,3/14/2022 6:00,70.63
1798,3/14/2022 6:15,70.372
1799,3/14/2022 6:30,70.072
1800,3/14/2022 6:45,69.814
1801,3/14/2022 7:00,69.728
1802,3/14/2022 7:15,69.814
1803,3/14/2022 7:30,70.029
1804,3/14/2022 7:45,70.329
1805,3/14/2022 8:00,70.63
1806,3/14/2022 8:15,70.846
1807,3/14/2022 8:30,70.803
1808,3/14/2022 8:45,70.543
1809,3/14/2022 9:00,70.286
1810,3/14/2022 9:15,70.072
1811,3/14/2022 9:30,69.942
1812,3/14/2022 9:45,70.029
1813,3/14/2022 10:00,70.286
1814,3/14/2022 10:15,70.673
1815,3/14/2022 10:30,71.06
1816,3/14/2022 10:45,71.274
1817,3/14/2022 11:00,71.533
1818,3/14/2022 11:15,71.834
1819,3/14/2022 11:30,72.178
1820,3/14/2022 11:45,73.386
1821,3/14/2022 12:00,73.774
1822,3/14/2022 12:15,74.338
1823,3/14/2022 12:30,74.338
1824,3/14/2022 12:45,72.739
1825,3/14/2022 13:00,73.645
1826,3/14/2022 13:15,71.49
1827,3/14/2022 13:30,72.567
1828,3/14/2022 13:45,73.083
1829,3/14/2022 14:00,73.472
1830,3/14/2022 14:15,73.99
1831,3/14/2022 14:30,74.25
1832,3/14/2022 14:45,74.727
1833,3/14/2022 15:00,74.64
1834,3/14/2022 15:15,74.943
1835,3/14/2022 15:30,74.856
1836,3/14/2022 15:45,74.77
1837,3/14/2022 16:00,74.597
1838,3/14/2022 16:15,74.554
1839,3/14/2022 16:30,74.597
1840,3/14/2022 16:45,74.856
1841,3/14/2022 17:00,75.247
1842,3/14/2022 17:15,75.551
1843,3/14/2022 17:30,75.767
1844,3/14/2022 17:45,75.898
1845,3/14/2022 18:00,75.767
1846,3/14/2022 18:15,75.463
1847,3/14/2022 18:30,75.247
1848,3/14/2022 18:45,74.943
1849,3/14/2022 19:00,74.683
1850,3/14/2022 19:15,74.683
1851,3/14/2022 19:30,74.856
1852,3/14/2022 19:45,75.204
1853,3/14/2022 20:00,75.508
1854,3/14/2022 20:15,75.81
1855,3/14/2022 20:30,76.028
1856,3/14/2022 20:45,75.767
1857,3/14/2022 21:00,75.594
1858,3/14/2022 21:15,75.333
1859,3/14/2022 21:30,74.986
1860,3/14/2022 21:45,74.77
1861,3/14/2022 22:00,74.64
1862,3/14/2022 22:15,74.813
1863,3/14/2022 22:30,75.074
1864,3/14/2022 22:45,75.333
1865,3/14/2022 23:00,75.681
1866,3/14/2022 23:15,75.942
1867,3/14/2022 23:30,75.942
1868,3/14/2022 23:45,75.681
1869,3/15/2022 0:00,75.376
1870,3/15/2022 0:15,75.16
1871,3/15/2022 0:30,74.856
1872,3/15/2022 0:45,74.727
1873,3/15/2022 1:00,74.899
1874,3/15/2022 1:15,75.16
1875,3/15/2022 1:30,75.42
1876,3/15/2022 1:45,75.724
1877,3/15/2022 2:00,75.985
1878,3/15/2022 2:15,75.942
1879,3/15/2022 2:30,75.724
1880,3/15/2022 2:45,75.508
1881,3/15/2022 3:00,75.204
1882,3/15/2022 3:15,74.943
1883,3/15/2022 3:30,74.77
1884,3/15/2022 3:45,74.856
1885,3/15/2022 4:00,75.117
1886,3/15/2022 4:15,75.463
1887,3/15/2022 4:30,75.767
1888,3/15/2022 4:45,76.071
1889,3/15/2022 5:00,76.028
1890,3/15/2022 5:15,75.81
1891,3/15/2022 5:30,75.637
1892,3/15/2022 5:45,75.376
1893,3/15/2022 6:00,75.074
1894,3/15/2022 6:15,74.813
1895,3/15/2022 6:30,74.813
1896,3/15/2022 6:45,75.029
1897,3/15/2022 7:00,75.29
1898,3/15/2022 7:15,75.637
1899,3/15/2022 7:30,75.853
1900,3/15/2022 7:45,75.767
1901,3/15/2022 8:00,75.681
1902,3/15/2022 8:15,75.463
1903,3/15/2022 8:30,75.204
1904,3/15/2022 8:45,74.943
1905,3/15/2022 9:00,74.856
1906,3/15/2022 9:15,75.074
1907,3/15/2022 9:30,75.247
1908,3/15/2022 9:45,75.637
1909,3/15/2022 10:00,75.508
1910,3/15/2022 10:15,75.551
1911,3/15/2022 10:30,75.463
1912,3/15/2022 10:45,75.333
1913,3/15/2022 11:00,75.074
1914,3/15/2022 11:15,74.899
1915,3/15/2022 11:30,74.77
1916,3/15/2022 11:45,74.943
1917,3/15/2022 12:00,75.204
1918,3/15/2022 12:15,75.551
1919,3/15/2022 12:30,75.942
1920,3/15/2022 12:45,75.942
1921,3/15/2022 13:00,75.724
1922,3/15/2022 13:15,75.376
1923,3/15/2022 13:30,75.117
1924,3/15/2022 13:45,74.77
1925,3/15/2022 14:00,74.554
1926,3/15/2022 14:15,74.424
1927,3/15/2022 14:30,74.597
1928,3/15/2022 14:45,74.856
1929,3/15/2022 15:00,75.029
1930,3/15/2022 15:15,75.247
1931,3/15/2022 15:30,75.508
1932,3/15/2022 15:45,75.637
1933,3/15/2022 16:00,75.508
1934,3/15/2022 16:15,75.204
1935,3/15/2022 16:30,74.943
1936,3/15/2022 16:45,74.511
1937,3/15/2022 17:00,74.295
1938,3/15/2022 17:15,74.338
1939,3/15/2022 17:30,74.554
1940,3/15/2022 17:45,74.77
1941,3/15/2022 18:00,75.029
1942,3/15/2022 18:15,75.29
1943,3/15/2022 18:30,75.551
1944,3/15/2022 18:45,75.681
1945,3/15/2022 19:00,75.551
1946,3/15/2022 19:15,75.29
1947,3/15/2022 19:30,74.943
1948,3/15/2022 19:45,74.554
1949,3/15/2022 20:00,74.381
1950,3/15/2022 20:15,74.424
1951,3/15/2022 20:30,74.597
1952,3/15/2022 20:45,74.77
1953,3/15/2022 21:00,75.074
1954,3/15/2022 21:15,75.376
1955,3/15/2022 21:30,75.594
1956,3/15/2022 21:45,75.551
1957,3/15/2022 22:00,75.376
1958,3/15/2022 22:15,75.074
1959,3/15/2022 22:30,74.813
1960,3/15/2022 22:45,74.511
1961,3/15/2022 23:00,74.338
1962,3/15/2022 23:15,74.511
1963,3/15/2022 23:30,74.77
1964,3/15/2022 23:45,74.986
1965,3/16/2022 0:00,75.204
1966,3/16/2022 0:15,75.42
1967,3/16/2022 0:30,75.637
1968,3/16/2022 0:45,75.594
1969,3/16/2022 1:00,75.247
1970,3/16/2022 1:15,74.943
1971,3/16/2022 1:30,74.597
1972,3/16/2022 1:45,74.467
1973,3/16/2022 2:00,74.511
1974,3/16/2022 2:15,74.683
1975,3/16/2022 2:30,74.856
1976,3/16/2022 2:45,75.117
1977,3/16/2022 3:00,75.376
1978,3/16/2022 3:15,75.637
1979,3/16/2022 3:30,75.637
1980,3/16/2022 3:45,75.42
1981,3/16/2022 4:00,75.16
1982,3/16/2022 4:15,74.856
1983,3/16/2022 4:30,74.597
1984,3/16/2022 4:45,74.467
1985,3/16/2022 5:00,74.64
1986,3/16/2022 5:15,74.856
1987,3/16/2022 5:30,74.986
1988,3/16/2022 5:45,75.29
1989,3/16/2022 6:00,75.508
1990,3/16/2022 6:15,75.681
1991,3/16/2022 6:30,75.724
1992,3/16/2022 6:45,75.463
1993,3/16/2022 7:00,75.204
1994,3/16/2022 7:15,74.77
1995,3/16/2022 7:30,74.511
1996,3/16/2022 7:45,74.467
1997,3/16/2022 8:00,74.64
1998,3/16/2022 8:15,74.856
1999,3/16/2022 8:30,75.074
2000,3/16/2022 8:45,75.29
2001,3/16/2022 9:00,75.508
2002,3/16/2022 9:15,75.724
2003,3/16/2022 9:30,75.463
2004,3/16/2022 9:45,74.727
2005,3/16/2022 10:00,74.424
2006,3/16/2022 10:15,74.163
2007,3/16/2022 10:30,73.904
2008,3/16/2022 10:45,73.602
2009,3/16/2022 11:00,76.768
2010,3/16/2022 11:15,77.335
2011,3/16/2022 11:30,77.815
2012,3/16/2022 11:45,78.339
2013,3/16/2022 12:00,78.865
2014,3/16/2022 12:15,78.953
2015,3/16/2022 12:30,78.733
2016,3/16/2022 12:45,78.339
2017,3/16/2022 13:00,77.815
2018,3/16/2022 13:15,77.203
2019,3/16/2022 13:30,76.636
2020,3/16/2022 13:45,76.593
2021,3/16/2022 14:00,76.681
2022,3/16/2022 14:15,76.942
2023,3/16/2022 14:30,77.203
2024,3/16/2022 14:45,77.509
2025,3/16/2022 15:00,77.727
2026,3/16/2022 15:15,78.033
2027,3/16/2022 15:30,78.251
2028,3/16/2022 15:45,78.427
2029,3/16/2022 16:00,78.208
2030,3/16/2022 16:15,77.727
2031,3/16/2022 16:30,77.16
2032,3/16/2022 16:45,76.636
2033,3/16/2022 17:00,76.636
2034,3/16/2022 17:15,76.768
2035,3/16/2022 17:30,76.942
2036,3/16/2022 17:45,77.247
2037,3/16/2022 18:00,77.509
2038,3/16/2022 18:15,77.727
2039,3/16/2022 18:30,77.99
2040,3/16/2022 18:45,78.251
2041,3/16/2022 19:00,78.471
2042,3/16/2022 19:15,78.427
2043,3/16/2022 19:30,78.033
2044,3/16/2022 19:45,77.464
2045,3/16/2022 20:00,76.899
2046,3/16/2022 20:15,76.681
2047,3/16/2022 20:30,76.725
2048,3/16/2022 20:45,76.942
2049,3/16/2022 21:00,77.247
2050,3/16/2022 21:15,77.553
2051,3/16/2022 21:30,77.815
2052,3/16/2022 21:45,78.033
2053,3/16/2022 22:00,78.339
2054,3/16/2022 22:15,78.427
2055,3/16/2022 22:30,78.033
2056,3/16/2022 22:45,77.509
2057,3/16/2022 23:00,76.942
2058,3/16/2022 23:15,76.593
2059,3/16/2022 23:30,76.725
2060,3/16/2022 23:45,76.942
2061,3/17/2022 0:00,77.203
2062,3/17/2022 0:15,77.509
2063,3/17/2022 0:30,77.77
2064,3/17/2022 0:45,78.076
2065,3/17/2022 1:00,78.339
2066,3/17/2022 1:15,78.471
2067,3/17/2022 1:30,78.251
2068,3/17/2022 1:45,77.727
2069,3/17/2022 2:00,77.16
2070,3/17/2022 2:15,76.681
2071,3/17/2022 2:30,76.636
2072,3/17/2022 2:45,76.854
2073,3/17/2022 3:00,77.16
2074,3/17/2022 3:15,77.421
2075,3/17/2022 3:30,77.639
2076,3/17/2022 3:45,77.945
2077,3/17/2022 4:00,78.208
2078,3/17/2022 4:15,78.339
2079,3/17/2022 4:30,78.076
2080,3/17/2022 4:45,77.596
2081,3/17/2022 5:00,77.029
2082,3/17/2022 5:15,76.636
2083,3/17/2022 5:30,76.681
2084,3/17/2022 5:45,76.899
2085,3/17/2022 6:00,77.16
2086,3/17/2022 6:15,77.464
2087,3/17/2022 6:30,77.684
2088,3/17/2022 6:45,77.945
2089,3/17/2022 7:00,78.208
2090,3/17/2022 7:15,78.382
2091,3/17/2022 7:30,78.165
2092,3/17/2022 7:45,77.684
2093,3/17/2022 8:00,77.16
2094,3/17/2022 8:15,76.681
2095,3/17/2022 8:30,76.681
2096,3/17/2022 8:45,76.899
2097,3/17/2022 9:00,77.16
2098,3/17/2022 9:15,77.464
2099,3/17/2022 9:30,77.77
2100,3/17/2022 9:45,78.076
2101,3/17/2022 10:00,78.339
2102,3/17/2022 10:15,78.602
2103,3/17/2022 10:30,78.471
2104,3/17/2022 10:45,78.033
2105,3/17/2022 11:00,77.378
2106,3/17/2022 11:15,76.811
2107,3/17/2022 11:30,76.55
2108,3/17/2022 11:45,76.725
2109,3/17/2022 12:00,76.942
2110,3/17/2022 12:15,77.292
2111,3/17/2022 12:30,77.596
2112,3/17/2022 12:45,77.684
2113,3/17/2022 13:00,78.165
2114,3/17/2022 13:15,77.99
2115,3/17/2022 13:30,77.77
2116,3/17/2022 13:45,67.028
2117,3/17/2022 14:00,65.788
2118,3/17/2022 14:15,65.574
2119,3/17/2022 14:30,65.658
2120,3/17/2022 14:45,65.487
2121,3/17/2022 15:00,65.359
2122,3/17/2022 15:15,65.444
2123,3/17/2022 15:30,69.728
2124,3/17/2022 15:45,69.471
2125,3/17/2022 16:00,68.871
2126,3/17/2022 16:15,68.27
2127,3/17/2022 16:30,67.757
2128,3/17/2022 16:45,67.714
2129,3/17/2022 17:00,67.971
2130,3/17/2022 17:15,69.386
2131,3/17/2022 17:30,70.803
2132,3/17/2022 17:45,71.533
2133,3/17/2022 18:00,71.877
2134,3/17/2022 18:15,71.92
2135,3/17/2022 18:30,71.748
2136,3/17/2022 18:45,71.404
2137,3/17/2022 19:00,70.93
2138,3/17/2022 19:15,70.329
2139,3/17/2022 19:30,69.643
2140,3/17/2022 19:45,68.871
2141,3/17/2022 20:00,68.099
2142,3/17/2022 20:15,67.329
2143,3/17/2022 20:30,66.558
2144,3/17/2022 20:45,65.745
2145,3/17/2022 21:00,64.974
2146,3/17/2022 21:15,64.204
2147,3/17/2022 21:30,63.475
2148,3/17/2022 21:45,62.748
2149,3/17/2022 22:00,62.105
2150,3/17/2022 22:15,61.462
2151,3/17/2022 22:30,60.818
2152,3/17/2022 22:45,60.26
2153,3/17/2022 23:00,59.659
2154,3/17/2022 23:15,59.142
2155,3/17/2022 23:30,58.626
2156,3/17/2022 23:45,58.109
2157,3/18/2022 0:00,57.636
2158,3/18/2022 0:15,57.16
2159,3/18/2022 0:30,56.728
2160,3/18/2022 0:45,56.34
2161,3/18/2022 1:00,55.906
2162,3/18/2022 1:15,55.515
2163,3/18/2022 1:30,55.125
2164,3/18/2022 1:45,54.734
2165,3/18/2022 2:00,54.387
2166,3/18/2022 2:15,54.037
2167,3/18/2022 2:30,53.69
2168,3/18/2022 2:45,53.341
2169,3/18/2022 3:00,53.035
2170,3/18/2022 3:15,52.686
2171,3/18/2022 3:30,52.378
2172,3/18/2022 3:45,52.115
2173,3/18/2022 4:00,51.809
2174,3/18/2022 4:15,51.501
2175,3/18/2022 4:30,51.237
2176,3/18/2022 4:45,51.017
2177,3/18/2022 5:00,50.752
2178,3/18/2022 5:15,50.488
2179,3/18/2022 5:30,50.268
2180,3/18/2022 5:45,50.047
2181,3/18/2022 6:00,49.825
2182,3/18/2022 6:15,49.561
2183,3/18/2022 6:30,49.383
2184,3/18/2022 6:45,49.204
2185,3/18/2022 7:00,49.073
2186,3/18/2022 7:15,48.983
2187,3/18/2022 7:30,48.983
2188,3/18/2022 7:45,48.983
2189,3/18/2022 8:00,49.116
2190,3/18/2022 8:15,49.249
2191,3/18/2022 8:30,49.471
2192,3/18/2022 8:45,49.782
2193,3/18/2022 9:00,50.18
2194,3/18/2022 9:15,50.621
2195,3/18/2022 9:30,51.237
2196,3/18/2022 9:45,51.895
2197,3/18/2022 10:00,52.686
2198,3/18/2022 10:15,53.559
2199,3/18/2022 10:30,54.561
2200,3/18/2022 10:45,55.602
2201,3/18/2022 11:00,56.772
2202,3/18/2022 11:15,57.979
2203,3/18/2022 11:30,59.272
2204,3/18/2022 11:45,60.604
2205,3/18/2022 12:00,61.977
2206,3/18/2022 12:15,63.347
2207,3/18/2022 12:30,64.717
2208,3/18/2022 12:45,66.087
2209,3/18/2022 13:00,67.413
2210,3/18/2022 13:15,68.742
2211,3/18/2022 13:30,69.985
2212,3/18/2022 13:45,71.19
2213,3/18/2022 14:00,72.351
2214,3/18/2022 14:15,73.472
2215,3/18/2022 14:30,74.554
2216,3/18/2022 14:45,75.594
2217,3/18/2022 15:00,76.593
2218,3/18/2022 15:15,77.464
2219,3/18/2022 15:30,78.251
2220,3/18/2022 15:45,78.996
2221,3/18/2022 16:00,79.567
2222,3/18/2022 16:15,82.13
2223,3/18/2022 16:30,84.272
2224,3/18/2022 16:45,85.262
2225,3/18/2022 17:00,85.397
2226,3/18/2022 17:15,84.99
2227,3/18/2022 17:30,84.182
2228,3/18/2022 17:45,83.109
2229,3/18/2022 18:00,81.819
2230,3/18/2022 18:15,80.449
2231,3/18/2022 18:30,78.953
2232,3/18/2022 18:45,77.421
2233,3/18/2022 19:00,75.898
2234,3/18/2022 19:15,74.424
2235,3/18/2022 19:30,72.997
2236,3/18/2022 19:45,71.661
2237,3/18/2022 20:00,70.372
2238,3/18/2022 20:15,69.129
2239,3/18/2022 20:30,67.928
2240,3/18/2022 20:45,66.814
2241,3/18/2022 21:00,65.745
2242,3/18/2022 21:15,64.717
2243,3/18/2022 21:30,63.819
2244,3/18/2022 21:45,62.919
2245,3/18/2022 22:00,62.148
2246,3/18/2022 22:15,61.376
2247,3/18/2022 22:30,60.69
2248,3/18/2022 22:45,60.046
2249,3/18/2022 23:00,59.401
2250,3/18/2022 23:15,58.885
2251,3/18/2022 23:30,58.368
2252,3/18/2022 23:45,57.936
2253,3/19/2022 0:00,57.549
2254,3/19/2022 0:15,57.204
2255,3/19/2022 0:30,56.901
2256,3/19/2022 0:45,56.642
2257,3/19/2022 1:00,56.383
2258,3/19/2022 1:15,56.122
2259,3/19/2022 1:30,55.906
2260,3/19/2022 1:45,55.647
2261,3/19/2022 2:00,55.429
2262,3/19/2022 2:15,55.213
2263,3/19/2022 2:30,55.038
2264,3/19/2022 2:45,54.865
2265,3/19/2022 3:00,54.691
2266,3/19/2022 3:15,54.516
2267,3/19/2022 3:30,54.343
2268,3/19/2022 3:45,54.169
2269,3/19/2022 4:00,54.037
2270,3/19/2022 4:15,53.865
2271,3/19/2022 4:30,53.733
2272,3/19/2022 4:45,53.559
2273,3/19/2022 5:00,53.384
2274,3/19/2022 5:15,53.298
2275,3/19/2022 5:30,53.209
2276,3/19/2022 5:45,53.166
2277,3/19/2022 6:00,53.121
2278,3/19/2022 6:15,53.121
2279,3/19/2022 6:30,53.121
2280,3/19/2022 6:45,53.121
2281,3/19/2022 7:00,53.121
2282,3/19/2022 7:15,53.078
2283,3/19/2022 7:30,53.121
2284,3/19/2022 7:45,53.121
2285,3/19/2022 8:00,53.121
2286,3/19/2022 8:15,53.253
2287,3/19/2022 8:30,53.427
2288,3/19/2022 8:45,53.69
2289,3/19/2022 9:00,53.994
2290,3/19/2022 9:15,54.43
2291,3/19/2022 9:30,54.952
2292,3/19/2022 9:45,55.515
2293,3/19/2022 10:00,56.079
2294,3/19/2022 10:15,56.599
2295,3/19/2022 10:30,57.16
2296,3/19/2022 10:45,57.85
2297,3/19/2022 11:00,58.712
2298,3/19/2022 11:15,59.616
2299,3/19/2022 11:30,60.39
2300,3/19/2022 11:45,60.991
2301,3/19/2022 12:00,61.677
2302,3/19/2022 12:15,62.233
2303,3/19/2022 12:30,62.704
2304,3/19/2022 12:45,63.09
2305,3/19/2022 13:00,63.475
2306,3/19/2022 13:15,63.862
2307,3/19/2022 13:30,64.204
2308,3/19/2022 13:45,64.546
2309,3/19/2022 14:00,64.845
2310,3/19/2022 14:15,65.23
2311,3/19/2022 14:30,67.456
2312,3/19/2022 14:45,68.999
2313,3/19/2022 15:00,69.17
2314,3/19/2022 15:15,68.956
2315,3/19/2022 15:30,68.999
2316,3/19/2022 15:45,69.17
2317,3/19/2022 16:00,69.685
2318,3/19/2022 16:15,69.985
2319,3/19/2022 16:30,69.771
2320,3/19/2022 16:45,69.427
2321,3/19/2022 17:00,68.913
2322,3/19/2022 17:15,68.356
2323,3/19/2022 17:30,67.798
2324,3/19/2022 17:45,67.586
2325,3/19/2022 18:00,67.627
2326,3/19/2022 18:15,67.071
2327,3/19/2022 18:30,66.429
2328,3/19/2022 18:45,65.788
2329,3/19/2022 19:00,65.23
2330,3/19/2022 19:15,64.674
2331,3/19/2022 19:30,64.161
2332,3/19/2022 19:45,63.689
2333,3/19/2022 20:00,63.262
2334,3/19/2022 20:15,62.834
2335,3/19/2022 20:30,62.406
2336,3/19/2022 20:45,61.848
2337,3/19/2022 21:00,61.248
2338,3/19/2022 21:15,60.604
2339,3/19/2022 21:30,60.003
2340,3/19/2022 21:45,59.401
2341,3/19/2022 22:00,58.842
2342,3/19/2022 22:15,58.325
2343,3/19/2022 22:30,57.85
2344,3/19/2022 22:45,57.333
2345,3/19/2022 23:00,56.901
2346,3/19/2022 23:15,56.426
2347,3/19/2022 23:30,55.992
2348,3/19/2022 23:45,55.558
2349,3/20/2022 0:00,55.125
2350,3/20/2022 0:15,54.734
2351,3/20/2022 0:30,54.343
2352,3/20/2022 0:45,53.951
2353,3/20/2022 1:00,53.602
2354,3/20/2022 1:15,53.253
2355,3/20/2022 1:30,52.947
2356,3/20/2022 1:45,52.597
2357,3/20/2022 2:00,52.291
2358,3/20/2022 2:15,51.984
2359,3/20/2022 2:30,51.678
2360,3/20/2022 2:45,51.325
2361,3/20/2022 3:00,51.017
2362,3/20/2022 3:15,50.709
2363,3/20/2022 3:30,50.445
2364,3/20/2022 3:45,50.18
2365,3/20/2022 4:00,49.914
2366,3/20/2022 4:15,49.649
2367,3/20/2022 4:30,49.383
2368,3/20/2022 4:45,49.116
2369,3/20/2022 5:00,48.85
2370,3/20/2022 5:15,48.583
2371,3/20/2022 5:30,48.315
2372,3/20/2022 5:45,48.094
2373,3/20/2022 6:00,47.781
2374,3/20/2022 6:15,47.467
2375,3/20/2022 6:30,47.199
2376,3/20/2022 6:45,47.019
2377,3/20/2022 7:00,46.974
2378,3/20/2022 7:15,47.064
2379,3/20/2022 7:30,47.334
2380,3/20/2022 7:45,47.781
2381,3/20/2022 8:00,48.36
2382,3/20/2022 8:15,48.895
2383,3/20/2022 8:30,49.604
2384,3/20/2022 8:45,50.576
2385,3/20/2022 9:00,51.678
2386,3/20/2022 9:15,52.903
2387,3/20/2022 9:30,54.3
2388,3/20/2022 9:45,55.819
2389,3/20/2022 10:00,57.506
2390,3/20/2022 10:15,59.272
2391,3/20/2022 10:30,61.119
2392,3/20/2022 10:45,63.048
2393,3/20/2022 11:00,65.059
2394,3/20/2022 11:15,67.028
2395,3/20/2022 11:30,68.956
2396,3/20/2022 11:45,70.887
2397,3/20/2022 12:00,72.696
2398,3/20/2022 12:15,74.511
2399,3/20/2022 12:30,76.246
2400,3/20/2022 12:45,77.945
2401,3/20/2022 13:00,79.612
2402,3/20/2022 13:15,81.154
2403,3/20/2022 13:30,82.665
2404,3/20/2022 13:45,84.004
2405,3/20/2022 14:00,85.217
2406,3/20/2022 14:15,86.256
2407,3/20/2022 14:30,87.21
2408,3/20/2022 14:45,87.939
2409,3/20/2022 15:00,88.534
2410,3/20/2022 15:15,88.993
2411,3/20/2022 15:30,89.316
2412,3/20/2022 15:45,89.499
2413,3/20/2022 16:00,89.546
2414,3/20/2022 16:15,89.407
2415,3/20/2022 16:30,89.132
2416,3/20/2022 16:45,88.534
2417,3/20/2022 17:00,87.802
2418,3/20/2022 17:15,86.891
2419,3/20/2022 17:30,85.712
2420,3/20/2022 17:45,84.317
2421,3/20/2022 18:00,82.708
2422,3/20/2022 18:15,80.935
2423,3/20/2022 18:30,79.173
2424,3/20/2022 18:45,77.421
2425,3/20/2022 19:00,75.767
2426,3/20/2022 19:15,74.25
2427,3/20/2022 19:30,72.783
2428,3/20/2022 19:45,71.49
2429,3/20/2022 20:00,70.201
2430,3/20/2022 20:15,68.999
2431,3/20/2022 20:30,67.885
2432,3/20/2022 20:45,66.814
2433,3/20/2022 21:00,65.829
2434,3/20/2022 21:15,64.845
2435,3/20/2022 21:30,63.99
2436,3/20/2022 21:45,63.176
2437,3/20/2022 22:00,62.406
2438,3/20/2022 22:15,61.677
2439,3/20/2022 22:30,60.991
2440,3/20/2022 22:45,60.346
2441,3/20/2022 23:00,59.745
2442,3/20/2022 23:15,59.142
2443,3/20/2022 23:30,58.582
2444,3/20/2022 23:45,58.066
2445,3/21/2022 0:00,57.549
2446,3/21/2022 0:15,57.074
2447,3/21/2022 0:30,56.599
2448,3/21/2022 0:45,56.165
2449,3/21/2022 1:00,55.733
2450,3/21/2022 1:15,55.342
2451,3/21/2022 1:30,54.909
2452,3/21/2022 1:45,54.561
2453,3/21/2022 2:00,54.212
2454,3/21/2022 2:15,53.908
2455,3/21/2022 2:30,53.602
2456,3/21/2022 2:45,53.298
2457,3/21/2022 3:00,53.035
2458,3/21/2022 3:15,52.772
2459,3/21/2022 3:30,52.509
2460,3/21/2022 3:45,52.291
2461,3/21/2022 4:00,51.94
2462,3/21/2022 4:15,51.544
2463,3/21/2022 4:30,51.148
2464,3/21/2022 4:45,50.752
2465,3/21/2022 5:00,50.4
2466,3/21/2022 5:15,50.092
2467,3/21/2022 5:30,49.782
2468,3/21/2022 5:45,49.516
2469,3/21/2022 6:00,49.249
2470,3/21/2022 6:15,49.028
2471,3/21/2022 6:30,48.805
2472,3/21/2022 6:45,48.717
2473,3/21/2022 7:00,48.762
2474,3/21/2022 7:15,48.895
2475,3/21/2022 7:30,49.249
2476,3/21/2022 7:45,49.692
2477,3/21/2022 8:00,50.311
2478,3/21/2022 8:15,51.105
2479,3/21/2022 8:30,52.072
2480,3/21/2022 8:45,53.253
2481,3/21/2022 9:00,54.516
2482,3/21/2022 9:15,55.949
2483,3/21/2022 9:30,57.506
2484,3/21/2022 9:45,59.185
2485,3/21/2022 10:00,61.032
2486,3/21/2022 10:15,62.962
2487,3/21/2022 10:30,64.974
2488,3/21/2022 10:45,66.985
2489,3/21/2022 11:00,69.085
2490,3/21/2022 11:15,71.19
2491,3/21/2022 11:30,73.213
2492,3/21/2022 11:45,75.16
2493,3/21/2022 12:00,77.029
2494,3/21/2022 12:15,78.865
2495,3/21/2022 12:30,80.58
2496,3/21/2022 12:45,82.218
2497,3/21/2022 13:00,83.779
2498,3/21/2022 13:15,85.262
2499,3/21/2022 13:30,86.664
2500,3/21/2022 13:45,87.985
2501,3/21/2022 14:00,89.132
2502,3/21/2022 14:15,90.147
2503,3/21/2022 14:30,91.076
2504,3/21/2022 14:45,91.823
2505,3/21/2022 15:00,92.433
2506,3/21/2022 15:15,92.95
2507,3/21/2022 15:30,93.328
2508,3/21/2022 15:45,93.517
2509,3/21/2022 16:00,93.564
2510,3/21/2022 16:15,93.423
2511,3/21/2022 16:30,93.139
2512,3/21/2022 16:45,92.667
2513,3/21/2022 17:00,92.151
2514,3/21/2022 17:15,91.449
2515,3/21/2022 17:30,90.612
2516,3/21/2022 17:45,89.546
2517,3/21/2022 18:00,88.259
2518,3/21/2022 18:15,86.844
2519,3/21/2022 18:30,85.262
2520,3/21/2022 18:45,83.646
2521,3/21/2022 19:00,81.997
2522,3/21/2022 19:15,80.449
2523,3/21/2022 19:30,79.041
2524,3/21/2022 19:45,77.684
2525,3/21/2022 20:00,76.419
2526,3/21/2022 20:15,75.247
2527,3/21/2022 20:30,74.12
2528,3/21/2022 20:45,73.083
2529,3/21/2022 21:00,72.093
2530,3/21/2022 21:15,71.146
2531,3/21/2022 21:30,70.243
2532,3/21/2022 21:45,69.386
2533,3/21/2022 22:00,68.571
2534,3/21/2022 22:15,67.798
2535,3/21/2022 22:30,67.114
2536,3/21/2022 22:45,66.429
2537,3/21/2022 23:00,65.788
2538,3/21/2022 23:15,65.188
2539,3/21/2022 23:30,64.632
2540,3/21/2022 23:45,64.117
2541,3/22/2022 0:00,63.604
2542,3/22/2022 0:15,63.133
2543,3/22/2022 0:30,62.661
2544,3/22/2022 0:45,62.191
2545,3/22/2022 1:00,61.72
2546,3/22/2022 1:15,61.29
2547,3/22/2022 1:30,60.904
2548,3/22/2022 1:45,60.474
2549,3/22/2022 2:00,60.132
2550,3/22/2022 2:15,59.788
2551,3/22/2022 2:30,59.445
2552,3/22/2022 2:45,59.142
2553,3/22/2022 3:00,58.842
2554,3/22/2022 3:15,58.541
2555,3/22/2022 3:30,58.282
2556,3/22/2022 3:45,58.023
2557,3/22/2022 4:00,57.765
2558,3/22/2022 4:15,57.463
2559,3/22/2022 4:30,57.031
2560,3/22/2022 4:45,56.685
2561,3/22/2022 5:00,56.295
2562,3/22/2022 5:15,55.949
2563,3/22/2022 5:30,55.647
2564,3/22/2022 5:45,55.342
2565,3/22/2022 6:00,55.038
2566,3/22/2022 6:15,54.777
2567,3/22/2022 6:30,54.561
2568,3/22/2022 6:45,54.387
2569,3/22/2022 7:00,54.343
2570,3/22/2022 7:15,54.473
2571,3/22/2022 7:30,54.865
2572,3/22/2022 7:45,55.429
2573,3/22/2022 8:00,56.122
2574,3/22/2022 8:15,57.074
2575,3/22/2022 8:30,58.239
2576,3/22/2022 8:45,59.572
2577,3/22/2022 9:00,60.991
2578,3/22/2022 9:15,62.62
2579,3/22/2022 9:30,64.418
2580,3/22/2022 9:45,66.385
2581,3/22/2022 10:00,68.484
2582,3/22/2022 10:15,70.716
2583,3/22/2022 10:30,72.955
2584,3/22/2022 10:45,75.247
2585,3/22/2022 11:00,77.553
2586,3/22/2022 11:15,79.788
2587,3/22/2022 11:30,81.952
2588,3/22/2022 11:45,84.004
2589,3/22/2022 12:00,86.029
2590,3/22/2022 12:15,87.985
2591,3/22/2022 12:30,89.915
2592,3/22/2022 12:45,91.402
2593,3/22/2022 13:00,90.194
2594,3/22/2022 13:15,89.638
2595,3/22/2022 13:30,89.685
2596,3/22/2022 13:45,89.638
2597,3/22/2022 14:00,89.407
2598,3/22/2022 14:15,89.04
2599,3/22/2022 14:30,88.534
2600,3/22/2022 14:45,87.894
2601,3/22/2022 15:00,85.035
2602,3/22/2022 15:15,84.632
2603,3/22/2022 15:30,85.127
2604,3/22/2022 15:45,85.939
2605,3/22/2022 16:00,86.799
2606,3/22/2022 16:15,87.528
2607,3/22/2022 16:30,88.122
2608,3/22/2022 16:45,88.579
2609,3/22/2022 17:00,88.855
2610,3/22/2022 17:15,89.04
2611,3/22/2022 17:30,88.993
2612,3/22/2022 17:45,88.443
2613,3/22/2022 18:00,87.528
2614,3/22/2022 18:15,86.301
2615,3/22/2022 18:30,84.9
2616,3/22/2022 18:45,83.467
2617,3/22/2022 19:00,81.997
2618,3/22/2022 19:15,80.537
2619,3/22/2022 19:30,79.173
2620,3/22/2022 19:45,77.815
2621,3/22/2022 20:00,76.507
2622,3/22/2022 20:15,75.247
2623,3/22/2022 20:30,74.034
2624,3/22/2022 20:45,72.869
2625,3/22/2022 21:00,71.791
2626,3/22/2022 21:15,70.759
2627,3/22/2022 21:30,69.728
2628,3/22/2022 21:45,68.785
2629,3/22/2022 22:00,67.842
2630,3/22/2022 22:15,66.985
2631,3/22/2022 22:30,66.173
2632,3/22/2022 22:45,65.444
2633,3/22/2022 23:00,64.76
2634,3/22/2022 23:15,64.161
2635,3/22/2022 23:30,63.604
2636,3/22/2022 23:45,63.048
2637,3/23/2022 0:00,62.533
2638,3/23/2022 0:15,62.019
2639,3/23/2022 0:30,61.506
2640,3/23/2022 0:45,61.032
2641,3/23/2022 1:00,60.561
2642,3/23/2022 1:15,60.132
2643,3/23/2022 1:30,59.745
2644,3/23/2022 1:45,59.358
2645,3/23/2022 2:00,58.971
2646,3/23/2022 2:15,58.626
2647,3/23/2022 2:30,58.282
2648,3/23/2022 2:45,57.979
2649,3/23/2022 3:00,57.722
2650,3/23/2022 3:15,57.506
2651,3/23/2022 3:30,57.376
2652,3/23/2022 3:45,57.204
2653,3/23/2022 4:00,57.031
2654,3/23/2022 4:15,56.901
2655,3/23/2022 4:30,56.728
2656,3/23/2022 4:45,56.599
2657,3/23/2022 5:00,56.469
2658,3/23/2022 5:15,56.34
2659,3/23/2022 5:30,56.208
2660,3/23/2022 5:45,56.122
2661,3/23/2022 6:00,55.992
2662,3/23/2022 6:15,55.906
2663,3/23/2022 6:30,55.776
2664,3/23/2022 6:45,55.733
2665,3/23/2022 7:00,55.69
2666,3/23/2022 7:15,55.69
2667,3/23/2022 7:30,55.776
2668,3/23/2022 7:45,55.906
2669,3/23/2022 8:00,56.122
2670,3/23/2022 8:15,56.383
2671,3/23/2022 8:30,56.728
2672,3/23/2022 8:45,57.204
2673,3/23/2022 9:00,57.765
2674,3/23/2022 9:15,58.325
2675,3/23/2022 9:30,58.928
2676,3/23/2022 9:45,59.572
2677,3/23/2022 10:00,60.217
2678,3/23/2022 10:15,61.032
2679,3/23/2022 10:30,61.977
2680,3/23/2022 10:45,62.748
2681,3/23/2022 11:00,63.99
2682,3/23/2022 11:15,64.803
2683,3/23/2022 11:30,64.974
2684,3/23/2022 11:45,65.403
2685,3/23/2022 12:00,65.829
2686,3/23/2022 12:15,66.772
2687,3/23/2022 12:30,68.227
2688,3/23/2022 12:45,70.029
2689,3/23/2022 13:00,71.577
2690,3/23/2022 13:15,72.221
2691,3/23/2022 13:30,73.17
2692,3/23/2022 13:45,74.25
2693,3/23/2022 14:00,75.333
2694,3/23/2022 14:15,76.375
2695,3/23/2022 14:30,77.292
2696,3/23/2022 14:45,78.121
2697,3/23/2022 15:00,78.865
2698,3/23/2022 15:15,79.48
2699,3/23/2022 15:30,80.008
2700,3/23/2022 15:45,80.492
2701,3/23/2022 16:00,80.89
2702,3/23/2022 16:15,81.244
2703,3/23/2022 16:30,81.509
2704,3/23/2022 16:45,81.687
2705,3/23/2022 17:00,81.775
2706,3/23/2022 17:15,81.819
2707,3/23/2022 17:30,80.492
2708,3/23/2022 17:45,79.963
2709,3/23/2022 18:00,79.788
2710,3/23/2022 18:15,79.48
2711,3/23/2022 18:30,78.953
2712,3/23/2022 18:45,78.251
2713,3/23/2022 19:00,77.464
2714,3/23/2022 19:15,76.593
2715,3/23/2022 19:30,75.637
2716,3/23/2022 19:45,74.683
2717,3/23/2022 20:00,73.645
2718,3/23/2022 20:15,72.653
2719,3/23/2022 20:30,71.62
2720,3/23/2022 20:45,70.673
2721,3/23/2022 21:00,69.685
2722,3/23/2022 21:15,68.785
2723,3/23/2022 21:30,67.971
2724,3/23/2022 21:45,67.199
2725,3/23/2022 22:00,66.429
2726,3/23/2022 22:15,65.701
2727,3/23/2022 22:30,64.974
2728,3/23/2022 22:45,64.288
2729,3/23/2022 23:00,63.604
2730,3/23/2022 23:15,62.962
2731,3/23/2022 23:30,62.362
2732,3/23/2022 23:45,61.761
2733,3/24/2022 0:00,61.248
2734,3/24/2022 0:15,60.733
2735,3/24/2022 0:30,60.26
2736,3/24/2022 0:45,59.788
2737,3/24/2022 1:00,59.358
2738,3/24/2022 1:15,58.928
2739,3/24/2022 1:30,58.541
2740,3/24/2022 1:45,58.195
2741,3/24/2022 2:00,57.85
2742,3/24/2022 2:15,57.549
2743,3/24/2022 2:30,57.204
2744,3/24/2022 2:45,56.901
2745,3/24/2022 3:00,56.599
2746,3/24/2022 3:15,56.295
2747,3/24/2022 3:30,55.992
2748,3/24/2022 3:45,55.647
2749,3/24/2022 4:00,55.213
2750,3/24/2022 4:15,54.777
2751,3/24/2022 4:30,54.387
2752,3/24/2022 4:45,54.037
2753,3/24/2022 5:00,53.69
2754,3/24/2022 5:15,53.341
2755,3/24/2022 5:30,53.035
2756,3/24/2022 5:45,52.729
2757,3/24/2022 6:00,52.466
2758,3/24/2022 6:15,52.203
2759,3/24/2022 6:30,51.984
2760,3/24/2022 6:45,51.809
2761,3/24/2022 7:00,51.678
2762,3/24/2022 7:15,51.633
2763,3/24/2022 7:30,51.721
2764,3/24/2022 7:45,51.895
2765,3/24/2022 8:00,52.203
2766,3/24/2022 8:15,52.641
2767,3/24/2022 8:30,53.209
2768,3/24/2022 8:45,53.994
2769,3/24/2022 9:00,54.865
2770,3/24/2022 9:15,55.863
2771,3/24/2022 9:30,58.455
2772,3/24/2022 9:45,62.191
2773,3/24/2022 10:00,64.459
2774,3/24/2022 10:15,66
2775,3/24/2022 10:30,67.285
2776,3/24/2022 10:45,68.698
2777,3/24/2022 11:00,70.286
2778,3/24/2022 11:15,71.791
2779,3/24/2022 11:30,73.429
2780,3/24/2022 11:45,75.029
2781,3/24/2022 12:00,76.071
2782,3/24/2022 12:15,77.072
2783,3/24/2022 12:30,78.69
2784,3/24/2022 12:45,79.743
2785,3/24/2022 13:00,80.227
2786,3/24/2022 13:15,80.449
2787,3/24/2022 13:30,80.935
2788,3/24/2022 13:45,81.509
2789,3/24/2022 14:00,82.175
2790,3/24/2022 14:15,82.886
2791,3/24/2022 14:30,83.556
2792,3/24/2022 14:45,84.227
2793,3/24/2022 15:00,84.812
2794,3/24/2022 15:15,85.352
2795,3/24/2022 15:30,85.802
2796,3/24/2022 15:45,86.164
2797,3/24/2022 16:00,86.391
2798,3/24/2022 16:15,86.527
2799,3/24/2022 16:30,86.482
2800,3/24/2022 16:45,86.256
2801,3/24/2022 17:00,85.939
2802,3/24/2022 17:15,85.487
2803,3/24/2022 17:30,84.9
2804,3/24/2022 17:45,84.049
2805,3/24/2022 18:00,82.931
2806,3/24/2022 18:15,81.642
2807,3/24/2022 18:30,80.227
2808,3/24/2022 18:45,78.777
2809,3/24/2022 19:00,77.378
2810,3/24/2022 19:15,75.942
2811,3/24/2022 19:30,74.597
2812,3/24/2022 19:45,73.342
2813,3/24/2022 20:00,72.221
2814,3/24/2022 20:15,71.146
2815,3/24/2022 20:30,70.158
2816,3/24/2022 20:45,69.256
2817,3/24/2022 21:00,68.356
2818,3/24/2022 21:15,67.586
2819,3/24/2022 21:30,66.814
2820,3/24/2022 21:45,66.13
2821,3/24/2022 22:00,65.487
2822,3/24/2022 22:15,64.845
2823,3/24/2022 22:30,64.288
2824,3/24/2022 22:45,63.732
2825,3/24/2022 23:00,63.219
2826,3/24/2022 23:15,62.748
2827,3/24/2022 23:30,62.319
2828,3/24/2022 23:45,61.934
2829,3/25/2022 0:00,61.547
2830,3/25/2022 0:15,61.205
2831,3/25/2022 0:30,60.861
2832,3/25/2022 0:45,60.517
2833,3/25/2022 1:00,60.174
2834,3/25/2022 1:15,59.873
2835,3/25/2022 1:30,59.529
2836,3/25/2022 1:45,59.185
2837,3/25/2022 2:00,58.885
2838,3/25/2022 2:15,58.541
2839,3/25/2022 2:30,58.282
2840,3/25/2022 2:45,57.979
2841,3/25/2022 3:00,57.722
2842,3/25/2022 3:15,57.463
2843,3/25/2022 3:30,57.204
2844,3/25/2022 3:45,56.944
2845,3/25/2022 4:00,56.685
2846,3/25/2022 4:15,56.426
2847,3/25/2022 4:30,56.165
2848,3/25/2022 4:45,55.906
2849,3/25/2022 5:00,55.69
2850,3/25/2022 5:15,55.429
2851,3/25/2022 5:30,55.256
2852,3/25/2022 5:45,55.038
2853,3/25/2022 6:00,54.82
2854,3/25/2022 6:15,54.648
2855,3/25/2022 6:30,54.43
2856,3/25/2022 6:45,54.255
2857,3/25/2022 7:00,54.126
2858,3/25/2022 7:15,53.994
2859,3/25/2022 7:30,53.865
2860,3/25/2022 7:45,53.776
2861,3/25/2022 8:00,53.733
2862,3/25/2022 8:15,53.69
2863,3/25/2022 8:30,53.69
2864,3/25/2022 8:45,53.733
2865,3/25/2022 9:00,53.82
2866,3/25/2022 9:15,53.951
2867,3/25/2022 9:30,54.169
2868,3/25/2022 9:45,54.43
2869,3/25/2022 10:00,54.734
2870,3/25/2022 10:15,55.081
2871,3/25/2022 10:30,55.602
2872,3/25/2022 10:45,56.208
2873,3/25/2022 11:00,57.031
2874,3/25/2022 11:15,58.023
2875,3/25/2022 11:30,59.229
2876,3/25/2022 11:45,60.561
2877,3/25/2022 12:00,62.019
2878,3/25/2022 12:15,63.561
2879,3/25/2022 12:30,65.23
2880,3/25/2022 12:45,66.857
2881,3/25/2022 13:00,68.527
2882,3/25/2022 13:15,70.158
2883,3/25/2022 13:30,71.748
2884,3/25/2022 13:45,73.299
2885,3/25/2022 14:00,74.727
2886,3/25/2022 14:15,76.071
2887,3/25/2022 14:30,77.335
2888,3/25/2022 14:45,78.427
2889,3/25/2022 15:00,79.435
2890,3/25/2022 15:15,80.361
2891,3/25/2022 15:30,81.111
2892,3/25/2022 15:45,81.775
2893,3/25/2022 16:00,82.308
2894,3/25/2022 16:15,82.665
2895,3/25/2022 16:30,82.886
2896,3/25/2022 16:45,82.976
2897,3/25/2022 17:00,82.886
2898,3/25/2022 17:15,82.708
2899,3/25/2022 17:30,82.396
2900,3/25/2022 17:45,81.819
2901,3/25/2022 18:00,81.066
2902,3/25/2022 18:15,80.139
2903,3/25/2022 18:30,79.041
2904,3/25/2022 18:45,77.815
2905,3/25/2022 19:00,76.55
2906,3/25/2022 19:15,75.204
2907,3/25/2022 19:30,73.904
2908,3/25/2022 19:45,72.61
2909,3/25/2022 20:00,71.404
2910,3/25/2022 20:15,70.243
2911,3/25/2022 20:30,69.129
2912,3/25/2022 20:45,68.099
2913,3/25/2022 21:00,67.071
2914,3/25/2022 21:15,66.13
2915,3/25/2022 21:30,65.23
2916,3/25/2022 21:45,64.375
2917,3/25/2022 22:00,63.604
2918,3/25/2022 22:15,62.834
2919,3/25/2022 22:30,62.148
2920,3/25/2022 22:45,61.462
2921,3/25/2022 23:00,60.861
2922,3/25/2022 23:15,60.26
2923,3/25/2022 23:30,59.702
2924,3/25/2022 23:45,59.185
2925,3/26/2022 0:00,58.669
2926,3/26/2022 0:15,58.195
2927,3/26/2022 0:30,57.765
2928,3/26/2022 0:45,57.333
2929,3/26/2022 1:00,56.988
2930,3/26/2022 1:15,56.599
2931,3/26/2022 1:30,56.251
2932,3/26/2022 1:45,55.949
2933,3/26/2022 2:00,55.69
2934,3/26/2022 2:15,55.386
2935,3/26/2022 2:30,55.168
2936,3/26/2022 2:45,54.909
2937,3/26/2022 3:00,54.648
2938,3/26/2022 3:15,54.343
2939,3/26/2022 3:30,53.994
2940,3/26/2022 3:45,53.645
2941,3/26/2022 4:00,53.253
2942,3/26/2022 4:15,52.903
2943,3/26/2022 4:30,52.554
2944,3/26/2022 4:45,52.246
2945,3/26/2022 5:00,51.94
2946,3/26/2022 5:15,51.678
2947,3/26/2022 5:30,51.37
2948,3/26/2022 5:45,51.105
2949,3/26/2022 6:00,50.841
2950,3/26/2022 6:15,50.576
2951,3/26/2022 6:30,50.356
2952,3/26/2022 6:45,50.18
2953,3/26/2022 7:00,50.092
2954,3/26/2022 7:15,50.092
2955,3/26/2022 7:30,50.18
2956,3/26/2022 7:45,50.311
2957,3/26/2022 8:00,50.576
2958,3/26/2022 8:15,50.886
2959,3/26/2022 8:30,51.282
2960,3/26/2022 8:45,51.721
2961,3/26/2022 9:00,52.203
2962,3/26/2022 9:15,52.817
2963,3/26/2022 9:30,53.559
2964,3/26/2022 9:45,54.516
2965,3/26/2022 10:00,55.647
2966,3/26/2022 10:15,56.901
2967,3/26/2022 10:30,58.368
2968,3/26/2022 10:45,59.916
2969,3/26/2022 11:00,61.506
2970,3/26/2022 11:15,63.133
2971,3/26/2022 11:30,64.803
2972,3/26/2022 11:45,66.472
2973,3/26/2022 12:00,68.185
2974,3/26/2022 12:15,69.858
2975,3/26/2022 12:30,71.533
2976,3/26/2022 12:45,73.126
2977,3/26/2022 13:00,74.64
2978,3/26/2022 13:15,76.071
2979,3/26/2022 13:30,77.464
2980,3/26/2022 13:45,78.777
2981,3/26/2022 14:00,80.051
2982,3/26/2022 14:15,81.199
2983,3/26/2022 14:30,82.263
2984,3/26/2022 14:45,83.242
2985,3/26/2022 15:00,84.094
2986,3/26/2022 15:15,84.857
2987,3/26/2022 15:30,85.442
2988,3/26/2022 15:45,85.894
2989,3/26/2022 16:00,86.119
2990,3/26/2022 16:15,86.256
2991,3/26/2022 16:30,86.256
2992,3/26/2022 16:45,86.074
2993,3/26/2022 17:00,85.802
2994,3/26/2022 17:15,85.397
2995,3/26/2022 17:30,84.9
2996,3/26/2022 17:45,84.227
2997,3/26/2022 18:00,83.287
2998,3/26/2022 18:15,82.218
2999,3/26/2022 18:30,80.978
3000,3/26/2022 18:45,79.655
3001,3/26/2022 19:00,78.296
3002,3/26/2022 19:15,76.942
3003,3/26/2022 19:30,75.637
3004,3/26/2022 19:45,74.338
3005,3/26/2022 20:00,73.126
3006,3/26/2022 20:15,72.007
3007,3/26/2022 20:30,70.93
3008,3/26/2022 20:45,69.901
3009,3/26/2022 21:00,68.913
3010,3/26/2022 21:15,67.971
3011,3/26/2022 21:30,67.071
3012,3/26/2022 21:45,66.258
3013,3/26/2022 22:00,65.444
3014,3/26/2022 22:15,64.674
3015,3/26/2022 22:30,63.99
3016,3/26/2022 22:45,63.347
3017,3/26/2022 23:00,62.704
3018,3/26/2022 23:15,62.148
3019,3/26/2022 23:30,61.633
3020,3/26/2022 23:45,61.119
3021,3/27/2022 0:00,60.647
3022,3/27/2022 0:15,60.217
3023,3/27/2022 0:30,59.788
3024,3/27/2022 0:45,59.401
3025,3/27/2022 1:00,59.014
3026,3/27/2022 1:15,58.712
3027,3/27/2022 1:30,58.455
3028,3/27/2022 1:45,58.239
3029,3/27/2022 2:00,58.066
3030,3/27/2022 2:15,57.893
3031,3/27/2022 2:30,57.765
3032,3/27/2022 2:45,57.636
3033,3/27/2022 3:00,57.506
3034,3/27/2022 3:15,57.376
3035,3/27/2022 3:30,57.247
3036,3/27/2022 3:45,57.074
3037,3/27/2022 4:00,56.944
3038,3/27/2022 4:15,56.815
3039,3/27/2022 4:30,56.685
3040,3/27/2022 4:45,56.556
3041,3/27/2022 5:00,56.426
3042,3/27/2022 5:15,56.34
3043,3/27/2022 5:30,56.208
3044,3/27/2022 5:45,56.122
3045,3/27/2022 6:00,56.035
3046,3/27/2022 6:15,55.906
3047,3/27/2022 6:30,55.819
3048,3/27/2022 6:45,55.733
3049,3/27/2022 7:00,55.69
3050,3/27/2022 7:15,55.602
3051,3/27/2022 7:30,55.602
3052,3/27/2022 7:45,55.647
3053,3/27/2022 8:00,55.776
3054,3/27/2022 8:15,55.949
3055,3/27/2022 8:30,56.251
3056,3/27/2022 8:45,56.599
3057,3/27/2022 9:00,57.031
3058,3/27/2022 9:15,57.592
3059,3/27/2022 9:30,58.239
3060,3/27/2022 9:45,58.971
3061,3/27/2022 10:00,59.745
3062,3/27/2022 10:15,60.474
3063,3/27/2022 10:30,61.248
3064,3/27/2022 10:45,62.062
3065,3/27/2022 11:00,62.875
3066,3/27/2022 11:15,63.689
3067,3/27/2022 11:30,64.546
3068,3/27/2022 11:45,65.403
3069,3/27/2022 12:00,66.258
3070,3/27/2022 12:15,67.114
3071,3/27/2022 12:30,67.928
3072,3/27/2022 12:45,68.657
3073,3/27/2022 13:00,69.386
3074,3/27/2022 13:15,70.115
3075,3/27/2022 13:30,70.759
3076,3/27/2022 13:45,71.404
3077,3/27/2022 14:00,72.05
3078,3/27/2022 14:15,72.783
3079,3/27/2022 14:30,73.515
3080,3/27/2022 14:45,74.25
3081,3/27/2022 15:00,74.943
3082,3/27/2022 15:15,75.551
3083,3/27/2022 15:30,76.028
3084,3/27/2022 15:45,76.464
3085,3/27/2022 16:00,76.725
3086,3/27/2022 16:15,76.854
3087,3/27/2022 16:30,76.768
3088,3/27/2022 16:45,76.593
3089,3/27/2022 17:00,76.375
3090,3/27/2022 17:15,76.028
3091,3/27/2022 17:30,75.551
3092,3/27/2022 17:45,74.986
3093,3/27/2022 18:00,74.338
3094,3/27/2022 18:15,73.645
3095,3/27/2022 18:30,72.869
3096,3/27/2022 18:45,72.007
3097,3/27/2022 19:00,71.103
3098,3/27/2022 19:15,70.201
3099,3/27/2022 19:30,69.3
3100,3/27/2022 19:45,68.4
3101,3/27/2022 20:00,67.543
3102,3/27/2022 20:15,66.772
3103,3/27/2022 20:30,66
3104,3/27/2022 20:45,65.273
3105,3/27/2022 21:00,64.589
3106,3/27/2022 21:15,63.946
3107,3/27/2022 21:30,63.347
3108,3/27/2022 21:45,62.834
3109,3/27/2022 22:00,62.319
3110,3/27/2022 22:15,61.848
3111,3/27/2022 22:30,61.462
3112,3/27/2022 22:45,61.032
3113,3/27/2022 23:00,60.69
3114,3/27/2022 23:15,60.433
3115,3/27/2022 23:30,60.132
3116,3/27/2022 23:45,59.83
3117,3/28/2022 0:00,59.572
3118,3/28/2022 0:15,59.315
3119,3/28/2022 0:30,59.056
3120,3/28/2022 0:45,58.842
3121,3/28/2022 1:00,58.626
3122,3/28/2022 1:15,58.455
3123,3/28/2022 1:30,58.239
3124,3/28/2022 1:45,58.109
3125,3/28/2022 2:00,57.936
3126,3/28/2022 2:15,57.807
3127,3/28/2022 2:30,57.679
3128,3/28/2022 2:45,57.549
3129,3/28/2022 3:00,57.376
3130,3/28/2022 3:15,57.204
3131,3/28/2022 3:30,57.074
3132,3/28/2022 3:45,56.901
3133,3/28/2022 4:00,56.728
3134,3/28/2022 4:15,56.512
3135,3/28/2022 4:30,56.295
3136,3/28/2022 4:45,56.079
3137,3/28/2022 5:00,55.863
3138,3/28/2022 5:15,55.69
3139,3/28/2022 5:30,55.472
3140,3/28/2022 5:45,55.299
3141,3/28/2022 6:00,55.081
3142,3/28/2022 6:15,54.865
3143,3/28/2022 6:30,54.691
3144,3/28/2022 6:45,54.516
3145,3/28/2022 7:00,54.387
3146,3/28/2022 7:15,54.3
3147,3/28/2022 7:30,54.255
3148,3/28/2022 7:45,54.212
3149,3/28/2022 8:00,54.3
3150,3/28/2022 8:15,54.995
3151,3/28/2022 8:30,55.472
3152,3/28/2022 8:45,55.733
3153,3/28/2022 9:00,55.949
3154,3/28/2022 9:15,57.333
3155,3/28/2022 9:30,58.798
3156,3/28/2022 9:45,60.132
3157,3/28/2022 10:00,61.506
3158,3/28/2022 10:15,62.875
3159,3/28/2022 10:30,64.117
3160,3/28/2022 10:45,65.273
3161,3/28/2022 11:00,66.472
3162,3/28/2022 11:15,67.714
3163,3/28/2022 11:30,68.828
3164,3/28/2022 11:45,69.685
3165,3/28/2022 12:00,70.329
3166,3/28/2022 12:15,70.846
3167,3/28/2022 12:30,71.49
3168,3/28/2022 12:45,72.307
3169,3/28/2022 13:00,73.256
3170,3/28/2022 13:15,74.25
3171,3/28/2022 13:30,75.29
3172,3/28/2022 13:45,76.289
3173,3/28/2022 14:00,76.768
3174,3/28/2022 14:15,77.072
3175,3/28/2022 14:30,77.859
3176,3/28/2022 14:45,78.777
3177,3/28/2022 15:00,78.69
3178,3/28/2022 15:15,78.822
3179,3/28/2022 15:30,79.347
3180,3/28/2022 15:45,79.831
3181,3/28/2022 16:00,80.139
3182,3/28/2022 16:15,80.096
3183,3/28/2022 16:30,79.963
3184,3/28/2022 16:45,79.655
3185,3/28/2022 17:00,78.559
3186,3/28/2022 17:15,77.945
3187,3/28/2022 17:30,77.464
3188,3/28/2022 17:45,76.942
3189,3/28/2022 18:00,76.289
3190,3/28/2022 18:15,75.508
3191,3/28/2022 18:30,74.683
3192,3/28/2022 18:45,73.774
3193,3/28/2022 19:00,72.826
3194,3/28/2022 19:15,71.877
3195,3/28/2022 19:30,70.974
3196,3/28/2022 19:45,70.115
3197,3/28/2022 20:00,69.256
3198,3/28/2022 20:15,68.484
3199,3/28/2022 20:30,67.757
3200,3/28/2022 20:45,67.071
3201,3/28/2022 21:00,66.429
3202,3/28/2022 21:15,65.745
3203,3/28/2022 21:30,65.102
3204,3/28/2022 21:45,64.503
3205,3/28/2022 22:00,63.903
3206,3/28/2022 22:15,63.304
3207,3/28/2022 22:30,62.748
3208,3/28/2022 22:45,62.233
3209,3/28/2022 23:00,61.72
3210,3/28/2022 23:15,61.205
3211,3/28/2022 23:30,60.733
3212,3/28/2022 23:45,60.26
3213,3/29/2022 0:00,59.788
3214,3/29/2022 0:15,59.358
3215,3/29/2022 0:30,58.971
3216,3/29/2022 0:45,58.582
3217,3/29/2022 1:00,58.282
3218,3/29/2022 1:15,57.979
3219,3/29/2022 1:30,57.679
3220,3/29/2022 1:45,57.376
3221,3/29/2022 2:00,57.074
3222,3/29/2022 2:15,56.815
3223,3/29/2022 2:30,56.599
3224,3/29/2022 2:45,56.426
3225,3/29/2022 3:00,56.295
3226,3/29/2022 3:15,56.165
3227,3/29/2022 3:30,56.079
3228,3/29/2022 3:45,55.992
3229,3/29/2022 4:00,55.906
3230,3/29/2022 4:15,55.819
3231,3/29/2022 4:30,55.733
3232,3/29/2022 4:45,55.647
3233,3/29/2022 5:00,55.602
3234,3/29/2022 5:15,55.515
3235,3/29/2022 5:30,55.472
3236,3/29/2022 5:45,55.386
3237,3/29/2022 6:00,55.342
3238,3/29/2022 6:15,55.299
3239,3/29/2022 6:30,55.256
3240,3/29/2022 6:45,55.213
3241,3/29/2022 7:00,55.168
3242,3/29/2022 7:15,55.125
3243,3/29/2022 7:30,55.168
3244,3/29/2022 7:45,55.213
3245,3/29/2022 8:00,55.299
3246,3/29/2022 8:15,55.472
3247,3/29/2022 8:30,55.69
3248,3/29/2022 8:45,55.949
3249,3/29/2022 9:00,56.251
3250,3/29/2022 9:15,56.599
3251,3/29/2022 9:30,56.988
3252,3/29/2022 9:45,57.506
3253,3/29/2022 10:00,58.023
3254,3/29/2022 10:15,58.582
3255,3/29/2022 10:30,59.142
3256,3/29/2022 10:45,59.702
3257,3/29/2022 11:00,60.26
3258,3/29/2022 11:15,60.861
3259,3/29/2022 11:30,61.462
3260,3/29/2022 11:45,62.019
3261,3/29/2022 12:00,62.62
3262,3/29/2022 12:15,63.219
3263,3/29/2022 12:30,63.903
3264,3/29/2022 12:45,64.717
3265,3/29/2022 13:00,65.574
3266,3/29/2022 13:15,66.472
3267,3/29/2022 13:30,67.329
3268,3/29/2022 13:45,68.099
3269,3/29/2022 14:00,68.785
3270,3/29/2022 14:15,69.514
3271,3/29/2022 14:30,70.158
3272,3/29/2022 14:45,70.803
3273,3/29/2022 15:00,71.404
3274,3/29/2022 15:15,72.007
3275,3/29/2022 15:30,72.567
3276,3/29/2022 15:45,73.126
3277,3/29/2022 16:00,73.645
3278,3/29/2022 16:15,74.12
3279,3/29/2022 16:30,74.424
3280,3/29/2022 16:45,74.597
3281,3/29/2022 17:00,74.64
3282,3/29/2022 17:15,74.597
3283,3/29/2022 17:30,74.424
3284,3/29/2022 17:45,74.163
3285,3/29/2022 18:00,73.818
3286,3/29/2022 18:15,73.386
3287,3/29/2022 18:30,72.739
3288,3/29/2022 18:45,72.05
3289,3/29/2022 19:00,71.231
3290,3/29/2022 19:15,70.372
3291,3/29/2022 19:30,69.471
3292,3/29/2022 19:45,68.571
3293,3/29/2022 20:00,67.757
3294,3/29/2022 20:15,66.943
3295,3/29/2022 20:30,66.214
3296,3/29/2022 20:45,65.53
3297,3/29/2022 21:00,64.888
3298,3/29/2022 21:15,64.288
3299,3/29/2022 21:30,63.689
3300,3/29/2022 21:45,63.133
3301,3/29/2022 22:00,62.577
3302,3/29/2022 22:15,62.105
3303,3/29/2022 22:30,61.633
3304,3/29/2022 22:45,61.205
3305,3/29/2022 23:00,60.818
3306,3/29/2022 23:15,60.474
3307,3/29/2022 23:30,60.132
3308,3/29/2022 23:45,59.83
3309,3/30/2022 0:00,59.486
3310,3/30/2022 0:15,59.229
3311,3/30/2022 0:30,58.928
3312,3/30/2022 0:45,58.669
3313,3/30/2022 1:00,58.411
3314,3/30/2022 1:15,58.152
3315,3/30/2022 1:30,57.936
3316,3/30/2022 1:45,57.722
3317,3/30/2022 2:00,57.549
3318,3/30/2022 2:15,57.333
3319,3/30/2022 2:30,57.16
3320,3/30/2022 2:45,56.988
3321,3/30/2022 3:00,56.858
3322,3/30/2022 3:15,56.685
3323,3/30/2022 3:30,56.556
3324,3/30/2022 3:45,56.426
3325,3/30/2022 4:00,56.295
3326,3/30/2022 4:15,56.165
3327,3/30/2022 4:30,56.035
3328,3/30/2022 4:45,55.906
3329,3/30/2022 5:00,55.776
3330,3/30/2022 5:15,55.647
3331,3/30/2022 5:30,55.515
3332,3/30/2022 5:45,55.386
3333,3/30/2022 6:00,56.122
3334,3/30/2022 6:15,57.592
3335,3/30/2022 6:30,58.842
3336,3/30/2022 6:45,60.132
3337,3/30/2022 7:00,61.205
3338,3/30/2022 7:15,62.019
3339,3/30/2022 7:30,63.048
3340,3/30/2022 7:45,63.946
3341,3/30/2022 8:00,64.674
3342,3/30/2022 8:15,65.017
3343,3/30/2022 8:30,65.403
3344,3/30/2022 8:45,65.829
3345,3/30/2022 9:00,66.258
3346,3/30/2022 9:15,66.686
3347,3/30/2022 9:30,67.071
3348,3/30/2022 9:45,67.543
3349,3/30/2022 10:00,67.971
3350,3/30/2022 10:15,68.443
3351,3/30/2022 10:30,68.913
3352,3/30/2022 10:45,69.256
3353,3/30/2022 11:00,69.471
3354,3/30/2022 11:15,69.643
3355,3/30/2022 11:30,71.017
3356,3/30/2022 11:45,71.533
3357,3/30/2022 12:00,71.92
3358,3/30/2022 12:15,72.351
3359,3/30/2022 12:30,72.653
3360,3/30/2022 12:45,72.912
3361,3/30/2022 13:00,73.04
3362,3/30/2022 13:15,73.083
3363,3/30/2022 13:30,73.04
3364,3/30/2022 13:45,72.912
3365,3/30/2022 14:00,72.696
3366,3/30/2022 14:15,72.394
3367,3/30/2022 14:30,72.093
3368,3/30/2022 14:45,71.791
3369,3/30/2022 15:00,71.577
3370,3/30/2022 15:15,71.877
3371,3/30/2022 15:30,72.221
3372,3/30/2022 15:45,72.783
3373,3/30/2022 16:00,73.213
3374,3/30/2022 16:15,73.558
3375,3/30/2022 16:30,73.558
3376,3/30/2022 16:45,73.429
3377,3/30/2022 17:00,73.645
3378,3/30/2022 17:15,74.163
3379,3/30/2022 17:30,74.597
3380,3/30/2022 17:45,74.77
3381,3/30/2022 18:00,74.64
3382,3/30/2022 18:15,74.25
3383,3/30/2022 18:30,73.645
3384,3/30/2022 18:45,72.869
3385,3/30/2022 19:00,72.05
3386,3/30/2022 19:15,71.274
3387,3/30/2022 19:30,70.587
3388,3/30/2022 19:45,69.814
3389,3/30/2022 20:00,69.085
3390,3/30/2022 20:15,68.313
3391,3/30/2022 20:30,67.543
3392,3/30/2022 20:45,66.772
3393,3/30/2022 21:00,66.043
3394,3/30/2022 21:15,65.316
3395,3/30/2022 21:30,64.546
3396,3/30/2022 21:45,63.819
3397,3/30/2022 22:00,63.133
3398,3/30/2022 22:15,62.447
3399,3/30/2022 22:30,61.848
3400,3/30/2022 22:45,61.29
3401,3/30/2022 23:00,60.775
3402,3/30/2022 23:15,60.303
3403,3/30/2022 23:30,59.916
3404,3/30/2022 23:45,59.529
3405,3/31/2022 0:00,59.185
3406,3/31/2022 0:15,58.842
3407,3/31/2022 0:30,58.455
3408,3/31/2022 0:45,58.109
3409,3/31/2022 1:00,57.722
3410,3/31/2022 1:15,57.333
3411,3/31/2022 1:30,56.988
3412,3/31/2022 1:45,56.599
3413,3/31/2022 2:00,56.251
3414,3/31/2022 2:15,55.906
3415,3/31/2022 2:30,55.602
3416,3/31/2022 2:45,55.299
3417,3/31/2022 3:00,55.038
3418,3/31/2022 3:15,54.865
3419,3/31/2022 3:30,54.691
3420,3/31/2022 3:45,54.473
3421,3/31/2022 4:00,54.3
3422,3/31/2022 4:15,54.126
3423,3/31/2022 4:30,53.908
3424,3/31/2022 4:45,53.69
3425,3/31/2022 5:00,53.472
3426,3/31/2022 5:15,53.253
3427,3/31/2022 5:30,52.992
3428,3/31/2022 5:45,52.772
3429,3/31/2022 6:00,52.509
3430,3/31/2022 6:15,52.335
3431,3/31/2022 6:30,52.16
3432,3/31/2022 6:45,52.072
3433,3/31/2022 7:00,52.817
3434,3/31/2022 7:15,58.282
3435,3/31/2022 7:30,62.748
3436,3/31/2022 7:45,65.273
3437,3/31/2022 8:00,68.013
3438,3/31/2022 8:15,66.344
3439,3/31/2022 8:30,64.632
3440,3/31/2022 8:45,65.017
3441,3/31/2022 9:00,65.872
3442,3/31/2022 9:15,66.9
3443,3/31/2022 9:30,68.099
3444,3/31/2022 9:45,69.386
3445,3/31/2022 10:00,70.803
3446,3/31/2022 10:15,72.351
3447,3/31/2022 10:30,73.299
3448,3/31/2022 10:45,73.904
3449,3/31/2022 11:00,73.731
3450,3/31/2022 11:15,73.99
3451,3/31/2022 11:30,75.029
3452,3/31/2022 11:45,76.419
3453,3/31/2022 12:00,77.902
3454,3/31/2022 12:15,79.216
3455,3/31/2022 12:30,80.449
3456,3/31/2022 12:45,81.597
3457,3/31/2022 13:00,82.175
3458,3/31/2022 13:15,81.687
3459,3/31/2022 13:30,81.597
3460,3/31/2022 13:45,81.597
3461,3/31/2022 14:00,81.554
3462,3/31/2022 14:15,81.466
3463,3/31/2022 14:30,81.288
3464,3/31/2022 14:45,81.111
3465,3/31/2022 15:00,80.935
3466,3/31/2022 15:15,80.89
3467,3/31/2022 15:30,82.263
3468,3/31/2022 15:45,83.869
3469,3/31/2022 16:00,84.9
3470,3/31/2022 16:15,85.352
3471,3/31/2022 16:30,83.914
3472,3/31/2022 16:45,81.376
3473,3/31/2022 17:00,79.963
3474,3/31/2022 17:15,78.996
3475,3/31/2022 17:30,77.902
3476,3/31/2022 17:45,76.507
3477,3/31/2022 18:00,74.899
3478,3/31/2022 18:15,73.126
3479,3/31/2022 18:30,71.317
3480,3/31/2022 18:45,69.557
3481,3/31/2022 19:00,67.798
3482,3/31/2022 19:15,66.173
3483,3/31/2022 19:30,64.632
3484,3/31/2022 19:45,63.262
3485,3/31/2022 20:00,63.09
3486,3/31/2022 20:15,65.403
3487,3/31/2022 20:30,67.285
3488,3/31/2022 20:45,68.871
3489,3/31/2022 21:00,70.029
3490,3/31/2022 21:15,70.974
3491,3/31/2022 21:30,70.243
3492,3/31/2022 21:45,69.343
3493,3/31/2022 22:00,68.356
3494,3/31/2022 22:15,67.372
3495,3/31/2022 22:30,66.429
3496,3/31/2022 22:45,65.53
3497,3/31/2022 23:00,64.674
3498,3/31/2022 23:15,63.903
3499,3/31/2022 23:30,63.133
3500,3/31/2022 23:45,62.447
3501,4/1/2022 0:00,61.761
3502,4/1/2022 0:15,61.162
3503,4/1/2022 0:30,60.561
3504,4/1/2022 0:45,59.959
3505,4/1/2022 1:00,59.401
3506,4/1/2022 1:15,58.885
3507,4/1/2022 1:30,58.368
3508,4/1/2022 1:45,57.85
3509,4/1/2022 2:00,57.376
3510,4/1/2022 2:15,56.901
3511,4/1/2022 2:30,56.426
3512,4/1/2022 2:45,55.992
3513,4/1/2022 3:00,55.558
3514,4/1/2022 3:15,55.125
3515,4/1/2022 3:30,54.734
3516,4/1/2022 3:45,54.3
3517,4/1/2022 4:00,53.908
3518,4/1/2022 4:15,53.515
3519,4/1/2022 4:30,53.166
3520,4/1/2022 4:45,52.817
3521,4/1/2022 5:00,52.509
3522,4/1/2022 5:15,52.246
3523,4/1/2022 5:30,51.94
3524,4/1/2022 5:45,51.678
3525,4/1/2022 6:00,51.413
3526,4/1/2022 6:15,51.148
3527,4/1/2022 6:30,51.017
3528,4/1/2022 6:45,50.974
3529,4/1/2022 7:00,51.193
3530,4/1/2022 7:15,51.678
3531,4/1/2022 7:30,52.423
3532,4/1/2022 7:45,53.298
3533,4/1/2022 8:00,54.3
3534,4/1/2022 8:15,55.386
3535,4/1/2022 8:30,56.599
3536,4/1/2022 8:45,57.936
3537,4/1/2022 9:00,59.445
3538,4/1/2022 9:15,61.075
3539,4/1/2022 9:30,62.791
3540,4/1/2022 9:45,64.632
3541,4/1/2022 10:00,66.472
3542,4/1/2022 10:15,68.356
3543,4/1/2022 10:30,70.329
3544,4/1/2022 10:45,72.264
3545,4/1/2022 11:00,74.206
3546,4/1/2022 11:15,76.071
3547,4/1/2022 11:30,75.247
3548,4/1/2022 11:45,76.464
3549,4/1/2022 12:00,77.509
3550,4/1/2022 12:15,78.339
3551,4/1/2022 12:30,79.435
3552,4/1/2022 12:45,79.48
3553,4/1/2022 13:00,76.464
3554,4/1/2022 13:15,75.16
3555,4/1/2022 13:30,75.029
3556,4/1/2022 13:45,75.204
3557,4/1/2022 14:00,75.681
3558,4/1/2022 14:15,76.375
3559,4/1/2022 14:30,76.854
3560,4/1/2022 14:45,77.117
3561,4/1/2022 15:00,77.117
3562,4/1/2022 15:15,76.854
3563,4/1/2022 15:30,76.332
3564,4/1/2022 15:45,75.681
3565,4/1/2022 16:00,75.29
3566,4/1/2022 16:15,74.899
3567,4/1/2022 16:30,74.683
3568,4/1/2022 16:45,74.424
3569,4/1/2022 17:00,74.381
3570,4/1/2022 17:15,74.338
3571,4/1/2022 17:30,74.467
3572,4/1/2022 17:45,74.467
3573,4/1/2022 18:00,74.12
3574,4/1/2022 18:15,73.386
3575,4/1/2022 18:30,72.48
3576,4/1/2022 18:45,71.49
3577,4/1/2022 19:00,70.459
3578,4/1/2022 19:15,69.557
3579,4/1/2022 19:30,68.657
3580,4/1/2022 19:45,67.627
3581,4/1/2022 20:00,66.643
3582,4/1/2022 20:15,65.658
3583,4/1/2022 20:30,64.674
3584,4/1/2022 20:45,63.732
3585,4/1/2022 21:00,62.791
3586,4/1/2022 21:15,61.848
3587,4/1/2022 21:30,60.991
3588,4/1/2022 21:45,60.174
3589,4/1/2022 22:00,59.445
3590,4/1/2022 22:15,58.928
3591,4/1/2022 22:30,60.818
3592,4/1/2022 22:45,63.433
3593,4/1/2022 23:00,66.173
3594,4/1/2022 23:15,66.729
3595,4/1/2022 23:30,66.385
3596,4/1/2022 23:45,65.701
3597,4/2/2022 0:00,64.888
3598,4/2/2022 0:15,64.074
3599,4/2/2022 0:30,63.262
3600,4/2/2022 0:45,62.533
3601,4/2/2022 1:00,61.848
3602,4/2/2022 1:15,61.205
3603,4/2/2022 1:30,60.604
3604,4/2/2022 1:45,60.046
3605,4/2/2022 2:00,59.529
3606,4/2/2022 2:15,58.971
3607,4/2/2022 2:30,58.498
3608,4/2/2022 2:45,58.023
3609,4/2/2022 3:00,57.549
3610,4/2/2022 3:15,57.117
3611,4/2/2022 3:30,56.685
3612,4/2/2022 3:45,56.295
3613,4/2/2022 4:00,55.992
3614,4/2/2022 4:15,55.647
3615,4/2/2022 4:30,55.299
3616,4/2/2022 4:45,54.995
3617,4/2/2022 5:00,54.734
3618,4/2/2022 5:15,54.43
3619,4/2/2022 5:30,54.169
3620,4/2/2022 5:45,53.865
3621,4/2/2022 6:00,53.559
3622,4/2/2022 6:15,53.298
3623,4/2/2022 6:30,53.078
3624,4/2/2022 6:45,52.947
3625,4/2/2022 7:00,52.992
3626,4/2/2022 7:15,53.298
3627,4/2/2022 7:30,53.733
3628,4/2/2022 7:45,54.343
3629,4/2/2022 8:00,55.081
3630,4/2/2022 8:15,55.906
3631,4/2/2022 8:30,56.901
3632,4/2/2022 8:45,57.979
3633,4/2/2022 9:00,59.272
3634,4/2/2022 9:15,60.604
3635,4/2/2022 9:30,62.062
3636,4/2/2022 9:45,63.604
3637,4/2/2022 10:00,65.23
3638,4/2/2022 10:15,66.9
3639,4/2/2022 10:30,68.527
3640,4/2/2022 10:45,70.243
3641,4/2/2022 11:00,72.007
3642,4/2/2022 11:15,73.774
3643,4/2/2022 11:30,75.508
3644,4/2/2022 11:45,77.117
3645,4/2/2022 12:00,78.69
3646,4/2/2022 12:15,80.272
3647,4/2/2022 12:30,81.775
3648,4/2/2022 12:45,83.287
3649,4/2/2022 13:00,84.722
3650,4/2/2022 13:15,86.119
3651,4/2/2022 13:30,87.391
3652,4/2/2022 13:45,88.579
3653,4/2/2022 14:00,89.593
3654,4/2/2022 14:15,90.565
3655,4/2/2022 14:30,91.449
3656,4/2/2022 14:45,92.151
3657,4/2/2022 15:00,92.763
3658,4/2/2022 15:15,93.234
3659,4/2/2022 15:30,93.564
3660,4/2/2022 15:45,93.754
3661,4/2/2022 16:00,93.848
3662,4/2/2022 16:15,93.848
3663,4/2/2022 16:30,93.659
3664,4/2/2022 16:45,93.328
3665,4/2/2022 17:00,92.856
3666,4/2/2022 17:15,92.244
3667,4/2/2022 17:30,91.542
3668,4/2/2022 17:45,90.612
3669,4/2/2022 18:00,89.407
3670,4/2/2022 18:15,87.985
3671,4/2/2022 18:30,86.437
3672,4/2/2022 18:45,84.812
3673,4/2/2022 19:00,83.199
3674,4/2/2022 19:15,81.554
3675,4/2/2022 19:30,80.008
3676,4/2/2022 19:45,78.559
3677,4/2/2022 20:00,77.117
3678,4/2/2022 20:15,75.81
3679,4/2/2022 20:30,74.597
3680,4/2/2022 20:45,73.429
3681,4/2/2022 21:00,72.351
3682,4/2/2022 21:15,71.361
3683,4/2/2022 21:30,70.372
3684,4/2/2022 21:45,69.471
3685,4/2/2022 22:00,68.614
3686,4/2/2022 22:15,67.798
3687,4/2/2022 22:30,67.028
3688,4/2/2022 22:45,66.301
3689,4/2/2022 23:00,65.574
3690,4/2/2022 23:15,64.888
3691,4/2/2022 23:30,64.247
3692,4/2/2022 23:45,63.604
3693,4/3/2022 0:00,63.005
3694,4/3/2022 0:15,62.406
3695,4/3/2022 0:30,61.804
3696,4/3/2022 0:45,61.29
3697,4/3/2022 1:00,60.775
3698,4/3/2022 1:15,60.26
3699,4/3/2022 1:30,59.83
3700,4/3/2022 1:45,59.358
3701,4/3/2022 2:00,58.928
3702,4/3/2022 2:15,58.498
3703,4/3/2022 2:30,58.109
3704,4/3/2022 2:45,57.679
3705,4/3/2022 3:00,57.29
3706,4/3/2022 3:15,56.858
3707,4/3/2022 3:30,56.469
3708,4/3/2022 3:45,56.079
3709,4/3/2022 4:00,55.69
3710,4/3/2022 4:15,55.256
3711,4/3/2022 4:30,54.909
3712,4/3/2022 4:45,54.561
3713,4/3/2022 5:00,54.212
3714,4/3/2022 5:15,53.865
3715,4/3/2022 5:30,53.515
3716,4/3/2022 5:45,53.166
3717,4/3/2022 6:00,52.817
3718,4/3/2022 6:15,52.509
3719,4/3/2022 6:30,52.246
3720,4/3/2022 6:45,52.115
3721,4/3/2022 7:00,52.246
3722,4/3/2022 7:15,52.597
3723,4/3/2022 7:30,53.121
3724,4/3/2022 7:45,53.82
3725,4/3/2022 8:00,54.604
3726,4/3/2022 8:15,55.558
3727,4/3/2022 8:30,56.642
3728,4/3/2022 8:45,57.85
3729,4/3/2022 9:00,59.229
3730,4/3/2022 9:15,60.69
3731,4/3/2022 9:30,62.319
3732,4/3/2022 9:45,63.99
3733,4/3/2022 10:00,65.788
3734,4/3/2022 10:15,67.586
3735,4/3/2022 10:30,69.427
3736,4/3/2022 10:45,71.317
3737,4/3/2022 11:00,73.126
3738,4/3/2022 11:15,74.943
3739,4/3/2022 11:30,76.681
3740,4/3/2022 11:45,78.296
3741,4/3/2022 12:00,79.831
3742,4/3/2022 12:15,81.333
3743,4/3/2022 12:30,82.708
3744,4/3/2022 12:45,84.004
3745,4/3/2022 13:00,85.262
3746,4/3/2022 13:15,86.391
3747,4/3/2022 13:30,87.436
3748,4/3/2022 13:45,88.443
3749,4/3/2022 14:00,89.269
3750,4/3/2022 14:15,88.626
3751,4/3/2022 14:30,84.407
3752,4/3/2022 14:45,81.244
3753,4/3/2022 15:00,78.777
3754,4/3/2022 15:15,77.16
3755,4/3/2022 15:30,76.507
3756,4/3/2022 15:45,77.072
3757,4/3/2022 16:00,78.165
3758,4/3/2022 16:15,79.041
3759,4/3/2022 16:30,79.435
3760,4/3/2022 16:45,79.48
3761,4/3/2022 17:00,79.216
3762,4/3/2022 17:15,78.777
3763,4/3/2022 17:30,78.165
3764,4/3/2022 17:45,77.378
3765,4/3/2022 18:00,76.419
3766,4/3/2022 18:15,75.29
3767,4/3/2022 18:30,74.077
3768,4/3/2022 18:45,72.783
3769,4/3/2022 19:00,72.136
3770,4/3/2022 19:15,72.351
3771,4/3/2022 19:30,73.645
3772,4/3/2022 19:45,75.117
3773,4/3/2022 20:00,76.246
3774,4/3/2022 20:15,75.985
3775,4/3/2022 20:30,74.77
3776,4/3/2022 20:45,73.472
3777,4/3/2022 21:00,72.307
3778,4/3/2022 21:15,71.19
3779,4/3/2022 21:30,70.115
3780,4/3/2022 21:45,69.085
3781,4/3/2022 22:00,68.185
3782,4/3/2022 22:15,67.285
3783,4/3/2022 22:30,66.429
3784,4/3/2022 22:45,65.658
3785,4/3/2022 23:00,64.931
3786,4/3/2022 23:15,64.247
3787,4/3/2022 23:30,63.604
3788,4/3/2022 23:45,63.005
3789,4/4/2022 0:00,62.406
3790,4/4/2022 0:15,61.804
3791,4/4/2022 0:30,61.205
3792,4/4/2022 0:45,60.647
3793,4/4/2022 1:00,60.132
3794,4/4/2022 1:15,59.616
3795,4/4/2022 1:30,59.099
3796,4/4/2022 1:45,58.626
3797,4/4/2022 2:00,58.195
3798,4/4/2022 2:15,57.765
3799,4/4/2022 2:30,57.333
3800,4/4/2022 2:45,56.901
3801,4/4/2022 3:00,56.469
3802,4/4/2022 3:15,56.079
3803,4/4/2022 3:30,55.69
3804,4/4/2022 3:45,55.342
3805,4/4/2022 4:00,55.038
3806,4/4/2022 4:15,54.777
3807,4/4/2022 4:30,54.516
3808,4/4/2022 4:45,54.3
3809,4/4/2022 5:00,54.126
3810,4/4/2022 5:15,53.951
3811,4/4/2022 5:30,53.776
3812,4/4/2022 5:45,53.645
3813,4/4/2022 6:00,53.559
3814,4/4/2022 6:15,53.515
3815,4/4/2022 6:30,53.427
3816,4/4/2022 6:45,53.472
3817,4/4/2022 7:00,53.559
3818,4/4/2022 7:15,53.776
3819,4/4/2022 7:30,54.082
3820,4/4/2022 7:45,54.516
3821,4/4/2022 8:00,55.038
3822,4/4/2022 8:15,55.69
3823,4/4/2022 8:30,56.426
3824,4/4/2022 8:45,57.29
3825,4/4/2022 9:00,58.368
3826,4/4/2022 9:15,59.572
3827,4/4/2022 9:30,60.948
3828,4/4/2022 9:45,62.447
3829,4/4/2022 10:00,63.99
3830,4/4/2022 10:15,65.615
3831,4/4/2022 10:30,67.242
3832,4/4/2022 10:45,69.085
3833,4/4/2022 11:00,71.017
3834,4/4/2022 11:15,72.437
3835,4/4/2022 11:30,73.558
3836,4/4/2022 11:45,74.12
3837,4/4/2022 12:00,74.338
3838,4/4/2022 12:15,74.813
3839,4/4/2022 12:30,75.16
3840,4/4/2022 12:45,75.508
3841,4/4/2022 13:00,75.942
3842,4/4/2022 13:15,76.375
3843,4/4/2022 13:30,76.725
3844,4/4/2022 13:45,76.811
3845,4/4/2022 14:00,76.681
3846,4/4/2022 14:15,76.419
3847,4/4/2022 14:30,75.942
3848,4/4/2022 14:45,75.333
3849,4/4/2022 15:00,74.597
3850,4/4/2022 15:15,73.774
3851,4/4/2022 15:30,72.869
3852,4/4/2022 15:45,71.791
3853,4/4/2022 16:00,70.673
3854,4/4/2022 16:15,69.643
3855,4/4/2022 16:30,68.571
3856,4/4/2022 16:45,67.586
3857,4/4/2022 17:00,66.6
3858,4/4/2022 17:15,65.615
3859,4/4/2022 17:30,67.285
3860,4/4/2022 17:45,67.329
3861,4/4/2022 18:00,66.772
3862,4/4/2022 18:15,66.087
3863,4/4/2022 18:30,65.403
3864,4/4/2022 18:45,64.674
3865,4/4/2022 19:00,63.946
3866,4/4/2022 19:15,63.304
3867,4/4/2022 19:30,62.62
3868,4/4/2022 19:45,61.977
3869,4/4/2022 20:00,61.29
3870,4/4/2022 20:15,60.69
3871,4/4/2022 20:30,63.219
3872,4/4/2022 20:45,65.102
3873,4/4/2022 21:00,65.959
3874,4/4/2022 21:15,67.928
3875,4/4/2022 21:30,68.871
3876,4/4/2022 21:45,68.742
3877,4/4/2022 22:00,68.142
3878,4/4/2022 22:15,67.456
3879,4/4/2022 22:30,66.729
3880,4/4/2022 22:45,66
3881,4/4/2022 23:00,65.359
3882,4/4/2022 23:15,64.717
3883,4/4/2022 23:30,64.161
3884,4/4/2022 23:45,63.604
3885,4/5/2022 0:00,63.048
3886,4/5/2022 0:15,62.533
3887,4/5/2022 0:30,62.019
3888,4/5/2022 0:45,61.547
3889,4/5/2022 1:00,61.075
3890,4/5/2022 1:15,60.647
3891,4/5/2022 1:30,60.217
3892,4/5/2022 1:45,59.873
3893,4/5/2022 2:00,59.529
3894,4/5/2022 2:15,59.185
3895,4/5/2022 2:30,58.798
3896,4/5/2022 2:45,58.411
3897,4/5/2022 3:00,58.023
3898,4/5/2022 3:15,57.679
3899,4/5/2022 3:30,57.333
3900,4/5/2022 3:45,56.988
3901,4/5/2022 4:00,56.642
3902,4/5/2022 4:15,56.383
3903,4/5/2022 4:30,56.079
3904,4/5/2022 4:45,55.819
3905,4/5/2022 5:00,55.515
3906,4/5/2022 5:15,55.213
3907,4/5/2022 5:30,54.909
3908,4/5/2022 5:45,54.648
3909,4/5/2022 6:00,54.343
3910,4/5/2022 6:15,54.082
3911,4/5/2022 6:30,53.865
3912,4/5/2022 6:45,53.733
3913,4/5/2022 7:00,53.865
3914,4/5/2022 7:15,54.126
3915,4/5/2022 7:30,54.561
3916,4/5/2022 7:45,55.038
3917,4/5/2022 8:00,55.647
3918,4/5/2022 8:15,56.34
3919,4/5/2022 8:30,57.117
3920,4/5/2022 8:45,58.023
3921,4/5/2022 9:00,59.099
3922,4/5/2022 9:15,60.303
3923,4/5/2022 9:30,61.59
3924,4/5/2022 9:45,63.005
3925,4/5/2022 10:00,64.503
3926,4/5/2022 10:15,66.087
3927,4/5/2022 10:30,67.714
3928,4/5/2022 10:45,69.386
3929,4/5/2022 11:00,71.017
3930,4/5/2022 11:15,72.61
3931,4/5/2022 11:30,74.163
3932,4/5/2022 11:45,75.637
3933,4/5/2022 12:00,77.072
3934,4/5/2022 12:15,78.427
3935,4/5/2022 12:30,79.743
3936,4/5/2022 12:45,80.935
3937,4/5/2022 13:00,82.085
3938,4/5/2022 13:15,83.199
3939,4/5/2022 13:30,84.272
3940,4/5/2022 13:45,85.217
3941,4/5/2022 14:00,86.119
3942,4/5/2022 14:15,86.891
3943,4/5/2022 14:30,87.62
3944,4/5/2022 14:45,88.214
3945,4/5/2022 15:00,88.763
3946,4/5/2022 15:15,89.224
3947,4/5/2022 15:30,89.546
3948,4/5/2022 15:45,89.731
3949,4/5/2022 16:00,89.823
3950,4/5/2022 16:15,89.776
3951,4/5/2022 16:30,89.593
3952,4/5/2022 16:45,89.316
3953,4/5/2022 17:00,88.947
3954,4/5/2022 17:15,88.488
3955,4/5/2022 17:30,87.939
3956,4/5/2022 17:45,87.163
3957,4/5/2022 18:00,86.211
3958,4/5/2022 18:15,85.035
3959,4/5/2022 18:30,83.736
3960,4/5/2022 18:45,82.396
3961,4/5/2022 19:00,81.023
3962,4/5/2022 19:15,79.7
3963,4/5/2022 19:30,78.382
3964,4/5/2022 19:45,77.072
3965,4/5/2022 20:00,75.81
3966,4/5/2022 20:15,74.597
3967,4/5/2022 20:30,73.472
3968,4/5/2022 20:45,72.351
3969,4/5/2022 21:00,71.361
3970,4/5/2022 21:15,70.372
3971,4/5/2022 21:30,69.471
3972,4/5/2022 21:45,68.614
3973,4/5/2022 22:00,67.798
3974,4/5/2022 22:15,67.028
3975,4/5/2022 22:30,66.301
3976,4/5/2022 22:45,65.615
3977,4/5/2022 23:00,64.974
3978,4/5/2022 23:15,64.288
3979,4/5/2022 23:30,63.689
3980,4/5/2022 23:45,63.09
3981,4/6/2022 0:00,62.49
3982,4/6/2022 0:15,61.977
3983,4/6/2022 0:30,61.462
3984,4/6/2022 0:45,60.948
3985,4/6/2022 1:00,60.474
3986,4/6/2022 1:15,60.003
3987,4/6/2022 1:30,59.572
3988,4/6/2022 1:45,59.142
3989,4/6/2022 2:00,58.755
3990,4/6/2022 2:15,58.368
3991,4/6/2022 2:30,57.979
3992,4/6/2022 2:45,57.636
3993,4/6/2022 3:00,57.247
3994,4/6/2022 3:15,56.901
3995,4/6/2022 3:30,56.512
3996,4/6/2022 3:45,56.122
3997,4/6/2022 4:00,55.733
3998,4/6/2022 4:15,55.342
3999,4/6/2022 4:30,54.995
4000,4/6/2022 4:45,54.648
4001,4/6/2022 5:00,54.3
4002,4/6/2022 5:15,53.951
4003,4/6/2022 5:30,53.602
4004,4/6/2022 5:45,53.298
4005,4/6/2022 6:00,52.992
4006,4/6/2022 6:15,52.772
4007,4/6/2022 6:30,52.597
4008,4/6/2022 6:45,52.554
4009,4/6/2022 7:00,52.686
4010,4/6/2022 7:15,52.947
4011,4/6/2022 7:30,53.384
4012,4/6/2022 7:45,53.951
4013,4/6/2022 8:00,54.648
4014,4/6/2022 8:15,55.472
4015,4/6/2022 8:30,56.469
4016,4/6/2022 8:45,57.679
4017,4/6/2022 9:00,58.971
4018,4/6/2022 9:15,60.433
4019,4/6/2022 9:30,62.062
4020,4/6/2022 9:45,63.819
4021,4/6/2022 10:00,65.658
4022,4/6/2022 10:15,67.543
4023,4/6/2022 10:30,69.514
4024,4/6/2022 10:45,71.447
4025,4/6/2022 11:00,73.429
4026,4/6/2022 11:15,75.42
4027,4/6/2022 11:30,76.419
4028,4/6/2022 11:45,76.811
4029,4/6/2022 12:00,77.378
4030,4/6/2022 12:15,77.945
4031,4/6/2022 12:30,78.822
4032,4/6/2022 12:45,79.392
4033,4/6/2022 13:00,79.963
4034,4/6/2022 13:15,80.89
4035,4/6/2022 13:30,81.421
4036,4/6/2022 13:45,81.775
4037,4/6/2022 14:00,81.997
4038,4/6/2022 14:15,82.263
4039,4/6/2022 14:30,82.575
4040,4/6/2022 14:45,82.886
4041,4/6/2022 15:00,83.064
4042,4/6/2022 15:15,83.287
4043,4/6/2022 15:30,84.812
4044,4/6/2022 15:45,86.301
4045,4/6/2022 16:00,87.163
4046,4/6/2022 16:15,86.572
4047,4/6/2022 16:30,81.864
4048,4/6/2022 16:45,79.612
4049,4/6/2022 17:00,78.865
4050,4/6/2022 17:15,78.91
4051,4/6/2022 17:30,79.347
4052,4/6/2022 17:45,80.008
4053,4/6/2022 18:00,80.713
4054,4/6/2022 18:15,80.802
4055,4/6/2022 18:30,80.58
4056,4/6/2022 18:45,80.139
4057,4/6/2022 19:00,79.524
4058,4/6/2022 19:15,78.865
4059,4/6/2022 19:30,78.076
4060,4/6/2022 19:45,77.292
4061,4/6/2022 20:00,76.507
4062,4/6/2022 20:15,75.681
4063,4/6/2022 20:30,74.856
4064,4/6/2022 20:45,74.077
4065,4/6/2022 21:00,73.342
4066,4/6/2022 21:15,72.653
4067,4/6/2022 21:30,72.007
4068,4/6/2022 21:45,71.361
4069,4/6/2022 22:00,70.716
4070,4/6/2022 22:15,70.158
4071,4/6/2022 22:30,69.6
4072,4/6/2022 22:45,69.085
4073,4/6/2022 23:00,68.571
4074,4/6/2022 23:15,68.099
4075,4/6/2022 23:30,67.586
4076,4/6/2022 23:45,67.114
4077,4/7/2022 0:00,66.686
4078,4/7/2022 0:15,66.214
4079,4/7/2022 0:30,65.745
4080,4/7/2022 0:45,65.316
4081,4/7/2022 1:00,64.888
4082,4/7/2022 1:15,64.503
4083,4/7/2022 1:30,64.074
4084,4/7/2022 1:45,63.689
4085,4/7/2022 2:00,63.262
4086,4/7/2022 2:15,62.875
4087,4/7/2022 2:30,62.533
4088,4/7/2022 2:45,62.148
4089,4/7/2022 3:00,61.761
4090,4/7/2022 3:15,61.419
4091,4/7/2022 3:30,61.032
4092,4/7/2022 3:45,60.69
4093,4/7/2022 4:00,60.39
4094,4/7/2022 4:15,60.046
4095,4/7/2022 4:30,59.745
4096,4/7/2022 4:45,59.445
4097,4/7/2022 5:00,59.185
4098,4/7/2022 5:15,58.885
4099,4/7/2022 5:30,58.626
4100,4/7/2022 5:45,58.368
4101,4/7/2022 6:00,58.109
4102,4/7/2022 6:15,57.893
4103,4/7/2022 6:30,57.722
4104,4/7/2022 6:45,57.765
4105,4/7/2022 7:00,58.066
4106,4/7/2022 7:15,58.541
4107,4/7/2022 7:30,59.142
4108,4/7/2022 7:45,59.916
4109,4/7/2022 8:00,60.775
4110,4/7/2022 8:15,61.804
4111,4/7/2022 8:30,62.962
4112,4/7/2022 8:45,64.247
4113,4/7/2022 9:00,65.658
4114,4/7/2022 9:15,67.242
4115,4/7/2022 9:30,68.999
4116,4/7/2022 9:45,70.846
4117,4/7/2022 10:00,72.783
4118,4/7/2022 10:15,74.77
4119,4/7/2022 10:30,76.854
4120,4/7/2022 10:45,79.261
4121,4/7/2022 11:00,79.92
4122,4/7/2022 11:15,79.347
4123,4/7/2022 11:30,79.173
4124,4/7/2022 11:45,79.48
4125,4/7/2022 12:00,80.757
4126,4/7/2022 12:15,82.575
4127,4/7/2022 12:30,84.542
4128,4/7/2022 12:45,86.346
4129,4/7/2022 13:00,87.757
4130,4/7/2022 13:15,89.454
4131,4/7/2022 13:30,91.216
4132,4/7/2022 13:45,92.997
4133,4/7/2022 14:00,94.705
4134,4/7/2022 14:15,96.289
4135,4/7/2022 14:30,97.257
4136,4/7/2022 14:45,97.99
4137,4/7/2022 15:00,98.823
4138,4/7/2022 15:15,99.662
4139,4/7/2022 15:30,100.458
4140,4/7/2022 15:45,100.857
4141,4/7/2022 16:00,100.857
4142,4/7/2022 16:15,101.307
4143,4/7/2022 16:30,101.811
4144,4/7/2022 16:45,102.265
4145,4/7/2022 17:00,102.621
4146,4/7/2022 17:15,102.875
4147,4/7/2022 17:30,102.875
4148,4/7/2022 17:45,101.66
4149,4/7/2022 18:00,97.354
4150,4/7/2022 18:15,93.186
4151,4/7/2022 18:30,90.379
4152,4/7/2022 18:45,88.855
4153,4/7/2022 19:00,87.62
4154,4/7/2022 19:15,86.799
4155,4/7/2022 19:30,85.939
4156,4/7/2022 19:45,85.035
4157,4/7/2022 20:00,84.137
4158,4/7/2022 20:15,83.242
4159,4/7/2022 20:30,82.441
4160,4/7/2022 20:45,81.642
4161,4/7/2022 21:00,80.845
4162,4/7/2022 21:15,80.096
4163,4/7/2022 21:30,79.304
4164,4/7/2022 21:45,78.559
4165,4/7/2022 22:00,77.859
4166,4/7/2022 22:15,77.16
4167,4/7/2022 22:30,76.507
4168,4/7/2022 22:45,75.898
4169,4/7/2022 23:00,75.247
4170,4/7/2022 23:15,74.597
4171,4/7/2022 23:30,73.947
4172,4/7/2022 23:45,73.299
4173,4/8/2022 0:00,72.653
4174,4/8/2022 0:15,72.007
4175,4/8/2022 0:30,71.404
4176,4/8/2022 0:45,70.846
4177,4/8/2022 1:00,70.286
4178,4/8/2022 1:15,69.771
4179,4/8/2022 1:30,69.256
4180,4/8/2022 1:45,68.785
4181,4/8/2022 2:00,68.313
4182,4/8/2022 2:15,67.885
4183,4/8/2022 2:30,67.413
4184,4/8/2022 2:45,66.985
4185,4/8/2022 3:00,66.558
4186,4/8/2022 3:15,66.13
4187,4/8/2022 3:30,65.745
4188,4/8/2022 3:45,65.359
4189,4/8/2022 4:00,64.974
4190,4/8/2022 4:15,64.632
4191,4/8/2022 4:30,64.332
4192,4/8/2022 4:45,64.074
4193,4/8/2022 5:00,63.862
4194,4/8/2022 5:15,63.648
4195,4/8/2022 5:30,63.39
4196,4/8/2022 5:45,63.133
4197,4/8/2022 6:00,62.875
4198,4/8/2022 6:15,62.577
4199,4/8/2022 6:30,62.276
4200,4/8/2022 6:45,62.105
4201,4/8/2022 7:00,62.191
4202,4/8/2022 7:15,62.447
4203,4/8/2022 7:30,62.834
4204,4/8/2022 7:45,63.347
4205,4/8/2022 8:00,63.946
4206,4/8/2022 8:15,64.632
4207,4/8/2022 8:30,65.487
4208,4/8/2022 8:45,66.429
4209,4/8/2022 9:00,67.543
4210,4/8/2022 9:15,68.828
4211,4/8/2022 9:30,70.201
4212,4/8/2022 9:45,71.62
4213,4/8/2022 10:00,73.126
4214,4/8/2022 10:15,74.727
4215,4/8/2022 10:30,76.375
4216,4/8/2022 10:45,78.165
4217,4/8/2022 11:00,79.48
4218,4/8/2022 11:15,80.008
4219,4/8/2022 11:30,80.184
4220,4/8/2022 11:45,80.89
4221,4/8/2022 12:00,81.864
4222,4/8/2022 12:15,82.931
4223,4/8/2022 12:30,84.182
4224,4/8/2022 12:45,85.849
4225,4/8/2022 13:00,87.939
4226,4/8/2022 13:15,90.1
4227,4/8/2022 13:30,92.197
4228,4/8/2022 13:45,94.181
4229,4/8/2022 14:00,95.952
4230,4/8/2022 14:15,97.5
4231,4/8/2022 14:30,98.773
4232,4/8/2022 14:45,99.761
4233,4/8/2022 15:00,100.508
4234,4/8/2022 15:15,101.007
4235,4/8/2022 15:30,101.307
4236,4/8/2022 15:45,100.308
4237,4/8/2022 16:00,94.991
4238,4/8/2022 16:15,94.705
4239,4/8/2022 16:30,94.849
4240,4/8/2022 16:45,94.944
4241,4/8/2022 17:00,94.896
4242,4/8/2022 17:15,94.514
4243,4/8/2022 17:30,93.801
4244,4/8/2022 17:45,92.667
4245,4/8/2022 18:00,91.216
4246,4/8/2022 18:15,89.638
4247,4/8/2022 18:30,87.939
4248,4/8/2022 18:45,86.211
4249,4/8/2022 19:00,84.542
4250,4/8/2022 19:15,82.798
4251,4/8/2022 19:30,81.154
4252,4/8/2022 19:45,79.524
4253,4/8/2022 20:00,77.99
4254,4/8/2022 20:15,76.507
4255,4/8/2022 20:30,75.117
4256,4/8/2022 20:45,73.774
4257,4/8/2022 21:00,72.523
4258,4/8/2022 21:15,71.361
4259,4/8/2022 21:30,70.201
4260,4/8/2022 21:45,69.17
4261,4/8/2022 22:00,68.142
4262,4/8/2022 22:15,67.242
4263,4/8/2022 22:30,66.344
4264,4/8/2022 22:45,65.487
4265,4/8/2022 23:00,64.717
4266,4/8/2022 23:15,63.99
4267,4/8/2022 23:30,63.262
4268,4/8/2022 23:45,62.577
4269,4/9/2022 0:00,61.891
4270,4/9/2022 0:15,61.29
4271,4/9/2022 0:30,60.69
4272,4/9/2022 0:45,60.089
4273,4/9/2022 1:00,59.529
4274,4/9/2022 1:15,58.971
4275,4/9/2022 1:30,58.411
4276,4/9/2022 1:45,57.85
4277,4/9/2022 2:00,57.29
4278,4/9/2022 2:15,56.685
4279,4/9/2022 2:30,56.122
4280,4/9/2022 2:45,55.558
4281,4/9/2022 3:00,55.038
4282,4/9/2022 3:15,54.561
4283,4/9/2022 3:30,54.169
4284,4/9/2022 3:45,53.82
4285,4/9/2022 4:00,53.515
4286,4/9/2022 4:15,53.209
4287,4/9/2022 4:30,52.86
4288,4/9/2022 4:45,52.509
4289,4/9/2022 5:00,52.16
4290,4/9/2022 5:15,51.809
4291,4/9/2022 5:30,51.413
4292,4/9/2022 5:45,51.062
4293,4/9/2022 6:00,50.752
4294,4/9/2022 6:15,50.488
4295,4/9/2022 6:30,50.268
4296,4/9/2022 6:45,50.092
4297,4/9/2022 7:00,49.914
4298,4/9/2022 7:15,49.825
4299,4/9/2022 7:30,49.782
4300,4/9/2022 7:45,49.825
4301,4/9/2022 8:00,49.87
4302,4/9/2022 8:15,50.002
4303,4/9/2022 8:30,50.223
4304,4/9/2022 8:45,50.488
4305,4/9/2022 9:00,50.841
4306,4/9/2022 9:15,51.413
4307,4/9/2022 9:30,52.203
4308,4/9/2022 9:45,53.341
4309,4/9/2022 10:00,54.734
4310,4/9/2022 10:15,56.34
4311,4/9/2022 10:30,58.152
4312,4/9/2022 10:45,60.132
4313,4/9/2022 11:00,62.233
4314,4/9/2022 11:15,64.503
4315,4/9/2022 11:30,66.857
4316,4/9/2022 11:45,69.042
4317,4/9/2022 12:00,71.06
4318,4/9/2022 12:15,72.955
4319,4/9/2022 12:30,74.856
4320,4/9/2022 12:45,76.636
4321,4/9/2022 13:00,78.382
4322,4/9/2022 13:15,80.051
4323,4/9/2022 13:30,81.642
4324,4/9/2022 13:45,82.396
4325,4/9/2022 14:00,81.066
4326,4/9/2022 14:15,80.096
4327,4/9/2022 14:30,78.69
4328,4/9/2022 14:45,77.509
4329,4/9/2022 15:00,77.072
4330,4/9/2022 15:15,77.684
4331,4/9/2022 15:30,78.602
4332,4/9/2022 15:45,79.655
4333,4/9/2022 16:00,80.625
4334,4/9/2022 16:15,81.509
4335,4/9/2022 16:30,82.308
4336,4/9/2022 16:45,82.886
4337,4/9/2022 17:00,83.377
4338,4/9/2022 17:15,83.691
4339,4/9/2022 17:30,83.869
4340,4/9/2022 17:45,83.824
4341,4/9/2022 18:00,83.467
4342,4/9/2022 18:15,82.886
4343,4/9/2022 18:30,82.13
4344,4/9/2022 18:45,81.154
4345,4/9/2022 19:00,80.139
4346,4/9/2022 19:15,79.041
4347,4/9/2022 19:30,77.99
4348,4/9/2022 19:45,76.942
4349,4/9/2022 20:00,75.898
4350,4/9/2022 20:15,74.856
4351,4/9/2022 20:30,73.861
4352,4/9/2022 20:45,72.955
4353,4/9/2022 21:00,72.136
4354,4/9/2022 21:15,71.317
4355,4/9/2022 21:30,70.587
4356,4/9/2022 21:45,69.858
4357,4/9/2022 22:00,69.129
4358,4/9/2022 22:15,68.4
4359,4/9/2022 22:30,67.714
4360,4/9/2022 22:45,67.071
4361,4/9/2022 23:00,66.429
4362,4/9/2022 23:15,65.872
4363,4/9/2022 23:30,65.359
4364,4/9/2022 23:45,64.845
4365,4/10/2022 0:00,64.418
4366,4/10/2022 0:15,64.033
4367,4/10/2022 0:30,63.732
4368,4/10/2022 0:45,63.39
4369,4/10/2022 1:00,63.005
4370,4/10/2022 1:15,62.62
4371,4/10/2022 1:30,62.233
4372,4/10/2022 1:45,61.891
4373,4/10/2022 2:00,61.462
4374,4/10/2022 2:15,61.075
4375,4/10/2022 2:30,60.69
4376,4/10/2022 2:45,60.303
4377,4/10/2022 3:00,59.959
4378,4/10/2022 3:15,59.572
4379,4/10/2022 3:30,59.185
4380,4/10/2022 3:45,58.755
4381,4/10/2022 4:00,58.325
4382,4/10/2022 4:15,57.936
4383,4/10/2022 4:30,57.506
4384,4/10/2022 4:45,57.117
4385,4/10/2022 5:00,56.728
4386,4/10/2022 5:15,56.383
4387,4/10/2022 5:30,56.079
4388,4/10/2022 5:45,55.776
4389,4/10/2022 6:00,55.515
4390,4/10/2022 6:15,55.342
4391,4/10/2022 6:30,55.256
4392,4/10/2022 6:45,55.342
4393,4/10/2022 7:00,55.647
4394,4/10/2022 7:15,56.079
4395,4/10/2022 7:30,56.642
4396,4/10/2022 7:45,57.333
4397,4/10/2022 8:00,58.066
4398,4/10/2022 8:15,58.928
4399,4/10/2022 8:30,59.873
4400,4/10/2022 8:45,60.904
4401,4/10/2022 9:00,62.105
4402,4/10/2022 9:15,63.433
4403,4/10/2022 9:30,64.803
4404,4/10/2022 9:45,66.301
4405,4/10/2022 10:00,67.798
4406,4/10/2022 10:15,69.427
4407,4/10/2022 10:30,71.103
4408,4/10/2022 10:45,72.783
4409,4/10/2022 11:00,74.511
4410,4/10/2022 11:15,76.158
4411,4/10/2022 11:30,77.815
4412,4/10/2022 11:45,79.347
4413,4/10/2022 12:00,80.845
4414,4/10/2022 12:15,82.175
4415,4/10/2022 12:30,83.422
4416,4/10/2022 12:45,84.497
4417,4/10/2022 13:00,84.9
4418,4/10/2022 13:15,83.511
4419,4/10/2022 13:30,82.263
4420,4/10/2022 13:45,82.263
4421,4/10/2022 14:00,82.53
4422,4/10/2022 14:15,83.199
4423,4/10/2022 14:30,84.049
4424,4/10/2022 14:45,85.035
4425,4/10/2022 15:00,86.029
4426,4/10/2022 15:15,87.028
4427,4/10/2022 15:30,87.985
4428,4/10/2022 15:45,88.855
4429,4/10/2022 16:00,89.685
4430,4/10/2022 16:15,90.379
4431,4/10/2022 16:30,90.982
4432,4/10/2022 16:45,91.449
4433,4/10/2022 17:00,91.683
4434,4/10/2022 17:15,91.729
4435,4/10/2022 17:30,91.542
4436,4/10/2022 17:45,91.076
4437,4/10/2022 18:00,90.286
4438,4/10/2022 18:15,88.947
4439,4/10/2022 18:30,87.71
4440,4/10/2022 18:45,84.587
4441,4/10/2022 19:00,81.775
4442,4/10/2022 19:15,79.304
4443,4/10/2022 19:30,77.16
4444,4/10/2022 19:45,75.204
4445,4/10/2022 20:00,73.472
4446,4/10/2022 20:15,71.92
4447,4/10/2022 20:30,70.459
4448,4/10/2022 20:45,69.129
4449,4/10/2022 21:00,67.928
4450,4/10/2022 21:15,66.857
4451,4/10/2022 21:30,65.829
4452,4/10/2022 21:45,64.931
4453,4/10/2022 22:00,64.074
4454,4/10/2022 22:15,63.304
4455,4/10/2022 22:30,62.533
4456,4/10/2022 22:45,61.848
4457,4/10/2022 23:00,61.205
4458,4/10/2022 23:15,60.69
4459,4/10/2022 23:30,60.174
4460,4/10/2022 23:45,59.702
4461,4/11/2022 0:00,59.185
4462,4/11/2022 0:15,58.755
4463,4/11/2022 0:30,58.325
4464,4/11/2022 0:45,57.893
4465,4/11/2022 1:00,57.463
4466,4/11/2022 1:15,57.117
4467,4/11/2022 1:30,56.815
4468,4/11/2022 1:45,56.599
4469,4/11/2022 2:00,56.34
4470,4/11/2022 2:15,56.079
4471,4/11/2022 2:30,55.819
4472,4/11/2022 2:45,55.602
4473,4/11/2022 3:00,55.342
4474,4/11/2022 3:15,55.081
4475,4/11/2022 3:30,54.865
4476,4/11/2022 3:45,54.734
4477,4/11/2022 4:00,54.648
4478,4/11/2022 4:15,54.473
4479,4/11/2022 4:30,54.387
4480,4/11/2022 4:45,54.255
4481,4/11/2022 5:00,54.212
4482,4/11/2022 5:15,54.169
4483,4/11/2022 5:30,54.126
4484,4/11/2022 5:45,54.037
4485,4/11/2022 6:00,54.037
4486,4/11/2022 6:15,53.994
4487,4/11/2022 6:30,53.951
4488,4/11/2022 6:45,54.343
4489,4/11/2022 7:00,58.023
4490,4/11/2022 7:15,58.885
4491,4/11/2022 7:30,58.971
4492,4/11/2022 7:45,58.928
4493,4/11/2022 8:00,58.971
4494,4/11/2022 8:15,59.788
4495,4/11/2022 8:30,60.69
4496,4/11/2022 8:45,62.148
4497,4/11/2022 9:00,64.074
4498,4/11/2022 9:15,64.803
4499,4/11/2022 9:30,64.503
4500,4/11/2022 9:45,64.288
4501,4/11/2022 10:00,65.23
4502,4/11/2022 10:15,65.788
4503,4/11/2022 10:30,68.956
4504,4/11/2022 10:45,70.502
4505,4/11/2022 11:00,74.986
4506,4/11/2022 11:15,77.859
4507,4/11/2022 11:30,79.216
4508,4/11/2022 11:45,78.033
4509,4/11/2022 12:00,78.121
4510,4/11/2022 12:15,77.639
4511,4/11/2022 12:30,77.421
4512,4/11/2022 12:45,77.072
4513,4/11/2022 13:00,76.636
4514,4/11/2022 13:15,76.114
4515,4/11/2022 13:30,75.551
4516,4/11/2022 13:45,74.943
4517,4/11/2022 14:00,74.25
4518,4/11/2022 14:15,73.602
4519,4/11/2022 14:30,72.997
4520,4/11/2022 14:45,71.361
4521,4/11/2022 15:00,71.877
4522,4/11/2022 15:15,74.554
4523,4/11/2022 15:30,76.203
4524,4/11/2022 15:45,77.292
4525,4/11/2022 16:00,78.427
4526,4/11/2022 16:15,79.7
4527,4/11/2022 16:30,78.865
4528,4/11/2022 16:45,78.427
4529,4/11/2022 17:00,77.99
4530,4/11/2022 17:15,77.553
4531,4/11/2022 17:30,76.942
4532,4/11/2022 17:45,76.158
4533,4/11/2022 18:00,75.029
4534,4/11/2022 18:15,73.774
4535,4/11/2022 18:30,72.351
4536,4/11/2022 18:45,70.974
4537,4/11/2022 19:00,69.557
4538,4/11/2022 19:15,68.142
4539,4/11/2022 19:30,66.772
4540,4/11/2022 19:45,65.487
4541,4/11/2022 20:00,64.247
4542,4/11/2022 20:15,63.09
4543,4/11/2022 20:30,62.019
4544,4/11/2022 20:45,61.032
4545,4/11/2022 21:00,60.089
4546,4/11/2022 21:15,59.185
4547,4/11/2022 21:30,58.368
4548,4/11/2022 21:45,57.549
4549,4/11/2022 22:00,56.772
4550,4/11/2022 22:15,56.035
4551,4/11/2022 22:30,55.386
4552,4/11/2022 22:45,54.734
4553,4/11/2022 23:00,54.169
4554,4/11/2022 23:15,53.559
4555,4/11/2022 23:30,53.035
4556,4/11/2022 23:45,52.509
4557,4/12/2022 0:00,52.029
4558,4/12/2022 0:15,51.589
4559,4/12/2022 0:30,51.148
4560,4/12/2022 0:45,50.752
4561,4/12/2022 1:00,50.356
4562,4/12/2022 1:15,50.002
4563,4/12/2022 1:30,49.604
4564,4/12/2022 1:45,49.294
4565,4/12/2022 2:00,48.938
4566,4/12/2022 2:15,48.628
4567,4/12/2022 2:30,48.315
4568,4/12/2022 2:45,48.049
4569,4/12/2022 3:00,47.781
4570,4/12/2022 3:15,47.512
4571,4/12/2022 3:30,47.244
4572,4/12/2022 3:45,46.974
4573,4/12/2022 4:00,46.706
4574,4/12/2022 4:15,46.436
4575,4/12/2022 4:30,46.211
4576,4/12/2022 4:45,45.941
4577,4/12/2022 5:00,45.761
4578,4/12/2022 5:15,45.624
4579,4/12/2022 5:30,45.489
4580,4/12/2022 5:45,45.354
4581,4/12/2022 6:00,45.217
4582,4/12/2022 6:15,45.127
4583,4/12/2022 6:30,45.127
4584,4/12/2022 6:45,45.262
4585,4/12/2022 7:00,45.669
4586,4/12/2022 7:15,46.346
4587,4/12/2022 7:30,47.244
4588,4/12/2022 7:45,48.182
4589,4/12/2022 8:00,49.204
4590,4/12/2022 8:15,50.311
4591,4/12/2022 8:30,51.852
4592,4/12/2022 8:45,54.691
4593,4/12/2022 9:00,57.549
4594,4/12/2022 9:15,60.433
4595,4/12/2022 9:30,62.791
4596,4/12/2022 9:45,64.161
4597,4/12/2022 10:00,66.686
4598,4/12/2022 10:15,69.042
4599,4/12/2022 10:30,70.974
4600,4/12/2022 10:45,72.869
4601,4/12/2022 11:00,74.727
4602,4/12/2022 11:15,76.464
4603,4/12/2022 11:30,78.076
4604,4/12/2022 11:45,79.48
4605,4/12/2022 12:00,80.757
4606,4/12/2022 12:15,81.909
4607,4/12/2022 12:30,82.931
4608,4/12/2022 12:45,83.959
4609,4/12/2022 13:00,84.945
4610,4/12/2022 13:15,85.577
4611,4/12/2022 13:30,85.849
4612,4/12/2022 13:45,86.301
4613,4/12/2022 14:00,86.664
4614,4/12/2022 14:15,86.891
4615,4/12/2022 14:30,87.073
4616,4/12/2022 14:45,87.391
4617,4/12/2022 15:00,87.528
4618,4/12/2022 15:15,87.62
4619,4/12/2022 15:30,87.391
4620,4/12/2022 15:45,87.028
4621,4/12/2022 16:00,86.437
4622,4/12/2022 16:15,86.029
4623,4/12/2022 16:30,85.894
4624,4/12/2022 16:45,85.757
4625,4/12/2022 17:00,85.622
4626,4/12/2022 17:15,85.262
4627,4/12/2022 17:30,84.812
4628,4/12/2022 17:45,84.137
4629,4/12/2022 18:00,83.109
4630,4/12/2022 18:15,81.466
4631,4/12/2022 18:30,79.128
4632,4/12/2022 18:45,78.121
4633,4/12/2022 19:00,77.335
4634,4/12/2022 19:15,76.942
4635,4/12/2022 19:30,76.811
4636,4/12/2022 19:45,75.551
4637,4/12/2022 20:00,73.904
4638,4/12/2022 20:15,72.178
4639,4/12/2022 20:30,70.543
4640,4/12/2022 20:45,68.956
4641,4/12/2022 21:00,67.456
4642,4/12/2022 21:15,66.087
4643,4/12/2022 21:30,64.803
4644,4/12/2022 21:45,63.648
4645,4/12/2022 22:00,62.577
4646,4/12/2022 22:15,61.59
4647,4/12/2022 22:30,60.69
4648,4/12/2022 22:45,59.873
4649,4/12/2022 23:00,59.056
4650,4/12/2022 23:15,58.325
4651,4/12/2022 23:30,57.592
4652,4/12/2022 23:45,56.988
4653,4/13/2022 0:00,56.383
4654,4/13/2022 0:15,55.819
4655,4/13/2022 0:30,55.299
4656,4/13/2022 0:45,54.82
4657,4/13/2022 1:00,54.343
4658,4/13/2022 1:15,53.865
4659,4/13/2022 1:30,53.427
4660,4/13/2022 1:45,53.035
4661,4/13/2022 2:00,52.641
4662,4/13/2022 2:15,52.246
4663,4/13/2022 2:30,51.895
4664,4/13/2022 2:45,51.544
4665,4/13/2022 3:00,51.148
4666,4/13/2022 3:15,50.797
4667,4/13/2022 3:30,50.445
4668,4/13/2022 3:45,50.135
4669,4/13/2022 4:00,49.87
4670,4/13/2022 4:15,49.649
4671,4/13/2022 4:30,49.428
4672,4/13/2022 4:45,49.249
4673,4/13/2022 5:00,49.028
4674,4/13/2022 5:15,48.805
4675,4/13/2022 5:30,48.628
4676,4/13/2022 5:45,48.493
4677,4/13/2022 6:00,48.405
4678,4/13/2022 6:15,48.36
4679,4/13/2022 6:30,48.45
4680,4/13/2022 6:45,48.583
4681,4/13/2022 7:00,48.85
4682,4/13/2022 7:15,49.161
4683,4/13/2022 7:30,49.604
4684,4/13/2022 7:45,50.268
4685,4/13/2022 8:00,50.929
4686,4/13/2022 8:15,51.589
4687,4/13/2022 8:30,52.291
4688,4/13/2022 8:45,52.86
4689,4/13/2022 9:00,53.472
4690,4/13/2022 9:15,54.212
4691,4/13/2022 9:30,54.909
4692,4/13/2022 9:45,55.69
4693,4/13/2022 10:00,56.599
4694,4/13/2022 10:15,57.636
4695,4/13/2022 10:30,58.498
4696,4/13/2022 10:45,59.401
4697,4/13/2022 11:00,60.474
4698,4/13/2022 11:15,61.462
4699,4/13/2022 11:30,62.577
4700,4/13/2022 11:45,63.732
4701,4/13/2022 12:00,64.888
4702,4/13/2022 12:15,65.788
4703,4/13/2022 12:30,66.772
4704,4/13/2022 12:45,67.885
4705,4/13/2022 13:00,69.042
4706,4/13/2022 13:15,70.243
4707,4/13/2022 13:30,71.447
4708,4/13/2022 13:45,72.653
4709,4/13/2022 14:00,73.818
4710,4/13/2022 14:15,74.986
4711,4/13/2022 14:30,75.985
4712,4/13/2022 14:45,76.811
4713,4/13/2022 15:00,77.464
4714,4/13/2022 15:15,78.033
4715,4/13/2022 15:30,78.471
4716,4/13/2022 15:45,78.865
4717,4/13/2022 16:00,79.216
4718,4/13/2022 16:15,79.392
4719,4/13/2022 16:30,79.347
4720,4/13/2022 16:45,79.173
4721,4/13/2022 17:00,78.865
4722,4/13/2022 17:15,78.427
4723,4/13/2022 17:30,77.859
4724,4/13/2022 17:45,77.072
4725,4/13/2022 18:00,76.158
4726,4/13/2022 18:15,75.074
4727,4/13/2022 18:30,73.947
4728,4/13/2022 18:45,72.783
4729,4/13/2022 19:00,71.577
4730,4/13/2022 19:15,70.416
4731,4/13/2022 19:30,69.3
4732,4/13/2022 19:45,68.227
4733,4/13/2022 20:00,67.242
4734,4/13/2022 20:15,66.344
4735,4/13/2022 20:30,65.487
4736,4/13/2022 20:45,64.717
4737,4/13/2022 21:00,63.99
4738,4/13/2022 21:15,63.304
4739,4/13/2022 21:30,62.661
4740,4/13/2022 21:45,62.105
4741,4/13/2022 22:00,61.59
4742,4/13/2022 22:15,61.119
4743,4/13/2022 22:30,60.647
4744,4/13/2022 22:45,60.26
4745,4/13/2022 23:00,59.873
4746,4/13/2022 23:15,59.529
4747,4/13/2022 23:30,59.185
4748,4/13/2022 23:45,58.842
4749,4/14/2022 0:00,58.455
4750,4/14/2022 0:15,58.066
4751,4/14/2022 0:30,57.722
4752,4/14/2022 0:45,57.42
4753,4/14/2022 1:00,57.074
4754,4/14/2022 1:15,56.815
4755,4/14/2022 1:30,56.556
4756,4/14/2022 1:45,56.34
4757,4/14/2022 2:00,56.122
4758,4/14/2022 2:15,55.949
4759,4/14/2022 2:30,55.819
4760,4/14/2022 2:45,55.69
4761,4/14/2022 3:00,55.558
4762,4/14/2022 3:15,55.386
4763,4/14/2022 3:30,55.256
4764,4/14/2022 3:45,55.081
4765,4/14/2022 4:00,54.952
4766,4/14/2022 4:15,54.82
4767,4/14/2022 4:30,54.691
4768,4/14/2022 4:45,54.604
4769,4/14/2022 5:00,54.473
4770,4/14/2022 5:15,54.43
4771,4/14/2022 5:30,54.343
4772,4/14/2022 5:45,54.3
4773,4/14/2022 6:00,54.255
4774,4/14/2022 6:15,54.212
4775,4/14/2022 6:30,54.212
4776,4/14/2022 6:45,54.255
4777,4/14/2022 7:00,54.3
4778,4/14/2022 7:15,54.3
4779,4/14/2022 7:30,54.3
4780,4/14/2022 7:45,54.3
4781,4/14/2022 8:00,54.3
4782,4/14/2022 8:15,54.3
4783,4/14/2022 8:30,54.343
4784,4/14/2022 8:45,54.473
4785,4/14/2022 9:00,54.648
4786,4/14/2022 9:15,54.82
4787,4/14/2022 9:30,55.038
4788,4/14/2022 9:45,55.299
4789,4/14/2022 10:00,55.558
4790,4/14/2022 10:15,55.776
4791,4/14/2022 10:30,56.079
4792,4/14/2022 10:45,56.512
4793,4/14/2022 11:00,56.988
4794,4/14/2022 11:15,57.463
4795,4/14/2022 11:30,57.85
4796,4/14/2022 11:45,58.239
4797,4/14/2022 12:00,58.541
4798,4/14/2022 12:15,58.842
4799,4/14/2022 12:30,59.142
4800,4/14/2022 12:45,59.315
4801,4/14/2022 13:00,59.445
4802,4/14/2022 13:15,59.529
4803,4/14/2022 13:30,59.83
4804,4/14/2022 13:45,60.174
4805,4/14/2022 14:00,60.517
4806,4/14/2022 14:15,60.775
4807,4/14/2022 14:30,61.119
4808,4/14/2022 14:45,61.419
4809,4/14/2022 15:00,61.633
4810,4/14/2022 15:15,61.804
4811,4/14/2022 15:30,61.891
4812,4/14/2022 15:45,61.934
4813,4/14/2022 16:00,61.977
4814,4/14/2022 16:15,61.977
4815,4/14/2022 16:30,61.891
4816,4/14/2022 16:45,61.72
4817,4/14/2022 17:00,61.547
4818,4/14/2022 17:15,61.376
4819,4/14/2022 17:30,61.205
4820,4/14/2022 17:45,61.59
4821,4/14/2022 18:00,61.547
4822,4/14/2022 18:15,61.333
4823,4/14/2022 18:30,61.075
4824,4/14/2022 18:45,60.733
4825,4/14/2022 19:00,60.433
4826,4/14/2022 19:15,60.089
4827,4/14/2022 19:30,59.916
4828,4/14/2022 19:45,60.991
4829,4/14/2022 20:00,61.29
4830,4/14/2022 20:15,61.205
4831,4/14/2022 20:30,61.032
4832,4/14/2022 20:45,60.818
4833,4/14/2022 21:00,60.604
4834,4/14/2022 21:15,60.346
4835,4/14/2022 21:30,60.089
4836,4/14/2022 21:45,59.83
4837,4/14/2022 22:00,59.616
4838,4/14/2022 22:15,59.358
4839,4/14/2022 22:30,59.142
4840,4/14/2022 22:45,58.928
4841,4/14/2022 23:00,58.712
4842,4/14/2022 23:15,58.455
4843,4/14/2022 23:30,58.282
4844,4/14/2022 23:45,58.066
4845,4/15/2022 0:00,57.85
4846,4/15/2022 0:15,57.636
4847,4/15/2022 0:30,57.42
4848,4/15/2022 0:45,57.204
4849,4/15/2022 1:00,56.944
4850,4/15/2022 1:15,56.728
4851,4/15/2022 1:30,56.469
4852,4/15/2022 1:45,56.251
4853,4/15/2022 2:00,55.992
4854,4/15/2022 2:15,55.776
4855,4/15/2022 2:30,55.558
4856,4/15/2022 2:45,55.299
4857,4/15/2022 3:00,55.038
4858,4/15/2022 3:15,54.82
4859,4/15/2022 3:30,54.561
4860,4/15/2022 3:45,54.387
4861,4/15/2022 4:00,54.169
4862,4/15/2022 4:15,53.951
4863,4/15/2022 4:30,53.776
4864,4/15/2022 4:45,53.602
4865,4/15/2022 5:00,53.427
4866,4/15/2022 5:15,53.209
4867,4/15/2022 5:30,52.992
4868,4/15/2022 5:45,52.772
4869,4/15/2022 6:00,52.509
4870,4/15/2022 6:15,52.291
4871,4/15/2022 6:30,52.115
4872,4/15/2022 6:45,51.94
4873,4/15/2022 7:00,51.809
4874,4/15/2022 7:15,51.721
4875,4/15/2022 7:30,51.678
4876,4/15/2022 7:45,51.678
4877,4/15/2022 8:00,51.764
4878,4/15/2022 8:15,51.852
4879,4/15/2022 8:30,52.466
4880,4/15/2022 8:45,54.648
4881,4/15/2022 9:00,57.204
4882,4/15/2022 9:15,59.572
4883,4/15/2022 9:30,61.376
4884,4/15/2022 9:45,62.704
4885,4/15/2022 10:00,63.819
4886,4/15/2022 10:15,65.059
4887,4/15/2022 10:30,66.344
4888,4/15/2022 10:45,67.586
4889,4/15/2022 11:00,68.828
4890,4/15/2022 11:15,69.942
4891,4/15/2022 11:30,70.974
4892,4/15/2022 11:45,71.964
4893,4/15/2022 12:00,72.783
4894,4/15/2022 12:15,73.558
4895,4/15/2022 12:30,74.206
4896,4/15/2022 12:45,74.727
4897,4/15/2022 13:00,75.29
4898,4/15/2022 13:15,75.81
4899,4/15/2022 13:30,76.464
4900,4/15/2022 13:45,76.854
4901,4/15/2022 14:00,77.378
4902,4/15/2022 14:15,77.77
4903,4/15/2022 14:30,78.165
4904,4/15/2022 14:45,78.514
4905,4/15/2022 15:00,78.777
4906,4/15/2022 15:15,78.91
4907,4/15/2022 15:30,78.996
4908,4/15/2022 15:45,79.173
4909,4/15/2022 16:00,79.48
4910,4/15/2022 16:15,79.743
4911,4/15/2022 16:30,80.008
4912,4/15/2022 16:45,80.051
4913,4/15/2022 17:00,79.743
4914,4/15/2022 17:15,79.216
4915,4/15/2022 17:30,78.822
4916,4/15/2022 17:45,78.339
4917,4/15/2022 18:00,77.859
4918,4/15/2022 18:15,77.16
4919,4/15/2022 18:30,77.203
4920,4/15/2022 18:45,77.639
4921,4/15/2022 19:00,77.815
4922,4/15/2022 19:15,77.553
4923,4/15/2022 19:30,76.289
4924,4/15/2022 19:45,74.986
4925,4/15/2022 20:00,73.688
4926,4/15/2022 20:15,72.437
4927,4/15/2022 20:30,71.231
4928,4/15/2022 20:45,70.072
4929,4/15/2022 21:00,69.042
4930,4/15/2022 21:15,68.056
4931,4/15/2022 21:30,67.114
4932,4/15/2022 21:45,66.301
4933,4/15/2022 22:00,65.53
4934,4/15/2022 22:15,64.845
4935,4/15/2022 22:30,64.247
4936,4/15/2022 22:45,63.775
4937,4/15/2022 23:00,63.347
4938,4/15/2022 23:15,62.962
4939,4/15/2022 23:30,62.62
4940,4/15/2022 23:45,62.276
4941,4/16/2022 0:00,62.019
4942,4/16/2022 0:15,61.761
4943,4/16/2022 0:30,61.506
4944,4/16/2022 0:45,61.333
4945,4/16/2022 1:00,61.162
4946,4/16/2022 1:15,60.991
4947,4/16/2022 1:30,60.861
4948,4/16/2022 1:45,60.775
4949,4/16/2022 2:00,60.69
4950,4/16/2022 2:15,60.517
4951,4/16/2022 2:30,60.39
4952,4/16/2022 2:45,60.217
4953,4/16/2022 3:00,60.003
4954,4/16/2022 3:15,59.788
4955,4/16/2022 3:30,59.529
4956,4/16/2022 3:45,59.315
4957,4/16/2022 4:00,59.056
4958,4/16/2022 4:15,58.885
4959,4/16/2022 4:30,58.669
4960,4/16/2022 4:45,58.498
4961,4/16/2022 5:00,58.325
4962,4/16/2022 5:15,58.152
4963,4/16/2022 5:30,57.979
4964,4/16/2022 5:45,57.85
4965,4/16/2022 6:00,57.722
4966,4/16/2022 6:15,57.636
4967,4/16/2022 6:30,57.549
4968,4/16/2022 6:45,57.636
4969,4/16/2022 7:00,57.679
4970,4/16/2022 7:15,57.722
4971,4/16/2022 7:30,57.765
4972,4/16/2022 7:45,57.85
4973,4/16/2022 8:00,58.023
4974,4/16/2022 8:15,58.239
4975,4/16/2022 8:30,58.541
4976,4/16/2022 8:45,58.928
4977,4/16/2022 9:00,60.948
4978,4/16/2022 9:15,63.262
4979,4/16/2022 9:30,65.316
4980,4/16/2022 9:45,67.885
4981,4/16/2022 10:00,71.404
4982,4/16/2022 10:15,74.554
4983,4/16/2022 10:30,77.335
4984,4/16/2022 10:45,79.92
4985,4/16/2022 11:00,82.263
4986,4/16/2022 11:15,84.362
4987,4/16/2022 11:30,85.712
4988,4/16/2022 11:45,85.532
4989,4/16/2022 12:00,84.9
4990,4/16/2022 12:15,84.317
4991,4/16/2022 12:30,84.137
4992,4/16/2022 12:45,86.029
4993,4/16/2022 13:00,86.936
4994,4/16/2022 13:15,86.664
4995,4/16/2022 13:30,85.577
4996,4/16/2022 13:45,83.736
4997,4/16/2022 14:00,81.775
4998,4/16/2022 14:15,80.316
4999,4/16/2022 14:30,79.347
5000,4/16/2022 14:45,79.216
5001,4/16/2022 15:00,79.48
5002,4/16/2022 15:15,79.831
5003,4/16/2022 15:30,80.227
5004,4/16/2022 15:45,80.58
5005,4/16/2022 16:00,80.845
5006,4/16/2022 16:15,81.023
5007,4/16/2022 16:30,81.066
5008,4/16/2022 16:45,81.023
5009,4/16/2022 17:00,80.845
5010,4/16/2022 17:15,80.537
5011,4/16/2022 17:30,80.096
5012,4/16/2022 17:45,79.567
5013,4/16/2022 18:00,78.777
5014,4/16/2022 18:15,77.77
5015,4/16/2022 18:30,76.636
5016,4/16/2022 18:45,75.376
5017,4/16/2022 19:00,74.034
5018,4/16/2022 19:15,72.653
5019,4/16/2022 19:30,71.274
5020,4/16/2022 19:45,69.942
5021,4/16/2022 20:00,68.571
5022,4/16/2022 20:15,67.329
5023,4/16/2022 20:30,66.13
5024,4/16/2022 20:45,64.974
5025,4/16/2022 21:00,63.819
5026,4/16/2022 21:15,62.748
5027,4/16/2022 21:30,61.761
5028,4/16/2022 21:45,60.818
5029,4/16/2022 22:00,59.916
5030,4/16/2022 22:15,59.056
5031,4/16/2022 22:30,58.282
5032,4/16/2022 22:45,57.549
5033,4/16/2022 23:00,56.858
5034,4/16/2022 23:15,56.165
5035,4/16/2022 23:30,55.515
5036,4/16/2022 23:45,54.952
5037,4/17/2022 0:00,54.343
5038,4/17/2022 0:15,53.82
5039,4/17/2022 0:30,53.298
5040,4/17/2022 0:45,52.86
5041,4/17/2022 1:00,52.378
5042,4/17/2022 1:15,51.94
5043,4/17/2022 1:30,51.501
5044,4/17/2022 1:45,51.105
5045,4/17/2022 2:00,50.709
5046,4/17/2022 2:15,50.356
5047,4/17/2022 2:30,50.002
5048,4/17/2022 2:45,49.649
5049,4/17/2022 3:00,49.338
5050,4/17/2022 3:15,49.028
5051,4/17/2022 3:30,48.762
5052,4/17/2022 3:45,48.538
5053,4/17/2022 4:00,48.315
5054,4/17/2022 4:15,48.094
5055,4/17/2022 4:30,47.914
5056,4/17/2022 4:45,47.691
5057,4/17/2022 5:00,47.467
5058,4/17/2022 5:15,47.244
5059,4/17/2022 5:30,46.974
5060,4/17/2022 5:45,46.751
5061,4/17/2022 6:00,46.571
5062,4/17/2022 6:15,46.346
5063,4/17/2022 6:30,46.256
5064,4/17/2022 6:45,46.346
5065,4/17/2022 7:00,46.751
5066,4/17/2022 7:15,47.377
5067,4/17/2022 7:30,48.094
5068,4/17/2022 7:45,48.895
5069,4/17/2022 8:00,49.737
5070,4/17/2022 8:15,50.621
5071,4/17/2022 8:30,51.721
5072,4/17/2022 8:45,52.86
5073,4/17/2022 9:00,54.169
5074,4/17/2022 9:15,55.515
5075,4/17/2022 9:30,56.944
5076,4/17/2022 9:45,58.455
5077,4/17/2022 10:00,60.046
5078,4/17/2022 10:15,61.633
5079,4/17/2022 10:30,63.262
5080,4/17/2022 10:45,64.931
5081,4/17/2022 11:00,66.558
5082,4/17/2022 11:15,68.142
5083,4/17/2022 11:30,69.685
5084,4/17/2022 11:45,71.317
5085,4/17/2022 12:00,72.007
5086,4/17/2022 12:15,72.869
5087,4/17/2022 12:30,74.163
5088,4/17/2022 12:45,75.853
5089,4/17/2022 13:00,77.727
5090,4/17/2022 13:15,79.612
5091,4/17/2022 13:30,81.466
5092,4/17/2022 13:45,83.109
5093,4/17/2022 14:00,84.677
5094,4/17/2022 14:15,86.029
5095,4/17/2022 14:30,87.163
5096,4/17/2022 14:45,88.075
5097,4/17/2022 15:00,88.671
5098,4/17/2022 15:15,89.085
5099,4/17/2022 15:30,88.443
5100,4/17/2022 15:45,85.802
5101,4/17/2022 16:00,84.497
5102,4/17/2022 16:15,83.824
5103,4/17/2022 16:30,83.467
5104,4/17/2022 16:45,83.109
5105,4/17/2022 17:00,82.708
5106,4/17/2022 17:15,82.308
5107,4/17/2022 17:30,81.864
5108,4/17/2022 17:45,81.244
5109,4/17/2022 18:00,80.449
5110,4/17/2022 18:15,79.392
5111,4/17/2022 18:30,78.165
5112,4/17/2022 18:45,76.811
5113,4/17/2022 19:00,75.376
5114,4/17/2022 19:15,73.904
5115,4/17/2022 19:30,72.437
5116,4/17/2022 19:45,71.017
5117,4/17/2022 20:00,69.643
5118,4/17/2022 20:15,68.313
5119,4/17/2022 20:30,67.114
5120,4/17/2022 20:45,65.916
5121,4/17/2022 21:00,64.845
5122,4/17/2022 21:15,63.819
5123,4/17/2022 21:30,62.834
5124,4/17/2022 21:45,61.891
5125,4/17/2022 22:00,61.075
5126,4/17/2022 22:15,60.26
5127,4/17/2022 22:30,59.486
5128,4/17/2022 22:45,58.755
5129,4/17/2022 23:00,58.023
5130,4/17/2022 23:15,57.376
5131,4/17/2022 23:30,56.728
5132,4/17/2022 23:45,56.208
5133,4/18/2022 0:00,55.647
5134,4/18/2022 0:15,55.081
5135,4/18/2022 0:30,54.516
5136,4/18/2022 0:45,54.037
5137,4/18/2022 1:00,53.559
5138,4/18/2022 1:15,53.078
5139,4/18/2022 1:30,52.686
5140,4/18/2022 1:45,52.291
5141,4/18/2022 2:00,51.895
5142,4/18/2022 2:15,51.501
5143,4/18/2022 2:30,51.105
5144,4/18/2022 2:45,50.797
5145,4/18/2022 3:00,50.488
5146,4/18/2022 3:15,50.223
5147,4/18/2022 3:30,50.002
5148,4/18/2022 3:45,49.782
5149,4/18/2022 4:00,49.561
5150,4/18/2022 4:15,49.383
5151,4/18/2022 4:30,49.204
5152,4/18/2022 4:45,48.938
5153,4/18/2022 5:00,48.762
5154,4/18/2022 5:15,48.583
5155,4/18/2022 5:30,48.493
5156,4/18/2022 5:45,48.36
5157,4/18/2022 6:00,48.227
5158,4/18/2022 6:15,48.137
5159,4/18/2022 6:30,48.137
5160,4/18/2022 6:45,48.36
5161,4/18/2022 7:00,48.805
5162,4/18/2022 7:15,49.428
5163,4/18/2022 7:30,50.18
5164,4/18/2022 7:45,51.062
5165,4/18/2022 8:00,52.029
5166,4/18/2022 8:15,53.078
5167,4/18/2022 8:30,54.255
5168,4/18/2022 8:45,55.558
5169,4/18/2022 9:00,56.944
5170,4/18/2022 9:15,58.325
5171,4/18/2022 9:30,59.745
5172,4/18/2022 9:45,61.075
5173,4/18/2022 10:00,62.447
5174,4/18/2022 10:15,63.862
5175,4/18/2022 10:30,65.316
5176,4/18/2022 10:45,66.9
5177,4/18/2022 11:00,68.571
5178,4/18/2022 11:15,70.115
5179,4/18/2022 11:30,71.49
5180,4/18/2022 11:45,72.826
5181,4/18/2022 12:00,74.206
5182,4/18/2022 12:15,75.594
5183,4/18/2022 12:30,76.942
5184,4/18/2022 12:45,78.251
5185,4/18/2022 13:00,79.48
5186,4/18/2022 13:15,80.668
5187,4/18/2022 13:30,81.775
5188,4/18/2022 13:45,82.886
5189,4/18/2022 14:00,83.914
5190,4/18/2022 14:15,84.857
5191,4/18/2022 14:30,85.622
5192,4/18/2022 14:45,86.301
5193,4/18/2022 15:00,86.799
5194,4/18/2022 15:15,87.073
5195,4/18/2022 15:30,87.21
5196,4/18/2022 15:45,86.981
5197,4/18/2022 16:00,86.617
5198,4/18/2022 16:15,86.119
5199,4/18/2022 16:30,85.442
5200,4/18/2022 16:45,84.722
5201,4/18/2022 17:00,83.914
5202,4/18/2022 17:15,83.109
5203,4/18/2022 17:30,82.308
5204,4/18/2022 17:45,81.509
5205,4/18/2022 18:00,80.668
5206,4/18/2022 18:15,79.743
5207,4/18/2022 18:30,78.645
5208,4/18/2022 18:45,77.464
5209,4/18/2022 19:00,76.203
5210,4/18/2022 19:15,74.943
5211,4/18/2022 19:30,73.774
5212,4/18/2022 19:45,72.653
5213,4/18/2022 20:00,71.62
5214,4/18/2022 20:15,70.716
5215,4/18/2022 20:30,69.858
5216,4/18/2022 20:45,69.085
5217,4/18/2022 21:00,68.356
5218,4/18/2022 21:15,67.671
5219,4/18/2022 21:30,67.028
5220,4/18/2022 21:45,66.472
5221,4/18/2022 22:00,65.959
5222,4/18/2022 22:15,65.487
5223,4/18/2022 22:30,65.059
5224,4/18/2022 22:45,64.674
5225,4/18/2022 23:00,64.332
5226,4/18/2022 23:15,63.99
5227,4/18/2022 23:30,63.648
5228,4/18/2022 23:45,63.262
5229,4/19/2022 0:00,62.919
5230,4/19/2022 0:15,62.577
5231,4/19/2022 0:30,62.233
5232,4/19/2022 0:45,61.977
5233,4/19/2022 1:00,61.72
5234,4/19/2022 1:15,61.462
5235,4/19/2022 1:30,61.248
5236,4/19/2022 1:45,61.032
5237,4/19/2022 2:00,60.861
5238,4/19/2022 2:15,60.647
5239,4/19/2022 2:30,60.474
5240,4/19/2022 2:45,60.303
5241,4/19/2022 3:00,60.089
5242,4/19/2022 3:15,59.873
5243,4/19/2022 3:30,59.616
5244,4/19/2022 3:45,59.401
5245,4/19/2022 4:00,59.142
5246,4/19/2022 4:15,58.885
5247,4/19/2022 4:30,58.626
5248,4/19/2022 4:45,58.282
5249,4/19/2022 5:00,57.979
5250,4/19/2022 5:15,57.722
5251,4/19/2022 5:30,57.463
5252,4/19/2022 5:45,57.247
5253,4/19/2022 6:00,57.074
5254,4/19/2022 6:15,56.944
5255,4/19/2022 6:30,56.901
5256,4/19/2022 6:45,56.858
5257,4/19/2022 7:00,56.944
5258,4/19/2022 7:15,57.031
5259,4/19/2022 7:30,57.204
5260,4/19/2022 7:45,57.376
5261,4/19/2022 8:00,57.592
5262,4/19/2022 8:15,57.85
5263,4/19/2022 8:30,58.109
5264,4/19/2022 8:45,58.455
5265,4/19/2022 9:00,58.971
5266,4/19/2022 9:15,59.745
5267,4/19/2022 9:30,60.647
5268,4/19/2022 9:45,61.547
5269,4/19/2022 10:00,62.577
5270,4/19/2022 10:15,63.732
5271,4/19/2022 10:30,65.059
5272,4/19/2022 10:45,66.385
5273,4/19/2022 11:00,67.842
5274,4/19/2022 11:15,69.3
5275,4/19/2022 11:30,70.803
5276,4/19/2022 11:45,72.264
5277,4/19/2022 12:00,73.645
5278,4/19/2022 12:15,75.029
5279,4/19/2022 12:30,76.332
5280,4/19/2022 12:45,77.639
5281,4/19/2022 13:00,78.865
5282,4/19/2022 13:15,80.008
5283,4/19/2022 13:30,81.066
5284,4/19/2022 13:45,82.042
5285,4/19/2022 14:00,82.931
5286,4/19/2022 14:15,83.736
5287,4/19/2022 14:30,84.452
5288,4/19/2022 14:45,85.082
5289,4/19/2022 15:00,85.577
5290,4/19/2022 15:15,85.984
5291,4/19/2022 15:30,86.301
5292,4/19/2022 15:45,86.482
5293,4/19/2022 16:00,86.572
5294,4/19/2022 16:15,86.527
5295,4/19/2022 16:30,86.346
5296,4/19/2022 16:45,86.029
5297,4/19/2022 17:00,85.577
5298,4/19/2022 17:15,85.035
5299,4/19/2022 17:30,84.362
5300,4/19/2022 17:45,83.601
5301,4/19/2022 18:00,82.708
5302,4/19/2022 18:15,81.597
5303,4/19/2022 18:30,80.361
5304,4/19/2022 18:45,79.041
5305,4/19/2022 19:00,77.596
5306,4/19/2022 19:15,76.158
5307,4/19/2022 19:30,74.683
5308,4/19/2022 19:45,73.299
5309,4/19/2022 20:00,71.964
5310,4/19/2022 20:15,70.716
5311,4/19/2022 20:30,69.514
5312,4/19/2022 20:45,68.356
5313,4/19/2022 21:00,67.329
5314,4/19/2022 21:15,66.301
5315,4/19/2022 21:30,65.359
5316,4/19/2022 21:45,64.459
5317,4/19/2022 22:00,63.648
5318,4/19/2022 22:15,62.875
5319,4/19/2022 22:30,62.191
5320,4/19/2022 22:45,61.547
5321,4/19/2022 23:00,60.904
5322,4/19/2022 23:15,60.346
5323,4/19/2022 23:30,59.83
5324,4/19/2022 23:45,59.315
5325,4/20/2022 0:00,58.798
5326,4/20/2022 0:15,58.282
5327,4/20/2022 0:30,57.807
5328,4/20/2022 0:45,57.42
5329,4/20/2022 1:00,57.16
5330,4/20/2022 1:15,56.944
5331,4/20/2022 1:30,56.642
5332,4/20/2022 1:45,56.383
5333,4/20/2022 2:00,56.165
5334,4/20/2022 2:15,55.992
5335,4/20/2022 2:30,55.819
5336,4/20/2022 2:45,55.733
5337,4/20/2022 3:00,55.647
5338,4/20/2022 3:15,55.558
5339,4/20/2022 3:30,55.472
5340,4/20/2022 3:45,55.386
5341,4/20/2022 4:00,55.256
5342,4/20/2022 4:15,55.168
5343,4/20/2022 4:30,54.995
5344,4/20/2022 4:45,54.82
5345,4/20/2022 5:00,54.648
5346,4/20/2022 5:15,54.561
5347,4/20/2022 5:30,54.516
5348,4/20/2022 5:45,54.516
5349,4/20/2022 6:00,54.473
5350,4/20/2022 6:15,54.561
5351,4/20/2022 6:30,54.648
5352,4/20/2022 6:45,54.82
5353,4/20/2022 7:00,55.168
5354,4/20/2022 7:15,55.776
5355,4/20/2022 7:30,56.34
5356,4/20/2022 7:45,57.031
5357,4/20/2022 8:00,57.722
5358,4/20/2022 8:15,58.368
5359,4/20/2022 8:30,59.056
5360,4/20/2022 8:45,59.916
5361,4/20/2022 9:00,61.032
5362,4/20/2022 9:15,62.062
5363,4/20/2022 9:30,63.219
5364,4/20/2022 9:45,64.418
5365,4/20/2022 10:00,65.788
5366,4/20/2022 10:15,67.285
5367,4/20/2022 10:30,68.785
5368,4/20/2022 10:45,70.372
5369,4/20/2022 11:00,71.877
5370,4/20/2022 11:15,73.386
5371,4/20/2022 11:30,74.856
5372,4/20/2022 11:45,76.289
5373,4/20/2022 12:00,77.639
5374,4/20/2022 12:15,78.865
5375,4/20/2022 12:30,80.051
5376,4/20/2022 12:45,81.154
5377,4/20/2022 13:00,82.218
5378,4/20/2022 13:15,82.931
5379,4/20/2022 13:30,83.332
5380,4/20/2022 13:45,83.556
5381,4/20/2022 14:00,83.646
5382,4/20/2022 14:15,83.736
5383,4/20/2022 14:30,83.779
5384,4/20/2022 14:45,83.736
5385,4/20/2022 15:00,83.556
5386,4/20/2022 15:15,83.287
5387,4/20/2022 15:30,82.886
5388,4/20/2022 15:45,82.486
5389,4/20/2022 16:00,82.042
5390,4/20/2022 16:15,81.642
5391,4/20/2022 16:30,81.244
5392,4/20/2022 16:45,80.757
5393,4/20/2022 17:00,80.184
5394,4/20/2022 17:15,79.48
5395,4/20/2022 17:30,78.733
5396,4/20/2022 17:45,77.902
5397,4/20/2022 18:00,77.029
5398,4/20/2022 18:15,76.071
5399,4/20/2022 18:30,75.074
5400,4/20/2022 18:45,74.12
5401,4/20/2022 19:00,73.17
5402,4/20/2022 19:15,72.221
5403,4/20/2022 19:30,71.317
5404,4/20/2022 19:45,70.459
5405,4/20/2022 20:00,69.643
5406,4/20/2022 20:15,68.742
5407,4/20/2022 20:30,67.885
5408,4/20/2022 20:45,67.028
5409,4/20/2022 21:00,66.214
5410,4/20/2022 21:15,65.444
5411,4/20/2022 21:30,64.76
5412,4/20/2022 21:45,64.117
5413,4/20/2022 22:00,63.561
5414,4/20/2022 22:15,63.005
5415,4/20/2022 22:30,62.577
5416,4/20/2022 22:45,62.148
5417,4/20/2022 23:00,61.761
5418,4/20/2022 23:15,61.419
5419,4/20/2022 23:30,61.119
5420,4/20/2022 23:45,60.818
5421,4/21/2022 0:00,60.561
5422,4/21/2022 0:15,60.346
5423,4/21/2022 0:30,60.089
5424,4/21/2022 0:45,59.916
5425,4/21/2022 1:00,59.702
5426,4/21/2022 1:15,59.529
5427,4/21/2022 1:30,59.358
5428,4/21/2022 1:45,59.229
5429,4/21/2022 2:00,59.056
5430,4/21/2022 2:15,58.928
5431,4/21/2022 2:30,58.798
5432,4/21/2022 2:45,58.669
5433,4/21/2022 3:00,58.541
5434,4/21/2022 3:15,58.455
5435,4/21/2022 3:30,58.325
5436,4/21/2022 3:45,58.195
5437,4/21/2022 4:00,58.066
5438,4/21/2022 4:15,57.893
5439,4/21/2022 4:30,57.722
5440,4/21/2022 4:45,57.506
5441,4/21/2022 5:00,57.247
5442,4/21/2022 5:15,57.031
5443,4/21/2022 5:30,56.815
5444,4/21/2022 5:45,56.599
5445,4/21/2022 6:00,56.426
5446,4/21/2022 6:15,56.208
5447,4/21/2022 6:30,56.079
5448,4/21/2022 6:45,56.079
5449,4/21/2022 7:00,56.251
5450,4/21/2022 7:15,56.469
5451,4/21/2022 7:30,56.772
5452,4/21/2022 7:45,57.117
5453,4/21/2022 8:00,57.506
5454,4/21/2022 8:15,58.023
5455,4/21/2022 8:30,58.498
5456,4/21/2022 8:45,58.928
5457,4/21/2022 9:00,59.401
5458,4/21/2022 9:15,59.788
5459,4/21/2022 9:30,60.174
5460,4/21/2022 9:45,60.69
5461,4/21/2022 10:00,61.29
5462,4/21/2022 10:15,61.977
5463,4/21/2022 10:30,62.834
5464,4/21/2022 10:45,63.862
5465,4/21/2022 11:00,64.888
5466,4/21/2022 11:15,65.959
5467,4/21/2022 11:30,66.814
5468,4/21/2022 11:45,67.5
5469,4/21/2022 12:00,68.227
5470,4/21/2022 12:15,68.913
5471,4/21/2022 12:30,69.643
5472,4/21/2022 12:45,70.243
5473,4/21/2022 13:00,70.93
5474,4/21/2022 13:15,71.704
5475,4/21/2022 13:30,72.567
5476,4/21/2022 13:45,73.256
5477,4/21/2022 14:00,74.12
5478,4/21/2022 14:15,75.029
5479,4/21/2022 14:30,75.853
5480,4/21/2022 14:45,76.681
5481,4/21/2022 15:00,77.203
5482,4/21/2022 15:15,77.464
5483,4/21/2022 15:30,77.684
5484,4/21/2022 15:45,77.859
5485,4/21/2022 16:00,77.815
5486,4/21/2022 16:15,77.553
5487,4/21/2022 16:30,77.072
5488,4/21/2022 16:45,76.464
5489,4/21/2022 17:00,75.853
5490,4/21/2022 17:15,75.16
5491,4/21/2022 17:30,74.597
5492,4/21/2022 17:45,74.077
5493,4/21/2022 18:00,73.558
5494,4/21/2022 18:15,72.912
5495,4/21/2022 18:30,72.178
5496,4/21/2022 18:45,71.317
5497,4/21/2022 19:00,70.372
5498,4/21/2022 19:15,69.343
5499,4/21/2022 19:30,68.313
5500,4/21/2022 19:45,67.329
5501,4/21/2022 20:00,66.385
5502,4/21/2022 20:15,65.444
5503,4/21/2022 20:30,64.546
5504,4/21/2022 20:45,63.689
5505,4/21/2022 21:00,62.875
5506,4/21/2022 21:15,62.105
5507,4/21/2022 21:30,61.419
5508,4/21/2022 21:45,60.775
5509,4/21/2022 22:00,60.174
5510,4/21/2022 22:15,59.659
5511,4/21/2022 22:30,59.229
5512,4/21/2022 22:45,58.842
5513,4/21/2022 23:00,58.498
5514,4/21/2022 23:15,58.239
5515,4/21/2022 23:30,58.109
5516,4/21/2022 23:45,57.979
5517,4/22/2022 0:00,57.85
5518,4/22/2022 0:15,57.765
5519,4/22/2022 0:30,57.636
5520,4/22/2022 0:45,57.506
5521,4/22/2022 1:00,57.333
5522,4/22/2022 1:15,57.204
5523,4/22/2022 1:30,57.031
5524,4/22/2022 1:45,56.858
5525,4/22/2022 2:00,56.728
5526,4/22/2022 2:15,56.599
5527,4/22/2022 2:30,56.469
5528,4/22/2022 2:45,56.34
5529,4/22/2022 3:00,56.165
5530,4/22/2022 3:15,55.992
5531,4/22/2022 3:30,55.776
5532,4/22/2022 3:45,55.558
5533,4/22/2022 4:00,55.386
5534,4/22/2022 4:15,55.168
5535,4/22/2022 4:30,54.995
5536,4/22/2022 4:45,54.82
5537,4/22/2022 5:00,54.648
5538,4/22/2022 5:15,54.473
5539,4/22/2022 5:30,54.343
5540,4/22/2022 5:45,54.212
5541,4/22/2022 6:00,54.082
5542,4/22/2022 6:15,53.994
5543,4/22/2022 6:30,53.865
5544,4/22/2022 6:45,53.776
5545,4/22/2022 7:00,53.645
5546,4/22/2022 7:15,53.559
5547,4/22/2022 7:30,53.472
5548,4/22/2022 7:45,53.427
5549,4/22/2022 8:00,53.427
5550,4/22/2022 8:15,53.515
5551,4/22/2022 8:30,53.69
5552,4/22/2022 8:45,55.386
5553,4/22/2022 9:00,58.195
5554,4/22/2022 9:15,60.132
5555,4/22/2022 9:30,61.506
5556,4/22/2022 9:45,63.176
5557,4/22/2022 10:00,64.845
5558,4/22/2022 10:15,66.985
5559,4/22/2022 10:30,68.785
5560,4/22/2022 10:45,70.716
5561,4/22/2022 11:00,72.567
5562,4/22/2022 11:15,73.947
5563,4/22/2022 11:30,75.681
5564,4/22/2022 11:45,77.072
5565,4/22/2022 12:00,78.471
5566,4/22/2022 12:15,79.788
5567,4/22/2022 12:30,81.066
5568,4/22/2022 12:45,81.819
5569,4/22/2022 13:00,82.798
5570,4/22/2022 13:15,83.422
5571,4/22/2022 13:30,84.137
5572,4/22/2022 13:45,84.945
5573,4/22/2022 14:00,85.577
5574,4/22/2022 14:15,86.074
5575,4/22/2022 14:30,86.119
5576,4/22/2022 14:45,86.211
5577,4/22/2022 15:00,86.211
5578,4/22/2022 15:15,85.984
5579,4/22/2022 15:30,85.802
5580,4/22/2022 15:45,85.532
5581,4/22/2022 16:00,85.127
5582,4/22/2022 16:15,84.542
5583,4/22/2022 16:30,83.287
5584,4/22/2022 16:45,81.642
5585,4/22/2022 17:00,80.58
5586,4/22/2022 17:15,80.184
5587,4/22/2022 17:30,79.831
5588,4/22/2022 17:45,79.084
5589,4/22/2022 18:00,78.296
5590,4/22/2022 18:15,77.292
5591,4/22/2022 18:30,76.289
5592,4/22/2022 18:45,75.204
5593,4/22/2022 19:00,74.12
5594,4/22/2022 19:15,72.997
5595,4/22/2022 19:30,71.92
5596,4/22/2022 19:45,70.887
5597,4/22/2022 20:00,69.901
5598,4/22/2022 20:15,68.956
5599,4/22/2022 20:30,68.099
5600,4/22/2022 20:45,67.242
5601,4/22/2022 21:00,66.472
5602,4/22/2022 21:15,65.701
5603,4/22/2022 21:30,65.017
5604,4/22/2022 21:45,64.332
5605,4/22/2022 22:00,63.689
5606,4/22/2022 22:15,63.09
5607,4/22/2022 22:30,62.533
5608,4/22/2022 22:45,62.019
5609,4/22/2022 23:00,61.462
5610,4/22/2022 23:15,60.948
5611,4/22/2022 23:30,60.474
5612,4/22/2022 23:45,60.003
5613,4/23/2022 0:00,59.572
5614,4/23/2022 0:15,59.099
5615,4/23/2022 0:30,58.669
5616,4/23/2022 0:45,58.239
5617,4/23/2022 1:00,57.807
5618,4/23/2022 1:15,57.376
5619,4/23/2022 1:30,56.944
5620,4/23/2022 1:45,56.556
5621,4/23/2022 2:00,56.165
5622,4/23/2022 2:15,55.819
5623,4/23/2022 2:30,55.472
5624,4/23/2022 2:45,55.125
5625,4/23/2022 3:00,54.777
5626,4/23/2022 3:15,54.473
5627,4/23/2022 3:30,54.169
5628,4/23/2022 3:45,53.865
5629,4/23/2022 4:00,53.559
5630,4/23/2022 4:15,53.253
5631,4/23/2022 4:30,52.992
5632,4/23/2022 4:45,52.729
5633,4/23/2022 5:00,52.466
5634,4/23/2022 5:15,52.203
5635,4/23/2022 5:30,51.984
5636,4/23/2022 5:45,51.764
5637,4/23/2022 6:00,51.544
5638,4/23/2022 6:15,51.413
5639,4/23/2022 6:30,51.37
5640,4/23/2022 6:45,51.544
5641,4/23/2022 7:00,52.029
5642,4/23/2022 7:15,52.729
5643,4/23/2022 7:30,53.515
5644,4/23/2022 7:45,54.473
5645,4/23/2022 8:00,55.558
5646,4/23/2022 8:15,56.728
5647,4/23/2022 8:30,58.023
5648,4/23/2022 8:45,59.401
5649,4/23/2022 9:00,60.861
5650,4/23/2022 9:15,62.406
5651,4/23/2022 9:30,64.033
5652,4/23/2022 9:45,65.658
5653,4/23/2022 10:00,67.329
5654,4/23/2022 10:15,69.042
5655,4/23/2022 10:30,70.716
5656,4/23/2022 10:45,72.394
5657,4/23/2022 11:00,74.034
5658,4/23/2022 11:15,75.637
5659,4/23/2022 11:30,77.247
5660,4/23/2022 11:45,78.777
5661,4/23/2022 12:00,80.227
5662,4/23/2022 12:15,81.687
5663,4/23/2022 12:30,83.064
5664,4/23/2022 12:45,84.497
5665,4/23/2022 13:00,86.799
5666,4/23/2022 13:15,88.902
5667,4/23/2022 13:30,90.286
5668,4/23/2022 13:45,91.636
5669,4/23/2022 14:00,92.809
5670,4/23/2022 14:15,93.897
5671,4/23/2022 14:30,94.944
5672,4/23/2022 14:45,95.904
5673,4/23/2022 15:00,96.627
5674,4/23/2022 15:15,97.063
5675,4/23/2022 15:30,97.209
5676,4/23/2022 15:45,97.111
5677,4/23/2022 16:00,96.87
5678,4/23/2022 16:15,96.435
5679,4/23/2022 16:30,95.806
5680,4/23/2022 16:45,94.991
5681,4/23/2022 17:00,94.039
5682,4/23/2022 17:15,92.903
5683,4/23/2022 17:30,91.589
5684,4/23/2022 17:45,90.194
5685,4/23/2022 18:00,88.763
5686,4/23/2022 18:15,87.346
5687,4/23/2022 18:30,85.894
5688,4/23/2022 18:45,84.407
5689,4/23/2022 19:00,82.931
5690,4/23/2022 19:15,81.509
5691,4/23/2022 19:30,80.096
5692,4/23/2022 19:45,78.777
5693,4/23/2022 20:00,77.509
5694,4/23/2022 20:15,76.289
5695,4/23/2022 20:30,75.16
5696,4/23/2022 20:45,74.034
5697,4/23/2022 21:00,72.997
5698,4/23/2022 21:15,72.007
5699,4/23/2022 21:30,71.06
5700,4/23/2022 21:45,70.201
5701,4/23/2022 22:00,69.343
5702,4/23/2022 22:15,68.527
5703,4/23/2022 22:30,67.798
5704,4/23/2022 22:45,67.071
5705,4/23/2022 23:00,66.385
5706,4/23/2022 23:15,65.745
5707,4/23/2022 23:30,65.145
5708,4/23/2022 23:45,64.546
5709,4/24/2022 0:00,63.946
5710,4/24/2022 0:15,63.39
5711,4/24/2022 0:30,62.875
5712,4/24/2022 0:45,62.319
5713,4/24/2022 1:00,61.804
5714,4/24/2022 1:15,61.333
5715,4/24/2022 1:30,60.861
5716,4/24/2022 1:45,60.433
5717,4/24/2022 2:00,59.959
5718,4/24/2022 2:15,59.572
5719,4/24/2022 2:30,59.142
5720,4/24/2022 2:45,58.712
5721,4/24/2022 3:00,58.325
5722,4/24/2022 3:15,57.893
5723,4/24/2022 3:30,57.506
5724,4/24/2022 3:45,57.117
5725,4/24/2022 4:00,56.815
5726,4/24/2022 4:15,56.599
5727,4/24/2022 4:30,56.469
5728,4/24/2022 4:45,56.34
5729,4/24/2022 5:00,56.251
5730,4/24/2022 5:15,56.165
5731,4/24/2022 5:30,56.079
5732,4/24/2022 5:45,56.035
5733,4/24/2022 6:00,55.992
5734,4/24/2022 6:15,56.035
5735,4/24/2022 6:30,56.079
5736,4/24/2022 6:45,56.208
5737,4/24/2022 7:00,56.383
5738,4/24/2022 7:15,56.599
5739,4/24/2022 7:30,56.858
5740,4/24/2022 7:45,57.204
5741,4/24/2022 8:00,57.592
5742,4/24/2022 8:15,58.195
5743,4/24/2022 8:30,58.885
5744,4/24/2022 8:45,59.702
5745,4/24/2022 9:00,60.647
5746,4/24/2022 9:15,61.761
5747,4/24/2022 9:30,63.048
5748,4/24/2022 9:45,64.674
5749,4/24/2022 10:00,66.985
5750,4/24/2022 10:15,69.942
5751,4/24/2022 10:30,73.299
5752,4/24/2022 10:45,76.593
5753,4/24/2022 11:00,79.788
5754,4/24/2022 11:15,82.753
5755,4/24/2022 11:30,85.667
5756,4/24/2022 11:45,88.214
5757,4/24/2022 12:00,89.454
5758,4/24/2022 12:15,89.685
5759,4/24/2022 12:30,89.962
5760,4/24/2022 12:45,90.518
5761,4/24/2022 13:00,92.104
5762,4/24/2022 13:15,93.517
5763,4/24/2022 13:30,94.419
5764,4/24/2022 13:45,95.374
5765,4/24/2022 14:00,96.192
5766,4/24/2022 14:15,96.966
5767,4/24/2022 14:30,97.745
5768,4/24/2022 14:45,98.332
5769,4/24/2022 15:00,98.823
5770,4/24/2022 15:15,99.118
5771,4/24/2022 15:30,99.167
5772,4/24/2022 15:45,99.07
5773,4/24/2022 16:00,98.773
5774,4/24/2022 16:15,98.283
5775,4/24/2022 16:30,97.599
5776,4/24/2022 16:45,96.724
5777,4/24/2022 17:00,95.662
5778,4/24/2022 17:15,94.467
5779,4/24/2022 17:30,93.139
5780,4/24/2022 17:45,91.683
5781,4/24/2022 18:00,90.194
5782,4/24/2022 18:15,88.671
5783,4/24/2022 18:30,87.118
5784,4/24/2022 18:45,85.532
5785,4/24/2022 19:00,83.914
5786,4/24/2022 19:15,82.353
5787,4/24/2022 19:30,80.845
5788,4/24/2022 19:45,79.392
5789,4/24/2022 20:00,77.945
5790,4/24/2022 20:15,76.636
5791,4/24/2022 20:30,75.29
5792,4/24/2022 20:45,74.077
5793,4/24/2022 21:00,72.912
5794,4/24/2022 21:15,71.748
5795,4/24/2022 21:30,70.673
5796,4/24/2022 21:45,69.643
5797,4/24/2022 22:00,68.614
5798,4/24/2022 22:15,67.627
5799,4/24/2022 22:30,66.729
5800,4/24/2022 22:45,65.829
5801,4/24/2022 23:00,64.974
5802,4/24/2022 23:15,64.204
5803,4/24/2022 23:30,63.475
5804,4/24/2022 23:45,62.791
5805,4/25/2022 0:00,62.105
5806,4/25/2022 0:15,61.506
5807,4/25/2022 0:30,60.948
5808,4/25/2022 0:45,60.39
5809,4/25/2022 1:00,59.83
5810,4/25/2022 1:15,59.358
5811,4/25/2022 1:30,58.885
5812,4/25/2022 1:45,58.411
5813,4/25/2022 2:00,58.023
5814,4/25/2022 2:15,57.636
5815,4/25/2022 2:30,57.29
5816,4/25/2022 2:45,56.944
5817,4/25/2022 3:00,56.599
5818,4/25/2022 3:15,56.295
5819,4/25/2022 3:30,55.992
5820,4/25/2022 3:45,55.776
5821,4/25/2022 4:00,55.515
5822,4/25/2022 4:15,55.256
5823,4/25/2022 4:30,55.038
5824,4/25/2022 4:45,54.82
5825,4/25/2022 5:00,54.604
5826,4/25/2022 5:15,54.43
5827,4/25/2022 5:30,54.212
5828,4/25/2022 5:45,54.037
5829,4/25/2022 6:00,53.908
5830,4/25/2022 6:15,53.776
5831,4/25/2022 6:30,53.69
5832,4/25/2022 6:45,53.645
5833,4/25/2022 7:00,53.733
5834,4/25/2022 7:15,55.558
5835,4/25/2022 7:30,58.928
5836,4/25/2022 7:45,61.891
5837,4/25/2022 8:00,64.074
5838,4/25/2022 8:15,65.188
5839,4/25/2022 8:30,66.515
5840,4/25/2022 8:45,68.227
5841,4/25/2022 9:00,70.158
5842,4/25/2022 9:15,72.264
5843,4/25/2022 9:30,74.554
5844,4/25/2022 9:45,77.072
5845,4/25/2022 10:00,79.7
5846,4/25/2022 10:15,81.864
5847,4/25/2022 10:30,83.779
5848,4/25/2022 10:45,85.622
5849,4/25/2022 11:00,87.3
5850,4/25/2022 11:15,88.947
5851,4/25/2022 11:30,90.518
5852,4/25/2022 11:45,91.963
5853,4/25/2022 12:00,93.234
5854,4/25/2022 12:15,94.372
5855,4/25/2022 12:30,95.472
5856,4/25/2022 12:45,96.53
5857,4/25/2022 13:00,97.648
5858,4/25/2022 13:15,98.627
5859,4/25/2022 13:30,99.514
5860,4/25/2022 13:45,100.207
5861,4/25/2022 14:00,100.657
5862,4/25/2022 14:15,100.956
5863,4/25/2022 14:30,101.158
5864,4/25/2022 14:45,101.257
5865,4/25/2022 15:00,101.358
5866,4/25/2022 15:15,101.408
5867,4/25/2022 15:30,100.508
5868,4/25/2022 15:45,98.429
5869,4/25/2022 16:00,98.087
5870,4/25/2022 16:15,98.038
5871,4/25/2022 16:30,98.087
5872,4/25/2022 16:45,98.184
5873,4/25/2022 17:00,98.087
5874,4/25/2022 17:15,97.794
5875,4/25/2022 17:30,97.111
5876,4/25/2022 17:45,96.24
5877,4/25/2022 18:00,95.23
5878,4/25/2022 18:15,94.181
5879,4/25/2022 18:30,92.997
5880,4/25/2022 18:45,91.776
5881,4/25/2022 19:00,90.518
5882,4/25/2022 19:15,89.177
5883,4/25/2022 19:30,87.757
5884,4/25/2022 19:45,86.391
5885,4/25/2022 20:00,85.082
5886,4/25/2022 20:15,83.691
5887,4/25/2022 20:30,82.753
5888,4/25/2022 20:45,82.441
5889,4/25/2022 21:00,82.175
5890,4/25/2022 21:15,81.154
5891,4/25/2022 21:30,79.876
5892,4/25/2022 21:45,78.559
5893,4/25/2022 22:00,77.247
5894,4/25/2022 22:15,75.985
5895,4/25/2022 22:30,74.727
5896,4/25/2022 22:45,73.774
5897,4/25/2022 23:00,72.739
5898,4/25/2022 23:15,71.748
5899,4/25/2022 23:30,70.803
5900,4/25/2022 23:45,69.901
5901,4/26/2022 0:00,69.042
5902,4/26/2022 0:15,68.227
5903,4/26/2022 0:30,67.413
5904,4/26/2022 0:45,66.686
5905,4/26/2022 1:00,66.043
5906,4/26/2022 1:15,65.403
5907,4/26/2022 1:30,64.845
5908,4/26/2022 1:45,64.332
5909,4/26/2022 2:00,63.862
5910,4/26/2022 2:15,63.39
5911,4/26/2022 2:30,63.176
5912,4/26/2022 2:45,62.748
5913,4/26/2022 3:00,62.319
5914,4/26/2022 3:15,61.891
5915,4/26/2022 3:30,61.506
5916,4/26/2022 3:45,61.119
5917,4/26/2022 4:00,60.733
5918,4/26/2022 4:15,60.433
5919,4/26/2022 4:30,60.046
5920,4/26/2022 4:45,59.702
5921,4/26/2022 5:00,59.358
5922,4/26/2022 5:15,59.014
5923,4/26/2022 5:30,58.712
5924,4/26/2022 5:45,58.368
5925,4/26/2022 6:00,58.152
5926,4/26/2022 6:15,57.979
5927,4/26/2022 6:30,57.936
5928,4/26/2022 6:45,59.788
5929,4/26/2022 7:00,61.29
5930,4/26/2022 7:15,63.347
5931,4/26/2022 7:30,65.872
5932,4/26/2022 7:45,67.413
5933,4/26/2022 8:00,68.698
5934,4/26/2022 8:15,69.256
5935,4/26/2022 8:30,70.072
5936,4/26/2022 8:45,71.017
5937,4/26/2022 9:00,72.05
5938,4/26/2022 9:15,73.256
5939,4/26/2022 9:30,74.683
5940,4/26/2022 9:45,76.203
5941,4/26/2022 10:00,77.553
5942,4/26/2022 10:15,77.421
5943,4/26/2022 10:30,77.029
5944,4/26/2022 10:45,76.593
5945,4/26/2022 11:00,76.332
5946,4/26/2022 11:15,76.158
5947,4/26/2022 11:30,75.985
5948,4/26/2022 11:45,75.898
5949,4/26/2022 12:00,75.853
5950,4/26/2022 12:15,75.767
5951,4/26/2022 12:30,75.724
5952,4/26/2022 12:45,75.681
5953,4/26/2022 13:00,75.594
5954,4/26/2022 13:15,75.463
5955,4/26/2022 13:30,75.29
5956,4/26/2022 13:45,75.029
5957,4/26/2022 14:00,74.727
5958,4/26/2022 14:15,74.424
5959,4/26/2022 14:30,74.163
5960,4/26/2022 14:45,73.904
5961,4/26/2022 15:00,73.602
5962,4/26/2022 15:15,73.386
5963,4/26/2022 15:30,73.126
5964,4/26/2022 15:45,72.826
5965,4/26/2022 16:00,72.437
5966,4/26/2022 16:15,71.877
5967,4/26/2022 16:30,71.577
5968,4/26/2022 16:45,71.964
5969,4/26/2022 17:00,72.783
5970,4/26/2022 17:15,73.472
5971,4/26/2022 17:30,74.338
5972,4/26/2022 17:45,75.204
5973,4/26/2022 18:00,75.029
5974,4/26/2022 18:15,74.856
5975,4/26/2022 18:30,74.64
5976,4/26/2022 18:45,74.467
5977,4/26/2022 19:00,74.25
5978,4/26/2022 19:15,73.99
5979,4/26/2022 19:30,73.688
5980,4/26/2022 19:45,73.299
5981,4/26/2022 20:00,72.912
5982,4/26/2022 20:15,72.437
5983,4/26/2022 20:30,71.92
5984,4/26/2022 20:45,71.404
5985,4/26/2022 21:00,70.846
5986,4/26/2022 21:15,70.243
5987,4/26/2022 21:30,69.643
5988,4/26/2022 21:45,69.042
5989,4/26/2022 22:00,68.4
5990,4/26/2022 22:15,67.798
5991,4/26/2022 22:30,67.158
5992,4/26/2022 22:45,66.558
5993,4/26/2022 23:00,65.916
5994,4/26/2022 23:15,65.359
5995,4/26/2022 23:30,64.803
5996,4/26/2022 23:45,64.247
5997,4/27/2022 0:00,63.689
5998,4/27/2022 0:15,63.219
5999,4/27/2022 0:30,62.704
6000,4/27/2022 0:45,62.233
6001,4/27/2022 1:00,61.804
6002,4/27/2022 1:15,61.376
6003,4/27/2022 1:30,60.948
6004,4/27/2022 1:45,60.561
6005,4/27/2022 2:00,60.174
6006,4/27/2022 2:15,59.788
6007,4/27/2022 2:30,59.445
6008,4/27/2022 2:45,59.056
6009,4/27/2022 3:00,58.755
6010,4/27/2022 3:15,58.411
6011,4/27/2022 3:30,58.109
6012,4/27/2022 3:45,57.807
6013,4/27/2022 4:00,57.506
6014,4/27/2022 4:15,57.247
6015,4/27/2022 4:30,56.944
6016,4/27/2022 4:45,56.685
6017,4/27/2022 5:00,56.426
6018,4/27/2022 5:15,56.165
6019,4/27/2022 5:30,55.906
6020,4/27/2022 5:45,55.647
6021,4/27/2022 6:00,55.386
6022,4/27/2022 6:15,55.213
6023,4/27/2022 6:30,55.038
6024,4/27/2022 6:45,54.865
6025,4/27/2022 7:00,54.734
6026,4/27/2022 7:15,54.648
6027,4/27/2022 7:30,54.561
6028,4/27/2022 7:45,54.516
6029,4/27/2022 8:00,54.516
6030,4/27/2022 8:15,54.604
6031,4/27/2022 8:30,54.691
6032,4/27/2022 8:45,54.777
6033,4/27/2022 9:00,54.952
6034,4/27/2022 9:15,55.168
6035,4/27/2022 9:30,55.429
6036,4/27/2022 9:45,55.69
6037,4/27/2022 10:00,56.035
6038,4/27/2022 10:15,56.383
6039,4/27/2022 10:30,56.772
6040,4/27/2022 10:45,57.204
6041,4/27/2022 11:00,57.636
6042,4/27/2022 11:15,58.066
6043,4/27/2022 11:30,58.582
6044,4/27/2022 11:45,59.056
6045,4/27/2022 12:00,59.616
6046,4/27/2022 12:15,60.174
6047,4/27/2022 12:30,60.733
6048,4/27/2022 12:45,61.333
6049,4/27/2022 13:00,61.977
6050,4/27/2022 13:15,62.62
6051,4/27/2022 13:30,63.347
6052,4/27/2022 13:45,64.074
6053,4/27/2022 14:00,65.188
6054,4/27/2022 14:15,65.959
6055,4/27/2022 14:30,66.686
6056,4/27/2022 14:45,67.456
6057,4/27/2022 15:00,68.227
6058,4/27/2022 15:15,68.956
6059,4/27/2022 15:30,69.557
6060,4/27/2022 15:45,70.115
6061,4/27/2022 16:00,70.543
6062,4/27/2022 16:15,70.63
6063,4/27/2022 16:30,70.759
6064,4/27/2022 16:45,70.93
6065,4/27/2022 17:00,71.103
6066,4/27/2022 17:15,71.19
6067,4/27/2022 17:30,71.19
6068,4/27/2022 17:45,71.06
6069,4/27/2022 18:00,70.846
6070,4/27/2022 18:15,70.716
6071,4/27/2022 18:30,70.543
6072,4/27/2022 18:45,70.329
6073,4/27/2022 19:00,69.985
6074,4/27/2022 19:15,69.643
6075,4/27/2022 19:30,69.213
6076,4/27/2022 19:45,68.785
6077,4/27/2022 20:00,68.313
6078,4/27/2022 20:15,67.798
6079,4/27/2022 20:30,67.329
6080,4/27/2022 20:45,66.814
6081,4/27/2022 21:00,66.258
6082,4/27/2022 21:15,65.745
6083,4/27/2022 21:30,65.23
6084,4/27/2022 21:45,64.76
6085,4/27/2022 22:00,64.288
6086,4/27/2022 22:15,63.819
6087,4/27/2022 22:30,63.347
6088,4/27/2022 22:45,62.962
6089,4/27/2022 23:00,62.533
6090,4/27/2022 23:15,62.148
6091,4/27/2022 23:30,61.761
6092,4/27/2022 23:45,61.333
6093,4/28/2022 0:00,60.948
6094,4/28/2022 0:15,60.561
6095,4/28/2022 0:30,60.174
6096,4/28/2022 0:45,59.83
6097,4/28/2022 1:00,59.445
6098,4/28/2022 1:15,59.099
6099,4/28/2022 1:30,58.798
6100,4/28/2022 1:45,58.455
6101,4/28/2022 2:00,58.152
6102,4/28/2022 2:15,57.85
6103,4/28/2022 2:30,57.549
6104,4/28/2022 2:45,57.247
6105,4/28/2022 3:00,56.944
6106,4/28/2022 3:15,56.685
6107,4/28/2022 3:30,56.426
6108,4/28/2022 3:45,56.165
6109,4/28/2022 4:00,55.906
6110,4/28/2022 4:15,55.733
6111,4/28/2022 4:30,55.515
6112,4/28/2022 4:45,55.342
6113,4/28/2022 5:00,55.213
6114,4/28/2022 5:15,55.038
6115,4/28/2022 5:30,54.909
6116,4/28/2022 5:45,54.777
6117,4/28/2022 6:00,54.648
6118,4/28/2022 6:15,54.516
6119,4/28/2022 6:30,54.43
6120,4/28/2022 6:45,54.3
6121,4/28/2022 7:00,54.212
6122,4/28/2022 7:15,54.255
6123,4/28/2022 7:30,55.69
6124,4/28/2022 7:45,57.376
6125,4/28/2022 8:00,60.003
6126,4/28/2022 8:15,62.191
6127,4/28/2022 8:30,63.99
6128,4/28/2022 8:45,65.23
6129,4/28/2022 9:00,65.745
6130,4/28/2022 9:15,66.258
6131,4/28/2022 9:30,66.772
6132,4/28/2022 9:45,67.285
6133,4/28/2022 10:00,67.757
6134,4/28/2022 10:15,68.099
6135,4/28/2022 10:30,68.4
6136,4/28/2022 10:45,68.657
6137,4/28/2022 11:00,68.956
6138,4/28/2022 11:15,69.256
6139,4/28/2022 11:30,69.557
6140,4/28/2022 11:45,69.901
6141,4/28/2022 12:00,70.201
6142,4/28/2022 12:15,70.543
6143,4/28/2022 12:30,70.846
6144,4/28/2022 12:45,71.146
6145,4/28/2022 13:00,71.404
6146,4/28/2022 13:15,71.661
6147,4/28/2022 13:30,71.791
6148,4/28/2022 13:45,71.834
6149,4/28/2022 14:00,71.748
6150,4/28/2022 14:15,71.704
6151,4/28/2022 14:30,71.62
6152,4/28/2022 14:45,71.533
6153,4/28/2022 15:00,71.404
6154,4/28/2022 15:15,71.231
6155,4/28/2022 15:30,71.017
6156,4/28/2022 15:45,70.759
6157,4/28/2022 16:00,70.459
6158,4/28/2022 16:15,70.158
6159,4/28/2022 16:30,69.814
6160,4/28/2022 16:45,70.115
6161,4/28/2022 17:00,71.017
6162,4/28/2022 17:15,71.704
6163,4/28/2022 17:30,71.704
6164,4/28/2022 17:45,71.577
6165,4/28/2022 18:00,71.361
6166,4/28/2022 18:15,70.974
6167,4/28/2022 18:30,70.459
6168,4/28/2022 18:45,69.858
6169,4/28/2022 19:00,69.213
6170,4/28/2022 19:15,68.527
6171,4/28/2022 19:30,67.757
6172,4/28/2022 19:45,66.985
6173,4/28/2022 20:00,66.214
6174,4/28/2022 20:15,65.788
6175,4/28/2022 20:30,66.301
6176,4/28/2022 20:45,66.9
6177,4/28/2022 21:00,67.543
6178,4/28/2022 21:15,67.413
6179,4/28/2022 21:30,67.158
6180,4/28/2022 21:45,66.772
6181,4/28/2022 22:00,66.429
6182,4/28/2022 22:15,66
6183,4/28/2022 22:30,65.574
6184,4/28/2022 22:45,65.145
6185,4/28/2022 23:00,64.674
6186,4/28/2022 23:15,64.204
6187,4/28/2022 23:30,63.732
6188,4/28/2022 23:45,63.304
6189,4/29/2022 0:00,62.875
6190,4/29/2022 0:15,62.447
6191,4/29/2022 0:30,62.019
6192,4/29/2022 0:45,61.633
6193,4/29/2022 1:00,61.248
6194,4/29/2022 1:15,60.861
6195,4/29/2022 1:30,60.474
6196,4/29/2022 1:45,60.089
6197,4/29/2022 2:00,59.702
6198,4/29/2022 2:15,59.358
6199,4/29/2022 2:30,58.971
6200,4/29/2022 2:45,58.582
6201,4/29/2022 3:00,58.239
6202,4/29/2022 3:15,57.893
6203,4/29/2022 3:30,57.549
6204,4/29/2022 3:45,57.204
6205,4/29/2022 4:00,56.858
6206,4/29/2022 4:15,56.512
6207,4/29/2022 4:30,56.208
6208,4/29/2022 4:45,55.863
6209,4/29/2022 5:00,55.558
6210,4/29/2022 5:15,55.256
6211,4/29/2022 5:30,54.909
6212,4/29/2022 5:45,55.472
6213,4/29/2022 6:00,57.592
6214,4/29/2022 6:15,59.056
6215,4/29/2022 6:30,60.733
6216,4/29/2022 6:45,62.019
6217,4/29/2022 7:00,63.005
6218,4/29/2022 7:15,63.176
6219,4/29/2022 7:30,63.347
6220,4/29/2022 7:45,63.604
6221,4/29/2022 8:00,63.99
6222,4/29/2022 8:15,64.503
6223,4/29/2022 8:30,65.102
6224,4/29/2022 8:45,65.745
6225,4/29/2022 9:00,66.472
6226,4/29/2022 9:15,67.158
6227,4/29/2022 9:30,67.671
6228,4/29/2022 9:45,68.142
6229,4/29/2022 10:00,68.527
6230,4/29/2022 10:15,68.828
6231,4/29/2022 10:30,69.129
6232,4/29/2022 10:45,69.343
6233,4/29/2022 11:00,69.557
6234,4/29/2022 11:15,69.771
6235,4/29/2022 11:30,70.115
6236,4/29/2022 11:45,70.372
6237,4/29/2022 12:00,70.502
6238,4/29/2022 12:15,70.803
6239,4/29/2022 12:30,71.404
6240,4/29/2022 12:45,72.264
6241,4/29/2022 13:00,73.256
6242,4/29/2022 13:15,74.424
6243,4/29/2022 13:30,75.81
6244,4/29/2022 13:45,77.335
6245,4/29/2022 14:00,78.953
6246,4/29/2022 14:15,80.625
6247,4/29/2022 14:30,82.308
6248,4/29/2022 14:45,83.914
6249,4/29/2022 15:00,85.397
6250,4/29/2022 15:15,86.799
6251,4/29/2022 15:30,88.075
6252,4/29/2022 15:45,89.269
6253,4/29/2022 16:00,90.239
6254,4/29/2022 16:15,91.029
6255,4/29/2022 16:30,91.589
6256,4/29/2022 16:45,92.104
6257,4/29/2022 17:00,92.527
6258,4/29/2022 17:15,92.903
6259,4/29/2022 17:30,93.092
6260,4/29/2022 17:45,93.045
6261,4/29/2022 18:00,92.667
6262,4/29/2022 18:15,92.01
6263,4/29/2022 18:30,91.216
6264,4/29/2022 18:45,90.239
6265,4/29/2022 19:00,89.132
6266,4/29/2022 19:15,87.939
6267,4/29/2022 19:30,86.664
6268,4/29/2022 19:45,85.352
6269,4/29/2022 20:00,84.049
6270,4/29/2022 20:15,82.753
6271,4/29/2022 20:30,81.466
6272,4/29/2022 20:45,80.227
6273,4/29/2022 21:00,78.996
6274,4/29/2022 21:15,77.859
6275,4/29/2022 21:30,76.725
6276,4/29/2022 21:45,75.681
6277,4/29/2022 22:00,74.683
6278,4/29/2022 22:15,73.688
6279,4/29/2022 22:30,72.783
6280,4/29/2022 22:45,71.92
6281,4/29/2022 23:00,71.103
6282,4/29/2022 23:15,70.286
6283,4/29/2022 23:30,69.557
6284,4/29/2022 23:45,68.828
6285,4/30/2022 0:00,68.099
6286,4/30/2022 0:15,67.456
6287,4/30/2022 0:30,66.772
6288,4/30/2022 0:45,66.173
6289,4/30/2022 1:00,65.574
6290,4/30/2022 1:15,65.017
6291,4/30/2022 1:30,64.503
6292,4/30/2022 1:45,63.99
6293,4/30/2022 2:00,63.518
6294,4/30/2022 2:15,63.048
6295,4/30/2022 2:30,62.62
6296,4/30/2022 2:45,62.191
6297,4/30/2022 3:00,61.804
6298,4/30/2022 3:15,61.419
6299,4/30/2022 3:30,61.075
6300,4/30/2022 3:45,60.69
6301,4/30/2022 4:00,60.39
6302,4/30/2022 4:15,60.046
6303,4/30/2022 4:30,59.745
6304,4/30/2022 4:45,59.445
6305,4/30/2022 5:00,59.142
6306,4/30/2022 5:15,58.842
6307,4/30/2022 5:30,58.582
6308,4/30/2022 5:45,58.325
6309,4/30/2022 6:00,58.066
6310,4/30/2022 6:15,57.85
6311,4/30/2022 6:30,57.679
6312,4/30/2022 6:45,57.549
6313,4/30/2022 7:00,57.42
6314,4/30/2022 7:15,57.333
6315,4/30/2022 7:30,57.29
6316,4/30/2022 7:45,57.247
6317,4/30/2022 8:00,57.247
6318,4/30/2022 8:15,57.247
6319,4/30/2022 8:30,57.29
6320,4/30/2022 8:45,57.376
6321,4/30/2022 9:00,57.463
6322,4/30/2022 9:15,57.765
6323,4/30/2022 9:30,59.529
6324,4/30/2022 9:45,61.547
6325,4/30/2022 10:00,63.304
6326,4/30/2022 10:15,64.632
6327,4/30/2022 10:30,65.829
6328,4/30/2022 10:45,67.199
6329,4/30/2022 11:00,68.657
6330,4/30/2022 11:15,70.158
6331,4/30/2022 11:30,71.704
6332,4/30/2022 11:45,73.256
6333,4/30/2022 12:00,74.727
6334,4/30/2022 12:15,76.158
6335,4/30/2022 12:30,77.509
6336,4/30/2022 12:45,78.777
6337,4/30/2022 13:00,79.92
6338,4/30/2022 13:15,80.978
6339,4/30/2022 13:30,81.909
6340,4/30/2022 13:45,82.753
6341,4/30/2022 14:00,83.556
6342,4/30/2022 14:15,84.227
6343,4/30/2022 14:30,84.767
6344,4/30/2022 14:45,85.262
6345,4/30/2022 15:00,85.667
6346,4/30/2022 15:15,86.029
6347,4/30/2022 15:30,86.301
6348,4/30/2022 15:45,86.527
6349,4/30/2022 16:00,86.664
6350,4/30/2022 16:15,86.617
6351,4/30/2022 16:30,86.346
6352,4/30/2022 16:45,85.802
6353,4/30/2022 17:00,85.082
6354,4/30/2022 17:15,84.317
6355,4/30/2022 17:30,83.422
6356,4/30/2022 17:45,82.53
6357,4/30/2022 18:00,81.554
6358,4/30/2022 18:15,80.58
6359,4/30/2022 18:30,79.524
6360,4/30/2022 18:45,78.471
6361,4/30/2022 19:00,77.335
6362,4/30/2022 19:15,76.158
6363,4/30/2022 19:30,74.943
6364,4/30/2022 19:45,73.731
6365,4/30/2022 20:00,72.523
6366,4/30/2022 20:15,71.361
6367,4/30/2022 20:30,70.158
6368,4/30/2022 20:45,68.999
6369,4/30/2022 21:00,67.885
6370,4/30/2022 21:15,66.814
6371,4/30/2022 21:30,65.788
6372,4/30/2022 21:45,64.76
6373,4/30/2022 22:00,63.775
6374,4/30/2022 22:15,62.834
6375,4/30/2022 22:30,61.977
6376,4/30/2022 22:45,61.119
6377,4/30/2022 23:00,60.303
6378,4/30/2022 23:15,59.486
6379,4/30/2022 23:30,58.712
6380,4/30/2022 23:45,57.979
6381,5/1/2022 0:00,57.29
6382,5/1/2022 0:15,56.642
6383,5/1/2022 0:30,56.079
6384,5/1/2022 0:45,55.558
6385,5/1/2022 1:00,55.081
6386,5/1/2022 1:15,54.604
6387,5/1/2022 1:30,54.126
6388,5/1/2022 1:45,53.645
6389,5/1/2022 2:00,53.166
6390,5/1/2022 2:15,52.729
6391,5/1/2022 2:30,52.291
6392,5/1/2022 2:45,51.852
6393,5/1/2022 3:00,51.413
6394,5/1/2022 3:15,51.017
6395,5/1/2022 3:30,50.664
6396,5/1/2022 3:45,50.268
6397,5/1/2022 4:00,49.914
6398,5/1/2022 4:15,49.604
6399,5/1/2022 4:30,49.294
6400,5/1/2022 4:45,48.938
6401,5/1/2022 5:00,48.672
6402,5/1/2022 5:15,48.405
6403,5/1/2022 5:30,48.137
6404,5/1/2022 5:45,47.959
6405,5/1/2022 6:00,47.826
6406,5/1/2022 6:15,47.781
6407,5/1/2022 6:30,47.871
6408,5/1/2022 6:45,47.959
6409,5/1/2022 7:00,48.182
6410,5/1/2022 7:15,48.45
6411,5/1/2022 7:30,48.805
6412,5/1/2022 7:45,49.338
6413,5/1/2022 8:00,50.002
6414,5/1/2022 8:15,50.797
6415,5/1/2022 8:30,51.809
6416,5/1/2022 8:45,52.947
6417,5/1/2022 9:00,54.212
6418,5/1/2022 9:15,55.602
6419,5/1/2022 9:30,56.988
6420,5/1/2022 9:45,58.498
6421,5/1/2022 10:00,59.916
6422,5/1/2022 10:15,60.948
6423,5/1/2022 10:30,61.848
6424,5/1/2022 10:45,62.62
6425,5/1/2022 11:00,63.347
6426,5/1/2022 11:15,64.033
6427,5/1/2022 11:30,64.674
6428,5/1/2022 11:45,65.403
6429,5/1/2022 12:00,66.258
6430,5/1/2022 12:15,67.242
6431,5/1/2022 12:30,68.313
6432,5/1/2022 12:45,69.3
6433,5/1/2022 13:00,70.201
6434,5/1/2022 13:15,70.974
6435,5/1/2022 13:30,71.661
6436,5/1/2022 13:45,72.264
6437,5/1/2022 14:00,72.783
6438,5/1/2022 14:15,73.256
6439,5/1/2022 14:30,73.688
6440,5/1/2022 14:45,74.034
6441,5/1/2022 15:00,74.424
6442,5/1/2022 15:15,74.813
6443,5/1/2022 15:30,75.16
6444,5/1/2022 15:45,74.986
6445,5/1/2022 16:00,74.727
6446,5/1/2022 16:15,74.64
6447,5/1/2022 16:30,74.899
6448,5/1/2022 16:45,74.163
6449,5/1/2022 17:00,73.342
6450,5/1/2022 17:15,72.869
6451,5/1/2022 17:30,72.783
6452,5/1/2022 17:45,72.783
6453,5/1/2022 18:00,72.869
6454,5/1/2022 18:15,72.955
6455,5/1/2022 18:30,72.955
6456,5/1/2022 18:45,72.997
6457,5/1/2022 19:00,72.997
6458,5/1/2022 19:15,72.997
6459,5/1/2022 19:30,72.955
6460,5/1/2022 19:45,72.955
6461,5/1/2022 20:00,72.912
6462,5/1/2022 20:15,72.826
6463,5/1/2022 20:30,72.783
6464,5/1/2022 20:45,72.61
6465,5/1/2022 21:00,72.567
6466,5/1/2022 21:15,72.567
6467,5/1/2022 21:30,72.61
6468,5/1/2022 21:45,72.61
6469,5/1/2022 22:00,72.653
6470,5/1/2022 22:15,72.696
6471,5/1/2022 22:30,72.696
6472,5/1/2022 22:45,72.653
6473,5/1/2022 23:00,72.653
6474,5/1/2022 23:15,72.567
6475,5/1/2022 23:30,72.523
6476,5/1/2022 23:45,72.437
6477,5/2/2022 0:00,72.307
6478,5/2/2022 0:15,72.178
6479,5/2/2022 0:30,72.05
6480,5/2/2022 0:45,71.92
6481,5/2/2022 1:00,71.748
6482,5/2/2022 1:15,71.577
6483,5/2/2022 1:30,71.404
6484,5/2/2022 1:45,71.19
6485,5/2/2022 2:00,71.017
6486,5/2/2022 2:15,70.803
6487,5/2/2022 2:30,70.587
6488,5/2/2022 2:45,70.416
6489,5/2/2022 3:00,70.201
6490,5/2/2022 3:15,70.029
6491,5/2/2022 3:30,69.814
6492,5/2/2022 3:45,69.643
6493,5/2/2022 4:00,69.471
6494,5/2/2022 4:15,69.3
6495,5/2/2022 4:30,69.129
6496,5/2/2022 4:45,68.956
6497,5/2/2022 5:00,68.785
6498,5/2/2022 5:15,68.614
6499,5/2/2022 5:30,68.484
6500,5/2/2022 5:45,68.313
6501,5/2/2022 6:00,68.185
6502,5/2/2022 6:15,68.056
6503,5/2/2022 6:30,67.928
6504,5/2/2022 6:45,67.842
6505,5/2/2022 7:00,67.757
6506,5/2/2022 7:15,67.714
6507,5/2/2022 7:30,67.627
6508,5/2/2022 7:45,67.586
6509,5/2/2022 8:00,67.586
6510,5/2/2022 8:15,67.798
6511,5/2/2022 8:30,67.798
6512,5/2/2022 8:45,67.714
6513,5/2/2022 9:00,67.714
6514,5/2/2022 9:15,67.757
6515,5/2/2022 9:30,67.798
6516,5/2/2022 9:45,67.798
6517,5/2/2022 10:00,67.842
6518,5/2/2022 10:15,67.928
6519,5/2/2022 10:30,67.971
6520,5/2/2022 10:45,68.056
6521,5/2/2022 11:00,68.185
6522,5/2/2022 11:15,68.313
6523,5/2/2022 11:30,68.443
6524,5/2/2022 11:45,68.614
6525,5/2/2022 12:00,68.742
6526,5/2/2022 12:15,68.871
6527,5/2/2022 12:30,69.042
6528,5/2/2022 12:45,69.213
6529,5/2/2022 13:00,69.386
6530,5/2/2022 13:15,69.557
6531,5/2/2022 13:30,69.728
6532,5/2/2022 13:45,69.901
6533,5/2/2022 14:00,70.072
6534,5/2/2022 14:15,70.329
6535,5/2/2022 14:30,70.543
6536,5/2/2022 14:45,70.803
6537,5/2/2022 15:00,71.103
6538,5/2/2022 15:15,72.696
6539,5/2/2022 15:30,73.861
6540,5/2/2022 15:45,73.731
6541,5/2/2022 16:00,73.688
6542,5/2/2022 16:15,73.645
6543,5/2/2022 16:30,73.558
6544,5/2/2022 16:45,73.558
6545,5/2/2022 17:00,73.472
6546,5/2/2022 17:15,73.386
6547,5/2/2022 17:30,73.386
6548,5/2/2022 17:45,73.429
6549,5/2/2022 18:00,73.515
6550,5/2/2022 18:15,73.602
6551,5/2/2022 18:30,73.688
6552,5/2/2022 18:45,73.731
6553,5/2/2022 19:00,73.731
6554,5/2/2022 19:15,73.774
6555,5/2/2022 19:30,73.774
6556,5/2/2022 19:45,73.688
6557,5/2/2022 20:00,73.774
6558,5/2/2022 20:15,73.818
6559,5/2/2022 20:30,73.861
6560,5/2/2022 20:45,73.904
6561,5/2/2022 21:00,73.904
6562,5/2/2022 21:15,73.774
6563,5/2/2022 21:30,73.688
6564,5/2/2022 21:45,73.688
6565,5/2/2022 22:00,73.645
6566,5/2/2022 22:15,73.645
6567,5/2/2022 22:30,73.645
6568,5/2/2022 22:45,73.602
6569,5/2/2022 23:00,73.602
6570,5/2/2022 23:15,73.558
6571,5/2/2022 23:30,73.515
6572,5/2/2022 23:45,73.472
6573,5/3/2022 0:00,73.386
6574,5/3/2022 0:15,73.342
6575,5/3/2022 0:30,73.299
6576,5/3/2022 0:45,73.213
6577,5/3/2022 1:00,73.126
6578,5/3/2022 1:15,73.083
6579,5/3/2022 1:30,72.955
6580,5/3/2022 1:45,72.869
6581,5/3/2022 2:00,72.783
6582,5/3/2022 2:15,72.696
6583,5/3/2022 2:30,72.567
6584,5/3/2022 2:45,72.394
6585,5/3/2022 3:00,72.178
6586,5/3/2022 3:15,71.964
6587,5/3/2022 3:30,71.748
6588,5/3/2022 3:45,71.533
6589,5/3/2022 4:00,71.317
6590,5/3/2022 4:15,71.103
6591,5/3/2022 4:30,70.93
6592,5/3/2022 4:45,70.716
6593,5/3/2022 5:00,70.543
6594,5/3/2022 5:15,70.372
6595,5/3/2022 5:30,70.158
6596,5/3/2022 5:45,69.985
6597,5/3/2022 6:00,69.814
6598,5/3/2022 6:15,69.685
6599,5/3/2022 6:30,69.557
6600,5/3/2022 6:45,69.471
6601,5/3/2022 7:00,69.386
6602,5/3/2022 7:15,69.3
6603,5/3/2022 7:30,69.213
6604,5/3/2022 7:45,69.17
6605,5/3/2022 8:00,69.085
6606,5/3/2022 8:15,69.042
6607,5/3/2022 8:30,68.956
6608,5/3/2022 8:45,68.913
6609,5/3/2022 9:00,68.871
6610,5/3/2022 9:15,68.785
6611,5/3/2022 9:30,68.785
6612,5/3/2022 9:45,68.742
6613,5/3/2022 10:00,68.742
6614,5/3/2022 10:15,68.785
6615,5/3/2022 10:30,68.871
6616,5/3/2022 10:45,68.956
6617,5/3/2022 11:00,69.085
6618,5/3/2022 11:15,69.213
6619,5/3/2022 11:30,69.343
6620,5/3/2022 11:45,69.514
6621,5/3/2022 12:00,69.685
6622,5/3/2022 12:15,69.901
6623,5/3/2022 12:30,70.072
6624,5/3/2022 12:45,70.286
6625,5/3/2022 13:00,70.543
6626,5/3/2022 13:15,70.759
6627,5/3/2022 13:30,71.017
6628,5/3/2022 13:45,71.231
6629,5/3/2022 14:00,71.404
6630,5/3/2022 14:15,71.62
6631,5/3/2022 14:30,71.877
6632,5/3/2022 14:45,72.136
6633,5/3/2022 15:00,72.48
6634,5/3/2022 15:15,74.163
6635,5/3/2022 15:30,75.376
6636,5/3/2022 15:45,75.637
6637,5/3/2022 16:00,75.637
6638,5/3/2022 16:15,75.594
6639,5/3/2022 16:30,75.508
6640,5/3/2022 16:45,75.463
6641,5/3/2022 17:00,75.463
6642,5/3/2022 17:15,75.463
6643,5/3/2022 17:30,75.508
6644,5/3/2022 17:45,75.551
6645,5/3/2022 18:00,75.724
6646,5/3/2022 18:15,75.942
6647,5/3/2022 18:30,76.071
6648,5/3/2022 18:45,76.114
6649,5/3/2022 19:00,76.158
6650,5/3/2022 19:15,76.158
6651,5/3/2022 19:30,76.158
6652,5/3/2022 19:45,76.203
6653,5/3/2022 20:00,76.246
6654,5/3/2022 20:15,76.332
6655,5/3/2022 20:30,76.375
6656,5/3/2022 20:45,76.419
6657,5/3/2022 21:00,76.419
6658,5/3/2022 21:15,76.419
6659,5/3/2022 21:30,76.419
6660,5/3/2022 21:45,76.375
6661,5/3/2022 22:00,76.332
6662,5/3/2022 22:15,76.289
6663,5/3/2022 22:30,76.246
6664,5/3/2022 22:45,76.246
6665,5/3/2022 23:00,76.203
6666,5/3/2022 23:15,76.158
6667,5/3/2022 23:30,76.071
6668,5/3/2022 23:45,75.985
6669,5/4/2022 0:00,75.898
6670,5/4/2022 0:15,75.767
6671,5/4/2022 0:30,75.637
6672,5/4/2022 0:45,75.508
6673,5/4/2022 1:00,75.333
6674,5/4/2022 1:15,75.204
6675,5/4/2022 1:30,75.029
6676,5/4/2022 1:45,74.856
6677,5/4/2022 2:00,74.683
6678,5/4/2022 2:15,74.511
6679,5/4/2022 2:30,74.381
6680,5/4/2022 2:45,74.206
6681,5/4/2022 3:00,74.034
6682,5/4/2022 3:15,73.861
6683,5/4/2022 3:30,73.731
6684,5/4/2022 3:45,73.558
6685,5/4/2022 4:00,73.429
6686,5/4/2022 4:15,73.256
6687,5/4/2022 4:30,73.04
6688,5/4/2022 4:45,72.826
6689,5/4/2022 5:00,72.61
6690,5/4/2022 5:15,72.437
6691,5/4/2022 5:30,72.221
6692,5/4/2022 5:45,72.093
6693,5/4/2022 6:00,72.05
6694,5/4/2022 6:15,72.007
6695,5/4/2022 6:30,71.964
6696,5/4/2022 6:45,71.877
6697,5/4/2022 7:00,71.834
6698,5/4/2022 7:15,71.748
6699,5/4/2022 7:30,71.661
6700,5/4/2022 7:45,71.577
6701,5/4/2022 8:00,71.533
6702,5/4/2022 8:15,71.447
6703,5/4/2022 8:30,71.361
6704,5/4/2022 8:45,71.317
6705,5/4/2022 9:00,71.317
6706,5/4/2022 9:15,71.317
6707,5/4/2022 9:30,71.317
6708,5/4/2022 9:45,71.361
6709,5/4/2022 10:00,71.404
6710,5/4/2022 10:15,71.49
6711,5/4/2022 10:30,71.62
6712,5/4/2022 10:45,71.748
6713,5/4/2022 11:00,71.92
6714,5/4/2022 11:15,72.093
6715,5/4/2022 11:30,72.264
6716,5/4/2022 11:45,72.437
6717,5/4/2022 12:00,72.653
6718,5/4/2022 12:15,72.869
6719,5/4/2022 12:30,73.083
6720,5/4/2022 12:45,73.342
6721,5/4/2022 13:00,73.558
6722,5/4/2022 13:15,73.861
6723,5/4/2022 13:30,74.163
6724,5/4/2022 13:45,74.77
6725,5/4/2022 14:00,76.681
6726,5/4/2022 14:15,79.655
6727,5/4/2022 14:30,82.753
6728,5/4/2022 14:45,84.677
6729,5/4/2022 15:00,82.798
6730,5/4/2022 15:15,80.978
6731,5/4/2022 15:30,79.743
6732,5/4/2022 15:45,78.91
6733,5/4/2022 16:00,78.339
6734,5/4/2022 16:15,77.99
6735,5/4/2022 16:30,77.727
6736,5/4/2022 16:45,77.553
6737,5/4/2022 17:00,77.464
6738,5/4/2022 17:15,77.378
6739,5/4/2022 17:30,77.335
6740,5/4/2022 17:45,77.247
6741,5/4/2022 18:00,77.117
6742,5/4/2022 18:15,76.986
6743,5/4/2022 18:30,76.811
6744,5/4/2022 18:45,76.636
6745,5/4/2022 19:00,76.158
6746,5/4/2022 19:15,75.724
6747,5/4/2022 19:30,75.508
6748,5/4/2022 19:45,75.29
6749,5/4/2022 20:00,75.16
6750,5/4/2022 20:15,75.074
6751,5/4/2022 20:30,75.029
6752,5/4/2022 20:45,75.247
6753,5/4/2022 21:00,75.637
6754,5/4/2022 21:15,75.81
6755,5/4/2022 21:30,75.508
6756,5/4/2022 21:45,75.29
6757,5/4/2022 22:00,75.117
6758,5/4/2022 22:15,75.074
6759,5/4/2022 22:30,74.943
6760,5/4/2022 22:45,74.813
6761,5/4/2022 23:00,74.683
6762,5/4/2022 23:15,74.597
6763,5/4/2022 23:30,74.597
6764,5/4/2022 23:45,74.511
6765,5/5/2022 0:00,74.467
6766,5/5/2022 0:15,74.381
6767,5/5/2022 0:30,74.295
6768,5/5/2022 0:45,74.206
6769,5/5/2022 1:00,74.163
6770,5/5/2022 1:15,74.077
6771,5/5/2022 1:30,73.99
6772,5/5/2022 1:45,73.904
6773,5/5/2022 2:00,73.818
6774,5/5/2022 2:15,73.731
6775,5/5/2022 2:30,73.645
6776,5/5/2022 2:45,73.558
6777,5/5/2022 3:00,73.386
6778,5/5/2022 3:15,73.213
6779,5/5/2022 3:30,73.04
6780,5/5/2022 3:45,72.912
6781,5/5/2022 4:00,72.739
6782,5/5/2022 4:15,72.61
6783,5/5/2022 4:30,72.437
6784,5/5/2022 4:45,72.307
6785,5/5/2022 5:00,72.178
6786,5/5/2022 5:15,72.05
6787,5/5/2022 5:30,71.92
6788,5/5/2022 5:45,71.877
6789,5/5/2022 6:00,71.964
6790,5/5/2022 6:15,71.964
6791,5/5/2022 6:30,71.834
6792,5/5/2022 6:45,71.704
6793,5/5/2022 7:00,71.577
6794,5/5/2022 7:15,71.533
6795,5/5/2022 7:30,71.49
6796,5/5/2022 7:45,71.447
6797,5/5/2022 8:00,71.404
6798,5/5/2022 8:15,71.404
6799,5/5/2022 8:30,71.49
6800,5/5/2022 8:45,71.834
6801,5/5/2022 9:00,72.093
6802,5/5/2022 9:15,71.06
6803,5/5/2022 9:30,70.759
6804,5/5/2022 9:45,70.63
6805,5/5/2022 10:00,70.587
6806,5/5/2022 10:15,70.587
6807,5/5/2022 10:30,70.673
6808,5/5/2022 10:45,70.759
6809,5/5/2022 11:00,70.846
6810,5/5/2022 11:15,70.974
6811,5/5/2022 11:30,71.06
6812,5/5/2022 11:45,71.19
6813,5/5/2022 12:00,71.317
6814,5/5/2022 12:15,71.404
6815,5/5/2022 12:30,71.533
6816,5/5/2022 12:45,71.661
6817,5/5/2022 13:00,71.834
6818,5/5/2022 13:15,72.007
6819,5/5/2022 13:30,72.221
6820,5/5/2022 13:45,72.437
6821,5/5/2022 14:00,72.61
6822,5/5/2022 14:15,72.739
6823,5/5/2022 14:30,72.783
6824,5/5/2022 14:45,72.826
6825,5/5/2022 15:00,72.869
6826,5/5/2022 15:15,72.955
6827,5/5/2022 15:30,72.997
6828,5/5/2022 15:45,73.083
6829,5/5/2022 16:00,73.126
6830,5/5/2022 16:15,73.213
6831,5/5/2022 16:30,73.256
6832,5/5/2022 16:45,73.299
6833,5/5/2022 17:00,73.299
6834,5/5/2022 17:15,73.299
6835,5/5/2022 17:30,73.342
6836,5/5/2022 17:45,73.342
6837,5/5/2022 18:00,73.342
6838,5/5/2022 18:15,73.342
6839,5/5/2022 18:30,73.342
6840,5/5/2022 18:45,73.299
6841,5/5/2022 19:00,73.256
6842,5/5/2022 19:15,73.213
6843,5/5/2022 19:30,73.126
6844,5/5/2022 19:45,73.04
6845,5/5/2022 20:00,72.997
6846,5/5/2022 20:15,72.912
6847,5/5/2022 20:30,72.869
6848,5/5/2022 20:45,72.783
6849,5/5/2022 21:00,72.696
6850,5/5/2022 21:15,72.653
6851,5/5/2022 21:30,72.567
6852,5/5/2022 21:45,72.523
6853,5/5/2022 22:00,72.48
6854,5/5/2022 22:15,72.394
6855,5/5/2022 22:30,72.351
6856,5/5/2022 22:45,72.307
6857,5/5/2022 23:00,72.221
6858,5/5/2022 23:15,72.178
6859,5/5/2022 23:30,72.093
6860,5/5/2022 23:45,72.05
6861,5/6/2022 0:00,71.964
6862,5/6/2022 0:15,71.877
6863,5/6/2022 0:30,71.834
6864,5/6/2022 0:45,71.748
6865,5/6/2022 1:00,71.704
6866,5/6/2022 1:15,71.661
6867,5/6/2022 1:30,71.577
6868,5/6/2022 1:45,71.533
6869,5/6/2022 2:00,71.447
6870,5/6/2022 2:15,71.404
6871,5/6/2022 2:30,71.361
6872,5/6/2022 2:45,71.274
6873,5/6/2022 3:00,71.231
6874,5/6/2022 3:15,71.146
6875,5/6/2022 3:30,71.103
6876,5/6/2022 3:45,71.017
6877,5/6/2022 4:00,70.974
6878,5/6/2022 4:15,70.887
6879,5/6/2022 4:30,70.803
6880,5/6/2022 4:45,70.716
6881,5/6/2022 5:00,70.673
6882,5/6/2022 5:15,70.63
6883,5/6/2022 5:30,70.543
6884,5/6/2022 5:45,70.502
6885,5/6/2022 6:00,70.416
6886,5/6/2022 6:15,70.372
6887,5/6/2022 6:30,70.329
6888,5/6/2022 6:45,70.286
6889,5/6/2022 7:00,70.286
6890,5/6/2022 7:15,70.286
6891,5/6/2022 7:30,70.286
6892,5/6/2022 7:45,70.286
6893,5/6/2022 8:00,70.286
6894,5/6/2022 8:15,70.286
6895,5/6/2022 8:30,70.329
6896,5/6/2022 8:45,70.329
6897,5/6/2022 9:00,70.372
6898,5/6/2022 9:15,70.416
6899,5/6/2022 9:30,70.459
6900,5/6/2022 9:45,70.459
6901,5/6/2022 10:00,70.543
6902,5/6/2022 10:15,70.587
6903,5/6/2022 10:30,70.63
6904,5/6/2022 10:45,70.716
6905,5/6/2022 11:00,70.803
6906,5/6/2022 11:15,70.887
6907,5/6/2022 11:30,70.93
6908,5/6/2022 11:45,70.974
6909,5/6/2022 12:00,71.017
6910,5/6/2022 12:15,71.103
6911,5/6/2022 12:30,71.231
6912,5/6/2022 12:45,71.317
6913,5/6/2022 13:00,71.447
6914,5/6/2022 13:15,71.62
6915,5/6/2022 13:30,71.92
6916,5/6/2022 13:45,72.136
6917,5/6/2022 14:00,72.394
6918,5/6/2022 14:15,72.567
6919,5/6/2022 14:30,72.567
6920,5/6/2022 14:45,72.567
6921,5/6/2022 15:00,72.567
6922,5/6/2022 15:15,72.567
6923,5/6/2022 15:30,72.61
6924,5/6/2022 15:45,72.61
6925,5/6/2022 16:00,72.696
6926,5/6/2022 16:15,72.739
6927,5/6/2022 16:30,72.783
6928,5/6/2022 16:45,72.869
6929,5/6/2022 17:00,72.869
6930,5/6/2022 17:15,72.912
6931,5/6/2022 17:30,72.912
6932,5/6/2022 17:45,72.955
6933,5/6/2022 18:00,72.955
6934,5/6/2022 18:15,72.955
6935,5/6/2022 18:30,72.955
6936,5/6/2022 18:45,72.912
6937,5/6/2022 19:00,72.869
6938,5/6/2022 19:15,72.826
6939,5/6/2022 19:30,72.783
6940,5/6/2022 19:45,72.783
6941,5/6/2022 20:00,72.696
6942,5/6/2022 20:15,72.653
6943,5/6/2022 20:30,72.61
6944,5/6/2022 20:45,72.567
6945,5/6/2022 21:00,72.523
6946,5/6/2022 21:15,72.437
6947,5/6/2022 21:30,72.394
6948,5/6/2022 21:45,72.307
6949,5/6/2022 22:00,72.264
6950,5/6/2022 22:15,72.178
6951,5/6/2022 22:30,72.093
6952,5/6/2022 22:45,72.007
6953,5/6/2022 23:00,71.92
6954,5/6/2022 23:15,71.834
6955,5/6/2022 23:30,71.748
6956,5/6/2022 23:45,71.62
6957,5/7/2022 0:00,71.533
6958,5/7/2022 0:15,71.404
6959,5/7/2022 0:30,71.317
6960,5/7/2022 0:45,71.19
6961,5/7/2022 1:00,71.06
6962,5/7/2022 1:15,70.974
6963,5/7/2022 1:30,70.846
6964,5/7/2022 1:45,70.759
6965,5/7/2022 2:00,70.63
6966,5/7/2022 2:15,70.502
6967,5/7/2022 2:30,70.372
6968,5/7/2022 2:45,70.286
6969,5/7/2022 3:00,70.158
6970,5/7/2022 3:15,70.029
6971,5/7/2022 3:30,69.901
6972,5/7/2022 3:45,69.814
6973,5/7/2022 4:00,69.685
6974,5/7/2022 4:15,69.6
6975,5/7/2022 4:30,69.514
6976,5/7/2022 4:45,69.427
6977,5/7/2022 5:00,69.343
6978,5/7/2022 5:15,69.256
6979,5/7/2022 5:30,69.17
6980,5/7/2022 5:45,69.129
6981,5/7/2022 6:00,69.085
6982,5/7/2022 6:15,69.042
6983,5/7/2022 6:30,68.956
6984,5/7/2022 6:45,68.913
6985,5/7/2022 7:00,68.871
6986,5/7/2022 7:15,68.828
6987,5/7/2022 7:30,68.871
6988,5/7/2022 7:45,68.871
6989,5/7/2022 8:00,68.871
6990,5/7/2022 8:15,68.871
6991,5/7/2022 8:30,68.871
6992,5/7/2022 8:45,68.871
6993,5/7/2022 9:00,68.828
6994,5/7/2022 9:15,68.828
6995,5/7/2022 9:30,68.828
6996,5/7/2022 9:45,68.828
6997,5/7/2022 10:00,68.828
6998,5/7/2022 10:15,68.871
6999,5/7/2022 10:30,68.913
7000,5/7/2022 10:45,68.956
7001,5/7/2022 11:00,69.042
7002,5/7/2022 11:15,69.129
7003,5/7/2022 11:30,69.213
7004,5/7/2022 11:45,69.3
7005,5/7/2022 12:00,69.386
7006,5/7/2022 12:15,69.514
7007,5/7/2022 12:30,69.643
7008,5/7/2022 12:45,69.814
7009,5/7/2022 13:00,70.029
7010,5/7/2022 13:15,70.329
7011,5/7/2022 13:30,70.759
7012,5/7/2022 13:45,71.103
7013,5/7/2022 14:00,71.447
7014,5/7/2022 14:15,71.661
7015,5/7/2022 14:30,71.661
7016,5/7/2022 14:45,71.62
7017,5/7/2022 15:00,71.62
7018,5/7/2022 15:15,71.661
7019,5/7/2022 15:30,71.748
7020,5/7/2022 15:45,71.834
7021,5/7/2022 16:00,71.92
7022,5/7/2022 16:15,72.05
7023,5/7/2022 16:30,72.178
7024,5/7/2022 16:45,72.264
7025,5/7/2022 17:00,72.351
7026,5/7/2022 17:15,72.394
7027,5/7/2022 17:30,72.48
7028,5/7/2022 17:45,72.523
7029,5/7/2022 18:00,72.567
7030,5/7/2022 18:15,72.567
7031,5/7/2022 18:30,72.523
7032,5/7/2022 18:45,72.48
7033,5/7/2022 19:00,72.394
7034,5/7/2022 19:15,72.351
7035,5/7/2022 19:30,72.307
7036,5/7/2022 19:45,72.264
7037,5/7/2022 20:00,72.264
7038,5/7/2022 20:15,72.221
7039,5/7/2022 20:30,72.178
7040,5/7/2022 20:45,72.136
7041,5/7/2022 21:00,72.05
7042,5/7/2022 21:15,71.964
7043,5/7/2022 21:30,71.834
7044,5/7/2022 21:45,71.748
7045,5/7/2022 22:00,71.62
7046,5/7/2022 22:15,71.533
7047,5/7/2022 22:30,71.447
7048,5/7/2022 22:45,71.317
7049,5/7/2022 23:00,71.19
7050,5/7/2022 23:15,71.06
7051,5/7/2022 23:30,70.93
7052,5/7/2022 23:45,70.803
7053,5/8/2022 0:00,70.673
7054,5/8/2022 0:15,70.543
7055,5/8/2022 0:30,70.416
7056,5/8/2022 0:45,70.286
7057,5/8/2022 1:00,70.158
7058,5/8/2022 1:15,70.029
7059,5/8/2022 1:30,69.901
7060,5/8/2022 1:45,69.771
7061,5/8/2022 2:00,69.643
7062,5/8/2022 2:15,69.514
7063,5/8/2022 2:30,69.386
7064,5/8/2022 2:45,69.256
7065,5/8/2022 3:00,69.129
7066,5/8/2022 3:15,68.999
7067,5/8/2022 3:30,68.871
7068,5/8/2022 3:45,68.742
7069,5/8/2022 4:00,68.614
7070,5/8/2022 4:15,68.484
7071,5/8/2022 4:30,68.356
7072,5/8/2022 4:45,68.227
7073,5/8/2022 5:00,68.099
7074,5/8/2022 5:15,67.971
7075,5/8/2022 5:30,67.842
7076,5/8/2022 5:45,67.714
7077,5/8/2022 6:00,67.627
7078,5/8/2022 6:15,67.543
7079,5/8/2022 6:30,67.543
7080,5/8/2022 6:45,67.543
7081,5/8/2022 7:00,67.543
7082,5/8/2022 7:15,67.5
7083,5/8/2022 7:30,67.5
7084,5/8/2022 7:45,67.5
7085,5/8/2022 8:00,67.456
7086,5/8/2022 8:15,67.413
7087,5/8/2022 8:30,67.413
7088,5/8/2022 8:45,67.372
7089,5/8/2022 9:00,67.372
7090,5/8/2022 9:15,67.413
7091,5/8/2022 9:30,67.456
7092,5/8/2022 9:45,67.5
7093,5/8/2022 10:00,67.5
7094,5/8/2022 10:15,67.543
7095,5/8/2022 10:30,67.586
7096,5/8/2022 10:45,67.586
7097,5/8/2022 11:00,67.627
7098,5/8/2022 11:15,67.671
7099,5/8/2022 11:30,67.714
7100,5/8/2022 11:45,67.757
7101,5/8/2022 12:00,67.798
7102,5/8/2022 12:15,67.842
7103,5/8/2022 12:30,67.928
7104,5/8/2022 12:45,68.056
7105,5/8/2022 13:00,68.227
7106,5/8/2022 13:15,68.4
7107,5/8/2022 13:30,68.828
7108,5/8/2022 13:45,69.17
7109,5/8/2022 14:00,69.471
7110,5/8/2022 14:15,69.643
7111,5/8/2022 14:30,69.514
7112,5/8/2022 14:45,69.427
7113,5/8/2022 15:00,69.343
7114,5/8/2022 15:15,69.386
7115,5/8/2022 15:30,69.427
7116,5/8/2022 15:45,69.514
7117,5/8/2022 16:00,69.557
7118,5/8/2022 16:15,69.6
7119,5/8/2022 16:30,69.643
7120,5/8/2022 16:45,69.685
7121,5/8/2022 17:00,69.728
7122,5/8/2022 17:15,69.728
7123,5/8/2022 17:30,69.771
7124,5/8/2022 17:45,69.771
7125,5/8/2022 18:00,69.771
7126,5/8/2022 18:15,69.771
7127,5/8/2022 18:30,69.728
7128,5/8/2022 18:45,69.685
7129,5/8/2022 19:00,69.6
7130,5/8/2022 19:15,69.557
7131,5/8/2022 19:30,69.471
7132,5/8/2022 19:45,69.386
7133,5/8/2022 20:00,69.3
7134,5/8/2022 20:15,69.213
7135,5/8/2022 20:30,69.085
7136,5/8/2022 20:45,68.999
7137,5/8/2022 21:00,68.913
7138,5/8/2022 21:15,68.828
7139,5/8/2022 21:30,68.698
7140,5/8/2022 21:45,68.614
7141,5/8/2022 22:00,68.527
7142,5/8/2022 22:15,68.4
7143,5/8/2022 22:30,68.27
7144,5/8/2022 22:45,68.142
7145,5/8/2022 23:00,67.971
7146,5/8/2022 23:15,67.885
7147,5/8/2022 23:30,67.757
7148,5/8/2022 23:45,67.627
7149,5/9/2022 0:00,67.5
7150,5/9/2022 0:15,67.372
7151,5/9/2022 0:30,67.242
7152,5/9/2022 0:45,67.114
7153,5/9/2022 1:00,66.985
7154,5/9/2022 1:15,66.857
7155,5/9/2022 1:30,66.772
7156,5/9/2022 1:45,66.643
7157,5/9/2022 2:00,66.515
7158,5/9/2022 2:15,66.385
7159,5/9/2022 2:30,66.258
7160,5/9/2022 2:45,66.173
7161,5/9/2022 3:00,66.087
7162,5/9/2022 3:15,65.959
7163,5/9/2022 3:30,65.872
7164,5/9/2022 3:45,65.745
7165,5/9/2022 4:00,65.615
7166,5/9/2022 4:15,65.487
7167,5/9/2022 4:30,65.359
7168,5/9/2022 4:45,65.23
7169,5/9/2022 5:00,65.145
7170,5/9/2022 5:15,65.017
7171,5/9/2022 5:30,64.888
7172,5/9/2022 5:45,64.76
7173,5/9/2022 6:00,64.674
7174,5/9/2022 6:15,64.632
7175,5/9/2022 6:30,64.589
7176,5/9/2022 6:45,64.546
7177,5/9/2022 7:00,64.589
7178,5/9/2022 7:15,64.632
7179,5/9/2022 7:30,64.632
7180,5/9/2022 7:45,64.632
7181,5/9/2022 8:00,64.632
7182,5/9/2022 8:15,64.632
7183,5/9/2022 8:30,64.632
7184,5/9/2022 8:45,64.632
7185,5/9/2022 9:00,64.632
7186,5/9/2022 9:15,64.632
7187,5/9/2022 9:30,64.632
7188,5/9/2022 9:45,64.674
7189,5/9/2022 10:00,64.674
7190,5/9/2022 10:15,64.717
7191,5/9/2022 10:30,64.76
7192,5/9/2022 10:45,64.803
7193,5/9/2022 11:00,64.888
7194,5/9/2022 11:15,64.974
7195,5/9/2022 11:30,65.059
7196,5/9/2022 11:45,65.188
7197,5/9/2022 12:00,65.316
7198,5/9/2022 12:15,65.444
7199,5/9/2022 12:30,65.574
7200,5/9/2022 12:45,65.745
7201,5/9/2022 13:00,65.959
7202,5/9/2022 13:15,66.258
7203,5/9/2022 13:30,66.772
7204,5/9/2022 13:45,67.285
7205,5/9/2022 14:00,67.714
7206,5/9/2022 14:15,67.842
7207,5/9/2022 14:30,67.671
7208,5/9/2022 14:45,67.586
7209,5/9/2022 15:00,67.543
7210,5/9/2022 15:15,67.543
7211,5/9/2022 15:30,67.586
7212,5/9/2022 15:45,67.671
7213,5/9/2022 16:00,67.714
7214,5/9/2022 16:15,67.798
7215,5/9/2022 16:30,67.842
7216,5/9/2022 16:45,67.928
7217,5/9/2022 17:00,67.971
7218,5/9/2022 17:15,68.056
7219,5/9/2022 17:30,68.099
7220,5/9/2022 17:45,68.227
7221,5/9/2022 18:00,68.4
7222,5/9/2022 18:15,68.571
7223,5/9/2022 18:30,68.742
7224,5/9/2022 18:45,68.956
7225,5/9/2022 19:00,69.042
7226,5/9/2022 19:15,68.999
7227,5/9/2022 19:30,68.999
7228,5/9/2022 19:45,68.999
7229,5/9/2022 20:00,68.913
7230,5/9/2022 20:15,68.828
7231,5/9/2022 20:30,68.742
7232,5/9/2022 20:45,68.657
7233,5/9/2022 21:00,68.657
7234,5/9/2022 21:15,68.657
7235,5/9/2022 21:30,68.614
7236,5/9/2022 21:45,68.571
7237,5/9/2022 22:00,68.527
7238,5/9/2022 22:15,68.527
7239,5/9/2022 22:30,68.571
7240,5/9/2022 22:45,68.571
7241,5/9/2022 23:00,68.571
7242,5/9/2022 23:15,68.571
7243,5/9/2022 23:30,68.527
7244,5/9/2022 23:45,68.484
7245,5/10/2022 0:00,68.443
7246,5/10/2022 0:15,68.313
7247,5/10/2022 0:30,68.142
7248,5/10/2022 0:45,67.928
7249,5/10/2022 1:00,67.714
7250,5/10/2022 1:15,67.543
7251,5/10/2022 1:30,67.372
7252,5/10/2022 1:45,67.242
7253,5/10/2022 2:00,67.071
7254,5/10/2022 2:15,66.943
7255,5/10/2022 2:30,66.814
7256,5/10/2022 2:45,66.686
7257,5/10/2022 3:00,66.515
7258,5/10/2022 3:15,66.385
7259,5/10/2022 3:30,66.214
7260,5/10/2022 3:45,66.043
7261,5/10/2022 4:00,65.916
7262,5/10/2022 4:15,65.788
7263,5/10/2022 4:30,65.658
7264,5/10/2022 4:45,65.53
7265,5/10/2022 5:00,65.403
7266,5/10/2022 5:15,65.316
7267,5/10/2022 5:30,65.188
7268,5/10/2022 5:45,65.102
7269,5/10/2022 6:00,65.017
7270,5/10/2022 6:15,64.974
7271,5/10/2022 6:30,64.974
7272,5/10/2022 6:45,64.974
7273,5/10/2022 7:00,64.974
7274,5/10/2022 7:15,64.974
7275,5/10/2022 7:30,64.974
7276,5/10/2022 7:45,64.974
7277,5/10/2022 8:00,64.974
7278,5/10/2022 8:15,65.102
7279,5/10/2022 8:30,65.316
7280,5/10/2022 8:45,65.444
7281,5/10/2022 9:00,65.487
7282,5/10/2022 9:15,65.53
7283,5/10/2022 9:30,65.574
7284,5/10/2022 9:45,65.574
7285,5/10/2022 10:00,65.574
7286,5/10/2022 10:15,65.658
7287,5/10/2022 10:30,65.701
7288,5/10/2022 10:45,65.745
7289,5/10/2022 11:00,65.829
7290,5/10/2022 11:15,65.916
7291,5/10/2022 11:30,66.043
7292,5/10/2022 11:45,66.13
7293,5/10/2022 12:00,66.258
7294,5/10/2022 12:15,66.429
7295,5/10/2022 12:30,66.558
7296,5/10/2022 12:45,66.729
7297,5/10/2022 13:00,66.943
7298,5/10/2022 13:15,67.285
7299,5/10/2022 13:30,67.971
7300,5/10/2022 13:45,68.614
7301,5/10/2022 14:00,69.085
7302,5/10/2022 14:15,69.213
7303,5/10/2022 14:30,69.129
7304,5/10/2022 14:45,69.085
7305,5/10/2022 15:00,69.085
7306,5/10/2022 15:15,69.129
7307,5/10/2022 15:30,69.17
7308,5/10/2022 15:45,69.256
7309,5/10/2022 16:00,69.343
7310,5/10/2022 16:15,69.386
7311,5/10/2022 16:30,69.427
7312,5/10/2022 16:45,69.471
7313,5/10/2022 17:00,69.514
7314,5/10/2022 17:15,69.6
7315,5/10/2022 17:30,69.685
7316,5/10/2022 17:45,69.728
7317,5/10/2022 18:00,69.771
7318,5/10/2022 18:15,69.771
7319,5/10/2022 18:30,69.771
7320,5/10/2022 18:45,69.728
7321,5/10/2022 19:00,69.643
7322,5/10/2022 19:15,69.557
7323,5/10/2022 19:30,69.514
7324,5/10/2022 19:45,69.427
7325,5/10/2022 20:00,69.386
7326,5/10/2022 20:15,69.3
7327,5/10/2022 20:30,69.213
7328,5/10/2022 20:45,69.129
7329,5/10/2022 21:00,69.085
7330,5/10/2022 21:15,69.085
7331,5/10/2022 21:30,69.042
7332,5/10/2022 21:45,68.999
7333,5/10/2022 22:00,68.956
7334,5/10/2022 22:15,68.913
7335,5/10/2022 22:30,68.828
7336,5/10/2022 22:45,68.828
7337,5/10/2022 23:00,68.828
7338,5/10/2022 23:15,68.828
7339,5/10/2022 23:30,68.785
7340,5/10/2022 23:45,68.785
7341,5/11/2022 0:00,68.871
7342,5/11/2022 0:15,68.657
7343,5/11/2022 0:30,68.571
7344,5/11/2022 0:45,68.571
7345,5/11/2022 1:00,68.484
7346,5/11/2022 1:15,68.484
7347,5/11/2022 1:30,68.4
7348,5/11/2022 1:45,68.27
7349,5/11/2022 2:00,68.099
7350,5/11/2022 2:15,67.928
7351,5/11/2022 2:30,67.757
7352,5/11/2022 2:45,67.586
7353,5/11/2022 3:00,67.413
7354,5/11/2022 3:15,67.242
7355,5/11/2022 3:30,67.071
7356,5/11/2022 3:45,66.9
7357,5/11/2022 4:00,66.729
7358,5/11/2022 4:15,66.558
7359,5/11/2022 4:30,66.385
7360,5/11/2022 4:45,66.214
7361,5/11/2022 5:00,66.043
7362,5/11/2022 5:15,65.872
7363,5/11/2022 5:30,65.701
7364,5/11/2022 5:45,65.574
7365,5/11/2022 6:00,65.444
7366,5/11/2022 6:15,65.403
7367,5/11/2022 6:30,65.359
7368,5/11/2022 6:45,65.359
7369,5/11/2022 7:00,65.316
7370,5/11/2022 7:15,65.359
7371,5/11/2022 7:30,65.359
7372,5/11/2022 7:45,65.359
7373,5/11/2022 8:00,65.403
7374,5/11/2022 8:15,65.403
7375,5/11/2022 8:30,65.403
7376,5/11/2022 8:45,65.403
7377,5/11/2022 9:00,65.444
7378,5/11/2022 9:15,65.444
7379,5/11/2022 9:30,65.487
7380,5/11/2022 9:45,65.487
7381,5/11/2022 10:00,65.574
7382,5/11/2022 10:15,65.615
7383,5/11/2022 10:30,65.658
7384,5/11/2022 10:45,65.745
7385,5/11/2022 11:00,65.872
7386,5/11/2022 11:15,66
7387,5/11/2022 11:30,66.214
7388,5/11/2022 11:45,66.429
7389,5/11/2022 12:00,66.686
7390,5/11/2022 12:15,66.985
7391,5/11/2022 12:30,67.242
7392,5/11/2022 12:45,67.456
7393,5/11/2022 13:00,67.757
7394,5/11/2022 13:15,68.142
7395,5/11/2022 13:30,68.871
7396,5/11/2022 13:45,69.471
7397,5/11/2022 14:00,69.771
7398,5/11/2022 14:15,69.858
7399,5/11/2022 14:30,69.771
7400,5/11/2022 14:45,69.643
7401,5/11/2022 15:00,69.643
7402,5/11/2022 15:15,69.643
7403,5/11/2022 15:30,69.728
7404,5/11/2022 15:45,69.814
7405,5/11/2022 16:00,69.942
7406,5/11/2022 16:15,70.029
7407,5/11/2022 16:30,70.158
7408,5/11/2022 16:45,70.243
7409,5/11/2022 17:00,70.372
7410,5/11/2022 17:15,70.459
7411,5/11/2022 17:30,70.543
7412,5/11/2022 17:45,70.673
7413,5/11/2022 18:00,70.846
7414,5/11/2022 18:15,71.017
7415,5/11/2022 18:30,71.103
7416,5/11/2022 18:45,71.19
7417,5/11/2022 19:00,71.231
7418,5/11/2022 19:15,71.231
7419,5/11/2022 19:30,71.274
7420,5/11/2022 19:45,71.317
7421,5/11/2022 20:00,71.361
7422,5/11/2022 20:15,70.974
7423,5/11/2022 20:30,70.716
7424,5/11/2022 20:45,70.416
7425,5/11/2022 21:00,70.115
7426,5/11/2022 21:15,69.858
7427,5/11/2022 21:30,69.514
7428,5/11/2022 21:45,69.17
7429,5/11/2022 22:00,68.999
7430,5/11/2022 22:15,68.999
7431,5/11/2022 22:30,68.999
7432,5/11/2022 22:45,68.999
7433,5/11/2022 23:00,68.999
7434,5/11/2022 23:15,68.999
7435,5/11/2022 23:30,68.956
7436,5/11/2022 23:45,68.913
7437,5/12/2022 0:00,68.871
7438,5/12/2022 0:15,68.828
7439,5/12/2022 0:30,68.742
7440,5/12/2022 0:45,68.657
7441,5/12/2022 1:00,68.527
7442,5/12/2022 1:15,68.4
7443,5/12/2022 1:30,68.27
7444,5/12/2022 1:45,68.099
7445,5/12/2022 2:00,67.928
7446,5/12/2022 2:15,67.757
7447,5/12/2022 2:30,67.586
7448,5/12/2022 2:45,67.413
7449,5/12/2022 3:00,67.242
7450,5/12/2022 3:15,67.071
7451,5/12/2022 3:30,66.857
7452,5/12/2022 3:45,66.686
7453,5/12/2022 4:00,66.515
7454,5/12/2022 4:15,66.344
7455,5/12/2022 4:30,66.173
7456,5/12/2022 4:45,66
7457,5/12/2022 5:00,65.872
7458,5/12/2022 5:15,65.701
7459,5/12/2022 5:30,65.574
7460,5/12/2022 5:45,65.444
7461,5/12/2022 6:00,65.316
7462,5/12/2022 6:15,65.316
7463,5/12/2022 6:30,65.316
7464,5/12/2022 6:45,65.359
7465,5/12/2022 7:00,65.403
7466,5/12/2022 7:15,65.487
7467,5/12/2022 7:30,65.574
7468,5/12/2022 7:45,65.658
7469,5/12/2022 8:00,65.745
7470,5/12/2022 8:15,66.043
7471,5/12/2022 8:30,66.087
7472,5/12/2022 8:45,66.686
7473,5/12/2022 9:00,67.413
7474,5/12/2022 9:15,67.885
7475,5/12/2022 9:30,68.27
7476,5/12/2022 9:45,69.085
7477,5/12/2022 10:00,70.459
7478,5/12/2022 10:15,71.404
7479,5/12/2022 10:30,71.834
7480,5/12/2022 10:45,71.92
7481,5/12/2022 11:00,71.834
7482,5/12/2022 11:15,71.834
7483,5/12/2022 11:30,71.92
7484,5/12/2022 11:45,72.093
7485,5/12/2022 12:00,72.307
7486,5/12/2022 12:15,71.748
7487,5/12/2022 12:30,70.673
7488,5/12/2022 12:45,69.814
7489,5/12/2022 13:00,69.213
7490,5/12/2022 13:15,68.698
7491,5/12/2022 13:30,68.313
7492,5/12/2022 13:45,67.971
7493,5/12/2022 14:00,67.714
7494,5/12/2022 14:15,67.456
7495,5/12/2022 14:30,67.285
7496,5/12/2022 14:45,67.543
7497,5/12/2022 15:00,67.413
7498,5/12/2022 15:15,68.099
7499,5/12/2022 15:16,
7500,5/12/2022 15:16,
7501,5/12/2022 15:16,
7502,5/12/2022 15:17,
7503,5/12/2022 15:17,
