Obs_Numb,Date_Time,Temp_F
1,2/23/2022 13:00,61.119
2,2/23/2022 13:15,61.075
3,2/23/2022 13:30,61.032
4,2/23/2022 13:45,60.991
5,2/23/2022 14:00,60.948
6,2/23/2022 14:15,60.818
7,2/23/2022 14:30,60.733
8,2/23/2022 14:45,60.733
9,2/23/2022 15:00,61.032
10,2/23/2022 15:15,61.761
11,2/23/2022 15:30,62.577
12,2/23/2022 15:45,63.304
13,2/23/2022 16:00,63.946
14,2/23/2022 16:15,64.459
15,2/23/2022 16:30,64.888
16,2/23/2022 16:45,65.059
17,2/23/2022 17:00,65.487
18,2/23/2022 17:15,65.916
19,2/23/2022 17:30,66.429
20,2/23/2022 17:45,66.857
21,2/23/2022 18:00,67.158
22,2/23/2022 18:15,67.627
23,2/23/2022 18:30,68.013
24,2/23/2022 18:45,68.356
25,2/23/2022 19:00,68.742
26,2/23/2022 19:15,69.085
27,2/23/2022 19:30,69.858
28,2/23/2022 19:45,70.286
29,2/23/2022 20:00,70.673
30,2/23/2022 20:15,70.93
31,2/23/2022 20:30,71.231
32,2/23/2022 20:45,70.887
33,2/23/2022 21:00,70.286
34,2/23/2022 21:15,69.685
35,2/23/2022 21:30,69.386
36,2/23/2022 21:45,69.685
37,2/23/2022 22:00,70.029
38,2/23/2022 22:15,70.372
39,2/23/2022 22:30,70.716
40,2/23/2022 22:45,71.017
41,2/23/2022 23:00,70.803
42,2/23/2022 23:15,70.115
43,2/23/2022 23:30,69.557
44,2/23/2022 23:45,69.514
45,2/24/2022 0:00,69.814
46,2/24/2022 0:15,70.072
47,2/24/2022 0:30,70.329
48,2/24/2022 0:45,70.459
49,2/24/2022 1:00,70.759
50,2/24/2022 1:15,70.974
51,2/24/2022 1:30,70.846
52,2/24/2022 1:45,70.286
53,2/24/2022 2:00,69.771
54,2/24/2022 2:15,69.471
55,2/24/2022 2:30,69.6
56,2/24/2022 2:45,69.858
57,2/24/2022 3:00,70.115
58,2/24/2022 3:15,70.286
59,2/24/2022 3:30,70.543
60,2/24/2022 3:45,70.759
61,2/24/2022 4:00,70.974
62,2/24/2022 4:15,70.93
63,2/24/2022 4:30,70.372
64,2/24/2022 4:45,69.858
65,2/24/2022 5:00,69.427
66,2/24/2022 5:15,69.514
67,2/24/2022 5:30,69.814
68,2/24/2022 5:45,70.286
69,2/24/2022 6:00,70.543
70,2/24/2022 6:15,70.887
71,2/24/2022 6:30,71.146
72,2/24/2022 6:45,70.803
73,2/24/2022 7:00,70.201
74,2/24/2022 7:15,69.6
75,2/24/2022 7:30,69.386
76,2/24/2022 7:45,69.728
77,2/24/2022 8:00,70.072
78,2/24/2022 8:15,70.416
79,2/24/2022 8:30,70.716
80,2/24/2022 8:45,71.017
81,2/24/2022 9:00,71.017
82,2/24/2022 9:15,70.459
83,2/24/2022 9:30,69.858
84,2/24/2022 9:45,69.386
85,2/24/2022 10:00,69.557
86,2/24/2022 10:15,69.901
87,2/24/2022 10:30,70.243
88,2/24/2022 10:45,70.543
89,2/24/2022 11:00,70.759
90,2/24/2022 11:15,71.146
91,2/24/2022 11:30,70.974
92,2/24/2022 11:45,70.372
93,2/24/2022 12:00,69.858
94,2/24/2022 12:15,69.514
95,2/24/2022 12:30,69.814
96,2/24/2022 12:45,70.115
97,2/24/2022 13:00,70.803
98,2/24/2022 13:15,71.49
99,2/24/2022 13:30,72.007
100,2/24/2022 13:45,71.877
101,2/24/2022 14:00,71.791
102,2/24/2022 14:15,71.577
103,2/24/2022 14:30,71.361
104,2/24/2022 14:45,71.146
105,2/24/2022 15:00,70.974
106,2/24/2022 15:15,70.759
107,2/24/2022 15:30,70.587
108,2/24/2022 15:45,70.459
109,2/24/2022 16:00,69.771
110,2/24/2022 16:15,69.343
111,2/24/2022 16:30,69.427
112,2/24/2022 16:45,69.685
113,2/24/2022 17:00,69.858
114,2/24/2022 17:15,69.985
115,2/24/2022 17:30,70.286
116,2/24/2022 17:45,70.587
117,2/24/2022 18:00,70.846
118,2/24/2022 18:15,71.06
119,2/24/2022 18:30,70.587
120,2/24/2022 18:45,70.029
121,2/24/2022 19:00,69.471
122,2/24/2022 19:15,69.471
123,2/24/2022 19:30,69.858
124,2/24/2022 19:45,70.201
125,2/24/2022 20:00,70.543
126,2/24/2022 20:15,70.846
127,2/24/2022 20:30,71.017
128,2/24/2022 20:45,70.502
129,2/24/2022 21:00,69.942
130,2/24/2022 21:15,69.427
131,2/24/2022 21:30,69.514
132,2/24/2022 21:45,69.858
133,2/24/2022 22:00,70.243
134,2/24/2022 22:15,70.587
135,2/24/2022 22:30,70.887
136,2/24/2022 22:45,70.974
137,2/24/2022 23:00,70.286
138,2/24/2022 23:15,69.728
139,2/24/2022 23:30,69.471
140,2/24/2022 23:45,69.685
141,2/25/2022 0:00,69.985
142,2/25/2022 0:15,70.286
143,2/25/2022 0:30,70.543
144,2/25/2022 0:45,70.716
145,2/25/2022 1:00,70.974
146,2/25/2022 1:15,70.93
147,2/25/2022 1:30,70.416
148,2/25/2022 1:45,69.858
149,2/25/2022 2:00,69.471
150,2/25/2022 2:15,69.557
151,2/25/2022 2:30,69.858
152,2/25/2022 2:45,70.115
153,2/25/2022 3:00,70.416
154,2/25/2022 3:15,70.63
155,2/25/2022 3:30,70.93
156,2/25/2022 3:45,70.887
157,2/25/2022 4:00,70.372
158,2/25/2022 4:15,69.858
159,2/25/2022 4:30,69.427
160,2/25/2022 4:45,69.471
161,2/25/2022 5:00,69.771
162,2/25/2022 5:15,70.029
163,2/25/2022 5:30,70.372
164,2/25/2022 5:45,70.716
165,2/25/2022 6:00,71.017
166,2/25/2022 6:15,70.716
167,2/25/2022 6:30,70.115
168,2/25/2022 6:45,69.514
169,2/25/2022 7:00,69.343
170,2/25/2022 7:15,69.685
171,2/25/2022 7:30,70.072
172,2/25/2022 7:45,70.416
173,2/25/2022 8:00,70.673
174,2/25/2022 8:15,71.017
175,2/25/2022 8:30,70.803
176,2/25/2022 8:45,70.243
177,2/25/2022 9:00,69.643
178,2/25/2022 9:15,69.427
179,2/25/2022 9:30,69.685
180,2/25/2022 9:45,70.072
181,2/25/2022 10:00,70.416
182,2/25/2022 10:15,70.759
183,2/25/2022 10:30,71.06
184,2/25/2022 10:45,70.63
185,2/25/2022 11:00,69.985
186,2/25/2022 11:15,69.514
187,2/25/2022 11:30,69.557
188,2/25/2022 11:45,69.942
189,2/25/2022 12:00,70.459
190,2/25/2022 12:15,70.846
191,2/25/2022 12:30,71.62
192,2/25/2022 12:45,71.92
193,2/25/2022 13:00,71.748
194,2/25/2022 13:15,71.577
195,2/25/2022 13:30,71.361
196,2/25/2022 13:45,71.146
197,2/25/2022 14:00,70.93
198,2/25/2022 14:15,70.716
199,2/25/2022 14:30,70.459
200,2/25/2022 14:45,70.243
201,2/25/2022 15:00,69.942
202,2/25/2022 15:15,69.427
203,2/25/2022 15:30,69.085
204,2/25/2022 15:45,69.213
205,2/25/2022 16:00,69.343
206,2/25/2022 16:15,69.386
207,2/25/2022 16:30,69.427
208,2/25/2022 16:45,69.427
209,2/25/2022 17:00,69.386
210,2/25/2022 17:15,69.427
211,2/25/2022 17:30,69.557
212,2/25/2022 17:45,69.643
213,2/25/2022 18:00,69.728
214,2/25/2022 18:15,69.858
215,2/25/2022 18:30,69.901
216,2/25/2022 18:45,70.029
217,2/25/2022 19:00,70.072
218,2/25/2022 19:15,70.158
219,2/25/2022 19:30,70.243
220,2/25/2022 19:45,70.329
221,2/25/2022 20:00,70.372
222,2/25/2022 20:15,70.459
223,2/25/2022 20:30,70.543
224,2/25/2022 20:45,70.543
225,2/25/2022 21:00,70.543
226,2/25/2022 21:15,70.63
227,2/25/2022 21:30,70.63
228,2/25/2022 21:45,70.329
229,2/25/2022 22:00,69.514
230,2/25/2022 22:15,69.213
231,2/25/2022 22:30,69.3
232,2/25/2022 22:45,69.386
233,2/25/2022 23:00,69.471
234,2/25/2022 23:15,69.557
235,2/25/2022 23:30,69.685
236,2/25/2022 23:45,69.771
237,2/26/2022 0:00,69.814
238,2/26/2022 0:15,69.858
239,2/26/2022 0:30,69.942
240,2/26/2022 0:45,69.942
241,2/26/2022 1:00,69.942
242,2/26/2022 1:15,69.985
243,2/26/2022 1:30,69.985
244,2/26/2022 1:45,70.029
245,2/26/2022 2:00,70.029
246,2/26/2022 2:15,70.115
247,2/26/2022 2:30,70.115
248,2/26/2022 2:45,70.115
249,2/26/2022 3:00,70.158
250,2/26/2022 3:15,70.201
251,2/26/2022 3:30,70.201
252,2/26/2022 3:45,70.158
253,2/26/2022 4:00,70.201
254,2/26/2022 4:15,70.158
255,2/26/2022 4:30,70.201
256,2/26/2022 4:45,70.115
257,2/26/2022 5:00,70.029
258,2/26/2022 5:15,70.115
259,2/26/2022 5:30,70.201
260,2/26/2022 5:45,70.243
261,2/26/2022 6:00,70.286
262,2/26/2022 6:15,70.372
263,2/26/2022 6:30,70.416
264,2/26/2022 6:45,70.459
265,2/26/2022 7:00,70.502
266,2/26/2022 7:15,70.543
267,2/26/2022 7:30,70.459
268,2/26/2022 7:45,69.685
269,2/26/2022 8:00,69.213
270,2/26/2022 8:15,69.3
271,2/26/2022 8:30,69.343
272,2/26/2022 8:45,69.471
273,2/26/2022 9:00,69.557
274,2/26/2022 9:15,69.643
275,2/26/2022 9:30,69.685
276,2/26/2022 9:45,69.728
277,2/26/2022 10:00,69.771
278,2/26/2022 10:15,69.814
279,2/26/2022 10:30,69.858
280,2/26/2022 10:45,69.858
281,2/26/2022 11:00,69.901
282,2/26/2022 11:15,69.814
283,2/26/2022 11:30,69.901
284,2/26/2022 11:45,69.814
285,2/26/2022 12:00,69.858
286,2/26/2022 12:15,69.858
287,2/26/2022 12:30,69.858
288,2/26/2022 12:45,69.942
289,2/26/2022 13:00,69.942
290,2/26/2022 13:15,70.329
291,2/26/2022 13:30,70.716
292,2/26/2022 13:45,71.317
293,2/26/2022 14:00,71.748
294,2/26/2022 14:15,71.62
295,2/26/2022 14:30,71.404
296,2/26/2022 14:45,71.19
297,2/26/2022 15:00,70.974
298,2/26/2022 15:15,70.759
299,2/26/2022 15:30,70.63
300,2/26/2022 15:45,70.416
301,2/26/2022 16:00,70.286
302,2/26/2022 16:15,70.115
303,2/26/2022 16:30,69.942
304,2/26/2022 16:45,69.942
305,2/26/2022 17:00,70.029
306,2/26/2022 17:15,70.115
307,2/26/2022 17:30,70.115
308,2/26/2022 17:45,70.115
309,2/26/2022 18:00,70.115
310,2/26/2022 18:15,70.072
311,2/26/2022 18:30,70.072
312,2/26/2022 18:45,70.072
313,2/26/2022 19:00,70.072
314,2/26/2022 19:15,70.029
315,2/26/2022 19:30,70.029
316,2/26/2022 19:45,70.029
317,2/26/2022 20:00,70.072
318,2/26/2022 20:15,70.072
319,2/26/2022 20:30,70.029
320,2/26/2022 20:45,70.072
321,2/26/2022 21:00,70.029
322,2/26/2022 21:15,70.029
323,2/26/2022 21:30,70.029
324,2/26/2022 21:45,69.985
325,2/26/2022 22:00,69.985
326,2/26/2022 22:15,70.029
327,2/26/2022 22:30,69.985
328,2/26/2022 22:45,70.115
329,2/26/2022 23:00,70.115
330,2/26/2022 23:15,70.072
331,2/26/2022 23:30,70.029
332,2/26/2022 23:45,69.985
333,2/27/2022 0:00,69.942
334,2/27/2022 0:15,69.942
335,2/27/2022 0:30,69.901
336,2/27/2022 0:45,69.858
337,2/27/2022 1:00,69.814
338,2/27/2022 1:15,69.814
339,2/27/2022 1:30,69.728
340,2/27/2022 1:45,69.728
341,2/27/2022 2:00,69.685
342,2/27/2022 2:15,69.685
343,2/27/2022 2:30,69.643
344,2/27/2022 2:45,69.643
345,2/27/2022 3:00,69.643
346,2/27/2022 3:15,69.6
347,2/27/2022 3:30,69.557
348,2/27/2022 3:45,69.557
349,2/27/2022 4:00,69.557
350,2/27/2022 4:15,69.514
351,2/27/2022 4:30,69.471
352,2/27/2022 4:45,69.3
353,2/27/2022 5:00,69.256
354,2/27/2022 5:15,69.213
355,2/27/2022 5:30,69.256
356,2/27/2022 5:45,69.256
357,2/27/2022 6:00,69.343
358,2/27/2022 6:15,69.343
359,2/27/2022 6:30,69.386
360,2/27/2022 6:45,69.386
361,2/27/2022 7:00,69.343
362,2/27/2022 7:15,69.427
363,2/27/2022 7:30,69.386
364,2/27/2022 7:45,69.427
365,2/27/2022 8:00,69.427
366,2/27/2022 8:15,69.427
367,2/27/2022 8:30,69.471
368,2/27/2022 8:45,69.514
369,2/27/2022 9:00,69.514
370,2/27/2022 9:15,69.514
371,2/27/2022 9:30,69.557
372,2/27/2022 9:45,69.6
373,2/27/2022 10:00,69.6
374,2/27/2022 10:15,69.6
375,2/27/2022 10:30,69.685
376,2/27/2022 10:45,69.814
377,2/27/2022 11:00,69.814
378,2/27/2022 11:15,69.728
379,2/27/2022 11:30,69.685
380,2/27/2022 11:45,69.643
381,2/27/2022 12:00,69.858
382,2/27/2022 12:15,70.286
383,2/27/2022 12:30,70.93
384,2/27/2022 12:45,71.577
385,2/27/2022 13:00,72.05
386,2/27/2022 13:15,71.964
387,2/27/2022 13:30,71.748
388,2/27/2022 13:45,71.533
389,2/27/2022 14:00,71.361
390,2/27/2022 14:15,71.146
391,2/27/2022 14:30,70.974
392,2/27/2022 14:45,70.846
393,2/27/2022 15:00,70.673
394,2/27/2022 15:15,70.201
395,2/27/2022 15:30,69.814
396,2/27/2022 15:45,69.514
397,2/27/2022 16:00,69.643
398,2/27/2022 16:15,69.942
399,2/27/2022 16:30,70.158
400,2/27/2022 16:45,70.286
401,2/27/2022 17:00,70.502
402,2/27/2022 17:15,70.759
403,2/27/2022 17:30,71.017
404,2/27/2022 17:45,70.587
405,2/27/2022 18:00,70.029
406,2/27/2022 18:15,69.471
407,2/27/2022 18:30,69.427
408,2/27/2022 18:45,69.858
409,2/27/2022 19:00,70.201
410,2/27/2022 19:15,70.63
411,2/27/2022 19:30,70.974
412,2/27/2022 19:45,70.974
413,2/27/2022 20:00,70.502
414,2/27/2022 20:15,69.942
415,2/27/2022 20:30,69.427
416,2/27/2022 20:45,69.427
417,2/27/2022 21:00,69.858
418,2/27/2022 21:15,70.243
419,2/27/2022 21:30,70.63
420,2/27/2022 21:45,70.974
421,2/27/2022 22:00,70.93
422,2/27/2022 22:15,70.329
423,2/27/2022 22:30,69.771
424,2/27/2022 22:45,69.471
425,2/27/2022 23:00,69.771
426,2/27/2022 23:15,70.158
427,2/27/2022 23:30,70.459
428,2/27/2022 23:45,70.759
429,2/28/2022 0:00,71.146
430,2/28/2022 0:15,71.274
431,2/28/2022 0:30,70.759
432,2/28/2022 0:45,70.243
433,2/28/2022 1:00,69.771
434,2/28/2022 1:15,69.471
435,2/28/2022 1:30,69.728
436,2/28/2022 1:45,69.985
437,2/28/2022 2:00,70.329
438,2/28/2022 2:15,70.543
439,2/28/2022 2:30,70.803
440,2/28/2022 2:45,71.146
441,2/28/2022 3:00,71.06
442,2/28/2022 3:15,70.543
443,2/28/2022 3:30,70.072
444,2/28/2022 3:45,69.6
445,2/28/2022 4:00,69.514
446,2/28/2022 4:15,69.728
447,2/28/2022 4:30,70.029
448,2/28/2022 4:45,70.243
449,2/28/2022 5:00,70.587
450,2/28/2022 5:15,70.887
451,2/28/2022 5:30,70.974
452,2/28/2022 5:45,70.502
453,2/28/2022 6:00,69.942
454,2/28/2022 6:15,69.471
455,2/28/2022 6:30,69.514
456,2/28/2022 6:45,69.901
457,2/28/2022 7:00,70.286
458,2/28/2022 7:15,70.63
459,2/28/2022 7:30,70.93
460,2/28/2022 7:45,70.716
461,2/28/2022 8:00,70.201
462,2/28/2022 8:15,69.643
463,2/28/2022 8:30,69.386
464,2/28/2022 8:45,69.6
465,2/28/2022 9:00,69.985
466,2/28/2022 9:15,70.329
467,2/28/2022 9:30,70.716
468,2/28/2022 9:45,70.974
469,2/28/2022 10:00,70.673
470,2/28/2022 10:15,70.029
471,2/28/2022 10:30,69.471
472,2/28/2022 10:45,69.386
473,2/28/2022 11:00,69.814
474,2/28/2022 11:15,70.286
475,2/28/2022 11:30,70.974
476,2/28/2022 11:45,71.62
477,2/28/2022 12:00,71.92
478,2/28/2022 12:15,71.748
479,2/28/2022 12:30,71.533
480,2/28/2022 12:45,71.317
481,2/28/2022 13:00,71.103
482,2/28/2022 13:15,70.759
483,2/28/2022 13:30,70.115
484,2/28/2022 13:45,69.514
485,2/28/2022 14:00,69.471
486,2/28/2022 14:15,69.643
487,2/28/2022 14:30,69.858
488,2/28/2022 14:45,70.029
489,2/28/2022 15:00,70.243
490,2/28/2022 15:15,70.372
491,2/28/2022 15:30,70.543
492,2/28/2022 15:45,70.716
493,2/28/2022 16:00,70.803
494,2/28/2022 16:15,70.543
495,2/28/2022 16:30,69.901
496,2/28/2022 16:45,69.343
497,2/28/2022 17:00,69.386
498,2/28/2022 17:15,69.6
499,2/28/2022 17:30,69.814
500,2/28/2022 17:45,70.029
501,2/28/2022 18:00,70.329
502,2/28/2022 18:15,70.459
503,2/28/2022 18:30,70.716
504,2/28/2022 18:45,70.759
505,2/28/2022 19:00,70.201
506,2/28/2022 19:15,69.514
507,2/28/2022 19:30,69.343
508,2/28/2022 19:45,69.557
509,2/28/2022 20:00,69.901
510,2/28/2022 20:15,70.201
511,2/28/2022 20:30,70.372
512,2/28/2022 20:45,70.673
513,2/28/2022 21:00,70.93
514,2/28/2022 21:15,70.587
515,2/28/2022 21:30,69.942
516,2/28/2022 21:45,69.386
517,2/28/2022 22:00,69.427
518,2/28/2022 22:15,69.814
519,2/28/2022 22:30,70.072
520,2/28/2022 22:45,70.329
521,2/28/2022 23:00,70.587
522,2/28/2022 23:15,70.759
523,2/28/2022 23:30,71.017
524,2/28/2022 23:45,71.06
525,3/1/2022 0:00,70.502
526,3/1/2022 0:15,69.942
527,3/1/2022 0:30,69.471
528,3/1/2022 0:45,69.514
529,3/1/2022 1:00,69.685
530,3/1/2022 1:15,69.942
531,3/1/2022 1:30,70.158
532,3/1/2022 1:45,70.372
533,3/1/2022 2:00,70.543
534,3/1/2022 2:15,70.716
535,3/1/2022 2:30,70.93
536,3/1/2022 2:45,70.93
537,3/1/2022 3:00,70.372
538,3/1/2022 3:15,69.814
539,3/1/2022 3:30,69.427
540,3/1/2022 3:45,69.514
541,3/1/2022 4:00,69.771
542,3/1/2022 4:15,69.858
543,3/1/2022 4:30,70.029
544,3/1/2022 4:45,70.158
545,3/1/2022 5:00,70.416
546,3/1/2022 5:15,70.63
547,3/1/2022 5:30,70.803
548,3/1/2022 5:45,70.846
549,3/1/2022 6:00,70.243
550,3/1/2022 6:15,69.557
551,3/1/2022 6:30,69.343
552,3/1/2022 6:45,69.6
553,3/1/2022 7:00,69.858
554,3/1/2022 7:15,70.072
555,3/1/2022 7:30,70.115
556,3/1/2022 7:45,70.329
557,3/1/2022 8:00,70.543
558,3/1/2022 8:15,70.673
559,3/1/2022 8:30,70.887
560,3/1/2022 8:45,70.759
561,3/1/2022 9:00,70.029
562,3/1/2022 9:15,69.343
563,3/1/2022 9:30,69.427
564,3/1/2022 9:45,69.771
565,3/1/2022 10:00,70.115
566,3/1/2022 10:15,70.459
567,3/1/2022 10:30,70.459
568,3/1/2022 10:45,69.728
569,3/1/2022 11:00,69.6
570,3/1/2022 11:15,70.243
571,3/1/2022 11:30,70.93
572,3/1/2022 11:45,71.533
573,3/1/2022 12:00,71.577
574,3/1/2022 12:15,71.404
575,3/1/2022 12:30,71.274
576,3/1/2022 12:45,71.19
577,3/1/2022 13:00,71.017
578,3/1/2022 13:15,70.846
579,3/1/2022 13:30,70.716
580,3/1/2022 13:45,70.543
581,3/1/2022 14:00,70.416
582,3/1/2022 14:15,70.115
583,3/1/2022 14:30,69.471
584,3/1/2022 14:45,69.256
585,3/1/2022 15:00,69.3
586,3/1/2022 15:15,69.3
587,3/1/2022 15:30,69.386
588,3/1/2022 15:45,69.514
589,3/1/2022 16:00,69.6
590,3/1/2022 16:15,69.471
591,3/1/2022 16:30,69.814
592,3/1/2022 16:45,70.072
593,3/1/2022 17:00,70.416
594,3/1/2022 17:15,70.716
595,3/1/2022 17:30,70.974
596,3/1/2022 17:45,70.974
597,3/1/2022 18:00,70.329
598,3/1/2022 18:15,69.685
599,3/1/2022 18:30,69.3
600,3/1/2022 18:45,69.643
601,3/1/2022 19:00,69.985
602,3/1/2022 19:15,70.329
603,3/1/2022 19:30,70.587
604,3/1/2022 19:45,70.887
605,3/1/2022 20:00,71.103
606,3/1/2022 20:15,70.502
607,3/1/2022 20:30,69.858
608,3/1/2022 20:45,69.386
609,3/1/2022 21:00,69.6
610,3/1/2022 21:15,69.901
611,3/1/2022 21:30,70.286
612,3/1/2022 21:45,70.587
613,3/1/2022 22:00,70.846
614,3/1/2022 22:15,71.231
615,3/1/2022 22:30,70.673
616,3/1/2022 22:45,70.115
617,3/1/2022 23:00,69.643
618,3/1/2022 23:15,69.685
619,3/1/2022 23:30,69.901
620,3/1/2022 23:45,70.115
621,3/2/2022 0:00,70.372
622,3/2/2022 0:15,70.673
623,3/2/2022 0:30,70.803
624,3/2/2022 0:45,70.587
625,3/2/2022 1:00,70.072
626,3/2/2022 1:15,69.6
627,3/2/2022 1:30,69.514
628,3/2/2022 1:45,69.858
629,3/2/2022 2:00,70.158
630,3/2/2022 2:15,70.372
631,3/2/2022 2:30,70.63
632,3/2/2022 2:45,70.846
633,3/2/2022 3:00,70.803
634,3/2/2022 3:15,70.286
635,3/2/2022 3:30,69.771
636,3/2/2022 3:45,69.514
637,3/2/2022 4:00,69.685
638,3/2/2022 4:15,69.814
639,3/2/2022 4:30,70.158
640,3/2/2022 4:45,70.459
641,3/2/2022 5:00,70.803
642,3/2/2022 5:15,71.103
643,3/2/2022 5:30,71.317
644,3/2/2022 5:45,70.846
645,3/2/2022 6:00,70.201
646,3/2/2022 6:15,69.6
647,3/2/2022 6:30,69.557
648,3/2/2022 6:45,69.942
649,3/2/2022 7:00,70.286
650,3/2/2022 7:15,70.63
651,3/2/2022 7:30,70.93
652,3/2/2022 7:45,71.19
653,3/2/2022 8:00,71.19
654,3/2/2022 8:15,70.543
655,3/2/2022 8:30,69.901
656,3/2/2022 8:45,69.427
657,3/2/2022 9:00,70.329
658,3/2/2022 9:15,71.231
659,3/2/2022 9:30,72.093
660,3/2/2022 9:45,72.264
661,3/2/2022 10:00,72.136
662,3/2/2022 10:15,72.007
663,3/2/2022 10:30,71.834
664,3/2/2022 10:45,69.343
665,3/2/2022 11:00,70.372
666,3/2/2022 11:15,70.587
667,3/2/2022 11:30,71.06
668,3/2/2022 11:45,71.533
669,3/2/2022 12:00,71.317
670,3/2/2022 12:15,71.06
671,3/2/2022 12:30,70.759
672,3/2/2022 12:45,70.502
673,3/2/2022 13:00,70.243
674,3/2/2022 13:15,69.985
675,3/2/2022 13:30,69.771
676,3/2/2022 13:45,69.901
677,3/2/2022 14:00,70.459
678,3/2/2022 14:15,71.06
679,3/2/2022 14:30,71.447
680,3/2/2022 14:45,71.834
681,3/2/2022 15:00,71.577
682,3/2/2022 15:15,71.317
683,3/2/2022 15:30,71.06
684,3/2/2022 15:45,70.803
685,3/2/2022 16:00,70.587
686,3/2/2022 16:15,70.372
687,3/2/2022 16:30,70.158
688,3/2/2022 16:45,70.029
689,3/2/2022 17:00,70.543
690,3/2/2022 17:15,71.146
691,3/2/2022 17:30,71.834
692,3/2/2022 17:45,71.834
693,3/2/2022 18:00,71.62
694,3/2/2022 18:15,71.361
695,3/2/2022 18:30,71.017
696,3/2/2022 18:45,70.759
697,3/2/2022 19:00,70.543
698,3/2/2022 19:15,70.286
699,3/2/2022 19:30,70.072
700,3/2/2022 19:45,69.942
701,3/2/2022 20:00,70.329
702,3/2/2022 20:15,71.017
703,3/2/2022 20:30,71.661
704,3/2/2022 20:45,71.92
705,3/2/2022 21:00,71.748
706,3/2/2022 21:15,71.447
707,3/2/2022 21:30,71.19
708,3/2/2022 21:45,70.93
709,3/2/2022 22:00,70.63
710,3/2/2022 22:15,70.459
711,3/2/2022 22:30,70.201
712,3/2/2022 22:45,69.901
713,3/2/2022 23:00,70.115
714,3/2/2022 23:15,70.759
715,3/2/2022 23:30,71.404
716,3/2/2022 23:45,71.62
717,3/3/2022 0:00,71.404
718,3/3/2022 0:15,71.19
719,3/3/2022 0:30,70.887
720,3/3/2022 0:45,70.543
721,3/3/2022 1:00,70.286
722,3/3/2022 1:15,70.029
723,3/3/2022 1:30,69.858
724,3/3/2022 1:45,69.901
725,3/3/2022 2:00,70.502
726,3/3/2022 2:15,71.06
727,3/3/2022 2:30,71.533
728,3/3/2022 2:45,71.231
729,3/3/2022 3:00,70.974
730,3/3/2022 3:15,70.716
731,3/3/2022 3:30,70.502
732,3/3/2022 3:45,70.243
733,3/3/2022 4:00,70.029
734,3/3/2022 4:15,69.942
735,3/3/2022 4:30,70.372
736,3/3/2022 4:45,70.974
737,3/3/2022 5:00,71.748
738,3/3/2022 5:15,71.92
739,3/3/2022 5:30,71.704
740,3/3/2022 5:45,71.404
741,3/3/2022 6:00,71.146
742,3/3/2022 6:15,70.887
743,3/3/2022 6:30,70.673
744,3/3/2022 6:45,70.459
745,3/3/2022 7:00,70.243
746,3/3/2022 7:15,70.072
747,3/3/2022 7:30,70.158
748,3/3/2022 7:45,70.803
749,3/3/2022 8:00,71.404
750,3/3/2022 8:15,71.834
751,3/3/2022 8:30,71.748
752,3/3/2022 8:45,71.404
753,3/3/2022 9:00,71.19
754,3/3/2022 9:15,70.93
755,3/3/2022 9:30,70.716
756,3/3/2022 9:45,70.502
757,3/3/2022 10:00,70.201
758,3/3/2022 10:15,69.985
759,3/3/2022 10:30,69.814
760,3/3/2022 10:45,70.286
761,3/3/2022 11:00,70.93
762,3/3/2022 11:15,71.19
763,3/3/2022 11:30,71.49
764,3/3/2022 11:45,71.404
765,3/3/2022 12:00,71.274
766,3/3/2022 12:15,71.06
767,3/3/2022 12:30,70.93
768,3/3/2022 12:45,70.803
769,3/3/2022 13:00,70.63
770,3/3/2022 13:15,70.502
771,3/3/2022 13:30,70.329
772,3/3/2022 13:45,70.158
773,3/3/2022 14:00,70.029
774,3/3/2022 14:15,69.901
775,3/3/2022 14:30,69.901
776,3/3/2022 14:45,70.286
777,3/3/2022 15:00,70.846
778,3/3/2022 15:15,71.274
779,3/3/2022 15:30,70.93
780,3/3/2022 15:45,70.587
781,3/3/2022 16:00,70.201
782,3/3/2022 16:15,69.814
783,3/3/2022 16:30,69.514
784,3/3/2022 16:45,69.557
785,3/3/2022 17:00,70.115
786,3/3/2022 17:15,70.63
787,3/3/2022 17:30,71.231
788,3/3/2022 17:45,71.49
789,3/3/2022 18:00,71.19
790,3/3/2022 18:15,70.803
791,3/3/2022 18:30,70.416
792,3/3/2022 18:45,70.072
793,3/3/2022 19:00,69.771
794,3/3/2022 19:15,69.514
795,3/3/2022 19:30,69.942
796,3/3/2022 19:45,70.543
797,3/3/2022 20:00,71.06
798,3/3/2022 20:15,71.49
799,3/3/2022 20:30,71.361
800,3/3/2022 20:45,70.974
801,3/3/2022 21:00,70.673
802,3/3/2022 21:15,70.286
803,3/3/2022 21:30,69.985
804,3/3/2022 21:45,69.643
805,3/3/2022 22:00,69.643
806,3/3/2022 22:15,70.201
807,3/3/2022 22:30,70.673
808,3/3/2022 22:45,71.103
809,3/3/2022 23:00,70.846
810,3/3/2022 23:15,70.502
811,3/3/2022 23:30,70.201
812,3/3/2022 23:45,69.901
813,3/4/2022 0:00,69.643
814,3/4/2022 0:15,69.643
815,3/4/2022 0:30,70.072
816,3/4/2022 0:45,70.543
817,3/4/2022 1:00,71.017
818,3/4/2022 1:15,71.19
819,3/4/2022 1:30,70.846
820,3/4/2022 1:45,70.543
821,3/4/2022 2:00,70.286
822,3/4/2022 2:15,69.985
823,3/4/2022 2:30,69.685
824,3/4/2022 2:45,69.6
825,3/4/2022 3:00,69.985
826,3/4/2022 3:15,70.416
827,3/4/2022 3:30,70.846
828,3/4/2022 3:45,71.06
829,3/4/2022 4:00,70.803
830,3/4/2022 4:15,70.416
831,3/4/2022 4:30,70.072
832,3/4/2022 4:45,69.771
833,3/4/2022 5:00,69.557
834,3/4/2022 5:15,70.029
835,3/4/2022 5:30,70.587
836,3/4/2022 5:45,71.146
837,3/4/2022 6:00,71.49
838,3/4/2022 6:15,71.317
839,3/4/2022 6:30,70.93
840,3/4/2022 6:45,70.543
841,3/4/2022 7:00,70.201
842,3/4/2022 7:15,69.858
843,3/4/2022 7:30,69.557
844,3/4/2022 7:45,69.814
845,3/4/2022 8:00,70.329
846,3/4/2022 8:15,70.93
847,3/4/2022 8:30,71.404
848,3/4/2022 8:45,71.361
849,3/4/2022 9:00,71.017
850,3/4/2022 9:15,70.587
851,3/4/2022 9:30,70.201
852,3/4/2022 9:45,69.901
853,3/4/2022 10:00,69.728
854,3/4/2022 10:15,70.072
855,3/4/2022 10:30,70.93
856,3/4/2022 10:45,71.404
857,3/4/2022 11:00,71.06
858,3/4/2022 11:15,70.846
859,3/4/2022 11:30,70.673
860,3/4/2022 11:45,70.502
861,3/4/2022 12:00,70.201
862,3/4/2022 12:15,69.985
863,3/4/2022 12:30,70.029
864,3/4/2022 12:45,70.63
865,3/4/2022 13:00,71.361
866,3/4/2022 13:15,71.49
867,3/4/2022 13:30,71.231
868,3/4/2022 13:45,71.017
869,3/4/2022 14:00,70.63
870,3/4/2022 14:15,70.115
871,3/4/2022 14:30,69.643
872,3/4/2022 14:45,69.386
873,3/4/2022 15:00,69.514
874,3/4/2022 15:15,69.858
875,3/4/2022 15:30,70.115
876,3/4/2022 15:45,70.329
877,3/4/2022 16:00,70.502
878,3/4/2022 16:15,70.803
879,3/4/2022 16:30,70.459
880,3/4/2022 16:45,69.901
881,3/4/2022 17:00,69.471
882,3/4/2022 17:15,69.427
883,3/4/2022 17:30,69.771
884,3/4/2022 17:45,69.942
885,3/4/2022 18:00,69.985
886,3/4/2022 18:15,70.329
887,3/4/2022 18:30,70.587
888,3/4/2022 18:45,70.93
889,3/4/2022 19:00,71.146
890,3/4/2022 19:15,70.543
891,3/4/2022 19:30,69.942
892,3/4/2022 19:45,69.386
893,3/4/2022 20:00,69.427
894,3/4/2022 20:15,69.858
895,3/4/2022 20:30,70.158
896,3/4/2022 20:45,70.502
897,3/4/2022 21:00,70.846
898,3/4/2022 21:15,71.19
899,3/4/2022 21:30,70.887
900,3/4/2022 21:45,70.286
901,3/4/2022 22:00,69.685
902,3/4/2022 22:15,69.386
903,3/4/2022 22:30,69.643
904,3/4/2022 22:45,69.985
905,3/4/2022 23:00,70.372
906,3/4/2022 23:15,70.716
907,3/4/2022 23:30,71.017
908,3/4/2022 23:45,71.231
909,3/5/2022 0:00,70.716
910,3/5/2022 0:15,70.115
911,3/5/2022 0:30,69.6
912,3/5/2022 0:45,69.427
913,3/5/2022 1:00,69.858
914,3/5/2022 1:15,70.072
915,3/5/2022 1:30,70.329
916,3/5/2022 1:45,70.543
917,3/5/2022 2:00,70.716
918,3/5/2022 2:15,70.803
919,3/5/2022 2:30,70.243
920,3/5/2022 2:45,69.728
921,3/5/2022 3:00,69.386
922,3/5/2022 3:15,69.514
923,3/5/2022 3:30,69.814
924,3/5/2022 3:45,70.029
925,3/5/2022 4:00,70.286
926,3/5/2022 4:15,70.587
927,3/5/2022 4:30,70.716
928,3/5/2022 4:45,70.286
929,3/5/2022 5:00,69.728
930,3/5/2022 5:15,69.386
931,3/5/2022 5:30,69.514
932,3/5/2022 5:45,69.728
933,3/5/2022 6:00,69.814
934,3/5/2022 6:15,70.115
935,3/5/2022 6:30,70.416
936,3/5/2022 6:45,70.673
937,3/5/2022 7:00,70.974
938,3/5/2022 7:15,71.06
939,3/5/2022 7:30,70.459
940,3/5/2022 7:45,69.771
941,3/5/2022 8:00,69.386
942,3/5/2022 8:15,69.514
943,3/5/2022 8:30,69.942
944,3/5/2022 8:45,70.243
945,3/5/2022 9:00,70.543
946,3/5/2022 9:15,70.716
947,3/5/2022 9:30,71.017
948,3/5/2022 9:45,71.146
949,3/5/2022 10:00,70.459
950,3/5/2022 10:15,69.858
951,3/5/2022 10:30,69.386
952,3/5/2022 10:45,69.514
953,3/5/2022 11:00,70.029
954,3/5/2022 11:15,70.329
955,3/5/2022 11:30,70.63
956,3/5/2022 11:45,70.93
957,3/5/2022 12:00,71.06
958,3/5/2022 12:15,70.459
959,3/5/2022 12:30,69.858
960,3/5/2022 12:45,69.471
961,3/5/2022 13:00,69.514
962,3/5/2022 13:15,69.858
963,3/5/2022 13:30,70.115
964,3/5/2022 13:45,70.329
965,3/5/2022 14:00,70.63
966,3/5/2022 14:15,70.803
967,3/5/2022 14:30,70.716
968,3/5/2022 14:45,70.158
969,3/5/2022 15:00,69.643
970,3/5/2022 15:15,69.427
971,3/5/2022 15:30,69.728
972,3/5/2022 15:45,70.029
973,3/5/2022 16:00,70.286
974,3/5/2022 16:15,70.543
975,3/5/2022 16:30,70.716
976,3/5/2022 16:45,70.63
977,3/5/2022 17:00,70.115
978,3/5/2022 17:15,69.6
979,3/5/2022 17:30,69.427
980,3/5/2022 17:45,69.6
981,3/5/2022 18:00,69.858
982,3/5/2022 18:15,70.201
983,3/5/2022 18:30,70.543
984,3/5/2022 18:45,70.803
985,3/5/2022 19:00,71.146
986,3/5/2022 19:15,70.803
987,3/5/2022 19:30,70.201
988,3/5/2022 19:45,69.643
989,3/5/2022 20:00,69.427
990,3/5/2022 20:15,69.685
991,3/5/2022 20:30,70.072
992,3/5/2022 20:45,70.543
993,3/5/2022 21:00,70.803
994,3/5/2022 21:15,71.146
995,3/5/2022 21:30,71.146
996,3/5/2022 21:45,70.543
997,3/5/2022 22:00,69.901
998,3/5/2022 22:15,69.427
999,3/5/2022 22:30,69.643
1000,3/5/2022 22:45,69.985
1001,3/5/2022 23:00,70.329
1002,3/5/2022 23:15,70.673
1003,3/5/2022 23:30,70.93
1004,3/5/2022 23:45,71.146
1005,3/6/2022 0:00,70.543
1006,3/6/2022 0:15,69.985
1007,3/6/2022 0:30,69.557
1008,3/6/2022 0:45,69.514
1009,3/6/2022 1:00,69.901
1010,3/6/2022 1:15,70.243
1011,3/6/2022 1:30,70.502
1012,3/6/2022 1:45,70.803
1013,3/6/2022 2:00,70.803
1014,3/6/2022 2:15,70.243
1015,3/6/2022 2:30,69.728
1016,3/6/2022 2:45,69.427
1017,3/6/2022 3:00,69.557
1018,3/6/2022 3:15,69.985
1019,3/6/2022 3:30,70.158
1020,3/6/2022 3:45,70.459
1021,3/6/2022 4:00,70.673
1022,3/6/2022 4:15,70.587
1023,3/6/2022 4:30,70.072
1024,3/6/2022 4:45,69.6
1025,3/6/2022 5:00,69.427
1026,3/6/2022 5:15,69.728
1027,3/6/2022 5:30,69.901
1028,3/6/2022 5:45,70.072
1029,3/6/2022 6:00,70.372
1030,3/6/2022 6:15,70.673
1031,3/6/2022 6:30,70.93
1032,3/6/2022 6:45,71.231
1033,3/6/2022 7:00,70.759
1034,3/6/2022 7:15,70.115
1035,3/6/2022 7:30,69.514
1036,3/6/2022 7:45,69.471
1037,3/6/2022 8:00,69.814
1038,3/6/2022 8:15,70.201
1039,3/6/2022 8:30,70.502
1040,3/6/2022 8:45,70.887
1041,3/6/2022 9:00,71.146
1042,3/6/2022 9:15,70.974
1043,3/6/2022 9:30,70.286
1044,3/6/2022 9:45,69.685
1045,3/6/2022 10:00,69.427
1046,3/6/2022 10:15,69.771
1047,3/6/2022 10:30,70.115
1048,3/6/2022 10:45,70.416
1049,3/6/2022 11:00,70.716
1050,3/6/2022 11:15,71.146
1051,3/6/2022 11:30,70.716
1052,3/6/2022 11:45,70.158
1053,3/6/2022 12:00,69.643
1054,3/6/2022 12:15,69.427
1055,3/6/2022 12:30,70.286
1056,3/6/2022 12:45,70.673
1057,3/6/2022 13:00,71.274
1058,3/6/2022 13:15,71.748
1059,3/6/2022 13:30,71.62
1060,3/6/2022 13:45,71.404
1061,3/6/2022 14:00,71.231
1062,3/6/2022 14:15,71.146
1063,3/6/2022 14:30,70.974
1064,3/6/2022 14:45,70.846
1065,3/6/2022 15:00,70.63
1066,3/6/2022 15:15,69.901
1067,3/6/2022 15:30,69.256
1068,3/6/2022 15:45,69.213
1069,3/6/2022 16:00,69.343
1070,3/6/2022 16:15,69.6
1071,3/6/2022 16:30,69.771
1072,3/6/2022 16:45,69.858
1073,3/6/2022 17:00,70.029
1074,3/6/2022 17:15,70.201
1075,3/6/2022 17:30,70.286
1076,3/6/2022 17:45,70.502
1077,3/6/2022 18:00,70.63
1078,3/6/2022 18:15,70.716
1079,3/6/2022 18:30,70.63
1080,3/6/2022 18:45,69.942
1081,3/6/2022 19:00,69.343
1082,3/6/2022 19:15,69.213
1083,3/6/2022 19:30,69.386
1084,3/6/2022 19:45,69.685
1085,3/6/2022 20:00,69.942
1086,3/6/2022 20:15,70.201
1087,3/6/2022 20:30,70.459
1088,3/6/2022 20:45,71.146
1089,3/6/2022 21:00,71.06
1090,3/6/2022 21:15,70.372
1091,3/6/2022 21:30,69.685
1092,3/6/2022 21:45,69.343
1093,3/6/2022 22:00,69.514
1094,3/6/2022 22:15,69.858
1095,3/6/2022 22:30,70.115
1096,3/6/2022 22:45,70.459
1097,3/6/2022 23:00,70.673
1098,3/6/2022 23:15,70.716
1099,3/6/2022 23:30,70.115
1100,3/6/2022 23:45,69.427
1101,3/7/2022 0:00,69.386
1102,3/7/2022 0:15,69.6
1103,3/7/2022 0:30,69.942
1104,3/7/2022 0:45,70.243
1105,3/7/2022 1:00,70.372
1106,3/7/2022 1:15,70.63
1107,3/7/2022 1:30,70.887
1108,3/7/2022 1:45,71.06
1109,3/7/2022 2:00,70.887
1110,3/7/2022 2:15,70.286
1111,3/7/2022 2:30,69.685
1112,3/7/2022 2:45,69.386
1113,3/7/2022 3:00,69.514
1114,3/7/2022 3:15,69.728
1115,3/7/2022 3:30,69.942
1116,3/7/2022 3:45,70.115
1117,3/7/2022 4:00,70.243
1118,3/7/2022 4:15,70.416
1119,3/7/2022 4:30,70.543
1120,3/7/2022 4:45,70.63
1121,3/7/2022 5:00,70.803
1122,3/7/2022 5:15,70.93
1123,3/7/2022 5:30,70.93
1124,3/7/2022 5:45,70.329
1125,3/7/2022 6:00,69.685
1126,3/7/2022 6:15,69.427
1127,3/7/2022 6:30,69.514
1128,3/7/2022 6:45,69.728
1129,3/7/2022 7:00,69.901
1130,3/7/2022 7:15,69.985
1131,3/7/2022 7:30,70.072
1132,3/7/2022 7:45,70.286
1133,3/7/2022 8:00,70.543
1134,3/7/2022 8:15,70.63
1135,3/7/2022 8:30,70.846
1136,3/7/2022 8:45,70.587
1137,3/7/2022 9:00,69.858
1138,3/7/2022 9:15,69.386
1139,3/7/2022 9:30,69.471
1140,3/7/2022 9:45,69.685
1141,3/7/2022 10:00,69.985
1142,3/7/2022 10:15,70.201
1143,3/7/2022 10:30,70.372
1144,3/7/2022 10:45,70.587
1145,3/7/2022 11:00,70.803
1146,3/7/2022 11:15,70.63
1147,3/7/2022 11:30,69.985
1148,3/7/2022 11:45,69.386
1149,3/7/2022 12:00,69.427
1150,3/7/2022 12:15,69.643
1151,3/7/2022 12:30,69.901
1152,3/7/2022 12:45,70.115
1153,3/7/2022 13:00,70.201
1154,3/7/2022 13:15,70.803
1155,3/7/2022 13:30,71.231
1156,3/7/2022 13:45,71.274
1157,3/7/2022 14:00,71.103
1158,3/7/2022 14:15,70.887
1159,3/7/2022 14:30,70.587
1160,3/7/2022 14:45,70.372
1161,3/7/2022 15:00,70.286
1162,3/7/2022 15:15,70.072
1163,3/7/2022 15:30,69.814
1164,3/7/2022 15:45,69.901
1165,3/7/2022 16:00,70.587
1166,3/7/2022 16:15,70.887
1167,3/7/2022 16:30,71.19
1168,3/7/2022 16:45,71.447
1169,3/7/2022 17:00,71.19
1170,3/7/2022 17:15,70.63
1171,3/7/2022 17:30,70.158
1172,3/7/2022 17:45,69.643
1173,3/7/2022 18:00,69.471
1174,3/7/2022 18:15,69.728
1175,3/7/2022 18:30,69.985
1176,3/7/2022 18:45,70.286
1177,3/7/2022 19:00,70.459
1178,3/7/2022 19:15,70.543
1179,3/7/2022 19:30,70.887
1180,3/7/2022 19:45,70.93
1181,3/7/2022 20:00,70.416
1182,3/7/2022 20:15,69.858
1183,3/7/2022 20:30,69.386
1184,3/7/2022 20:45,69.6
1185,3/7/2022 21:00,70.029
1186,3/7/2022 21:15,70.459
1187,3/7/2022 21:30,70.716
1188,3/7/2022 21:45,71.06
1189,3/7/2022 22:00,70.887
1190,3/7/2022 22:15,70.372
1191,3/7/2022 22:30,69.814
1192,3/7/2022 22:45,69.386
1193,3/7/2022 23:00,69.643
1194,3/7/2022 23:15,69.985
1195,3/7/2022 23:30,70.329
1196,3/7/2022 23:45,70.803
1197,3/8/2022 0:00,71.06
1198,3/8/2022 0:15,70.974
1199,3/8/2022 0:30,70.416
1200,3/8/2022 0:45,69.858
1201,3/8/2022 1:00,69.343
1202,3/8/2022 1:15,69.6
1203,3/8/2022 1:30,69.942
1204,3/8/2022 1:45,70.286
1205,3/8/2022 2:00,70.543
1206,3/8/2022 2:15,70.93
1207,3/8/2022 2:30,71.19
1208,3/8/2022 2:45,71.317
1209,3/8/2022 3:00,70.93
1210,3/8/2022 3:15,70.416
1211,3/8/2022 3:30,69.901
1212,3/8/2022 3:45,69.471
1213,3/8/2022 4:00,69.6
1214,3/8/2022 4:15,69.858
1215,3/8/2022 4:30,70.201
1216,3/8/2022 4:45,70.459
1217,3/8/2022 5:00,70.716
1218,3/8/2022 5:15,70.974
1219,3/8/2022 5:30,71.103
1220,3/8/2022 5:45,70.63
1221,3/8/2022 6:00,70.115
1222,3/8/2022 6:15,69.643
1223,3/8/2022 6:30,69.514
1224,3/8/2022 6:45,69.814
1225,3/8/2022 7:00,69.942
1226,3/8/2022 7:15,69.814
1227,3/8/2022 7:30,70.459
1228,3/8/2022 7:45,70.93
1229,3/8/2022 8:00,71.06
1230,3/8/2022 8:15,70.543
1231,3/8/2022 8:30,69.985
1232,3/8/2022 8:45,69.471
1233,3/8/2022 9:00,69.514
1234,3/8/2022 9:15,69.942
1235,3/8/2022 9:30,70.243
1236,3/8/2022 9:45,70.587
1237,3/8/2022 10:00,70.93
1238,3/8/2022 10:15,71.103
1239,3/8/2022 10:30,70.63
1240,3/8/2022 10:45,70.072
1241,3/8/2022 11:00,69.514
1242,3/8/2022 11:15,69.514
1243,3/8/2022 11:30,69.942
1244,3/8/2022 11:45,70.716
1245,3/8/2022 12:00,71.404
1246,3/8/2022 12:15,71.834
1247,3/8/2022 12:30,71.704
1248,3/8/2022 12:45,71.404
1249,3/8/2022 13:00,70.974
1250,3/8/2022 13:15,70.587
1251,3/8/2022 13:30,70.459
1252,3/8/2022 13:45,70.329
1253,3/8/2022 14:00,70.115
1254,3/8/2022 14:15,70.029
1255,3/8/2022 14:30,69.814
1256,3/8/2022 14:45,70.115
1257,3/8/2022 15:00,70.759
1258,3/8/2022 15:15,71.49
1259,3/8/2022 15:30,71.62
1260,3/8/2022 15:45,71.49
1261,3/8/2022 16:00,71.274
1262,3/8/2022 16:15,70.716
1263,3/8/2022 16:30,70.286
1264,3/8/2022 16:45,69.771
1265,3/8/2022 17:00,69.471
1266,3/8/2022 17:15,69.685
1267,3/8/2022 17:30,70.072
1268,3/8/2022 17:45,70.372
1269,3/8/2022 18:00,70.673
1270,3/8/2022 18:15,70.93
1271,3/8/2022 18:30,71.274
1272,3/8/2022 18:45,71.19
1273,3/8/2022 19:00,70.63
1274,3/8/2022 19:15,70.158
1275,3/8/2022 19:30,69.643
1276,3/8/2022 19:45,69.427
1277,3/8/2022 20:00,69.858
1278,3/8/2022 20:15,70.243
1279,3/8/2022 20:30,70.716
1280,3/8/2022 20:45,71.103
1281,3/8/2022 21:00,71.231
1282,3/8/2022 21:15,70.759
1283,3/8/2022 21:30,70.286
1284,3/8/2022 21:45,69.771
1285,3/8/2022 22:00,69.427
1286,3/8/2022 22:15,69.685
1287,3/8/2022 22:30,70.158
1288,3/8/2022 22:45,70.543
1289,3/8/2022 23:00,71.06
1290,3/8/2022 23:15,71.146
1291,3/8/2022 23:30,70.759
1292,3/8/2022 23:45,70.286
1293,3/9/2022 0:00,69.771
1294,3/9/2022 0:15,69.427
1295,3/9/2022 0:30,69.685
1296,3/9/2022 0:45,69.985
1297,3/9/2022 1:00,70.502
1298,3/9/2022 1:15,70.887
1299,3/9/2022 1:30,70.974
1300,3/9/2022 1:45,70.502
1301,3/9/2022 2:00,70.029
1302,3/9/2022 2:15,69.6
1303,3/9/2022 2:30,69.557
1304,3/9/2022 2:45,69.858
1305,3/9/2022 3:00,70.243
1306,3/9/2022 3:15,70.63
1307,3/9/2022 3:30,70.846
1308,3/9/2022 3:45,71.146
1309,3/9/2022 4:00,71.274
1310,3/9/2022 4:15,70.846
1311,3/9/2022 4:30,70.372
1312,3/9/2022 4:45,69.942
1313,3/9/2022 5:00,69.514
1314,3/9/2022 5:15,69.514
1315,3/9/2022 5:30,69.901
1316,3/9/2022 5:45,70.243
1317,3/9/2022 6:00,70.502
1318,3/9/2022 6:15,70.803
1319,3/9/2022 6:30,71.06
1320,3/9/2022 6:45,71.274
1321,3/9/2022 7:00,70.887
1322,3/9/2022 7:15,70.372
1323,3/9/2022 7:30,69.901
1324,3/9/2022 7:45,69.427
1325,3/9/2022 8:00,69.557
1326,3/9/2022 8:15,70.029
1327,3/9/2022 8:30,70.459
1328,3/9/2022 8:45,70.846
1329,3/9/2022 9:00,71.146
1330,3/9/2022 9:15,71.274
1331,3/9/2022 9:30,70.803
1332,3/9/2022 9:45,70.243
1333,3/9/2022 10:00,69.771
1334,3/9/2022 10:15,69.471
1335,3/9/2022 10:30,69.685
1336,3/9/2022 10:45,70.158
1337,3/9/2022 11:00,70.543
1338,3/9/2022 11:15,70.887
1339,3/9/2022 11:30,71.146
1340,3/9/2022 11:45,70.759
1341,3/9/2022 12:00,70.201
1342,3/9/2022 12:15,69.643
1343,3/9/2022 12:30,69.427
1344,3/9/2022 12:45,69.643
1345,3/9/2022 13:00,69.942
1346,3/9/2022 13:15,70.243
1347,3/9/2022 13:30,70.587
1348,3/9/2022 13:45,70.887
1349,3/9/2022 14:00,71.19
1350,3/9/2022 14:15,71.317
1351,3/9/2022 14:30,70.93
1352,3/9/2022 14:45,70.459
1353,3/9/2022 15:00,69.985
1354,3/9/2022 15:15,69.557
1355,3/9/2022 15:30,69.471
1356,3/9/2022 15:45,69.771
1357,3/9/2022 16:00,70.072
1358,3/9/2022 16:15,70.459
1359,3/9/2022 16:30,70.716
1360,3/9/2022 16:45,70.974
1361,3/9/2022 17:00,70.887
1362,3/9/2022 17:15,70.372
1363,3/9/2022 17:30,69.942
1364,3/9/2022 17:45,69.514
1365,3/9/2022 18:00,69.6
1366,3/9/2022 18:15,69.858
1367,3/9/2022 18:30,70.286
1368,3/9/2022 18:45,70.459
1369,3/9/2022 19:00,70.803
1370,3/9/2022 19:15,71.146
1371,3/9/2022 19:30,70.93
1372,3/9/2022 19:45,70.459
1373,3/9/2022 20:00,69.985
1374,3/9/2022 20:15,69.557
1375,3/9/2022 20:30,69.471
1376,3/9/2022 20:45,69.858
1377,3/9/2022 21:00,70.372
1378,3/9/2022 21:15,70.846
1379,3/9/2022 21:30,71.274
1380,3/9/2022 21:45,71.317
1381,3/9/2022 22:00,70.846
1382,3/9/2022 22:15,70.372
1383,3/9/2022 22:30,69.901
1384,3/9/2022 22:45,69.471
1385,3/9/2022 23:00,69.514
1386,3/9/2022 23:15,69.985
1387,3/9/2022 23:30,70.502
1388,3/9/2022 23:45,71.017
1389,3/10/2022 0:00,71.231
1390,3/10/2022 0:15,70.846
1391,3/10/2022 0:30,70.286
1392,3/10/2022 0:45,69.771
1393,3/10/2022 1:00,69.386
1394,3/10/2022 1:15,69.6
1395,3/10/2022 1:30,70.072
1396,3/10/2022 1:45,70.502
1397,3/10/2022 2:00,70.93
1398,3/10/2022 2:15,71.231
1399,3/10/2022 2:30,71.146
1400,3/10/2022 2:45,70.716
1401,3/10/2022 3:00,70.329
1402,3/10/2022 3:15,69.901
1403,3/10/2022 3:30,69.557
1404,3/10/2022 3:45,69.557
1405,3/10/2022 4:00,69.942
1406,3/10/2022 4:15,70.286
1407,3/10/2022 4:30,70.716
1408,3/10/2022 4:45,71.017
1409,3/10/2022 5:00,71.19
1410,3/10/2022 5:15,70.803
1411,3/10/2022 5:30,70.372
1412,3/10/2022 5:45,69.985
1413,3/10/2022 6:00,69.6
1414,3/10/2022 6:15,69.557
1415,3/10/2022 6:30,69.858
1416,3/10/2022 6:45,70.201
1417,3/10/2022 7:00,70.673
1418,3/10/2022 7:15,71.06
1419,3/10/2022 7:30,70.974
1420,3/10/2022 7:45,70.543
1421,3/10/2022 8:00,70.115
1422,3/10/2022 8:15,69.685
1423,3/10/2022 8:30,69.386
1424,3/10/2022 8:45,69.771
1425,3/10/2022 9:00,70.243
1426,3/10/2022 9:15,70.759
1427,3/10/2022 9:30,71.19
1428,3/10/2022 9:45,71.017
1429,3/10/2022 10:00,70.587
1430,3/10/2022 10:15,70.115
1431,3/10/2022 10:30,69.643
1432,3/10/2022 10:45,69.386
1433,3/10/2022 11:00,69.643
1434,3/10/2022 11:15,70.201
1435,3/10/2022 11:30,70.502
1436,3/10/2022 11:45,70.974
1437,3/10/2022 12:00,71.317
1438,3/10/2022 12:15,70.93
1439,3/10/2022 12:30,70.286
1440,3/10/2022 12:45,69.685
1441,3/10/2022 13:00,69.343
1442,3/10/2022 13:15,69.901
1443,3/10/2022 13:30,70.716
1444,3/10/2022 13:45,71.317
1445,3/10/2022 14:00,71.533
1446,3/10/2022 14:15,71.49
1447,3/10/2022 14:30,71.231
1448,3/10/2022 14:45,71.06
1449,3/10/2022 15:00,70.887
1450,3/10/2022 15:15,70.673
1451,3/10/2022 15:30,70.502
1452,3/10/2022 15:45,70.329
1453,3/10/2022 16:00,70.115
1454,3/10/2022 16:15,70.029
1455,3/10/2022 16:30,69.814
1456,3/10/2022 16:45,70.072
1457,3/10/2022 17:00,70.759
1458,3/10/2022 17:15,71.317
1459,3/10/2022 17:30,71.62
1460,3/10/2022 17:45,71.49
1461,3/10/2022 18:00,71.231
1462,3/10/2022 18:15,70.93
1463,3/10/2022 18:30,70.673
1464,3/10/2022 18:45,70.372
1465,3/10/2022 19:00,70.115
1466,3/10/2022 19:15,69.858
1467,3/10/2022 19:30,69.643
1468,3/10/2022 19:45,69.901
1469,3/10/2022 20:00,70.502
1470,3/10/2022 20:15,71.274
1471,3/10/2022 20:30,71.748
1472,3/10/2022 20:45,71.533
1473,3/10/2022 21:00,71.274
1474,3/10/2022 21:15,70.93
1475,3/10/2022 21:30,70.63
1476,3/10/2022 21:45,70.372
1477,3/10/2022 22:00,70.072
1478,3/10/2022 22:15,69.814
1479,3/10/2022 22:30,69.557
1480,3/10/2022 22:45,69.771
1481,3/10/2022 23:00,70.416
1482,3/10/2022 23:15,71.19
1483,3/10/2022 23:30,71.748
1484,3/10/2022 23:45,71.577
1485,3/11/2022 0:00,71.317
1486,3/11/2022 0:15,71.017
1487,3/11/2022 0:30,70.63
1488,3/11/2022 0:45,70.286
1489,3/11/2022 1:00,69.985
1490,3/11/2022 1:15,69.685
1491,3/11/2022 1:30,69.814
1492,3/11/2022 1:45,70.459
1493,3/11/2022 2:00,71.146
1494,3/11/2022 2:15,71.577
1495,3/11/2022 2:30,71.447
1496,3/11/2022 2:45,71.19
1497,3/11/2022 3:00,70.846
1498,3/11/2022 3:15,70.587
1499,3/11/2022 3:30,70.286
1500,3/11/2022 3:45,70.029
1501,3/11/2022 4:00,69.771
1502,3/11/2022 4:15,69.814
1503,3/11/2022 4:30,70.372
1504,3/11/2022 4:45,70.887
1505,3/11/2022 5:00,71.49
1506,3/11/2022 5:15,71.661
1507,3/11/2022 5:30,71.49
1508,3/11/2022 5:45,71.19
1509,3/11/2022 6:00,70.93
1510,3/11/2022 6:15,70.587
1511,3/11/2022 6:30,70.286
1512,3/11/2022 6:45,70.072
1513,3/11/2022 7:00,69.858
1514,3/11/2022 7:15,69.643
1515,3/11/2022 7:30,70.029
1516,3/11/2022 7:45,70.63
1517,3/11/2022 8:00,71.404
1518,3/11/2022 8:15,72.007
1519,3/11/2022 8:30,71.791
1520,3/11/2022 8:45,71.577
1521,3/11/2022 9:00,71.231
1522,3/11/2022 9:15,70.93
1523,3/11/2022 9:30,70.63
1524,3/11/2022 9:45,70.329
1525,3/11/2022 10:00,70.029
1526,3/11/2022 10:15,69.814
1527,3/11/2022 10:30,69.6
1528,3/11/2022 10:45,69.985
1529,3/11/2022 11:00,70.716
1530,3/11/2022 11:15,71.404
1531,3/11/2022 11:30,71.92
1532,3/11/2022 11:45,71.748
1533,3/11/2022 12:00,71.49
1534,3/11/2022 12:15,71.06
1535,3/11/2022 12:30,70.673
1536,3/11/2022 12:45,70.329
1537,3/11/2022 13:00,69.985
1538,3/11/2022 13:15,69.901
1539,3/11/2022 13:30,70.63
1540,3/11/2022 13:45,71.404
1541,3/11/2022 14:00,71.791
1542,3/11/2022 14:15,71.661
1543,3/11/2022 14:30,71.404
1544,3/11/2022 14:45,71.274
1545,3/11/2022 15:00,71.06
1546,3/11/2022 15:15,70.887
1547,3/11/2022 15:30,70.673
1548,3/11/2022 15:45,70.502
1549,3/11/2022 16:00,70.329
1550,3/11/2022 16:15,70.201
1551,3/11/2022 16:30,70.072
1552,3/11/2022 16:45,69.985
1553,3/11/2022 17:00,70.543
1554,3/11/2022 17:15,71.06
1555,3/11/2022 17:30,71.447
1556,3/11/2022 17:45,71.317
1557,3/11/2022 18:00,71.017
1558,3/11/2022 18:15,70.63
1559,3/11/2022 18:30,70.416
1560,3/11/2022 18:45,70.115
1561,3/11/2022 19:00,69.814
1562,3/11/2022 19:15,69.557
1563,3/11/2022 19:30,69.771
1564,3/11/2022 19:45,70.459
1565,3/11/2022 20:00,71.06
1566,3/11/2022 20:15,71.533
1567,3/11/2022 20:30,71.361
1568,3/11/2022 20:45,71.103
1569,3/11/2022 21:00,70.803
1570,3/11/2022 21:15,70.416
1571,3/11/2022 21:30,70.158
1572,3/11/2022 21:45,69.814
1573,3/11/2022 22:00,69.6
1574,3/11/2022 22:15,69.858
1575,3/11/2022 22:30,70.459
1576,3/11/2022 22:45,71.103
1577,3/11/2022 23:00,71.447
1578,3/11/2022 23:15,71.274
1579,3/11/2022 23:30,70.974
1580,3/11/2022 23:45,70.716
1581,3/12/2022 0:00,70.329
1582,3/12/2022 0:15,69.942
1583,3/12/2022 0:30,69.643
1584,3/12/2022 0:45,69.471
1585,3/12/2022 1:00,70.072
1586,3/12/2022 1:15,70.759
1587,3/12/2022 1:30,71.231
1588,3/12/2022 1:45,71.146
1589,3/12/2022 2:00,70.846
1590,3/12/2022 2:15,70.543
1591,3/12/2022 2:30,70.286
1592,3/12/2022 2:45,70.029
1593,3/12/2022 3:00,69.771
1594,3/12/2022 3:15,69.557
1595,3/12/2022 3:30,69.942
1596,3/12/2022 3:45,70.459
1597,3/12/2022 4:00,70.974
1598,3/12/2022 4:15,71.404
1599,3/12/2022 4:30,71.274
1600,3/12/2022 4:45,70.974
1601,3/12/2022 5:00,70.673
1602,3/12/2022 5:15,70.372
1603,3/12/2022 5:30,70.115
1604,3/12/2022 5:45,69.858
1605,3/12/2022 6:00,69.6
1606,3/12/2022 6:15,69.6
1607,3/12/2022 6:30,70.201
1608,3/12/2022 6:45,70.846
1609,3/12/2022 7:00,71.447
1610,3/12/2022 7:15,71.404
1611,3/12/2022 7:30,71.146
1612,3/12/2022 7:45,70.846
1613,3/12/2022 8:00,70.543
1614,3/12/2022 8:15,70.243
1615,3/12/2022 8:30,69.942
1616,3/12/2022 8:45,69.685
1617,3/12/2022 9:00,69.6
1618,3/12/2022 9:15,70.158
1619,3/12/2022 9:30,70.803
1620,3/12/2022 9:45,71.49
1621,3/12/2022 10:00,71.49
1622,3/12/2022 10:15,71.231
1623,3/12/2022 10:30,70.887
1624,3/12/2022 10:45,70.587
1625,3/12/2022 11:00,70.286
1626,3/12/2022 11:15,69.985
1627,3/12/2022 11:30,69.728
1628,3/12/2022 11:45,69.6
1629,3/12/2022 12:00,70.029
1630,3/12/2022 12:15,70.759
1631,3/12/2022 12:30,71.404
1632,3/12/2022 12:45,71.577
1633,3/12/2022 13:00,71.274
1634,3/12/2022 13:15,70.887
1635,3/12/2022 13:30,70.63
1636,3/12/2022 13:45,70.329
1637,3/12/2022 14:00,70.072
1638,3/12/2022 14:15,69.858
1639,3/12/2022 14:30,69.985
1640,3/12/2022 14:45,70.63
1641,3/12/2022 15:00,71.146
1642,3/12/2022 15:15,71.017
1643,3/12/2022 15:30,70.759
1644,3/12/2022 15:45,70.502
1645,3/12/2022 16:00,70.243
1646,3/12/2022 16:15,70.029
1647,3/12/2022 16:30,69.771
1648,3/12/2022 16:45,69.858
1649,3/12/2022 17:00,70.63
1650,3/12/2022 17:15,71.274
1651,3/12/2022 17:30,71.533
1652,3/12/2022 17:45,71.361
1653,3/12/2022 18:00,71.103
1654,3/12/2022 18:15,70.803
1655,3/12/2022 18:30,70.587
1656,3/12/2022 18:45,70.372
1657,3/12/2022 19:00,70.201
1658,3/12/2022 19:15,69.942
1659,3/12/2022 19:30,69.771
1660,3/12/2022 19:45,69.858
1661,3/12/2022 20:00,70.587
1662,3/12/2022 20:15,71.274
1663,3/12/2022 20:30,71.748
1664,3/12/2022 20:45,71.661
1665,3/12/2022 21:00,71.404
1666,3/12/2022 21:15,71.19
1667,3/12/2022 21:30,70.974
1668,3/12/2022 21:45,70.716
1669,3/12/2022 22:00,70.416
1670,3/12/2022 22:15,70.286
1671,3/12/2022 22:30,70.029
1672,3/12/2022 22:45,69.858
1673,3/12/2022 23:00,69.728
1674,3/12/2022 23:15,70.286
1675,3/12/2022 23:30,71.06
1676,3/12/2022 23:45,71.661
1677,3/13/2022 0:00,71.533
1678,3/13/2022 0:15,71.231
1679,3/13/2022 0:30,70.887
1680,3/13/2022 0:45,70.63
1681,3/13/2022 1:00,70.329
1682,3/13/2022 1:15,70.072
1683,3/13/2022 1:30,69.942
1684,3/13/2022 1:45,69.685
1685,3/13/2022 2:00,70.201
1686,3/13/2022 2:15,70.846
1687,3/13/2022 2:30,71.404
1688,3/13/2022 2:45,71.447
1689,3/13/2022 3:00,71.146
1690,3/13/2022 3:15,70.93
1691,3/13/2022 3:30,70.63
1692,3/13/2022 3:45,70.459
1693,3/13/2022 4:00,70.201
1694,3/13/2022 4:15,69.985
1695,3/13/2022 4:30,69.814
1696,3/13/2022 4:45,69.942
1697,3/13/2022 5:00,70.587
1698,3/13/2022 5:15,71.19
1699,3/13/2022 5:30,71.748
1700,3/13/2022 5:45,71.704
1701,3/13/2022 6:00,71.404
1702,3/13/2022 6:15,71.146
1703,3/13/2022 6:30,70.93
1704,3/13/2022 6:45,70.716
1705,3/13/2022 7:00,70.459
1706,3/13/2022 7:15,70.243
1707,3/13/2022 7:30,70.072
1708,3/13/2022 7:45,69.901
1709,3/13/2022 8:00,69.728
1710,3/13/2022 8:15,69.942
1711,3/13/2022 8:30,70.673
1712,3/13/2022 8:45,71.49
1713,3/13/2022 9:00,71.748
1714,3/13/2022 9:15,71.62
1715,3/13/2022 9:30,71.361
1716,3/13/2022 9:45,71.19
1717,3/13/2022 10:00,70.974
1718,3/13/2022 10:15,70.716
1719,3/13/2022 10:30,70.502
1720,3/13/2022 10:45,70.286
1721,3/13/2022 11:00,70.115
1722,3/13/2022 11:15,69.901
1723,3/13/2022 11:30,69.771
1724,3/13/2022 11:45,70.158
1725,3/13/2022 12:00,70.974
1726,3/13/2022 12:15,71.62
1727,3/13/2022 12:30,71.49
1728,3/13/2022 12:45,71.231
1729,3/13/2022 13:00,70.974
1730,3/13/2022 13:15,70.716
1731,3/13/2022 13:30,70.372
1732,3/13/2022 13:45,70.158
1733,3/13/2022 14:00,70.072
1734,3/13/2022 14:15,69.942
1735,3/13/2022 14:30,69.901
1736,3/13/2022 14:45,70.543
1737,3/13/2022 15:00,71.19
1738,3/13/2022 15:15,71.62
1739,3/13/2022 15:30,71.533
1740,3/13/2022 15:45,71.361
1741,3/13/2022 16:00,71.19
1742,3/13/2022 16:15,71.017
1743,3/13/2022 16:30,70.887
1744,3/13/2022 16:45,70.502
1745,3/13/2022 17:00,70.158
1746,3/13/2022 17:15,69.814
1747,3/13/2022 17:30,69.557
1748,3/13/2022 17:45,69.771
1749,3/13/2022 18:00,70.243
1750,3/13/2022 18:15,70.716
1751,3/13/2022 18:30,71.146
1752,3/13/2022 18:45,71.274
1753,3/13/2022 19:00,70.974
1754,3/13/2022 19:15,70.63
1755,3/13/2022 19:30,70.286
1756,3/13/2022 19:45,69.942
1757,3/13/2022 20:00,69.643
1758,3/13/2022 20:15,69.6
1759,3/13/2022 20:30,69.985
1760,3/13/2022 20:45,70.459
1761,3/13/2022 21:00,70.887
1762,3/13/2022 21:15,71.317
1763,3/13/2022 21:30,71.274
1764,3/13/2022 21:45,70.93
1765,3/13/2022 22:00,70.543
1766,3/13/2022 22:15,70.201
1767,3/13/2022 22:30,69.901
1768,3/13/2022 22:45,69.6
1769,3/13/2022 23:00,69.643
1770,3/13/2022 23:15,70.115
1771,3/13/2022 23:30,70.459
1772,3/13/2022 23:45,70.974
1773,3/14/2022 0:00,71.361
1774,3/14/2022 0:15,71.19
1775,3/14/2022 0:30,70.846
1776,3/14/2022 0:45,70.459
1777,3/14/2022 1:00,70.158
1778,3/14/2022 1:15,69.814
1779,3/14/2022 1:30,69.557
1780,3/14/2022 1:45,69.771
1781,3/14/2022 2:00,70.115
1782,3/14/2022 2:15,70.63
1783,3/14/2022 2:30,71.06
1784,3/14/2022 2:45,71.361
1785,3/14/2022 3:00,71.06
1786,3/14/2022 3:15,70.673
1787,3/14/2022 3:30,70.329
1788,3/14/2022 3:45,69.985
1789,3/14/2022 4:00,69.685
1790,3/14/2022 4:15,69.643
1791,3/14/2022 4:30,70.072
1792,3/14/2022 4:45,70.416
1793,3/14/2022 5:00,70.887
1794,3/14/2022 5:15,71.19
1795,3/14/2022 5:30,71.103
1796,3/14/2022 5:45,70.716
1797,3/14/2022 6:00,70.372
1798,3/14/2022 6:15,70.072
1799,3/14/2022 6:30,69.728
1800,3/14/2022 6:45,69.557
1801,3/14/2022 7:00,69.858
1802,3/14/2022 7:15,70.329
1803,3/14/2022 7:30,70.716
1804,3/14/2022 7:45,71.146
1805,3/14/2022 8:00,71.361
1806,3/14/2022 8:15,70.974
1807,3/14/2022 8:30,70.63
1808,3/14/2022 8:45,70.243
1809,3/14/2022 9:00,69.985
1810,3/14/2022 9:15,69.814
1811,3/14/2022 9:30,70.029
1812,3/14/2022 9:45,70.716
1813,3/14/2022 10:00,71.317
1814,3/14/2022 10:15,71.834
1815,3/14/2022 10:30,71.661
1816,3/14/2022 10:45,71.877
1817,3/14/2022 11:00,72.523
1818,3/14/2022 11:15,73.083
1819,3/14/2022 11:30,73.645
1820,3/14/2022 11:45,74.338
1821,3/14/2022 12:00,74.899
1822,3/14/2022 12:15,75.376
1823,3/14/2022 12:30,75.81
1824,3/14/2022 12:45,76.246
1825,3/14/2022 13:00,76.854
1826,3/14/2022 13:15,77.378
1827,3/14/2022 13:30,77.945
1828,3/14/2022 13:45,78.427
1829,3/14/2022 14:00,78.953
1830,3/14/2022 14:15,79.48
1831,3/14/2022 14:30,80.227
1832,3/14/2022 14:45,80.096
1833,3/14/2022 15:00,79.304
1834,3/14/2022 15:15,78.996
1835,3/14/2022 15:30,78.777
1836,3/14/2022 15:45,78.339
1837,3/14/2022 16:00,77.902
1838,3/14/2022 16:15,77.859
1839,3/14/2022 16:30,78.339
1840,3/14/2022 16:45,78.822
1841,3/14/2022 17:00,79.347
1842,3/14/2022 17:15,79.743
1843,3/14/2022 17:30,80.139
1844,3/14/2022 17:45,79.831
1845,3/14/2022 18:00,79.435
1846,3/14/2022 18:15,78.996
1847,3/14/2022 18:30,78.645
1848,3/14/2022 18:45,78.296
1849,3/14/2022 19:00,77.815
1850,3/14/2022 19:15,78.165
1851,3/14/2022 19:30,78.602
1852,3/14/2022 19:45,79.173
1853,3/14/2022 20:00,79.567
1854,3/14/2022 20:15,79.963
1855,3/14/2022 20:30,79.92
1856,3/14/2022 20:45,79.48
1857,3/14/2022 21:00,79.084
1858,3/14/2022 21:15,78.69
1859,3/14/2022 21:30,78.296
1860,3/14/2022 21:45,77.945
1861,3/14/2022 22:00,77.945
1862,3/14/2022 22:15,78.471
1863,3/14/2022 22:30,78.91
1864,3/14/2022 22:45,79.435
1865,3/14/2022 23:00,79.788
1866,3/14/2022 23:15,80.051
1867,3/14/2022 23:30,79.612
1868,3/14/2022 23:45,79.128
1869,3/15/2022 0:00,78.822
1870,3/15/2022 0:15,78.382
1871,3/15/2022 0:30,77.99
1872,3/15/2022 0:45,78.033
1873,3/15/2022 1:00,78.427
1874,3/15/2022 1:15,78.953
1875,3/15/2022 1:30,79.435
1876,3/15/2022 1:45,79.831
1877,3/15/2022 2:00,80.008
1878,3/15/2022 2:15,79.567
1879,3/15/2022 2:30,79.173
1880,3/15/2022 2:45,78.822
1881,3/15/2022 3:00,78.339
1882,3/15/2022 3:15,78.076
1883,3/15/2022 3:30,77.859
1884,3/15/2022 3:45,78.208
1885,3/15/2022 4:00,78.733
1886,3/15/2022 4:15,79.304
1887,3/15/2022 4:30,79.743
1888,3/15/2022 4:45,80.008
1889,3/15/2022 5:00,79.655
1890,3/15/2022 5:15,79.216
1891,3/15/2022 5:30,78.91
1892,3/15/2022 5:45,78.471
1893,3/15/2022 6:00,78.121
1894,3/15/2022 6:15,77.902
1895,3/15/2022 6:30,78.339
1896,3/15/2022 6:45,78.822
1897,3/15/2022 7:00,79.347
1898,3/15/2022 7:15,79.788
1899,3/15/2022 7:30,79.92
1900,3/15/2022 7:45,79.48
1901,3/15/2022 8:00,79.084
1902,3/15/2022 8:15,78.777
1903,3/15/2022 8:30,78.382
1904,3/15/2022 8:45,77.945
1905,3/15/2022 9:00,78.076
1906,3/15/2022 9:15,78.559
1907,3/15/2022 9:30,79.128
1908,3/15/2022 9:45,79.612
1909,3/15/2022 10:00,79.392
1910,3/15/2022 10:15,79.128
1911,3/15/2022 10:30,78.822
1912,3/15/2022 10:45,78.427
1913,3/15/2022 11:00,78.076
1914,3/15/2022 11:15,77.815
1915,3/15/2022 11:30,78.121
1916,3/15/2022 11:45,78.69
1917,3/15/2022 12:00,79.261
1918,3/15/2022 12:15,79.743
1919,3/15/2022 12:30,80.184
1920,3/15/2022 12:45,79.876
1921,3/15/2022 13:00,79.304
1922,3/15/2022 13:15,78.69
1923,3/15/2022 13:30,78.208
1924,3/15/2022 13:45,77.815
1925,3/15/2022 14:00,77.509
1926,3/15/2022 14:15,77.815
1927,3/15/2022 14:30,78.208
1928,3/15/2022 14:45,78.602
1929,3/15/2022 15:00,78.996
1930,3/15/2022 15:15,79.304
1931,3/15/2022 15:30,79.612
1932,3/15/2022 15:45,79.612
1933,3/15/2022 16:00,79.084
1934,3/15/2022 16:15,78.559
1935,3/15/2022 16:30,78.033
1936,3/15/2022 16:45,77.553
1937,3/15/2022 17:00,77.596
1938,3/15/2022 17:15,77.902
1939,3/15/2022 17:30,78.296
1940,3/15/2022 17:45,78.602
1941,3/15/2022 18:00,79.041
1942,3/15/2022 18:15,79.347
1943,3/15/2022 18:30,79.7
1944,3/15/2022 18:45,79.612
1945,3/15/2022 19:00,79.084
1946,3/15/2022 19:15,78.559
1947,3/15/2022 19:30,78.076
1948,3/15/2022 19:45,77.639
1949,3/15/2022 20:00,77.727
1950,3/15/2022 20:15,78.076
1951,3/15/2022 20:30,78.471
1952,3/15/2022 20:45,78.822
1953,3/15/2022 21:00,79.128
1954,3/15/2022 21:15,79.48
1955,3/15/2022 21:30,79.788
1956,3/15/2022 21:45,79.567
1957,3/15/2022 22:00,78.996
1958,3/15/2022 22:15,78.514
1959,3/15/2022 22:30,78.033
1960,3/15/2022 22:45,77.639
1961,3/15/2022 23:00,77.815
1962,3/15/2022 23:15,78.251
1963,3/15/2022 23:30,78.559
1964,3/15/2022 23:45,78.953
1965,3/16/2022 0:00,79.304
1966,3/16/2022 0:15,79.612
1967,3/16/2022 0:30,79.612
1968,3/16/2022 0:45,79.084
1969,3/16/2022 1:00,78.514
1970,3/16/2022 1:15,78.033
1971,3/16/2022 1:30,77.639
1972,3/16/2022 1:45,77.684
1973,3/16/2022 2:00,78.076
1974,3/16/2022 2:15,78.471
1975,3/16/2022 2:30,78.822
1976,3/16/2022 2:45,79.128
1977,3/16/2022 3:00,79.48
1978,3/16/2022 3:15,79.743
1979,3/16/2022 3:30,79.435
1980,3/16/2022 3:45,78.953
1981,3/16/2022 4:00,78.382
1982,3/16/2022 4:15,77.945
1983,3/16/2022 4:30,77.553
1984,3/16/2022 4:45,77.77
1985,3/16/2022 5:00,78.296
1986,3/16/2022 5:15,78.559
1987,3/16/2022 5:30,78.865
1988,3/16/2022 5:45,79.304
1989,3/16/2022 6:00,79.612
1990,3/16/2022 6:15,79.743
1991,3/16/2022 6:30,79.261
1992,3/16/2022 6:45,78.733
1993,3/16/2022 7:00,78.251
1994,3/16/2022 7:15,77.815
1995,3/16/2022 7:30,77.464
1996,3/16/2022 7:45,77.859
1997,3/16/2022 8:00,78.208
1998,3/16/2022 8:15,78.602
1999,3/16/2022 8:30,78.953
2000,3/16/2022 8:45,79.304
2001,3/16/2022 9:00,79.612
2002,3/16/2022 9:15,79.655
2003,3/16/2022 9:30,79.128
2004,3/16/2022 9:45,78.471
2005,3/16/2022 10:00,77.815
2006,3/16/2022 10:15,77.464
2007,3/16/2022 10:30,77.203
2008,3/16/2022 10:45,76.854
2009,3/16/2022 11:00,77.16
2010,3/16/2022 11:15,77.859
2011,3/16/2022 11:30,78.339
2012,3/16/2022 11:45,78.953
2013,3/16/2022 12:00,79.216
2014,3/16/2022 12:15,78.996
2015,3/16/2022 12:30,78.602
2016,3/16/2022 12:45,78.121
2017,3/16/2022 13:00,77.464
2018,3/16/2022 13:15,76.811
2019,3/16/2022 13:30,76.332
2020,3/16/2022 13:45,76.593
2021,3/16/2022 14:00,76.899
2022,3/16/2022 14:15,77.117
2023,3/16/2022 14:30,77.421
2024,3/16/2022 14:45,77.684
2025,3/16/2022 15:00,78.033
2026,3/16/2022 15:15,78.251
2027,3/16/2022 15:30,78.382
2028,3/16/2022 15:45,78.514
2029,3/16/2022 16:00,77.99
2030,3/16/2022 16:15,77.378
2031,3/16/2022 16:30,76.811
2032,3/16/2022 16:45,76.419
2033,3/16/2022 17:00,76.55
2034,3/16/2022 17:15,76.811
2035,3/16/2022 17:30,77.203
2036,3/16/2022 17:45,77.464
2037,3/16/2022 18:00,77.684
2038,3/16/2022 18:15,77.945
2039,3/16/2022 18:30,78.208
2040,3/16/2022 18:45,78.514
2041,3/16/2022 19:00,78.733
2042,3/16/2022 19:15,78.339
2043,3/16/2022 19:30,77.727
2044,3/16/2022 19:45,77.117
2045,3/16/2022 20:00,76.593
2046,3/16/2022 20:15,76.55
2047,3/16/2022 20:30,76.811
2048,3/16/2022 20:45,77.203
2049,3/16/2022 21:00,77.464
2050,3/16/2022 21:15,77.77
2051,3/16/2022 21:30,77.99
2052,3/16/2022 21:45,78.339
2053,3/16/2022 22:00,78.514
2054,3/16/2022 22:15,78.339
2055,3/16/2022 22:30,77.77
2056,3/16/2022 22:45,77.16
2057,3/16/2022 23:00,76.593
2058,3/16/2022 23:15,76.419
2059,3/16/2022 23:30,76.854
2060,3/16/2022 23:45,77.16
2061,3/17/2022 0:00,77.421
2062,3/17/2022 0:15,77.727
2063,3/17/2022 0:30,77.99
2064,3/17/2022 0:45,78.339
2065,3/17/2022 1:00,78.559
2066,3/17/2022 1:15,78.514
2067,3/17/2022 1:30,77.945
2068,3/17/2022 1:45,77.335
2069,3/17/2022 2:00,76.768
2070,3/17/2022 2:15,76.419
2071,3/17/2022 2:30,76.681
2072,3/17/2022 2:45,77.072
2073,3/17/2022 3:00,77.378
2074,3/17/2022 3:15,77.553
2075,3/17/2022 3:30,77.902
2076,3/17/2022 3:45,78.165
2077,3/17/2022 4:00,78.427
2078,3/17/2022 4:15,78.427
2079,3/17/2022 4:30,77.859
2080,3/17/2022 4:45,77.247
2081,3/17/2022 5:00,76.636
2082,3/17/2022 5:15,76.464
2083,3/17/2022 5:30,76.768
2084,3/17/2022 5:45,77.029
2085,3/17/2022 6:00,77.335
2086,3/17/2022 6:15,77.596
2087,3/17/2022 6:30,77.902
2088,3/17/2022 6:45,78.121
2089,3/17/2022 7:00,78.382
2090,3/17/2022 7:15,78.471
2091,3/17/2022 7:30,77.902
2092,3/17/2022 7:45,77.335
2093,3/17/2022 8:00,76.768
2094,3/17/2022 8:15,76.464
2095,3/17/2022 8:30,76.636
2096,3/17/2022 8:45,77.029
2097,3/17/2022 9:00,77.335
2098,3/17/2022 9:15,77.639
2099,3/17/2022 9:30,77.945
2100,3/17/2022 9:45,78.208
2101,3/17/2022 10:00,78.471
2102,3/17/2022 10:15,78.733
2103,3/17/2022 10:30,78.251
2104,3/17/2022 10:45,77.639
2105,3/17/2022 11:00,77.072
2106,3/17/2022 11:15,76.55
2107,3/17/2022 11:30,76.507
2108,3/17/2022 11:45,76.768
2109,3/17/2022 12:00,77.203
2110,3/17/2022 12:15,77.464
2111,3/17/2022 12:30,77.815
2112,3/17/2022 12:45,78.121
2113,3/17/2022 13:00,78.296
2114,3/17/2022 13:15,78.559
2115,3/17/2022 13:30,78.121
2116,3/17/2022 13:45,77.421
2117,3/17/2022 14:00,76.725
2118,3/17/2022 14:15,76.375
2119,3/17/2022 14:30,76.507
2120,3/17/2022 14:45,76.811
2121,3/17/2022 15:00,77.117
2122,3/17/2022 15:15,69.343
2123,3/17/2022 15:30,70.673
2124,3/17/2022 15:45,69.985
2125,3/17/2022 16:00,69.256
2126,3/17/2022 16:15,68.571
2127,3/17/2022 16:30,68.013
2128,3/17/2022 16:45,67.928
2129,3/17/2022 17:00,68.056
2130,3/17/2022 17:15,69.129
2131,3/17/2022 17:30,70.63
2132,3/17/2022 17:45,71.447
2133,3/17/2022 18:00,71.834
2134,3/17/2022 18:15,71.877
2135,3/17/2022 18:30,71.661
2136,3/17/2022 18:45,71.19
2137,3/17/2022 19:00,70.63
2138,3/17/2022 19:15,69.985
2139,3/17/2022 19:30,69.256
2140,3/17/2022 19:45,68.484
2141,3/17/2022 20:00,67.671
2142,3/17/2022 20:15,66.9
2143,3/17/2022 20:30,66.087
2144,3/17/2022 20:45,65.273
2145,3/17/2022 21:00,64.503
2146,3/17/2022 21:15,63.775
2147,3/17/2022 21:30,63.048
2148,3/17/2022 21:45,62.319
2149,3/17/2022 22:00,61.677
2150,3/17/2022 22:15,61.032
2151,3/17/2022 22:30,60.433
2152,3/17/2022 22:45,59.83
2153,3/17/2022 23:00,59.315
2154,3/17/2022 23:15,58.755
2155,3/17/2022 23:30,58.239
2156,3/17/2022 23:45,57.765
2157,3/18/2022 0:00,57.29
2158,3/18/2022 0:15,56.858
2159,3/18/2022 0:30,56.426
2160,3/18/2022 0:45,56.035
2161,3/18/2022 1:00,55.602
2162,3/18/2022 1:15,55.213
2163,3/18/2022 1:30,54.82
2164,3/18/2022 1:45,54.473
2165,3/18/2022 2:00,54.126
2166,3/18/2022 2:15,53.776
2167,3/18/2022 2:30,53.427
2168,3/18/2022 2:45,53.078
2169,3/18/2022 3:00,52.772
2170,3/18/2022 3:15,52.466
2171,3/18/2022 3:30,52.16
2172,3/18/2022 3:45,51.852
2173,3/18/2022 4:00,51.589
2174,3/18/2022 4:15,51.325
2175,3/18/2022 4:30,51.062
2176,3/18/2022 4:45,50.797
2177,3/18/2022 5:00,50.533
2178,3/18/2022 5:15,50.311
2179,3/18/2022 5:30,50.092
2180,3/18/2022 5:45,49.825
2181,3/18/2022 6:00,49.604
2182,3/18/2022 6:15,49.383
2183,3/18/2022 6:30,49.161
2184,3/18/2022 6:45,49.028
2185,3/18/2022 7:00,48.938
2186,3/18/2022 7:15,48.895
2187,3/18/2022 7:30,48.938
2188,3/18/2022 7:45,49.028
2189,3/18/2022 8:00,49.161
2190,3/18/2022 8:15,49.338
2191,3/18/2022 8:30,49.604
2192,3/18/2022 8:45,49.959
2193,3/18/2022 9:00,50.356
2194,3/18/2022 9:15,50.886
2195,3/18/2022 9:30,51.458
2196,3/18/2022 9:45,52.115
2197,3/18/2022 10:00,52.903
2198,3/18/2022 10:15,53.776
2199,3/18/2022 10:30,54.734
2200,3/18/2022 10:45,55.819
2201,3/18/2022 11:00,56.944
2202,3/18/2022 11:15,58.152
2203,3/18/2022 11:30,59.401
2204,3/18/2022 11:45,60.69
2205,3/18/2022 12:00,62.062
2206,3/18/2022 12:15,63.433
2207,3/18/2022 12:30,64.76
2208,3/18/2022 12:45,66.13
2209,3/18/2022 13:00,67.413
2210,3/18/2022 13:15,68.698
2211,3/18/2022 13:30,69.901
2212,3/18/2022 13:45,71.103
2213,3/18/2022 14:00,72.264
2214,3/18/2022 14:15,73.386
2215,3/18/2022 14:30,74.467
2216,3/18/2022 14:45,75.508
2217,3/18/2022 15:00,76.507
2218,3/18/2022 15:15,77.421
2219,3/18/2022 15:30,78.208
2220,3/18/2022 15:45,78.953
2221,3/18/2022 16:00,79.567
2222,3/18/2022 16:15,81.952
2223,3/18/2022 16:30,83.914
2224,3/18/2022 16:45,84.9
2225,3/18/2022 17:00,85.082
2226,3/18/2022 17:15,84.722
2227,3/18/2022 17:30,83.914
2228,3/18/2022 17:45,82.841
2229,3/18/2022 18:00,81.554
2230,3/18/2022 18:15,80.139
2231,3/18/2022 18:30,78.645
2232,3/18/2022 18:45,77.16
2233,3/18/2022 19:00,75.637
2234,3/18/2022 19:15,74.163
2235,3/18/2022 19:30,72.739
2236,3/18/2022 19:45,71.404
2237,3/18/2022 20:00,70.115
2238,3/18/2022 20:15,68.913
2239,3/18/2022 20:30,67.757
2240,3/18/2022 20:45,66.643
2241,3/18/2022 21:00,65.574
2242,3/18/2022 21:15,64.589
2243,3/18/2022 21:30,63.689
2244,3/18/2022 21:45,62.834
2245,3/18/2022 22:00,62.062
2246,3/18/2022 22:15,61.29
2247,3/18/2022 22:30,60.604
2248,3/18/2022 22:45,59.959
2249,3/18/2022 23:00,59.358
2250,3/18/2022 23:15,58.842
2251,3/18/2022 23:30,58.368
2252,3/18/2022 23:45,57.936
2253,3/19/2022 0:00,57.549
2254,3/19/2022 0:15,57.204
2255,3/19/2022 0:30,56.901
2256,3/19/2022 0:45,56.642
2257,3/19/2022 1:00,56.426
2258,3/19/2022 1:15,56.165
2259,3/19/2022 1:30,55.949
2260,3/19/2022 1:45,55.69
2261,3/19/2022 2:00,55.472
2262,3/19/2022 2:15,55.299
2263,3/19/2022 2:30,55.125
2264,3/19/2022 2:45,54.952
2265,3/19/2022 3:00,54.777
2266,3/19/2022 3:15,54.561
2267,3/19/2022 3:30,54.387
2268,3/19/2022 3:45,54.212
2269,3/19/2022 4:00,54.082
2270,3/19/2022 4:15,53.951
2271,3/19/2022 4:30,53.776
2272,3/19/2022 4:45,53.602
2273,3/19/2022 5:00,53.472
2274,3/19/2022 5:15,53.341
2275,3/19/2022 5:30,53.298
2276,3/19/2022 5:45,53.253
2277,3/19/2022 6:00,53.209
2278,3/19/2022 6:15,53.209
2279,3/19/2022 6:30,53.209
2280,3/19/2022 6:45,53.209
2281,3/19/2022 7:00,53.209
2282,3/19/2022 7:15,53.209
2283,3/19/2022 7:30,53.209
2284,3/19/2022 7:45,53.209
2285,3/19/2022 8:00,53.253
2286,3/19/2022 8:15,53.384
2287,3/19/2022 8:30,53.559
2288,3/19/2022 8:45,53.82
2289,3/19/2022 9:00,54.126
2290,3/19/2022 9:15,54.561
2291,3/19/2022 9:30,55.081
2292,3/19/2022 9:45,55.647
2293,3/19/2022 10:00,56.208
2294,3/19/2022 10:15,56.728
2295,3/19/2022 10:30,57.29
2296,3/19/2022 10:45,57.936
2297,3/19/2022 11:00,58.798
2298,3/19/2022 11:15,59.659
2299,3/19/2022 11:30,60.433
2300,3/19/2022 11:45,61.032
2301,3/19/2022 12:00,61.72
2302,3/19/2022 12:15,62.276
2303,3/19/2022 12:30,62.748
2304,3/19/2022 12:45,63.133
2305,3/19/2022 13:00,63.518
2306,3/19/2022 13:15,63.903
2307,3/19/2022 13:30,64.247
2308,3/19/2022 13:45,64.589
2309,3/19/2022 14:00,64.888
2310,3/19/2022 14:15,65.23
2311,3/19/2022 14:30,66.772
2312,3/19/2022 14:45,68.185
2313,3/19/2022 15:00,69.129
2314,3/19/2022 15:15,69.042
2315,3/19/2022 15:30,69.17
2316,3/19/2022 15:45,69.427
2317,3/19/2022 16:00,69.985
2318,3/19/2022 16:15,70.502
2319,3/19/2022 16:30,70.072
2320,3/19/2022 16:45,69.514
2321,3/19/2022 17:00,68.828
2322,3/19/2022 17:15,68.099
2323,3/19/2022 17:30,67.413
2324,3/19/2022 17:45,67.456
2325,3/19/2022 18:00,67.671
2326,3/19/2022 18:15,66.943
2327,3/19/2022 18:30,66.13
2328,3/19/2022 18:45,65.403
2329,3/19/2022 19:00,64.803
2330,3/19/2022 19:15,64.204
2331,3/19/2022 19:30,63.648
2332,3/19/2022 19:45,63.176
2333,3/19/2022 20:00,62.791
2334,3/19/2022 20:15,62.362
2335,3/19/2022 20:30,61.891
2336,3/19/2022 20:45,61.29
2337,3/19/2022 21:00,60.604
2338,3/19/2022 21:15,59.916
2339,3/19/2022 21:30,59.272
2340,3/19/2022 21:45,58.669
2341,3/19/2022 22:00,58.109
2342,3/19/2022 22:15,57.636
2343,3/19/2022 22:30,57.117
2344,3/19/2022 22:45,56.642
2345,3/19/2022 23:00,56.208
2346,3/19/2022 23:15,55.776
2347,3/19/2022 23:30,55.299
2348,3/19/2022 23:45,54.865
2349,3/20/2022 0:00,54.473
2350,3/20/2022 0:15,54.082
2351,3/20/2022 0:30,53.69
2352,3/20/2022 0:45,53.341
2353,3/20/2022 1:00,52.992
2354,3/20/2022 1:15,52.686
2355,3/20/2022 1:30,52.335
2356,3/20/2022 1:45,52.029
2357,3/20/2022 2:00,51.721
2358,3/20/2022 2:15,51.37
2359,3/20/2022 2:30,51.017
2360,3/20/2022 2:45,50.664
2361,3/20/2022 3:00,50.356
2362,3/20/2022 3:15,50.092
2363,3/20/2022 3:30,49.87
2364,3/20/2022 3:45,49.649
2365,3/20/2022 4:00,49.428
2366,3/20/2022 4:15,49.204
2367,3/20/2022 4:30,48.938
2368,3/20/2022 4:45,48.717
2369,3/20/2022 5:00,48.493
2370,3/20/2022 5:15,48.315
2371,3/20/2022 5:30,48.137
2372,3/20/2022 5:45,47.914
2373,3/20/2022 6:00,47.691
2374,3/20/2022 6:15,47.467
2375,3/20/2022 6:30,47.289
2376,3/20/2022 6:45,47.154
2377,3/20/2022 7:00,47.064
2378,3/20/2022 7:15,47.244
2379,3/20/2022 7:30,47.602
2380,3/20/2022 7:45,48.227
2381,3/20/2022 8:00,48.895
2382,3/20/2022 8:15,49.516
2383,3/20/2022 8:30,50.311
2384,3/20/2022 8:45,51.325
2385,3/20/2022 9:00,52.466
2386,3/20/2022 9:15,53.776
2387,3/20/2022 9:30,55.256
2388,3/20/2022 9:45,56.858
2389,3/20/2022 10:00,58.541
2390,3/20/2022 10:15,60.346
2391,3/20/2022 10:30,62.319
2392,3/20/2022 10:45,64.332
2393,3/20/2022 11:00,66.429
2394,3/20/2022 11:15,68.484
2395,3/20/2022 11:30,70.502
2396,3/20/2022 11:45,72.437
2397,3/20/2022 12:00,74.295
2398,3/20/2022 12:15,76.071
2399,3/20/2022 12:30,77.815
2400,3/20/2022 12:45,79.48
2401,3/20/2022 13:00,81.111
2402,3/20/2022 13:15,82.62
2403,3/20/2022 13:30,84.049
2404,3/20/2022 13:45,85.352
2405,3/20/2022 14:00,86.437
2406,3/20/2022 14:15,87.436
2407,3/20/2022 14:30,88.259
2408,3/20/2022 14:45,88.902
2409,3/20/2022 15:00,89.407
2410,3/20/2022 15:15,89.776
2411,3/20/2022 15:30,90.009
2412,3/20/2022 15:45,90.1
2413,3/20/2022 16:00,90.009
2414,3/20/2022 16:15,89.776
2415,3/20/2022 16:30,89.316
2416,3/20/2022 16:45,88.579
2417,3/20/2022 17:00,87.62
2418,3/20/2022 17:15,86.527
2419,3/20/2022 17:30,85.172
2420,3/20/2022 17:45,83.601
2421,3/20/2022 18:00,81.775
2422,3/20/2022 18:15,79.831
2423,3/20/2022 18:30,77.902
2424,3/20/2022 18:45,76.071
2425,3/20/2022 19:00,74.381
2426,3/20/2022 19:15,72.826
2427,3/20/2022 19:30,71.404
2428,3/20/2022 19:45,70.072
2429,3/20/2022 20:00,68.828
2430,3/20/2022 20:15,67.627
2431,3/20/2022 20:30,66.515
2432,3/20/2022 20:45,65.444
2433,3/20/2022 21:00,64.459
2434,3/20/2022 21:15,63.561
2435,3/20/2022 21:30,62.704
2436,3/20/2022 21:45,61.934
2437,3/20/2022 22:00,61.205
2438,3/20/2022 22:15,60.517
2439,3/20/2022 22:30,59.873
2440,3/20/2022 22:45,59.272
2441,3/20/2022 23:00,58.669
2442,3/20/2022 23:15,58.109
2443,3/20/2022 23:30,57.636
2444,3/20/2022 23:45,57.117
2445,3/21/2022 0:00,56.642
2446,3/21/2022 0:15,56.165
2447,3/21/2022 0:30,55.733
2448,3/21/2022 0:45,55.299
2449,3/21/2022 1:00,54.909
2450,3/21/2022 1:15,54.516
2451,3/21/2022 1:30,54.126
2452,3/21/2022 1:45,53.776
2453,3/21/2022 2:00,53.472
2454,3/21/2022 2:15,53.166
2455,3/21/2022 2:30,52.86
2456,3/21/2022 2:45,52.597
2457,3/21/2022 3:00,52.378
2458,3/21/2022 3:15,52.16
2459,3/21/2022 3:30,51.984
2460,3/21/2022 3:45,51.895
2461,3/21/2022 4:00,51.721
2462,3/21/2022 4:15,51.413
2463,3/21/2022 4:30,51.148
2464,3/21/2022 4:45,50.841
2465,3/21/2022 5:00,50.533
2466,3/21/2022 5:15,50.268
2467,3/21/2022 5:30,49.959
2468,3/21/2022 5:45,49.737
2469,3/21/2022 6:00,49.471
2470,3/21/2022 6:15,49.249
2471,3/21/2022 6:30,49.073
2472,3/21/2022 6:45,49.028
2473,3/21/2022 7:00,49.073
2474,3/21/2022 7:15,49.249
2475,3/21/2022 7:30,49.692
2476,3/21/2022 7:45,50.268
2477,3/21/2022 8:00,50.974
2478,3/21/2022 8:15,51.895
2479,3/21/2022 8:30,52.992
2480,3/21/2022 8:45,54.212
2481,3/21/2022 9:00,55.558
2482,3/21/2022 9:15,57.074
2483,3/21/2022 9:30,58.669
2484,3/21/2022 9:45,60.39
2485,3/21/2022 10:00,62.233
2486,3/21/2022 10:15,64.247
2487,3/21/2022 10:30,66.301
2488,3/21/2022 10:45,68.443
2489,3/21/2022 11:00,70.587
2490,3/21/2022 11:15,72.696
2491,3/21/2022 11:30,74.77
2492,3/21/2022 11:45,76.725
2493,3/21/2022 12:00,78.645
2494,3/21/2022 12:15,80.492
2495,3/21/2022 12:30,82.175
2496,3/21/2022 12:45,83.736
2497,3/21/2022 13:00,85.262
2498,3/21/2022 13:15,86.709
2499,3/21/2022 13:30,88.075
2500,3/21/2022 13:45,89.316
2501,3/21/2022 14:00,90.379
2502,3/21/2022 14:15,91.308
2503,3/21/2022 14:30,92.151
2504,3/21/2022 14:45,92.809
2505,3/21/2022 15:00,93.375
2506,3/21/2022 15:15,93.801
2507,3/21/2022 15:30,94.039
2508,3/21/2022 15:45,94.134
2509,3/21/2022 16:00,94.086
2510,3/21/2022 16:15,93.801
2511,3/21/2022 16:30,93.375
2512,3/21/2022 16:45,92.809
2513,3/21/2022 17:00,92.104
2514,3/21/2022 17:15,91.308
2515,3/21/2022 17:30,90.333
2516,3/21/2022 17:45,89.085
2517,3/21/2022 18:00,87.62
2518,3/21/2022 18:15,86.029
2519,3/21/2022 18:30,84.317
2520,3/21/2022 18:45,82.486
2521,3/21/2022 19:00,80.757
2522,3/21/2022 19:15,79.173
2523,3/21/2022 19:30,77.684
2524,3/21/2022 19:45,76.332
2525,3/21/2022 20:00,75.074
2526,3/21/2022 20:15,73.904
2527,3/21/2022 20:30,72.783
2528,3/21/2022 20:45,71.748
2529,3/21/2022 21:00,70.803
2530,3/21/2022 21:15,69.858
2531,3/21/2022 21:30,68.999
2532,3/21/2022 21:45,68.142
2533,3/21/2022 22:00,67.413
2534,3/21/2022 22:15,66.686
2535,3/21/2022 22:30,66
2536,3/21/2022 22:45,65.359
2537,3/21/2022 23:00,64.76
2538,3/21/2022 23:15,64.161
2539,3/21/2022 23:30,63.648
2540,3/21/2022 23:45,63.133
2541,3/22/2022 0:00,62.661
2542,3/22/2022 0:15,62.148
2543,3/22/2022 0:30,61.72
2544,3/22/2022 0:45,61.248
2545,3/22/2022 1:00,60.818
2546,3/22/2022 1:15,60.433
2547,3/22/2022 1:30,60.003
2548,3/22/2022 1:45,59.616
2549,3/22/2022 2:00,59.272
2550,3/22/2022 2:15,58.971
2551,3/22/2022 2:30,58.669
2552,3/22/2022 2:45,58.411
2553,3/22/2022 3:00,58.152
2554,3/22/2022 3:15,57.893
2555,3/22/2022 3:30,57.679
2556,3/22/2022 3:45,57.506
2557,3/22/2022 4:00,57.333
2558,3/22/2022 4:15,57.16
2559,3/22/2022 4:30,56.858
2560,3/22/2022 4:45,56.599
2561,3/22/2022 5:00,56.295
2562,3/22/2022 5:15,56.035
2563,3/22/2022 5:30,55.776
2564,3/22/2022 5:45,55.472
2565,3/22/2022 6:00,55.213
2566,3/22/2022 6:15,54.995
2567,3/22/2022 6:30,54.777
2568,3/22/2022 6:45,54.648
2569,3/22/2022 7:00,54.561
2570,3/22/2022 7:15,54.82
2571,3/22/2022 7:30,55.299
2572,3/22/2022 7:45,55.992
2573,3/22/2022 8:00,56.858
2574,3/22/2022 8:15,57.936
2575,3/22/2022 8:30,59.229
2576,3/22/2022 8:45,60.647
2577,3/22/2022 9:00,62.148
2578,3/22/2022 9:15,63.862
2579,3/22/2022 9:30,65.745
2580,3/22/2022 9:45,67.757
2581,3/22/2022 10:00,69.901
2582,3/22/2022 10:15,72.178
2583,3/22/2022 10:30,74.511
2584,3/22/2022 10:45,76.854
2585,3/22/2022 11:00,79.173
2586,3/22/2022 11:15,81.466
2587,3/22/2022 11:30,83.646
2588,3/22/2022 11:45,85.757
2589,3/22/2022 12:00,87.757
2590,3/22/2022 12:15,89.731
2591,3/22/2022 12:30,91.589
2592,3/22/2022 12:45,93.186
2593,3/22/2022 13:00,91.123
2594,3/22/2022 13:15,90.286
2595,3/22/2022 13:30,90.286
2596,3/22/2022 13:45,90.1
2597,3/22/2022 14:00,89.731
2598,3/22/2022 14:15,89.177
2599,3/22/2022 14:30,88.534
2600,3/22/2022 14:45,87.71
2601,3/22/2022 15:00,84.407
2602,3/22/2022 15:15,84.049
2603,3/22/2022 15:30,85.082
2604,3/22/2022 15:45,86.256
2605,3/22/2022 16:00,87.3
2606,3/22/2022 16:15,88.167
2607,3/22/2022 16:30,88.763
2608,3/22/2022 16:45,89.177
2609,3/22/2022 17:00,89.407
2610,3/22/2022 17:15,89.407
2611,3/22/2022 17:30,89.224
2612,3/22/2022 17:45,88.443
2613,3/22/2022 18:00,87.21
2614,3/22/2022 18:15,85.712
2615,3/22/2022 18:30,84.137
2616,3/22/2022 18:45,82.53
2617,3/22/2022 19:00,80.935
2618,3/22/2022 19:15,79.392
2619,3/22/2022 19:30,77.945
2620,3/22/2022 19:45,76.507
2621,3/22/2022 20:00,75.204
2622,3/22/2022 20:15,73.904
2623,3/22/2022 20:30,72.696
2624,3/22/2022 20:45,71.533
2625,3/22/2022 21:00,70.459
2626,3/22/2022 21:15,69.427
2627,3/22/2022 21:30,68.443
2628,3/22/2022 21:45,67.5
2629,3/22/2022 22:00,66.6
2630,3/22/2022 22:15,65.745
2631,3/22/2022 22:30,64.974
2632,3/22/2022 22:45,64.288
2633,3/22/2022 23:00,63.689
2634,3/22/2022 23:15,63.09
2635,3/22/2022 23:30,62.577
2636,3/22/2022 23:45,62.019
2637,3/23/2022 0:00,61.506
2638,3/23/2022 0:15,60.991
2639,3/23/2022 0:30,60.474
2640,3/23/2022 0:45,60.003
2641,3/23/2022 1:00,59.572
2642,3/23/2022 1:15,59.142
2643,3/23/2022 1:30,58.798
2644,3/23/2022 1:45,58.498
2645,3/23/2022 2:00,58.152
2646,3/23/2022 2:15,57.893
2647,3/23/2022 2:30,57.636
2648,3/23/2022 2:45,57.376
2649,3/23/2022 3:00,57.16
2650,3/23/2022 3:15,57.074
2651,3/23/2022 3:30,56.988
2652,3/23/2022 3:45,56.901
2653,3/23/2022 4:00,56.815
2654,3/23/2022 4:15,56.728
2655,3/23/2022 4:30,56.599
2656,3/23/2022 4:45,56.512
2657,3/23/2022 5:00,56.426
2658,3/23/2022 5:15,56.383
2659,3/23/2022 5:30,56.295
2660,3/23/2022 5:45,56.251
2661,3/23/2022 6:00,56.165
2662,3/23/2022 6:15,56.079
2663,3/23/2022 6:30,55.949
2664,3/23/2022 6:45,55.906
2665,3/23/2022 7:00,55.863
2666,3/23/2022 7:15,55.906
2667,3/23/2022 7:30,55.992
2668,3/23/2022 7:45,56.165
2669,3/23/2022 8:00,56.426
2670,3/23/2022 8:15,56.728
2671,3/23/2022 8:30,57.16
2672,3/23/2022 8:45,57.636
2673,3/23/2022 9:00,58.282
2674,3/23/2022 9:15,58.885
2675,3/23/2022 9:30,59.529
2676,3/23/2022 9:45,60.174
2677,3/23/2022 10:00,60.861
2678,3/23/2022 10:15,61.72
2679,3/23/2022 10:30,62.704
2680,3/23/2022 10:45,63.946
2681,3/23/2022 11:00,66
2682,3/23/2022 11:15,66.772
2683,3/23/2022 11:30,66.515
2684,3/23/2022 11:45,66.943
2685,3/23/2022 12:00,67.413
2686,3/23/2022 12:15,68.828
2687,3/23/2022 12:30,70.93
2688,3/23/2022 12:45,73.256
2689,3/23/2022 13:00,74.813
2690,3/23/2022 13:15,75.117
2691,3/23/2022 13:30,75.853
2692,3/23/2022 13:45,76.811
2693,3/23/2022 14:00,77.859
2694,3/23/2022 14:15,78.777
2695,3/23/2022 14:30,79.612
2696,3/23/2022 14:45,80.272
2697,3/23/2022 15:00,80.845
2698,3/23/2022 15:15,81.333
2699,3/23/2022 15:30,81.775
2700,3/23/2022 15:45,82.085
2701,3/23/2022 16:00,82.396
2702,3/23/2022 16:15,82.665
2703,3/23/2022 16:30,82.798
2704,3/23/2022 16:45,82.841
2705,3/23/2022 17:00,82.841
2706,3/23/2022 17:15,82.798
2707,3/23/2022 17:30,80.625
2708,3/23/2022 17:45,79.963
2709,3/23/2022 18:00,79.831
2710,3/23/2022 18:15,79.261
2711,3/23/2022 18:30,78.382
2712,3/23/2022 18:45,77.335
2713,3/23/2022 19:00,76.289
2714,3/23/2022 19:15,75.247
2715,3/23/2022 19:30,74.163
2716,3/23/2022 19:45,73.083
2717,3/23/2022 20:00,71.964
2718,3/23/2022 20:15,70.846
2719,3/23/2022 20:30,69.814
2720,3/23/2022 20:45,68.828
2721,3/23/2022 21:00,67.928
2722,3/23/2022 21:15,67.028
2723,3/23/2022 21:30,66.258
2724,3/23/2022 21:45,65.53
2725,3/23/2022 22:00,64.803
2726,3/23/2022 22:15,64.074
2727,3/23/2022 22:30,63.39
2728,3/23/2022 22:45,62.704
2729,3/23/2022 23:00,62.062
2730,3/23/2022 23:15,61.462
2731,3/23/2022 23:30,60.904
2732,3/23/2022 23:45,60.346
2733,3/24/2022 0:00,59.873
2734,3/24/2022 0:15,59.401
2735,3/24/2022 0:30,58.971
2736,3/24/2022 0:45,58.541
2737,3/24/2022 1:00,58.152
2738,3/24/2022 1:15,57.807
2739,3/24/2022 1:30,57.463
2740,3/24/2022 1:45,57.16
2741,3/24/2022 2:00,56.944
2742,3/24/2022 2:15,56.642
2743,3/24/2022 2:30,56.383
2744,3/24/2022 2:45,56.122
2745,3/24/2022 3:00,55.863
2746,3/24/2022 3:15,55.602
2747,3/24/2022 3:30,55.342
2748,3/24/2022 3:45,55.125
2749,3/24/2022 4:00,54.777
2750,3/24/2022 4:15,54.43
2751,3/24/2022 4:30,54.126
2752,3/24/2022 4:45,53.82
2753,3/24/2022 5:00,53.472
2754,3/24/2022 5:15,53.209
2755,3/24/2022 5:30,52.947
2756,3/24/2022 5:45,52.686
2757,3/24/2022 6:00,52.423
2758,3/24/2022 6:15,52.203
2759,3/24/2022 6:30,51.984
2760,3/24/2022 6:45,51.852
2761,3/24/2022 7:00,51.764
2762,3/24/2022 7:15,51.852
2763,3/24/2022 7:30,52.072
2764,3/24/2022 7:45,52.423
2765,3/24/2022 8:00,52.903
2766,3/24/2022 8:15,53.515
2767,3/24/2022 8:30,54.387
2768,3/24/2022 8:45,55.386
2769,3/24/2022 9:00,56.469
2770,3/24/2022 9:15,57.722
2771,3/24/2022 9:30,60.948
2772,3/24/2022 9:45,65.23
2773,3/24/2022 10:00,67.971
2774,3/24/2022 10:15,69.471
2775,3/24/2022 10:30,70.416
2776,3/24/2022 10:45,71.704
2777,3/24/2022 11:00,73.256
2778,3/24/2022 11:15,74.856
2779,3/24/2022 11:30,76.593
2780,3/24/2022 11:45,78.208
2781,3/24/2022 12:00,79.128
2782,3/24/2022 12:15,80.184
2783,3/24/2022 12:30,81.819
2784,3/24/2022 12:45,82.263
2785,3/24/2022 13:00,81.997
2786,3/24/2022 13:15,81.819
2787,3/24/2022 13:30,82.175
2788,3/24/2022 13:45,82.753
2789,3/24/2022 14:00,83.467
2790,3/24/2022 14:15,84.272
2791,3/24/2022 14:30,85.035
2792,3/24/2022 14:45,85.757
2793,3/24/2022 15:00,86.346
2794,3/24/2022 15:15,86.844
2795,3/24/2022 15:30,87.21
2796,3/24/2022 15:45,87.483
2797,3/24/2022 16:00,87.62
2798,3/24/2022 16:15,87.528
2799,3/24/2022 16:30,87.255
2800,3/24/2022 16:45,86.754
2801,3/24/2022 17:00,86.164
2802,3/24/2022 17:15,85.487
2803,3/24/2022 17:30,84.632
2804,3/24/2022 17:45,83.422
2805,3/24/2022 18:00,81.952
2806,3/24/2022 18:15,80.361
2807,3/24/2022 18:30,78.69
2808,3/24/2022 18:45,77.029
2809,3/24/2022 19:00,75.42
2810,3/24/2022 19:15,73.947
2811,3/24/2022 19:30,72.61
2812,3/24/2022 19:45,71.361
2813,3/24/2022 20:00,70.243
2814,3/24/2022 20:15,69.213
2815,3/24/2022 20:30,68.27
2816,3/24/2022 20:45,67.413
2817,3/24/2022 21:00,66.6
2818,3/24/2022 21:15,65.872
2819,3/24/2022 21:30,65.23
2820,3/24/2022 21:45,64.589
2821,3/24/2022 22:00,63.99
2822,3/24/2022 22:15,63.475
2823,3/24/2022 22:30,62.962
2824,3/24/2022 22:45,62.49
2825,3/24/2022 23:00,62.062
2826,3/24/2022 23:15,61.633
2827,3/24/2022 23:30,61.248
2828,3/24/2022 23:45,60.904
2829,3/25/2022 0:00,60.604
2830,3/25/2022 0:15,60.26
2831,3/25/2022 0:30,59.959
2832,3/25/2022 0:45,59.616
2833,3/25/2022 1:00,59.315
2834,3/25/2022 1:15,58.971
2835,3/25/2022 1:30,58.626
2836,3/25/2022 1:45,58.325
2837,3/25/2022 2:00,58.023
2838,3/25/2022 2:15,57.722
2839,3/25/2022 2:30,57.463
2840,3/25/2022 2:45,57.204
2841,3/25/2022 3:00,56.944
2842,3/25/2022 3:15,56.728
2843,3/25/2022 3:30,56.512
2844,3/25/2022 3:45,56.251
2845,3/25/2022 4:00,56.035
2846,3/25/2022 4:15,55.776
2847,3/25/2022 4:30,55.558
2848,3/25/2022 4:45,55.342
2849,3/25/2022 5:00,55.125
2850,3/25/2022 5:15,54.909
2851,3/25/2022 5:30,54.734
2852,3/25/2022 5:45,54.561
2853,3/25/2022 6:00,54.43
2854,3/25/2022 6:15,54.255
2855,3/25/2022 6:30,54.126
2856,3/25/2022 6:45,53.994
2857,3/25/2022 7:00,53.908
2858,3/25/2022 7:15,53.776
2859,3/25/2022 7:30,53.733
2860,3/25/2022 7:45,53.69
2861,3/25/2022 8:00,53.69
2862,3/25/2022 8:15,53.776
2863,3/25/2022 8:30,53.865
2864,3/25/2022 8:45,53.994
2865,3/25/2022 9:00,54.169
2866,3/25/2022 9:15,54.387
2867,3/25/2022 9:30,54.691
2868,3/25/2022 9:45,55.081
2869,3/25/2022 10:00,55.515
2870,3/25/2022 10:15,56.035
2871,3/25/2022 10:30,56.685
2872,3/25/2022 10:45,57.592
2873,3/25/2022 11:00,58.669
2874,3/25/2022 11:15,60.046
2875,3/25/2022 11:30,61.59
2876,3/25/2022 11:45,63.304
2877,3/25/2022 12:00,65.059
2878,3/25/2022 12:15,66.9
2879,3/25/2022 12:30,68.698
2880,3/25/2022 12:45,70.502
2881,3/25/2022 13:00,72.264
2882,3/25/2022 13:15,73.904
2883,3/25/2022 13:30,75.508
2884,3/25/2022 13:45,76.986
2885,3/25/2022 14:00,78.339
2886,3/25/2022 14:15,79.612
2887,3/25/2022 14:30,80.713
2888,3/25/2022 14:45,81.687
2889,3/25/2022 15:00,82.53
2890,3/25/2022 15:15,83.242
2891,3/25/2022 15:30,83.869
2892,3/25/2022 15:45,84.317
2893,3/25/2022 16:00,84.632
2894,3/25/2022 16:15,84.722
2895,3/25/2022 16:30,84.722
2896,3/25/2022 16:45,84.497
2897,3/25/2022 17:00,84.137
2898,3/25/2022 17:15,83.646
2899,3/25/2022 17:30,83.021
2900,3/25/2022 17:45,82.13
2901,3/25/2022 18:00,80.935
2902,3/25/2022 18:15,79.612
2903,3/25/2022 18:30,78.208
2904,3/25/2022 18:45,76.681
2905,3/25/2022 19:00,75.16
2906,3/25/2022 19:15,73.688
2907,3/25/2022 19:30,72.221
2908,3/25/2022 19:45,70.846
2909,3/25/2022 20:00,69.557
2910,3/25/2022 20:15,68.4
2911,3/25/2022 20:30,67.285
2912,3/25/2022 20:45,66.214
2913,3/25/2022 21:00,65.23
2914,3/25/2022 21:15,64.288
2915,3/25/2022 21:30,63.39
2916,3/25/2022 21:45,62.577
2917,3/25/2022 22:00,61.848
2918,3/25/2022 22:15,61.162
2919,3/25/2022 22:30,60.517
2920,3/25/2022 22:45,59.916
2921,3/25/2022 23:00,59.315
2922,3/25/2022 23:15,58.798
2923,3/25/2022 23:30,58.282
2924,3/25/2022 23:45,57.765
2925,3/26/2022 0:00,57.333
2926,3/26/2022 0:15,56.901
2927,3/26/2022 0:30,56.512
2928,3/26/2022 0:45,56.122
2929,3/26/2022 1:00,55.819
2930,3/26/2022 1:15,55.515
2931,3/26/2022 1:30,55.256
2932,3/26/2022 1:45,54.995
2933,3/26/2022 2:00,54.777
2934,3/26/2022 2:15,54.561
2935,3/26/2022 2:30,54.387
2936,3/26/2022 2:45,54.169
2937,3/26/2022 3:00,53.951
2938,3/26/2022 3:15,53.776
2939,3/26/2022 3:30,53.472
2940,3/26/2022 3:45,53.166
2941,3/26/2022 4:00,52.86
2942,3/26/2022 4:15,52.554
2943,3/26/2022 4:30,52.246
2944,3/26/2022 4:45,51.94
2945,3/26/2022 5:00,51.678
2946,3/26/2022 5:15,51.413
2947,3/26/2022 5:30,51.148
2948,3/26/2022 5:45,50.929
2949,3/26/2022 6:00,50.664
2950,3/26/2022 6:15,50.445
2951,3/26/2022 6:30,50.268
2952,3/26/2022 6:45,50.135
2953,3/26/2022 7:00,50.135
2954,3/26/2022 7:15,50.223
2955,3/26/2022 7:30,50.445
2956,3/26/2022 7:45,50.752
2957,3/26/2022 8:00,51.148
2958,3/26/2022 8:15,51.633
2959,3/26/2022 8:30,52.115
2960,3/26/2022 8:45,52.729
2961,3/26/2022 9:00,53.341
2962,3/26/2022 9:15,54.082
2963,3/26/2022 9:30,55.125
2964,3/26/2022 9:45,56.383
2965,3/26/2022 10:00,57.807
2966,3/26/2022 10:15,59.401
2967,3/26/2022 10:30,61.162
2968,3/26/2022 10:45,63.005
2969,3/26/2022 11:00,64.888
2970,3/26/2022 11:15,66.643
2971,3/26/2022 11:30,68.443
2972,3/26/2022 11:45,70.201
2973,3/26/2022 12:00,71.964
2974,3/26/2022 12:15,73.688
2975,3/26/2022 12:30,75.376
2976,3/26/2022 12:45,76.942
2977,3/26/2022 13:00,78.382
2978,3/26/2022 13:15,79.788
2979,3/26/2022 13:30,81.066
2980,3/26/2022 13:45,82.308
2981,3/26/2022 14:00,83.467
2982,3/26/2022 14:15,84.542
2983,3/26/2022 14:30,85.487
2984,3/26/2022 14:45,86.346
2985,3/26/2022 15:00,87.073
2986,3/26/2022 15:15,87.62
2987,3/26/2022 15:30,88.03
2988,3/26/2022 15:45,88.167
2989,3/26/2022 16:00,88.122
2990,3/26/2022 16:15,87.985
2991,3/26/2022 16:30,87.71
2992,3/26/2022 16:45,87.21
2993,3/26/2022 17:00,86.617
2994,3/26/2022 17:15,85.939
2995,3/26/2022 17:30,85.172
2996,3/26/2022 17:45,84.137
2997,3/26/2022 18:00,82.841
2998,3/26/2022 18:15,81.376
2999,3/26/2022 18:30,79.831
3000,3/26/2022 18:45,78.296
3001,3/26/2022 19:00,76.681
3002,3/26/2022 19:15,75.204
3003,3/26/2022 19:30,73.774
3004,3/26/2022 19:45,72.437
3005,3/26/2022 20:00,71.19
3006,3/26/2022 20:15,70.029
3007,3/26/2022 20:30,68.913
3008,3/26/2022 20:45,67.885
3009,3/26/2022 21:00,66.9
3010,3/26/2022 21:15,66
3011,3/26/2022 21:30,65.188
3012,3/26/2022 21:45,64.375
3013,3/26/2022 22:00,63.648
3014,3/26/2022 22:15,62.919
3015,3/26/2022 22:30,62.319
3016,3/26/2022 22:45,61.72
3017,3/26/2022 23:00,61.162
3018,3/26/2022 23:15,60.69
3019,3/26/2022 23:30,60.217
3020,3/26/2022 23:45,59.745
3021,3/27/2022 0:00,59.358
3022,3/27/2022 0:15,58.971
3023,3/27/2022 0:30,58.626
3024,3/27/2022 0:45,58.239
3025,3/27/2022 1:00,57.936
3026,3/27/2022 1:15,57.722
3027,3/27/2022 1:30,57.549
3028,3/27/2022 1:45,57.42
3029,3/27/2022 2:00,57.376
3030,3/27/2022 2:15,57.29
3031,3/27/2022 2:30,57.247
3032,3/27/2022 2:45,57.16
3033,3/27/2022 3:00,57.117
3034,3/27/2022 3:15,57.031
3035,3/27/2022 3:30,56.901
3036,3/27/2022 3:45,56.815
3037,3/27/2022 4:00,56.728
3038,3/27/2022 4:15,56.599
3039,3/27/2022 4:30,56.512
3040,3/27/2022 4:45,56.426
3041,3/27/2022 5:00,56.34
3042,3/27/2022 5:15,56.251
3043,3/27/2022 5:30,56.165
3044,3/27/2022 5:45,56.122
3045,3/27/2022 6:00,56.035
3046,3/27/2022 6:15,55.906
3047,3/27/2022 6:30,55.819
3048,3/27/2022 6:45,55.733
3049,3/27/2022 7:00,55.69
3050,3/27/2022 7:15,55.69
3051,3/27/2022 7:30,55.733
3052,3/27/2022 7:45,55.863
3053,3/27/2022 8:00,56.035
3054,3/27/2022 8:15,56.383
3055,3/27/2022 8:30,56.815
3056,3/27/2022 8:45,57.333
3057,3/27/2022 9:00,57.936
3058,3/27/2022 9:15,58.712
3059,3/27/2022 9:30,59.616
3060,3/27/2022 9:45,60.561
3061,3/27/2022 10:00,61.462
3062,3/27/2022 10:15,62.362
3063,3/27/2022 10:30,63.262
3064,3/27/2022 10:45,64.117
3065,3/27/2022 11:00,65.017
3066,3/27/2022 11:15,65.916
3067,3/27/2022 11:30,66.772
3068,3/27/2022 11:45,67.714
3069,3/27/2022 12:00,68.614
3070,3/27/2022 12:15,69.427
3071,3/27/2022 12:30,70.201
3072,3/27/2022 12:45,70.93
3073,3/27/2022 13:00,71.62
3074,3/27/2022 13:15,72.264
3075,3/27/2022 13:30,72.912
3076,3/27/2022 13:45,73.472
3077,3/27/2022 14:00,74.163
3078,3/27/2022 14:15,74.899
3079,3/27/2022 14:30,75.681
3080,3/27/2022 14:45,76.419
3081,3/27/2022 15:00,77.072
3082,3/27/2022 15:15,77.596
3083,3/27/2022 15:30,77.945
3084,3/27/2022 15:45,78.251
3085,3/27/2022 16:00,78.339
3086,3/27/2022 16:15,78.165
3087,3/27/2022 16:30,77.815
3088,3/27/2022 16:45,77.378
3089,3/27/2022 17:00,76.899
3090,3/27/2022 17:15,76.332
3091,3/27/2022 17:30,75.594
3092,3/27/2022 17:45,74.727
3093,3/27/2022 18:00,73.818
3094,3/27/2022 18:15,72.912
3095,3/27/2022 18:30,71.964
3096,3/27/2022 18:45,70.887
3097,3/27/2022 19:00,69.814
3098,3/27/2022 19:15,68.785
3099,3/27/2022 19:30,67.842
3100,3/27/2022 19:45,66.9
3101,3/27/2022 20:00,66.043
3102,3/27/2022 20:15,65.23
3103,3/27/2022 20:30,64.459
3104,3/27/2022 20:45,63.775
3105,3/27/2022 21:00,63.133
3106,3/27/2022 21:15,62.577
3107,3/27/2022 21:30,62.019
3108,3/27/2022 21:45,61.547
3109,3/27/2022 22:00,61.119
3110,3/27/2022 22:15,60.733
3111,3/27/2022 22:30,60.346
3112,3/27/2022 22:45,60.046
3113,3/27/2022 23:00,59.745
3114,3/27/2022 23:15,59.529
3115,3/27/2022 23:30,59.315
3116,3/27/2022 23:45,59.056
3117,3/28/2022 0:00,58.842
3118,3/28/2022 0:15,58.582
3119,3/28/2022 0:30,58.368
3120,3/28/2022 0:45,58.152
3121,3/28/2022 1:00,57.979
3122,3/28/2022 1:15,57.807
3123,3/28/2022 1:30,57.679
3124,3/28/2022 1:45,57.592
3125,3/28/2022 2:00,57.506
3126,3/28/2022 2:15,57.376
3127,3/28/2022 2:30,57.29
3128,3/28/2022 2:45,57.204
3129,3/28/2022 3:00,57.031
3130,3/28/2022 3:15,56.901
3131,3/28/2022 3:30,56.772
3132,3/28/2022 3:45,56.599
3133,3/28/2022 4:00,56.383
3134,3/28/2022 4:15,56.165
3135,3/28/2022 4:30,55.949
3136,3/28/2022 4:45,55.69
3137,3/28/2022 5:00,55.515
3138,3/28/2022 5:15,55.299
3139,3/28/2022 5:30,55.168
3140,3/28/2022 5:45,54.995
3141,3/28/2022 6:00,54.82
3142,3/28/2022 6:15,54.648
3143,3/28/2022 6:30,54.473
3144,3/28/2022 6:45,54.3
3145,3/28/2022 7:00,54.212
3146,3/28/2022 7:15,54.169
3147,3/28/2022 7:30,54.212
3148,3/28/2022 7:45,54.212
3149,3/28/2022 8:00,54.43
3150,3/28/2022 8:15,55.515
3151,3/28/2022 8:30,56.035
3152,3/28/2022 8:45,56.295
3153,3/28/2022 9:00,56.469
3154,3/28/2022 9:15,58.541
3155,3/28/2022 9:30,60.474
3156,3/28/2022 9:45,62.148
3157,3/28/2022 10:00,63.775
3158,3/28/2022 10:15,65.359
3159,3/28/2022 10:30,66.6
3160,3/28/2022 10:45,67.757
3161,3/28/2022 11:00,69.042
3162,3/28/2022 11:15,70.372
3163,3/28/2022 11:30,71.404
3164,3/28/2022 11:45,72.093
3165,3/28/2022 12:00,72.437
3166,3/28/2022 12:15,72.783
3167,3/28/2022 12:30,73.472
3168,3/28/2022 12:45,74.424
3169,3/28/2022 13:00,75.551
3170,3/28/2022 13:15,76.681
3171,3/28/2022 13:30,77.815
3172,3/28/2022 13:45,78.91
3173,3/28/2022 14:00,79.304
3174,3/28/2022 14:15,79.392
3175,3/28/2022 14:30,80.051
3176,3/28/2022 14:45,80.978
3177,3/28/2022 15:00,80.361
3178,3/28/2022 15:15,80.227
3179,3/28/2022 15:30,80.802
3180,3/28/2022 15:45,81.333
3181,3/28/2022 16:00,81.421
3182,3/28/2022 16:15,81.066
3183,3/28/2022 16:30,80.713
3184,3/28/2022 16:45,79.963
3185,3/28/2022 17:00,78.339
3186,3/28/2022 17:15,77.639
3187,3/28/2022 17:30,77.072
3188,3/28/2022 17:45,76.419
3189,3/28/2022 18:00,75.637
3190,3/28/2022 18:15,74.683
3191,3/28/2022 18:30,73.645
3192,3/28/2022 18:45,72.567
3193,3/28/2022 19:00,71.49
3194,3/28/2022 19:15,70.459
3195,3/28/2022 19:30,69.471
3196,3/28/2022 19:45,68.614
3197,3/28/2022 20:00,67.757
3198,3/28/2022 20:15,66.985
3199,3/28/2022 20:30,66.301
3200,3/28/2022 20:45,65.658
3201,3/28/2022 21:00,64.974
3202,3/28/2022 21:15,64.332
3203,3/28/2022 21:30,63.689
3204,3/28/2022 21:45,63.09
3205,3/28/2022 22:00,62.49
3206,3/28/2022 22:15,61.934
3207,3/28/2022 22:30,61.376
3208,3/28/2022 22:45,60.904
3209,3/28/2022 23:00,60.39
3210,3/28/2022 23:15,59.916
3211,3/28/2022 23:30,59.445
3212,3/28/2022 23:45,59.014
3213,3/29/2022 0:00,58.582
3214,3/29/2022 0:15,58.152
3215,3/29/2022 0:30,57.807
3216,3/29/2022 0:45,57.506
3217,3/29/2022 1:00,57.29
3218,3/29/2022 1:15,57.031
3219,3/29/2022 1:30,56.728
3220,3/29/2022 1:45,56.426
3221,3/29/2022 2:00,56.165
3222,3/29/2022 2:15,55.906
3223,3/29/2022 2:30,55.819
3224,3/29/2022 2:45,55.776
3225,3/29/2022 3:00,55.733
3226,3/29/2022 3:15,55.733
3227,3/29/2022 3:30,55.733
3228,3/29/2022 3:45,55.733
3229,3/29/2022 4:00,55.69
3230,3/29/2022 4:15,55.69
3231,3/29/2022 4:30,55.647
3232,3/29/2022 4:45,55.602
3233,3/29/2022 5:00,55.558
3234,3/29/2022 5:15,55.515
3235,3/29/2022 5:30,55.472
3236,3/29/2022 5:45,55.429
3237,3/29/2022 6:00,55.386
3238,3/29/2022 6:15,55.342
3239,3/29/2022 6:30,55.299
3240,3/29/2022 6:45,55.256
3241,3/29/2022 7:00,55.256
3242,3/29/2022 7:15,55.256
3243,3/29/2022 7:30,55.342
3244,3/29/2022 7:45,55.429
3245,3/29/2022 8:00,55.602
3246,3/29/2022 8:15,55.863
3247,3/29/2022 8:30,56.208
3248,3/29/2022 8:45,56.556
3249,3/29/2022 9:00,56.988
3250,3/29/2022 9:15,57.463
3251,3/29/2022 9:30,58.023
3252,3/29/2022 9:45,58.626
3253,3/29/2022 10:00,59.315
3254,3/29/2022 10:15,59.959
3255,3/29/2022 10:30,60.604
3256,3/29/2022 10:45,61.29
3257,3/29/2022 11:00,61.891
3258,3/29/2022 11:15,62.577
3259,3/29/2022 11:30,63.176
3260,3/29/2022 11:45,63.775
3261,3/29/2022 12:00,64.375
3262,3/29/2022 12:15,65.059
3263,3/29/2022 12:30,65.788
3264,3/29/2022 12:45,66.729
3265,3/29/2022 13:00,67.757
3266,3/29/2022 13:15,68.785
3267,3/29/2022 13:30,69.643
3268,3/29/2022 13:45,70.329
3269,3/29/2022 14:00,70.974
3270,3/29/2022 14:15,71.661
3271,3/29/2022 14:30,72.307
3272,3/29/2022 14:45,72.869
3273,3/29/2022 15:00,73.429
3274,3/29/2022 15:15,73.99
3275,3/29/2022 15:30,74.554
3276,3/29/2022 15:45,75.074
3277,3/29/2022 16:00,75.551
3278,3/29/2022 16:15,75.853
3279,3/29/2022 16:30,76.028
3280,3/29/2022 16:45,75.985
3281,3/29/2022 17:00,75.81
3282,3/29/2022 17:15,75.508
3283,3/29/2022 17:30,75.117
3284,3/29/2022 17:45,74.683
3285,3/29/2022 18:00,74.077
3286,3/29/2022 18:15,73.342
3287,3/29/2022 18:30,72.437
3288,3/29/2022 18:45,71.447
3289,3/29/2022 19:00,70.416
3290,3/29/2022 19:15,69.343
3291,3/29/2022 19:30,68.313
3292,3/29/2022 19:45,67.372
3293,3/29/2022 20:00,66.515
3294,3/29/2022 20:15,65.701
3295,3/29/2022 20:30,64.974
3296,3/29/2022 20:45,64.288
3297,3/29/2022 21:00,63.689
3298,3/29/2022 21:15,63.09
3299,3/29/2022 21:30,62.533
3300,3/29/2022 21:45,61.977
3301,3/29/2022 22:00,61.506
3302,3/29/2022 22:15,61.032
3303,3/29/2022 22:30,60.647
3304,3/29/2022 22:45,60.26
3305,3/29/2022 23:00,59.916
3306,3/29/2022 23:15,59.616
3307,3/29/2022 23:30,59.315
3308,3/29/2022 23:45,59.014
3309,3/30/2022 0:00,58.755
3310,3/30/2022 0:15,58.498
3311,3/30/2022 0:30,58.239
3312,3/30/2022 0:45,57.979
3313,3/30/2022 1:00,57.765
3314,3/30/2022 1:15,57.549
3315,3/30/2022 1:30,57.333
3316,3/30/2022 1:45,57.16
3317,3/30/2022 2:00,56.988
3318,3/30/2022 2:15,56.815
3319,3/30/2022 2:30,56.685
3320,3/30/2022 2:45,56.556
3321,3/30/2022 3:00,56.426
3322,3/30/2022 3:15,56.295
3323,3/30/2022 3:30,56.165
3324,3/30/2022 3:45,56.035
3325,3/30/2022 4:00,55.949
3326,3/30/2022 4:15,55.819
3327,3/30/2022 4:30,55.733
3328,3/30/2022 4:45,55.602
3329,3/30/2022 5:00,55.515
3330,3/30/2022 5:15,55.386
3331,3/30/2022 5:30,55.299
3332,3/30/2022 5:45,55.213
3333,3/30/2022 6:00,56.122
3334,3/30/2022 6:15,57.807
3335,3/30/2022 6:30,60.26
3336,3/30/2022 6:45,61.804
3337,3/30/2022 7:00,62.962
3338,3/30/2022 7:15,63.819
3339,3/30/2022 7:30,65.059
3340,3/30/2022 7:45,66.087
3341,3/30/2022 8:00,66.429
3342,3/30/2022 8:15,66.344
3343,3/30/2022 8:30,66.515
3344,3/30/2022 8:45,66.9
3345,3/30/2022 9:00,67.329
3346,3/30/2022 9:15,67.757
3347,3/30/2022 9:30,68.227
3348,3/30/2022 9:45,68.742
3349,3/30/2022 10:00,69.213
3350,3/30/2022 10:15,69.728
3351,3/30/2022 10:30,70.158
3352,3/30/2022 10:45,70.329
3353,3/30/2022 11:00,70.372
3354,3/30/2022 11:15,70.587
3355,3/30/2022 11:30,72.61
3356,3/30/2022 11:45,71.877
3357,3/30/2022 12:00,72.351
3358,3/30/2022 12:15,72.826
3359,3/30/2022 12:30,73.256
3360,3/30/2022 12:45,73.602
3361,3/30/2022 13:00,73.818
3362,3/30/2022 13:15,73.99
3363,3/30/2022 13:30,74.034
3364,3/30/2022 13:45,74.034
3365,3/30/2022 14:00,73.947
3366,3/30/2022 14:15,73.774
3367,3/30/2022 14:30,73.558
3368,3/30/2022 14:45,73.299
3369,3/30/2022 15:00,73.083
3370,3/30/2022 15:15,72.997
3371,3/30/2022 15:30,72.997
3372,3/30/2022 15:45,72.783
3373,3/30/2022 16:00,72.869
3374,3/30/2022 16:15,72.997
3375,3/30/2022 16:30,73.04
3376,3/30/2022 16:45,73.04
3377,3/30/2022 17:00,73.17
3378,3/30/2022 17:15,73.515
3379,3/30/2022 17:30,73.861
3380,3/30/2022 17:45,74.077
3381,3/30/2022 18:00,74.077
3382,3/30/2022 18:15,73.904
3383,3/30/2022 18:30,73.515
3384,3/30/2022 18:45,72.997
3385,3/30/2022 19:00,72.394
3386,3/30/2022 19:15,71.748
3387,3/30/2022 19:30,71.146
3388,3/30/2022 19:45,70.502
3389,3/30/2022 20:00,69.901
3390,3/30/2022 20:15,69.343
3391,3/30/2022 20:30,68.742
3392,3/30/2022 20:45,68.185
3393,3/30/2022 21:00,67.586
3394,3/30/2022 21:15,66.985
3395,3/30/2022 21:30,66.429
3396,3/30/2022 21:45,65.829
3397,3/30/2022 22:00,65.23
3398,3/30/2022 22:15,64.632
3399,3/30/2022 22:30,64.074
3400,3/30/2022 22:45,63.561
3401,3/30/2022 23:00,63.048
3402,3/30/2022 23:15,62.62
3403,3/30/2022 23:30,62.191
3404,3/30/2022 23:45,61.804
3405,3/31/2022 0:00,61.462
3406,3/31/2022 0:15,61.119
3407,3/31/2022 0:30,60.733
3408,3/31/2022 0:45,60.346
3409,3/31/2022 1:00,60.003
3410,3/31/2022 1:15,59.659
3411,3/31/2022 1:30,59.272
3412,3/31/2022 1:45,58.928
3413,3/31/2022 2:00,58.582
3414,3/31/2022 2:15,58.239
3415,3/31/2022 2:30,57.936
3416,3/31/2022 2:45,57.636
3417,3/31/2022 3:00,57.333
3418,3/31/2022 3:15,57.074
3419,3/31/2022 3:30,56.901
3420,3/31/2022 3:45,56.685
3421,3/31/2022 4:00,56.469
3422,3/31/2022 4:15,56.295
3423,3/31/2022 4:30,56.079
3424,3/31/2022 4:45,55.863
3425,3/31/2022 5:00,55.647
3426,3/31/2022 5:15,55.429
3427,3/31/2022 5:30,55.213
3428,3/31/2022 5:45,54.995
3429,3/31/2022 6:00,54.777
3430,3/31/2022 6:15,54.561
3431,3/31/2022 6:30,54.343
3432,3/31/2022 6:45,54.212
3433,3/31/2022 7:00,54.169
3434,3/31/2022 7:15,56.165
3435,3/31/2022 7:30,58.928
3436,3/31/2022 7:45,61.419
3437,3/31/2022 8:00,63.648
3438,3/31/2022 8:15,63.561
3439,3/31/2022 8:30,63.048
3440,3/31/2022 8:45,63.604
3441,3/31/2022 9:00,64.332
3442,3/31/2022 9:15,65.145
3443,3/31/2022 9:30,66.13
3444,3/31/2022 9:45,67.199
3445,3/31/2022 10:00,68.4
3446,3/31/2022 10:15,69.771
3447,3/31/2022 10:30,70.459
3448,3/31/2022 10:45,71.62
3449,3/31/2022 11:00,72.05
3450,3/31/2022 11:15,72.523
3451,3/31/2022 11:30,73.429
3452,3/31/2022 11:45,74.511
3453,3/31/2022 12:00,75.681
3454,3/31/2022 12:15,76.811
3455,3/31/2022 12:30,77.859
3456,3/31/2022 12:45,78.865
3457,3/31/2022 13:00,79.92
3458,3/31/2022 13:15,79.963
3459,3/31/2022 13:30,79.92
3460,3/31/2022 13:45,79.788
3461,3/31/2022 14:00,79.612
3462,3/31/2022 14:15,79.392
3463,3/31/2022 14:30,79.084
3464,3/31/2022 14:45,78.777
3465,3/31/2022 15:00,78.514
3466,3/31/2022 15:15,78.251
3467,3/31/2022 15:30,78.559
3468,3/31/2022 15:45,79.524
3469,3/31/2022 16:00,80.227
3470,3/31/2022 16:15,80.58
3471,3/31/2022 16:30,79.92
3472,3/31/2022 16:45,78.251
3473,3/31/2022 17:00,77.203
3474,3/31/2022 17:15,76.507
3475,3/31/2022 17:30,75.853
3476,3/31/2022 17:45,74.77
3477,3/31/2022 18:00,73.342
3478,3/31/2022 18:15,71.62
3479,3/31/2022 18:30,69.814
3480,3/31/2022 18:45,68.056
3481,3/31/2022 19:00,66.385
3482,3/31/2022 19:15,64.845
3483,3/31/2022 19:30,63.39
3484,3/31/2022 19:45,62.105
3485,3/31/2022 20:00,62.533
3486,3/31/2022 20:15,64.888
3487,3/31/2022 20:30,66.857
3488,3/31/2022 20:45,68.484
3489,3/31/2022 21:00,69.557
3490,3/31/2022 21:15,70.63
3491,3/31/2022 21:30,70.072
3492,3/31/2022 21:45,69.213
3493,3/31/2022 22:00,68.27
3494,3/31/2022 22:15,67.329
3495,3/31/2022 22:30,66.429
3496,3/31/2022 22:45,65.53
3497,3/31/2022 23:00,64.674
3498,3/31/2022 23:15,63.946
3499,3/31/2022 23:30,63.219
3500,3/31/2022 23:45,62.533
3501,4/1/2022 0:00,61.934
3502,4/1/2022 0:15,61.376
3503,4/1/2022 0:30,60.818
3504,4/1/2022 0:45,60.303
3505,4/1/2022 1:00,59.788
3506,4/1/2022 1:15,59.315
3507,4/1/2022 1:30,58.885
3508,4/1/2022 1:45,58.411
3509,4/1/2022 2:00,57.979
3510,4/1/2022 2:15,57.549
3511,4/1/2022 2:30,57.117
3512,4/1/2022 2:45,56.728
3513,4/1/2022 3:00,56.34
3514,4/1/2022 3:15,55.949
3515,4/1/2022 3:30,55.515
3516,4/1/2022 3:45,55.081
3517,4/1/2022 4:00,54.648
3518,4/1/2022 4:15,54.3
3519,4/1/2022 4:30,53.908
3520,4/1/2022 4:45,53.515
3521,4/1/2022 5:00,53.253
3522,4/1/2022 5:15,52.947
3523,4/1/2022 5:30,52.686
3524,4/1/2022 5:45,52.378
3525,4/1/2022 6:00,52.115
3526,4/1/2022 6:15,51.852
3527,4/1/2022 6:30,51.678
3528,4/1/2022 6:45,51.589
3529,4/1/2022 7:00,51.721
3530,4/1/2022 7:15,52.029
3531,4/1/2022 7:30,52.509
3532,4/1/2022 7:45,53.121
3533,4/1/2022 8:00,53.865
3534,4/1/2022 8:15,54.691
3535,4/1/2022 8:30,55.647
3536,4/1/2022 8:45,56.728
3537,4/1/2022 9:00,57.936
3538,4/1/2022 9:15,59.315
3539,4/1/2022 9:30,60.818
3540,4/1/2022 9:45,62.447
3541,4/1/2022 10:00,64.074
3542,4/1/2022 10:15,65.745
3543,4/1/2022 10:30,67.456
3544,4/1/2022 10:45,69.256
3545,4/1/2022 11:00,71.017
3546,4/1/2022 11:15,72.783
3547,4/1/2022 11:30,72.437
3548,4/1/2022 11:45,75.117
3549,4/1/2022 12:00,76.507
3550,4/1/2022 12:15,77.335
3551,4/1/2022 12:30,78.339
3552,4/1/2022 12:45,77.859
3553,4/1/2022 13:00,74.163
3554,4/1/2022 13:15,73.904
3555,4/1/2022 13:30,74.034
3556,4/1/2022 13:45,74.943
3557,4/1/2022 14:00,75.463
3558,4/1/2022 14:15,76.203
3559,4/1/2022 14:30,76.768
3560,4/1/2022 14:45,76.811
3561,4/1/2022 15:00,76.55
3562,4/1/2022 15:15,76.071
3563,4/1/2022 15:30,75.463
3564,4/1/2022 15:45,74.683
3565,4/1/2022 16:00,74.424
3566,4/1/2022 16:15,74.467
3567,4/1/2022 16:30,74.163
3568,4/1/2022 16:45,74.077
3569,4/1/2022 17:00,74.077
3570,4/1/2022 17:15,74.077
3571,4/1/2022 17:30,74.163
3572,4/1/2022 17:45,74.12
3573,4/1/2022 18:00,73.731
3574,4/1/2022 18:15,73.04
3575,4/1/2022 18:30,72.093
3576,4/1/2022 18:45,71.103
3577,4/1/2022 19:00,70.115
3578,4/1/2022 19:15,69.3
3579,4/1/2022 19:30,68.356
3580,4/1/2022 19:45,67.329
3581,4/1/2022 20:00,66.301
3582,4/1/2022 20:15,65.316
3583,4/1/2022 20:30,64.332
3584,4/1/2022 20:45,63.39
3585,4/1/2022 21:00,62.49
3586,4/1/2022 21:15,61.633
3587,4/1/2022 21:30,60.775
3588,4/1/2022 21:45,60.046
3589,4/1/2022 22:00,59.315
3590,4/1/2022 22:15,59.185
3591,4/1/2022 22:30,62.406
3592,4/1/2022 22:45,64.418
3593,4/1/2022 23:00,66.985
3594,4/1/2022 23:15,67.028
3595,4/1/2022 23:30,66.472
3596,4/1/2022 23:45,65.701
3597,4/2/2022 0:00,64.888
3598,4/2/2022 0:15,64.074
3599,4/2/2022 0:30,63.304
3600,4/2/2022 0:45,62.533
3601,4/2/2022 1:00,61.891
3602,4/2/2022 1:15,61.248
3603,4/2/2022 1:30,60.647
3604,4/2/2022 1:45,60.089
3605,4/2/2022 2:00,59.529
3606,4/2/2022 2:15,59.014
3607,4/2/2022 2:30,58.541
3608,4/2/2022 2:45,58.066
3609,4/2/2022 3:00,57.636
3610,4/2/2022 3:15,57.204
3611,4/2/2022 3:30,56.815
3612,4/2/2022 3:45,56.426
3613,4/2/2022 4:00,56.122
3614,4/2/2022 4:15,55.776
3615,4/2/2022 4:30,55.472
3616,4/2/2022 4:45,55.168
3617,4/2/2022 5:00,54.865
3618,4/2/2022 5:15,54.604
3619,4/2/2022 5:30,54.343
3620,4/2/2022 5:45,54.037
3621,4/2/2022 6:00,53.776
3622,4/2/2022 6:15,53.515
3623,4/2/2022 6:30,53.298
3624,4/2/2022 6:45,53.166
3625,4/2/2022 7:00,53.166
3626,4/2/2022 7:15,53.427
3627,4/2/2022 7:30,53.776
3628,4/2/2022 7:45,54.255
3629,4/2/2022 8:00,54.865
3630,4/2/2022 8:15,55.558
3631,4/2/2022 8:30,56.383
3632,4/2/2022 8:45,57.333
3633,4/2/2022 9:00,58.411
3634,4/2/2022 9:15,59.616
3635,4/2/2022 9:30,60.904
3636,4/2/2022 9:45,62.319
3637,4/2/2022 10:00,63.819
3638,4/2/2022 10:15,65.359
3639,4/2/2022 10:30,66.943
3640,4/2/2022 10:45,68.614
3641,4/2/2022 11:00,70.329
3642,4/2/2022 11:15,72.05
3643,4/2/2022 11:30,73.645
3644,4/2/2022 11:45,75.204
3645,4/2/2022 12:00,76.768
3646,4/2/2022 12:15,78.296
3647,4/2/2022 12:30,79.831
3648,4/2/2022 12:45,81.333
3649,4/2/2022 13:00,82.798
3650,4/2/2022 13:15,84.182
3651,4/2/2022 13:30,85.532
3652,4/2/2022 13:45,86.709
3653,4/2/2022 14:00,87.802
3654,4/2/2022 14:15,88.81
3655,4/2/2022 14:30,89.731
3656,4/2/2022 14:45,90.518
3657,4/2/2022 15:00,91.17
3658,4/2/2022 15:15,91.729
3659,4/2/2022 15:30,92.151
3660,4/2/2022 15:45,92.433
3661,4/2/2022 16:00,92.574
3662,4/2/2022 16:15,92.574
3663,4/2/2022 16:30,92.433
3664,4/2/2022 16:45,92.151
3665,4/2/2022 17:00,91.776
3666,4/2/2022 17:15,91.308
3667,4/2/2022 17:30,90.75
3668,4/2/2022 17:45,89.823
3669,4/2/2022 18:00,88.626
3670,4/2/2022 18:15,87.3
3671,4/2/2022 18:30,85.849
3672,4/2/2022 18:45,84.272
3673,4/2/2022 19:00,82.665
3674,4/2/2022 19:15,81.066
3675,4/2/2022 19:30,79.524
3676,4/2/2022 19:45,78.033
3677,4/2/2022 20:00,76.681
3678,4/2/2022 20:15,75.376
3679,4/2/2022 20:30,74.206
3680,4/2/2022 20:45,73.083
3681,4/2/2022 21:00,72.05
3682,4/2/2022 21:15,71.06
3683,4/2/2022 21:30,70.115
3684,4/2/2022 21:45,69.256
3685,4/2/2022 22:00,68.4
3686,4/2/2022 22:15,67.586
3687,4/2/2022 22:30,66.857
3688,4/2/2022 22:45,66.13
3689,4/2/2022 23:00,65.444
3690,4/2/2022 23:15,64.76
3691,4/2/2022 23:30,64.117
3692,4/2/2022 23:45,63.475
3693,4/3/2022 0:00,62.875
3694,4/3/2022 0:15,62.319
3695,4/3/2022 0:30,61.761
3696,4/3/2022 0:45,61.248
3697,4/3/2022 1:00,60.733
3698,4/3/2022 1:15,60.26
3699,4/3/2022 1:30,59.788
3700,4/3/2022 1:45,59.315
3701,4/3/2022 2:00,58.885
3702,4/3/2022 2:15,58.498
3703,4/3/2022 2:30,58.066
3704,4/3/2022 2:45,57.679
3705,4/3/2022 3:00,57.247
3706,4/3/2022 3:15,56.858
3707,4/3/2022 3:30,56.469
3708,4/3/2022 3:45,56.079
3709,4/3/2022 4:00,55.69
3710,4/3/2022 4:15,55.342
3711,4/3/2022 4:30,54.995
3712,4/3/2022 4:45,54.648
3713,4/3/2022 5:00,54.343
3714,4/3/2022 5:15,53.994
3715,4/3/2022 5:30,53.69
3716,4/3/2022 5:45,53.341
3717,4/3/2022 6:00,53.035
3718,4/3/2022 6:15,52.729
3719,4/3/2022 6:30,52.466
3720,4/3/2022 6:45,52.335
3721,4/3/2022 7:00,52.423
3722,4/3/2022 7:15,52.686
3723,4/3/2022 7:30,53.078
3724,4/3/2022 7:45,53.645
3725,4/3/2022 8:00,54.3
3726,4/3/2022 8:15,55.081
3727,4/3/2022 8:30,56.035
3728,4/3/2022 8:45,57.074
3729,4/3/2022 9:00,58.282
3730,4/3/2022 9:15,59.572
3731,4/3/2022 9:30,61.032
3732,4/3/2022 9:45,62.62
3733,4/3/2022 10:00,64.247
3734,4/3/2022 10:15,65.959
3735,4/3/2022 10:30,67.757
3736,4/3/2022 10:45,69.557
3737,4/3/2022 11:00,71.361
3738,4/3/2022 11:15,73.126
3739,4/3/2022 11:30,74.813
3740,4/3/2022 11:45,76.332
3741,4/3/2022 12:00,77.859
3742,4/3/2022 12:15,79.347
3743,4/3/2022 12:30,80.757
3744,4/3/2022 12:45,82.085
3745,4/3/2022 13:00,83.332
3746,4/3/2022 13:15,84.497
3747,4/3/2022 13:30,85.577
3748,4/3/2022 13:45,86.617
3749,4/3/2022 14:00,87.528
3750,4/3/2022 14:15,85.397
3751,4/3/2022 14:30,80.404
3752,4/3/2022 14:45,77.727
3753,4/3/2022 15:00,75.724
3754,4/3/2022 15:15,74.467
3755,4/3/2022 15:30,74.986
3756,4/3/2022 15:45,76.114
3757,4/3/2022 16:00,77.421
3758,4/3/2022 16:15,78.339
3759,4/3/2022 16:30,78.822
3760,4/3/2022 16:45,78.91
3761,4/3/2022 17:00,78.733
3762,4/3/2022 17:15,78.339
3763,4/3/2022 17:30,77.727
3764,4/3/2022 17:45,76.942
3765,4/3/2022 18:00,75.898
3766,4/3/2022 18:15,74.77
3767,4/3/2022 18:30,73.515
3768,4/3/2022 18:45,72.178
3769,4/3/2022 19:00,71.92
3770,4/3/2022 19:15,72.48
3771,4/3/2022 19:30,74.163
3772,4/3/2022 19:45,75.81
3773,4/3/2022 20:00,76.811
3774,4/3/2022 20:15,76.114
3775,4/3/2022 20:30,74.727
3776,4/3/2022 20:45,73.256
3777,4/3/2022 21:00,71.92
3778,4/3/2022 21:15,70.759
3779,4/3/2022 21:30,69.728
3780,4/3/2022 21:45,68.742
3781,4/3/2022 22:00,67.842
3782,4/3/2022 22:15,66.985
3783,4/3/2022 22:30,66.173
3784,4/3/2022 22:45,65.444
3785,4/3/2022 23:00,64.76
3786,4/3/2022 23:15,64.074
3787,4/3/2022 23:30,63.475
3788,4/3/2022 23:45,62.875
3789,4/4/2022 0:00,62.276
3790,4/4/2022 0:15,61.72
3791,4/4/2022 0:30,61.119
3792,4/4/2022 0:45,60.604
3793,4/4/2022 1:00,60.089
3794,4/4/2022 1:15,59.572
3795,4/4/2022 1:30,59.099
3796,4/4/2022 1:45,58.626
3797,4/4/2022 2:00,58.195
3798,4/4/2022 2:15,57.765
3799,4/4/2022 2:30,57.333
3800,4/4/2022 2:45,56.944
3801,4/4/2022 3:00,56.556
3802,4/4/2022 3:15,56.165
3803,4/4/2022 3:30,55.776
3804,4/4/2022 3:45,55.472
3805,4/4/2022 4:00,55.168
3806,4/4/2022 4:15,54.909
3807,4/4/2022 4:30,54.648
3808,4/4/2022 4:45,54.473
3809,4/4/2022 5:00,54.3
3810,4/4/2022 5:15,54.126
3811,4/4/2022 5:30,53.994
3812,4/4/2022 5:45,53.865
3813,4/4/2022 6:00,53.776
3814,4/4/2022 6:15,53.69
3815,4/4/2022 6:30,53.645
3816,4/4/2022 6:45,53.602
3817,4/4/2022 7:00,53.69
3818,4/4/2022 7:15,53.865
3819,4/4/2022 7:30,54.126
3820,4/4/2022 7:45,54.43
3821,4/4/2022 8:00,54.909
3822,4/4/2022 8:15,55.429
3823,4/4/2022 8:30,56.079
3824,4/4/2022 8:45,56.815
3825,4/4/2022 9:00,57.722
3826,4/4/2022 9:15,58.755
3827,4/4/2022 9:30,60.003
3828,4/4/2022 9:45,61.333
3829,4/4/2022 10:00,62.791
3830,4/4/2022 10:15,64.288
3831,4/4/2022 10:30,65.829
3832,4/4/2022 10:45,67.757
3833,4/4/2022 11:00,70.459
3834,4/4/2022 11:15,71.791
3835,4/4/2022 11:30,72.783
3836,4/4/2022 11:45,73.515
3837,4/4/2022 12:00,73.99
3838,4/4/2022 12:15,74.554
3839,4/4/2022 12:30,74.899
3840,4/4/2022 12:45,75.16
3841,4/4/2022 13:00,75.508
3842,4/4/2022 13:15,75.81
3843,4/4/2022 13:30,76.071
3844,4/4/2022 13:45,76.071
3845,4/4/2022 14:00,75.898
3846,4/4/2022 14:15,75.594
3847,4/4/2022 14:30,75.16
3848,4/4/2022 14:45,74.597
3849,4/4/2022 15:00,73.861
3850,4/4/2022 15:15,73.04
3851,4/4/2022 15:30,72.093
3852,4/4/2022 15:45,70.974
3853,4/4/2022 16:00,69.814
3854,4/4/2022 16:15,68.742
3855,4/4/2022 16:30,67.671
3856,4/4/2022 16:45,66.686
3857,4/4/2022 17:00,65.658
3858,4/4/2022 17:15,65.316
3859,4/4/2022 17:30,67.242
3860,4/4/2022 17:45,66.985
3861,4/4/2022 18:00,66.344
3862,4/4/2022 18:15,65.615
3863,4/4/2022 18:30,64.888
3864,4/4/2022 18:45,64.161
3865,4/4/2022 19:00,63.475
3866,4/4/2022 19:15,62.834
3867,4/4/2022 19:30,62.191
3868,4/4/2022 19:45,61.547
3869,4/4/2022 20:00,60.904
3870,4/4/2022 20:15,60.433
3871,4/4/2022 20:30,63.648
3872,4/4/2022 20:45,65.017
3873,4/4/2022 21:00,65.872
3874,4/4/2022 21:15,67.928
3875,4/4/2022 21:30,68.742
3876,4/4/2022 21:45,68.527
3877,4/4/2022 22:00,67.971
3878,4/4/2022 22:15,67.285
3879,4/4/2022 22:30,66.6
3880,4/4/2022 22:45,65.916
3881,4/4/2022 23:00,65.273
3882,4/4/2022 23:15,64.632
3883,4/4/2022 23:30,64.074
3884,4/4/2022 23:45,63.561
3885,4/5/2022 0:00,63.005
3886,4/5/2022 0:15,62.533
3887,4/5/2022 0:30,62.062
3888,4/5/2022 0:45,61.59
3889,4/5/2022 1:00,61.119
3890,4/5/2022 1:15,60.69
3891,4/5/2022 1:30,60.303
3892,4/5/2022 1:45,59.959
3893,4/5/2022 2:00,59.616
3894,4/5/2022 2:15,59.272
3895,4/5/2022 2:30,58.885
3896,4/5/2022 2:45,58.541
3897,4/5/2022 3:00,58.152
3898,4/5/2022 3:15,57.807
3899,4/5/2022 3:30,57.463
3900,4/5/2022 3:45,57.117
3901,4/5/2022 4:00,56.815
3902,4/5/2022 4:15,56.512
3903,4/5/2022 4:30,56.251
3904,4/5/2022 4:45,55.992
3905,4/5/2022 5:00,55.69
3906,4/5/2022 5:15,55.429
3907,4/5/2022 5:30,55.125
3908,4/5/2022 5:45,54.82
3909,4/5/2022 6:00,54.561
3910,4/5/2022 6:15,54.255
3911,4/5/2022 6:30,54.037
3912,4/5/2022 6:45,53.865
3913,4/5/2022 7:00,53.908
3914,4/5/2022 7:15,54.126
3915,4/5/2022 7:30,54.473
3916,4/5/2022 7:45,54.865
3917,4/5/2022 8:00,55.342
3918,4/5/2022 8:15,55.949
3919,4/5/2022 8:30,56.642
3920,4/5/2022 8:45,57.463
3921,4/5/2022 9:00,58.411
3922,4/5/2022 9:15,59.486
3923,4/5/2022 9:30,60.69
3924,4/5/2022 9:45,62.019
3925,4/5/2022 10:00,63.475
3926,4/5/2022 10:15,65.017
3927,4/5/2022 10:30,66.6
3928,4/5/2022 10:45,68.27
3929,4/5/2022 11:00,69.858
3930,4/5/2022 11:15,71.404
3931,4/5/2022 11:30,72.912
3932,4/5/2022 11:45,74.338
3933,4/5/2022 12:00,75.724
3934,4/5/2022 12:15,77.117
3935,4/5/2022 12:30,78.427
3936,4/5/2022 12:45,79.655
3937,4/5/2022 13:00,80.802
3938,4/5/2022 13:15,81.952
3939,4/5/2022 13:30,83.021
3940,4/5/2022 13:45,84.004
3941,4/5/2022 14:00,84.945
3942,4/5/2022 14:15,85.757
3943,4/5/2022 14:30,86.527
3944,4/5/2022 14:45,87.163
3945,4/5/2022 15:00,87.757
3946,4/5/2022 15:15,88.214
3947,4/5/2022 15:30,88.579
3948,4/5/2022 15:45,88.763
3949,4/5/2022 16:00,88.855
3950,4/5/2022 16:15,88.855
3951,4/5/2022 16:30,88.718
3952,4/5/2022 16:45,88.488
3953,4/5/2022 17:00,88.122
3954,4/5/2022 17:15,87.71
3955,4/5/2022 17:30,87.255
3956,4/5/2022 17:45,86.527
3957,4/5/2022 18:00,85.532
3958,4/5/2022 18:15,84.362
3959,4/5/2022 18:30,83.109
3960,4/5/2022 18:45,81.73
3961,4/5/2022 19:00,80.361
3962,4/5/2022 19:15,78.953
3963,4/5/2022 19:30,77.596
3964,4/5/2022 19:45,76.289
3965,4/5/2022 20:00,75.074
3966,4/5/2022 20:15,73.904
3967,4/5/2022 20:30,72.783
3968,4/5/2022 20:45,71.748
3969,4/5/2022 21:00,70.803
3970,4/5/2022 21:15,69.858
3971,4/5/2022 21:30,68.999
3972,4/5/2022 21:45,68.185
3973,4/5/2022 22:00,67.413
3974,4/5/2022 22:15,66.686
3975,4/5/2022 22:30,65.959
3976,4/5/2022 22:45,65.273
3977,4/5/2022 23:00,64.632
3978,4/5/2022 23:15,63.99
3979,4/5/2022 23:30,63.347
3980,4/5/2022 23:45,62.748
3981,4/6/2022 0:00,62.191
3982,4/6/2022 0:15,61.633
3983,4/6/2022 0:30,61.119
3984,4/6/2022 0:45,60.647
3985,4/6/2022 1:00,60.217
3986,4/6/2022 1:15,59.788
3987,4/6/2022 1:30,59.401
3988,4/6/2022 1:45,58.971
3989,4/6/2022 2:00,58.541
3990,4/6/2022 2:15,58.195
3991,4/6/2022 2:30,57.807
3992,4/6/2022 2:45,57.333
3993,4/6/2022 3:00,56.772
3994,4/6/2022 3:15,56.251
3995,4/6/2022 3:30,55.776
3996,4/6/2022 3:45,55.342
3997,4/6/2022 4:00,54.909
3998,4/6/2022 4:15,54.561
3999,4/6/2022 4:30,54.169
4000,4/6/2022 4:45,53.82
4001,4/6/2022 5:00,53.472
4002,4/6/2022 5:15,53.121
4003,4/6/2022 5:30,52.817
4004,4/6/2022 5:45,52.509
4005,4/6/2022 6:00,52.246
4006,4/6/2022 6:15,52.029
4007,4/6/2022 6:30,51.984
4008,4/6/2022 6:45,52.16
4009,4/6/2022 7:00,52.423
4010,4/6/2022 7:15,52.729
4011,4/6/2022 7:30,53.166
4012,4/6/2022 7:45,53.69
4013,4/6/2022 8:00,54.3
4014,4/6/2022 8:15,55.081
4015,4/6/2022 8:30,55.992
4016,4/6/2022 8:45,57.074
4017,4/6/2022 9:00,58.282
4018,4/6/2022 9:15,59.659
4019,4/6/2022 9:30,61.162
4020,4/6/2022 9:45,62.791
4021,4/6/2022 10:00,64.503
4022,4/6/2022 10:15,66.344
4023,4/6/2022 10:30,68.27
4024,4/6/2022 10:45,70.243
4025,4/6/2022 11:00,72.178
4026,4/6/2022 11:15,74.338
4027,4/6/2022 11:30,75.463
4028,4/6/2022 11:45,76.071
4029,4/6/2022 12:00,76.854
4030,4/6/2022 12:15,77.639
4031,4/6/2022 12:30,78.471
4032,4/6/2022 12:45,79.041
4033,4/6/2022 13:00,79.92
4034,4/6/2022 13:15,80.935
4035,4/6/2022 13:30,81.597
4036,4/6/2022 13:45,81.775
4037,4/6/2022 14:00,81.775
4038,4/6/2022 14:15,81.952
4039,4/6/2022 14:30,82.085
4040,4/6/2022 14:45,82.13
4041,4/6/2022 15:00,82.13
4042,4/6/2022 15:15,82.218
4043,4/6/2022 15:30,83.422
4044,4/6/2022 15:45,84.9
4045,4/6/2022 16:00,85.667
4046,4/6/2022 16:15,84.452
4047,4/6/2022 16:30,80.404
4048,4/6/2022 16:45,78.471
4049,4/6/2022 17:00,77.945
4050,4/6/2022 17:15,78.251
4051,4/6/2022 17:30,78.996
4052,4/6/2022 17:45,79.92
4053,4/6/2022 18:00,80.757
4054,4/6/2022 18:15,80.89
4055,4/6/2022 18:30,80.668
4056,4/6/2022 18:45,80.227
4057,4/6/2022 19:00,79.612
4058,4/6/2022 19:15,78.865
4059,4/6/2022 19:30,78.121
4060,4/6/2022 19:45,77.292
4061,4/6/2022 20:00,76.464
4062,4/6/2022 20:15,75.681
4063,4/6/2022 20:30,74.899
4064,4/6/2022 20:45,74.12
4065,4/6/2022 21:00,73.386
4066,4/6/2022 21:15,72.696
4067,4/6/2022 21:30,72.05
4068,4/6/2022 21:45,71.404
4069,4/6/2022 22:00,70.846
4070,4/6/2022 22:15,70.286
4071,4/6/2022 22:30,69.728
4072,4/6/2022 22:45,69.213
4073,4/6/2022 23:00,68.698
4074,4/6/2022 23:15,68.185
4075,4/6/2022 23:30,67.714
4076,4/6/2022 23:45,67.285
4077,4/7/2022 0:00,66.814
4078,4/7/2022 0:15,66.344
4079,4/7/2022 0:30,65.872
4080,4/7/2022 0:45,65.444
4081,4/7/2022 1:00,65.059
4082,4/7/2022 1:15,64.632
4083,4/7/2022 1:30,64.204
4084,4/7/2022 1:45,63.819
4085,4/7/2022 2:00,63.433
4086,4/7/2022 2:15,63.048
4087,4/7/2022 2:30,62.704
4088,4/7/2022 2:45,62.319
4089,4/7/2022 3:00,61.977
4090,4/7/2022 3:15,61.59
4091,4/7/2022 3:30,61.248
4092,4/7/2022 3:45,60.904
4093,4/7/2022 4:00,60.604
4094,4/7/2022 4:15,60.26
4095,4/7/2022 4:30,59.959
4096,4/7/2022 4:45,59.659
4097,4/7/2022 5:00,59.401
4098,4/7/2022 5:15,59.142
4099,4/7/2022 5:30,58.885
4100,4/7/2022 5:45,58.582
4101,4/7/2022 6:00,58.325
4102,4/7/2022 6:15,58.066
4103,4/7/2022 6:30,57.893
4104,4/7/2022 6:45,57.936
4105,4/7/2022 7:00,58.152
4106,4/7/2022 7:15,58.541
4107,4/7/2022 7:30,59.056
4108,4/7/2022 7:45,59.745
4109,4/7/2022 8:00,60.517
4110,4/7/2022 8:15,61.419
4111,4/7/2022 8:30,62.49
4112,4/7/2022 8:45,63.648
4113,4/7/2022 9:00,64.974
4114,4/7/2022 9:15,66.472
4115,4/7/2022 9:30,68.099
4116,4/7/2022 9:45,69.858
4117,4/7/2022 10:00,71.704
4118,4/7/2022 10:15,73.645
4119,4/7/2022 10:30,75.637
4120,4/7/2022 10:45,78.208
4121,4/7/2022 11:00,78.996
4122,4/7/2022 11:15,78.91
4123,4/7/2022 11:30,79.084
4124,4/7/2022 11:45,79.567
4125,4/7/2022 12:00,80.845
4126,4/7/2022 12:15,82.441
4127,4/7/2022 12:30,84.362
4128,4/7/2022 12:45,86.119
4129,4/7/2022 13:00,87.391
4130,4/7/2022 13:15,88.902
4131,4/7/2022 13:30,90.565
4132,4/7/2022 13:45,92.291
4133,4/7/2022 14:00,93.897
4134,4/7/2022 14:15,95.472
4135,4/7/2022 14:30,96.24
4136,4/7/2022 14:45,96.966
4137,4/7/2022 15:00,97.891
4138,4/7/2022 15:15,98.823
4139,4/7/2022 15:30,99.712
4140,4/7/2022 15:45,100.108
4141,4/7/2022 16:00,100.357
4142,4/7/2022 16:15,100.956
4143,4/7/2022 16:30,101.509
4144,4/7/2022 16:45,102.063
4145,4/7/2022 17:00,102.468
4146,4/7/2022 17:15,102.722
4147,4/7/2022 17:30,102.772
4148,4/7/2022 17:45,101.158
4149,4/7/2022 18:00,96.627
4150,4/7/2022 18:15,92.527
4151,4/7/2022 18:30,89.685
4152,4/7/2022 18:45,88.214
4153,4/7/2022 19:00,87.118
4154,4/7/2022 19:15,86.164
4155,4/7/2022 19:30,85.352
4156,4/7/2022 19:45,84.542
4157,4/7/2022 20:00,83.691
4158,4/7/2022 20:15,82.841
4159,4/7/2022 20:30,82.085
4160,4/7/2022 20:45,81.333
4161,4/7/2022 21:00,80.625
4162,4/7/2022 21:15,79.92
4163,4/7/2022 21:30,79.261
4164,4/7/2022 21:45,78.559
4165,4/7/2022 22:00,77.859
4166,4/7/2022 22:15,77.203
4167,4/7/2022 22:30,76.55
4168,4/7/2022 22:45,75.942
4169,4/7/2022 23:00,75.29
4170,4/7/2022 23:15,74.64
4171,4/7/2022 23:30,73.99
4172,4/7/2022 23:45,73.299
4173,4/8/2022 0:00,72.653
4174,4/8/2022 0:15,72.05
4175,4/8/2022 0:30,71.404
4176,4/8/2022 0:45,70.846
4177,4/8/2022 1:00,70.329
4178,4/8/2022 1:15,69.771
4179,4/8/2022 1:30,69.256
4180,4/8/2022 1:45,68.785
4181,4/8/2022 2:00,68.356
4182,4/8/2022 2:15,67.928
4183,4/8/2022 2:30,67.5
4184,4/8/2022 2:45,67.114
4185,4/8/2022 3:00,66.686
4186,4/8/2022 3:15,66.301
4187,4/8/2022 3:30,65.916
4188,4/8/2022 3:45,65.487
4189,4/8/2022 4:00,65.102
4190,4/8/2022 4:15,64.76
4191,4/8/2022 4:30,64.459
4192,4/8/2022 4:45,64.161
4193,4/8/2022 5:00,63.862
4194,4/8/2022 5:15,63.561
4195,4/8/2022 5:30,63.262
4196,4/8/2022 5:45,63.005
4197,4/8/2022 6:00,62.704
4198,4/8/2022 6:15,62.49
4199,4/8/2022 6:30,62.191
4200,4/8/2022 6:45,62.062
4201,4/8/2022 7:00,62.062
4202,4/8/2022 7:15,62.276
4203,4/8/2022 7:30,62.577
4204,4/8/2022 7:45,62.962
4205,4/8/2022 8:00,63.518
4206,4/8/2022 8:15,64.117
4207,4/8/2022 8:30,64.845
4208,4/8/2022 8:45,65.745
4209,4/8/2022 9:00,66.772
4210,4/8/2022 9:15,68.013
4211,4/8/2022 9:30,69.343
4212,4/8/2022 9:45,70.759
4213,4/8/2022 10:00,72.264
4214,4/8/2022 10:15,73.818
4215,4/8/2022 10:30,75.42
4216,4/8/2022 10:45,77.421
4217,4/8/2022 11:00,78.953
4218,4/8/2022 11:15,79.7
4219,4/8/2022 11:30,80.096
4220,4/8/2022 11:45,80.845
4221,4/8/2022 12:00,81.864
4222,4/8/2022 12:15,83.021
4223,4/8/2022 12:30,84.272
4224,4/8/2022 12:45,85.802
4225,4/8/2022 13:00,87.71
4226,4/8/2022 13:15,89.685
4227,4/8/2022 13:30,91.589
4228,4/8/2022 13:45,93.423
4229,4/8/2022 14:00,95.135
4230,4/8/2022 14:15,96.627
4231,4/8/2022 14:30,97.891
4232,4/8/2022 14:45,98.872
4233,4/8/2022 15:00,99.613
4234,4/8/2022 15:15,100.159
4235,4/8/2022 15:30,100.458
4236,4/8/2022 15:45,98.823
4237,4/8/2022 16:00,94.23
4238,4/8/2022 16:15,94.039
4239,4/8/2022 16:30,94.134
4240,4/8/2022 16:45,94.23
4241,4/8/2022 17:00,94.181
4242,4/8/2022 17:15,93.897
4243,4/8/2022 17:30,93.281
4244,4/8/2022 17:45,92.197
4245,4/8/2022 18:00,90.797
4246,4/8/2022 18:15,89.177
4247,4/8/2022 18:30,87.483
4248,4/8/2022 18:45,85.757
4249,4/8/2022 19:00,84.004
4250,4/8/2022 19:15,82.263
4251,4/8/2022 19:30,80.668
4252,4/8/2022 19:45,79.084
4253,4/8/2022 20:00,77.596
4254,4/8/2022 20:15,76.158
4255,4/8/2022 20:30,74.77
4256,4/8/2022 20:45,73.472
4257,4/8/2022 21:00,72.221
4258,4/8/2022 21:15,71.06
4259,4/8/2022 21:30,69.942
4260,4/8/2022 21:45,68.871
4261,4/8/2022 22:00,67.885
4262,4/8/2022 22:15,66.985
4263,4/8/2022 22:30,66.087
4264,4/8/2022 22:45,65.23
4265,4/8/2022 23:00,64.503
4266,4/8/2022 23:15,63.775
4267,4/8/2022 23:30,63.048
4268,4/8/2022 23:45,62.362
4269,4/9/2022 0:00,61.72
4270,4/9/2022 0:15,61.075
4271,4/9/2022 0:30,60.474
4272,4/9/2022 0:45,59.916
4273,4/9/2022 1:00,59.401
4274,4/9/2022 1:15,58.842
4275,4/9/2022 1:30,58.325
4276,4/9/2022 1:45,57.765
4277,4/9/2022 2:00,57.204
4278,4/9/2022 2:15,56.599
4279,4/9/2022 2:30,56.035
4280,4/9/2022 2:45,55.472
4281,4/9/2022 3:00,54.995
4282,4/9/2022 3:15,54.561
4283,4/9/2022 3:30,54.169
4284,4/9/2022 3:45,53.776
4285,4/9/2022 4:00,53.341
4286,4/9/2022 4:15,52.903
4287,4/9/2022 4:30,52.466
4288,4/9/2022 4:45,51.984
4289,4/9/2022 5:00,51.544
4290,4/9/2022 5:15,51.105
4291,4/9/2022 5:30,50.664
4292,4/9/2022 5:45,50.268
4293,4/9/2022 6:00,49.959
4294,4/9/2022 6:15,49.737
4295,4/9/2022 6:30,49.516
4296,4/9/2022 6:45,49.338
4297,4/9/2022 7:00,49.249
4298,4/9/2022 7:15,49.204
4299,4/9/2022 7:30,49.249
4300,4/9/2022 7:45,49.294
4301,4/9/2022 8:00,49.471
4302,4/9/2022 8:15,49.649
4303,4/9/2022 8:30,49.914
4304,4/9/2022 8:45,50.223
4305,4/9/2022 9:00,50.576
4306,4/9/2022 9:15,51.062
4307,4/9/2022 9:30,51.764
4308,4/9/2022 9:45,52.729
4309,4/9/2022 10:00,53.951
4310,4/9/2022 10:15,55.429
4311,4/9/2022 10:30,57.117
4312,4/9/2022 10:45,58.971
4313,4/9/2022 11:00,60.948
4314,4/9/2022 11:15,63.048
4315,4/9/2022 11:30,65.145
4316,4/9/2022 11:45,67.199
4317,4/9/2022 12:00,69.6
4318,4/9/2022 12:15,71.661
4319,4/9/2022 12:30,73.645
4320,4/9/2022 12:45,75.551
4321,4/9/2022 13:00,77.335
4322,4/9/2022 13:15,79.041
4323,4/9/2022 13:30,80.668
4324,4/9/2022 13:45,81.066
4325,4/9/2022 14:00,80.051
4326,4/9/2022 14:15,79.261
4327,4/9/2022 14:30,78.208
4328,4/9/2022 14:45,77.292
4329,4/9/2022 15:00,77.029
4330,4/9/2022 15:15,77.727
4331,4/9/2022 15:30,78.733
4332,4/9/2022 15:45,79.743
4333,4/9/2022 16:00,80.757
4334,4/9/2022 16:15,81.597
4335,4/9/2022 16:30,82.353
4336,4/9/2022 16:45,82.931
4337,4/9/2022 17:00,83.377
4338,4/9/2022 17:15,83.736
4339,4/9/2022 17:30,83.914
4340,4/9/2022 17:45,83.914
4341,4/9/2022 18:00,83.467
4342,4/9/2022 18:15,82.798
4343,4/9/2022 18:30,81.997
4344,4/9/2022 18:45,81.111
4345,4/9/2022 19:00,80.096
4346,4/9/2022 19:15,79.041
4347,4/9/2022 19:30,77.945
4348,4/9/2022 19:45,76.899
4349,4/9/2022 20:00,75.853
4350,4/9/2022 20:15,74.856
4351,4/9/2022 20:30,73.904
4352,4/9/2022 20:45,73.04
4353,4/9/2022 21:00,72.221
4354,4/9/2022 21:15,71.404
4355,4/9/2022 21:30,70.63
4356,4/9/2022 21:45,69.858
4357,4/9/2022 22:00,69.129
4358,4/9/2022 22:15,68.4
4359,4/9/2022 22:30,67.714
4360,4/9/2022 22:45,67.071
4361,4/9/2022 23:00,66.429
4362,4/9/2022 23:15,65.872
4363,4/9/2022 23:30,65.359
4364,4/9/2022 23:45,64.888
4365,4/10/2022 0:00,64.503
4366,4/10/2022 0:15,64.117
4367,4/10/2022 0:30,63.732
4368,4/10/2022 0:45,63.304
4369,4/10/2022 1:00,62.875
4370,4/10/2022 1:15,62.406
4371,4/10/2022 1:30,61.891
4372,4/10/2022 1:45,61.376
4373,4/10/2022 2:00,60.818
4374,4/10/2022 2:15,60.346
4375,4/10/2022 2:30,59.916
4376,4/10/2022 2:45,59.529
4377,4/10/2022 3:00,59.185
4378,4/10/2022 3:15,58.755
4379,4/10/2022 3:30,58.325
4380,4/10/2022 3:45,57.893
4381,4/10/2022 4:00,57.463
4382,4/10/2022 4:15,57.031
4383,4/10/2022 4:30,56.642
4384,4/10/2022 4:45,56.208
4385,4/10/2022 5:00,55.863
4386,4/10/2022 5:15,55.558
4387,4/10/2022 5:30,55.256
4388,4/10/2022 5:45,54.995
4389,4/10/2022 6:00,54.777
4390,4/10/2022 6:15,54.648
4391,4/10/2022 6:30,54.691
4392,4/10/2022 6:45,54.909
4393,4/10/2022 7:00,55.299
4394,4/10/2022 7:15,55.776
4395,4/10/2022 7:30,56.295
4396,4/10/2022 7:45,56.944
4397,4/10/2022 8:00,57.679
4398,4/10/2022 8:15,58.455
4399,4/10/2022 8:30,59.358
4400,4/10/2022 8:45,60.346
4401,4/10/2022 9:00,61.462
4402,4/10/2022 9:15,62.748
4403,4/10/2022 9:30,64.161
4404,4/10/2022 9:45,65.615
4405,4/10/2022 10:00,67.114
4406,4/10/2022 10:15,68.698
4407,4/10/2022 10:30,70.372
4408,4/10/2022 10:45,72.007
4409,4/10/2022 11:00,73.688
4410,4/10/2022 11:15,75.333
4411,4/10/2022 11:30,76.899
4412,4/10/2022 11:45,78.427
4413,4/10/2022 12:00,79.876
4414,4/10/2022 12:15,81.199
4415,4/10/2022 12:30,82.441
4416,4/10/2022 12:45,83.556
4417,4/10/2022 13:00,83.511
4418,4/10/2022 13:15,81.819
4419,4/10/2022 13:30,81.421
4420,4/10/2022 13:45,82.13
4421,4/10/2022 14:00,82.976
4422,4/10/2022 14:15,84.094
4423,4/10/2022 14:30,85.262
4424,4/10/2022 14:45,86.482
4425,4/10/2022 15:00,87.62
4426,4/10/2022 15:15,88.718
4427,4/10/2022 15:30,89.731
4428,4/10/2022 15:45,90.612
4429,4/10/2022 16:00,91.402
4430,4/10/2022 16:15,92.057
4431,4/10/2022 16:30,92.62
4432,4/10/2022 16:45,92.95
4433,4/10/2022 17:00,93.092
4434,4/10/2022 17:15,92.997
4435,4/10/2022 17:30,92.62
4436,4/10/2022 17:45,91.963
4437,4/10/2022 18:00,90.891
4438,4/10/2022 18:15,89.362
4439,4/10/2022 18:30,87.528
4440,4/10/2022 18:45,85.035
4441,4/10/2022 19:00,82.62
4442,4/10/2022 19:15,80.361
4443,4/10/2022 19:30,78.296
4444,4/10/2022 19:45,76.419
4445,4/10/2022 20:00,74.64
4446,4/10/2022 20:15,73.04
4447,4/10/2022 20:30,71.577
4448,4/10/2022 20:45,70.243
4449,4/10/2022 21:00,68.999
4450,4/10/2022 21:15,67.842
4451,4/10/2022 21:30,66.772
4452,4/10/2022 21:45,65.829
4453,4/10/2022 22:00,64.931
4454,4/10/2022 22:15,64.074
4455,4/10/2022 22:30,63.262
4456,4/10/2022 22:45,62.533
4457,4/10/2022 23:00,61.804
4458,4/10/2022 23:15,61.119
4459,4/10/2022 23:30,60.433
4460,4/10/2022 23:45,59.83
4461,4/11/2022 0:00,59.229
4462,4/11/2022 0:15,58.669
4463,4/11/2022 0:30,58.152
4464,4/11/2022 0:45,57.679
4465,4/11/2022 1:00,57.247
4466,4/11/2022 1:15,56.815
4467,4/11/2022 1:30,56.512
4468,4/11/2022 1:45,56.251
4469,4/11/2022 2:00,55.992
4470,4/11/2022 2:15,55.733
4471,4/11/2022 2:30,55.472
4472,4/11/2022 2:45,55.256
4473,4/11/2022 3:00,55.038
4474,4/11/2022 3:15,54.734
4475,4/11/2022 3:30,54.516
4476,4/11/2022 3:45,54.43
4477,4/11/2022 4:00,54.3
4478,4/11/2022 4:15,54.212
4479,4/11/2022 4:30,54.082
4480,4/11/2022 4:45,54.037
4481,4/11/2022 5:00,53.951
4482,4/11/2022 5:15,53.908
4483,4/11/2022 5:30,53.865
4484,4/11/2022 5:45,53.82
4485,4/11/2022 6:00,53.776
4486,4/11/2022 6:15,53.733
4487,4/11/2022 6:30,53.733
4488,4/11/2022 6:45,54.126
4489,4/11/2022 7:00,57.979
4490,4/11/2022 7:15,59.229
4491,4/11/2022 7:30,59.401
4492,4/11/2022 7:45,59.315
4493,4/11/2022 8:00,59.315
4494,4/11/2022 8:15,60.089
4495,4/11/2022 8:30,61.119
4496,4/11/2022 8:45,62.748
4497,4/11/2022 9:00,64.888
4498,4/11/2022 9:15,65.574
4499,4/11/2022 9:30,65.145
4500,4/11/2022 9:45,65.059
4501,4/11/2022 10:00,65.959
4502,4/11/2022 10:15,66.643
4503,4/11/2022 10:30,69.213
4504,4/11/2022 10:45,70.846
4505,4/11/2022 11:00,75.029
4506,4/11/2022 11:15,77.509
4507,4/11/2022 11:30,78.645
4508,4/11/2022 11:45,77.99
4509,4/11/2022 12:00,77.77
4510,4/11/2022 12:15,77.16
4511,4/11/2022 12:30,76.942
4512,4/11/2022 12:45,76.725
4513,4/11/2022 13:00,76.332
4514,4/11/2022 13:15,75.81
4515,4/11/2022 13:30,75.29
4516,4/11/2022 13:45,74.64
4517,4/11/2022 14:00,73.99
4518,4/11/2022 14:15,73.386
4519,4/11/2022 14:30,72.783
4520,4/11/2022 14:45,71.404
4521,4/11/2022 15:00,71.533
4522,4/11/2022 15:15,73.947
4523,4/11/2022 15:30,75.551
4524,4/11/2022 15:45,76.507
4525,4/11/2022 16:00,77.553
4526,4/11/2022 16:15,78.777
4527,4/11/2022 16:30,78.296
4528,4/11/2022 16:45,77.902
4529,4/11/2022 17:00,77.553
4530,4/11/2022 17:15,77.16
4531,4/11/2022 17:30,76.681
4532,4/11/2022 17:45,76.028
4533,4/11/2022 18:00,75.117
4534,4/11/2022 18:15,73.99
4535,4/11/2022 18:30,72.783
4536,4/11/2022 18:45,71.49
4537,4/11/2022 19:00,70.201
4538,4/11/2022 19:15,68.871
4539,4/11/2022 19:30,67.543
4540,4/11/2022 19:45,66.258
4541,4/11/2022 20:00,65.059
4542,4/11/2022 20:15,63.946
4543,4/11/2022 20:30,62.875
4544,4/11/2022 20:45,61.891
4545,4/11/2022 21:00,60.948
4546,4/11/2022 21:15,60.046
4547,4/11/2022 21:30,59.229
4548,4/11/2022 21:45,58.455
4549,4/11/2022 22:00,57.679
4550,4/11/2022 22:15,56.944
4551,4/11/2022 22:30,56.251
4552,4/11/2022 22:45,55.602
4553,4/11/2022 23:00,54.995
4554,4/11/2022 23:15,54.43
4555,4/11/2022 23:30,53.865
4556,4/11/2022 23:45,53.341
4557,4/12/2022 0:00,52.817
4558,4/12/2022 0:15,52.378
4559,4/12/2022 0:30,51.94
4560,4/12/2022 0:45,51.544
4561,4/12/2022 1:00,51.148
4562,4/12/2022 1:15,50.752
4563,4/12/2022 1:30,50.356
4564,4/12/2022 1:45,50.002
4565,4/12/2022 2:00,49.692
4566,4/12/2022 2:15,49.383
4567,4/12/2022 2:30,49.028
4568,4/12/2022 2:45,48.762
4569,4/12/2022 3:00,48.493
4570,4/12/2022 3:15,48.227
4571,4/12/2022 3:30,47.959
4572,4/12/2022 3:45,47.691
4573,4/12/2022 4:00,47.467
4574,4/12/2022 4:15,47.199
4575,4/12/2022 4:30,46.931
4576,4/12/2022 4:45,46.661
4577,4/12/2022 5:00,46.436
4578,4/12/2022 5:15,46.346
4579,4/12/2022 5:30,46.166
4580,4/12/2022 5:45,46.031
4581,4/12/2022 6:00,45.896
4582,4/12/2022 6:15,45.806
4583,4/12/2022 6:30,45.669
4584,4/12/2022 6:45,45.714
4585,4/12/2022 7:00,46.031
4586,4/12/2022 7:15,46.616
4587,4/12/2022 7:30,47.422
4588,4/12/2022 7:45,48.36
4589,4/12/2022 8:00,49.383
4590,4/12/2022 8:15,50.533
4591,4/12/2022 8:30,51.984
4592,4/12/2022 8:45,54.777
4593,4/12/2022 9:00,57.85
4594,4/12/2022 9:15,60.904
4595,4/12/2022 9:30,63.347
4596,4/12/2022 9:45,64.845
4597,4/12/2022 10:00,66.857
4598,4/12/2022 10:15,68.828
4599,4/12/2022 10:30,70.716
4600,4/12/2022 10:45,72.567
4601,4/12/2022 11:00,74.338
4602,4/12/2022 11:15,76.071
4603,4/12/2022 11:30,77.639
4604,4/12/2022 11:45,79.041
4605,4/12/2022 12:00,80.272
4606,4/12/2022 12:15,81.376
4607,4/12/2022 12:30,82.353
4608,4/12/2022 12:45,83.332
4609,4/12/2022 13:00,84.272
4610,4/12/2022 13:15,84.9
4611,4/12/2022 13:30,85.262
4612,4/12/2022 13:45,85.622
4613,4/12/2022 14:00,85.984
4614,4/12/2022 14:15,86.211
4615,4/12/2022 14:30,86.391
4616,4/12/2022 14:45,86.617
4617,4/12/2022 15:00,86.799
4618,4/12/2022 15:15,86.891
4619,4/12/2022 15:30,86.709
4620,4/12/2022 15:45,86.437
4621,4/12/2022 16:00,85.849
4622,4/12/2022 16:15,85.442
4623,4/12/2022 16:30,85.172
4624,4/12/2022 16:45,85.035
4625,4/12/2022 17:00,84.857
4626,4/12/2022 17:15,84.587
4627,4/12/2022 17:30,84.137
4628,4/12/2022 17:45,83.511
4629,4/12/2022 18:00,82.53
4630,4/12/2022 18:15,81.154
4631,4/12/2022 18:30,79.347
4632,4/12/2022 18:45,78.076
4633,4/12/2022 19:00,77.292
4634,4/12/2022 19:15,76.854
4635,4/12/2022 19:30,76.636
4636,4/12/2022 19:45,75.942
4637,4/12/2022 20:00,74.77
4638,4/12/2022 20:15,73.342
4639,4/12/2022 20:30,71.92
4640,4/12/2022 20:45,70.502
4641,4/12/2022 21:00,69.129
4642,4/12/2022 21:15,67.842
4643,4/12/2022 21:30,66.6
4644,4/12/2022 21:45,65.487
4645,4/12/2022 22:00,64.418
4646,4/12/2022 22:15,63.39
4647,4/12/2022 22:30,62.49
4648,4/12/2022 22:45,61.59
4649,4/12/2022 23:00,60.775
4650,4/12/2022 23:15,60.003
4651,4/12/2022 23:30,59.272
4652,4/12/2022 23:45,58.582
4653,4/13/2022 0:00,57.936
4654,4/13/2022 0:15,57.29
4655,4/13/2022 0:30,56.728
4656,4/13/2022 0:45,56.165
4657,4/13/2022 1:00,55.602
4658,4/13/2022 1:15,55.125
4659,4/13/2022 1:30,54.648
4660,4/13/2022 1:45,54.212
4661,4/13/2022 2:00,53.776
4662,4/13/2022 2:15,53.384
4663,4/13/2022 2:30,53.035
4664,4/13/2022 2:45,52.641
4665,4/13/2022 3:00,52.291
4666,4/13/2022 3:15,51.94
4667,4/13/2022 3:30,51.589
4668,4/13/2022 3:45,51.237
4669,4/13/2022 4:00,50.929
4670,4/13/2022 4:15,50.709
4671,4/13/2022 4:30,50.445
4672,4/13/2022 4:45,50.223
4673,4/13/2022 5:00,50.002
4674,4/13/2022 5:15,49.825
4675,4/13/2022 5:30,49.604
4676,4/13/2022 5:45,49.428
4677,4/13/2022 6:00,49.249
4678,4/13/2022 6:15,49.161
4679,4/13/2022 6:30,49.116
4680,4/13/2022 6:45,49.161
4681,4/13/2022 7:00,49.249
4682,4/13/2022 7:15,49.428
4683,4/13/2022 7:30,49.692
4684,4/13/2022 7:45,50.092
4685,4/13/2022 8:00,50.576
4686,4/13/2022 8:15,51.105
4687,4/13/2022 8:30,51.678
4688,4/13/2022 8:45,52.203
4689,4/13/2022 9:00,52.772
4690,4/13/2022 9:15,53.384
4691,4/13/2022 9:30,54.037
4692,4/13/2022 9:45,54.734
4693,4/13/2022 10:00,55.558
4694,4/13/2022 10:15,56.469
4695,4/13/2022 10:30,57.333
4696,4/13/2022 10:45,58.195
4697,4/13/2022 11:00,59.142
4698,4/13/2022 11:15,60.089
4699,4/13/2022 11:30,61.119
4700,4/13/2022 11:45,62.233
4701,4/13/2022 12:00,63.347
4702,4/13/2022 12:15,64.332
4703,4/13/2022 12:30,65.273
4704,4/13/2022 12:45,66.258
4705,4/13/2022 13:00,67.372
4706,4/13/2022 13:15,68.484
4707,4/13/2022 13:30,69.643
4708,4/13/2022 13:45,70.803
4709,4/13/2022 14:00,71.964
4710,4/13/2022 14:15,73.083
4711,4/13/2022 14:30,74.12
4712,4/13/2022 14:45,75.029
4713,4/13/2022 15:00,75.767
4714,4/13/2022 15:15,76.375
4715,4/13/2022 15:30,76.854
4716,4/13/2022 15:45,77.292
4717,4/13/2022 16:00,77.684
4718,4/13/2022 16:15,77.945
4719,4/13/2022 16:30,78.033
4720,4/13/2022 16:45,77.945
4721,4/13/2022 17:00,77.77
4722,4/13/2022 17:15,77.464
4723,4/13/2022 17:30,76.986
4724,4/13/2022 17:45,76.419
4725,4/13/2022 18:00,75.681
4726,4/13/2022 18:15,74.856
4727,4/13/2022 18:30,73.99
4728,4/13/2022 18:45,73.04
4729,4/13/2022 19:00,72.007
4730,4/13/2022 19:15,70.974
4731,4/13/2022 19:30,69.985
4732,4/13/2022 19:45,68.999
4733,4/13/2022 20:00,68.013
4734,4/13/2022 20:15,67.158
4735,4/13/2022 20:30,66.301
4736,4/13/2022 20:45,65.53
4737,4/13/2022 21:00,64.803
4738,4/13/2022 21:15,64.117
4739,4/13/2022 21:30,63.518
4740,4/13/2022 21:45,62.919
4741,4/13/2022 22:00,62.362
4742,4/13/2022 22:15,61.848
4743,4/13/2022 22:30,61.419
4744,4/13/2022 22:45,60.948
4745,4/13/2022 23:00,60.561
4746,4/13/2022 23:15,60.174
4747,4/13/2022 23:30,59.83
4748,4/13/2022 23:45,59.486
4749,4/14/2022 0:00,59.099
4750,4/14/2022 0:15,58.755
4751,4/14/2022 0:30,58.411
4752,4/14/2022 0:45,58.066
4753,4/14/2022 1:00,57.765
4754,4/14/2022 1:15,57.463
4755,4/14/2022 1:30,57.16
4756,4/14/2022 1:45,56.944
4757,4/14/2022 2:00,56.728
4758,4/14/2022 2:15,56.512
4759,4/14/2022 2:30,56.34
4760,4/14/2022 2:45,56.165
4761,4/14/2022 3:00,56.035
4762,4/14/2022 3:15,55.863
4763,4/14/2022 3:30,55.733
4764,4/14/2022 3:45,55.558
4765,4/14/2022 4:00,55.429
4766,4/14/2022 4:15,55.299
4767,4/14/2022 4:30,55.168
4768,4/14/2022 4:45,55.038
4769,4/14/2022 5:00,54.909
4770,4/14/2022 5:15,54.82
4771,4/14/2022 5:30,54.734
4772,4/14/2022 5:45,54.648
4773,4/14/2022 6:00,54.604
4774,4/14/2022 6:15,54.561
4775,4/14/2022 6:30,54.516
4776,4/14/2022 6:45,54.516
4777,4/14/2022 7:00,54.516
4778,4/14/2022 7:15,54.516
4779,4/14/2022 7:30,54.516
4780,4/14/2022 7:45,54.516
4781,4/14/2022 8:00,54.473
4782,4/14/2022 8:15,54.473
4783,4/14/2022 8:30,54.473
4784,4/14/2022 8:45,54.516
4785,4/14/2022 9:00,54.604
4786,4/14/2022 9:15,54.734
4787,4/14/2022 9:30,54.909
4788,4/14/2022 9:45,55.081
4789,4/14/2022 10:00,55.299
4790,4/14/2022 10:15,55.515
4791,4/14/2022 10:30,55.733
4792,4/14/2022 10:45,56.035
4793,4/14/2022 11:00,56.426
4794,4/14/2022 11:15,56.815
4795,4/14/2022 11:30,57.204
4796,4/14/2022 11:45,57.592
4797,4/14/2022 12:00,57.936
4798,4/14/2022 12:15,58.239
4799,4/14/2022 12:30,58.541
4800,4/14/2022 12:45,58.798
4801,4/14/2022 13:00,58.971
4802,4/14/2022 13:15,59.142
4803,4/14/2022 13:30,59.315
4804,4/14/2022 13:45,59.616
4805,4/14/2022 14:00,59.916
4806,4/14/2022 14:15,60.174
4807,4/14/2022 14:30,60.433
4808,4/14/2022 14:45,60.775
4809,4/14/2022 15:00,61.032
4810,4/14/2022 15:15,61.205
4811,4/14/2022 15:30,61.376
4812,4/14/2022 15:45,61.506
4813,4/14/2022 16:00,61.59
4814,4/14/2022 16:15,61.633
4815,4/14/2022 16:30,61.59
4816,4/14/2022 16:45,61.547
4817,4/14/2022 17:00,61.419
4818,4/14/2022 17:15,61.29
4819,4/14/2022 17:30,61.162
4820,4/14/2022 17:45,61.376
4821,4/14/2022 18:00,61.419
4822,4/14/2022 18:15,61.333
4823,4/14/2022 18:30,61.162
4824,4/14/2022 18:45,60.991
4825,4/14/2022 19:00,60.733
4826,4/14/2022 19:15,60.517
4827,4/14/2022 19:30,60.303
4828,4/14/2022 19:45,60.904
4829,4/14/2022 20:00,61.29
4830,4/14/2022 20:15,61.333
4831,4/14/2022 20:30,61.29
4832,4/14/2022 20:45,61.119
4833,4/14/2022 21:00,60.991
4834,4/14/2022 21:15,60.775
4835,4/14/2022 21:30,60.561
4836,4/14/2022 21:45,60.346
4837,4/14/2022 22:00,60.132
4838,4/14/2022 22:15,59.916
4839,4/14/2022 22:30,59.702
4840,4/14/2022 22:45,59.486
4841,4/14/2022 23:00,59.272
4842,4/14/2022 23:15,59.056
4843,4/14/2022 23:30,58.842
4844,4/14/2022 23:45,58.626
4845,4/15/2022 0:00,58.455
4846,4/15/2022 0:15,58.239
4847,4/15/2022 0:30,58.023
4848,4/15/2022 0:45,57.807
4849,4/15/2022 1:00,57.592
4850,4/15/2022 1:15,57.333
4851,4/15/2022 1:30,57.117
4852,4/15/2022 1:45,56.858
4853,4/15/2022 2:00,56.642
4854,4/15/2022 2:15,56.383
4855,4/15/2022 2:30,56.165
4856,4/15/2022 2:45,55.949
4857,4/15/2022 3:00,55.69
4858,4/15/2022 3:15,55.429
4859,4/15/2022 3:30,55.213
4860,4/15/2022 3:45,54.995
4861,4/15/2022 4:00,54.777
4862,4/15/2022 4:15,54.561
4863,4/15/2022 4:30,54.387
4864,4/15/2022 4:45,54.169
4865,4/15/2022 5:00,53.994
4866,4/15/2022 5:15,53.776
4867,4/15/2022 5:30,53.602
4868,4/15/2022 5:45,53.384
4869,4/15/2022 6:00,53.166
4870,4/15/2022 6:15,52.947
4871,4/15/2022 6:30,52.729
4872,4/15/2022 6:45,52.554
4873,4/15/2022 7:00,52.378
4874,4/15/2022 7:15,52.246
4875,4/15/2022 7:30,52.16
4876,4/15/2022 7:45,52.072
4877,4/15/2022 8:00,52.072
4878,4/15/2022 8:15,52.072
4879,4/15/2022 8:30,52.291
4880,4/15/2022 8:45,53.69
4881,4/15/2022 9:00,55.515
4882,4/15/2022 9:15,57.765
4883,4/15/2022 9:30,59.83
4884,4/15/2022 9:45,61.376
4885,4/15/2022 10:00,62.533
4886,4/15/2022 10:15,63.732
4887,4/15/2022 10:30,64.974
4888,4/15/2022 10:45,66.258
4889,4/15/2022 11:00,67.456
4890,4/15/2022 11:15,68.614
4891,4/15/2022 11:30,69.643
4892,4/15/2022 11:45,70.63
4893,4/15/2022 12:00,71.533
4894,4/15/2022 12:15,72.307
4895,4/15/2022 12:30,73.04
4896,4/15/2022 12:45,73.645
4897,4/15/2022 13:00,74.206
4898,4/15/2022 13:15,74.727
4899,4/15/2022 13:30,75.333
4900,4/15/2022 13:45,75.853
4901,4/15/2022 14:00,76.375
4902,4/15/2022 14:15,76.854
4903,4/15/2022 14:30,77.292
4904,4/15/2022 14:45,77.727
4905,4/15/2022 15:00,78.033
4906,4/15/2022 15:15,78.165
4907,4/15/2022 15:30,78.251
4908,4/15/2022 15:45,78.427
4909,4/15/2022 16:00,78.602
4910,4/15/2022 16:15,78.822
4911,4/15/2022 16:30,78.996
4912,4/15/2022 16:45,79.084
4913,4/15/2022 17:00,78.953
4914,4/15/2022 17:15,78.602
4915,4/15/2022 17:30,78.251
4916,4/15/2022 17:45,77.859
4917,4/15/2022 18:00,77.464
4918,4/15/2022 18:15,76.942
4919,4/15/2022 18:30,76.811
4920,4/15/2022 18:45,77.072
4921,4/15/2022 19:00,77.292
4922,4/15/2022 19:15,77.203
4923,4/15/2022 19:30,76.507
4924,4/15/2022 19:45,75.463
4925,4/15/2022 20:00,74.381
4926,4/15/2022 20:15,73.299
4927,4/15/2022 20:30,72.264
4928,4/15/2022 20:45,71.231
4929,4/15/2022 21:00,70.243
4930,4/15/2022 21:15,69.343
4931,4/15/2022 21:30,68.443
4932,4/15/2022 21:45,67.627
4933,4/15/2022 22:00,66.857
4934,4/15/2022 22:15,66.173
4935,4/15/2022 22:30,65.487
4936,4/15/2022 22:45,64.931
4937,4/15/2022 23:00,64.418
4938,4/15/2022 23:15,63.946
4939,4/15/2022 23:30,63.561
4940,4/15/2022 23:45,63.176
4941,4/16/2022 0:00,62.834
4942,4/16/2022 0:15,62.533
4943,4/16/2022 0:30,62.276
4944,4/16/2022 0:45,62.019
4945,4/16/2022 1:00,61.804
4946,4/16/2022 1:15,61.633
4947,4/16/2022 1:30,61.462
4948,4/16/2022 1:45,61.333
4949,4/16/2022 2:00,61.205
4950,4/16/2022 2:15,61.075
4951,4/16/2022 2:30,60.904
4952,4/16/2022 2:45,60.733
4953,4/16/2022 3:00,60.561
4954,4/16/2022 3:15,60.346
4955,4/16/2022 3:30,60.089
4956,4/16/2022 3:45,59.873
4957,4/16/2022 4:00,59.659
4958,4/16/2022 4:15,59.445
4959,4/16/2022 4:30,59.272
4960,4/16/2022 4:45,59.056
4961,4/16/2022 5:00,58.885
4962,4/16/2022 5:15,58.712
4963,4/16/2022 5:30,58.541
4964,4/16/2022 5:45,58.368
4965,4/16/2022 6:00,58.195
4966,4/16/2022 6:15,58.066
4967,4/16/2022 6:30,57.979
4968,4/16/2022 6:45,57.936
4969,4/16/2022 7:00,57.936
4970,4/16/2022 7:15,57.936
4971,4/16/2022 7:30,57.979
4972,4/16/2022 7:45,57.979
4973,4/16/2022 8:00,58.109
4974,4/16/2022 8:15,58.195
4975,4/16/2022 8:30,58.368
4976,4/16/2022 8:45,58.669
4977,4/16/2022 9:00,59.916
4978,4/16/2022 9:15,61.761
4979,4/16/2022 9:30,63.689
4980,4/16/2022 9:45,65.788
4981,4/16/2022 10:00,68.142
4982,4/16/2022 10:15,70.543
4983,4/16/2022 10:30,72.955
4984,4/16/2022 10:45,75.29
4985,4/16/2022 11:00,77.553
4986,4/16/2022 11:15,79.655
4987,4/16/2022 11:30,81.023
4988,4/16/2022 11:45,81.554
4989,4/16/2022 12:00,81.244
4990,4/16/2022 12:15,81.154
4991,4/16/2022 12:30,81.154
4992,4/16/2022 12:45,81.376
4993,4/16/2022 13:00,81.687
4994,4/16/2022 13:15,82.042
4995,4/16/2022 13:30,81.952
4996,4/16/2022 13:45,81.244
4997,4/16/2022 14:00,80.184
4998,4/16/2022 14:15,79.173
4999,4/16/2022 14:30,78.471
5000,4/16/2022 14:45,78.296
5001,4/16/2022 15:00,78.427
5002,4/16/2022 15:15,78.69
5003,4/16/2022 15:30,78.996
5004,4/16/2022 15:45,79.347
5005,4/16/2022 16:00,79.612
5006,4/16/2022 16:15,79.788
5007,4/16/2022 16:30,79.876
5008,4/16/2022 16:45,79.876
5009,4/16/2022 17:00,79.743
5010,4/16/2022 17:15,79.567
5011,4/16/2022 17:30,79.261
5012,4/16/2022 17:45,78.822
5013,4/16/2022 18:00,78.251
5014,4/16/2022 18:15,77.464
5015,4/16/2022 18:30,76.593
5016,4/16/2022 18:45,75.594
5017,4/16/2022 19:00,74.511
5018,4/16/2022 19:15,73.299
5019,4/16/2022 19:30,72.093
5020,4/16/2022 19:45,70.93
5021,4/16/2022 20:00,69.728
5022,4/16/2022 20:15,68.571
5023,4/16/2022 20:30,67.413
5024,4/16/2022 20:45,66.301
5025,4/16/2022 21:00,65.23
5026,4/16/2022 21:15,64.161
5027,4/16/2022 21:30,63.176
5028,4/16/2022 21:45,62.233
5029,4/16/2022 22:00,61.333
5030,4/16/2022 22:15,60.474
5031,4/16/2022 22:30,59.702
5032,4/16/2022 22:45,58.928
5033,4/16/2022 23:00,58.195
5034,4/16/2022 23:15,57.506
5035,4/16/2022 23:30,56.858
5036,4/16/2022 23:45,56.208
5037,4/17/2022 0:00,55.647
5038,4/17/2022 0:15,55.081
5039,4/17/2022 0:30,54.516
5040,4/17/2022 0:45,54.037
5041,4/17/2022 1:00,53.559
5042,4/17/2022 1:15,53.121
5043,4/17/2022 1:30,52.641
5044,4/17/2022 1:45,52.246
5045,4/17/2022 2:00,51.809
5046,4/17/2022 2:15,51.413
5047,4/17/2022 2:30,51.062
5048,4/17/2022 2:45,50.709
5049,4/17/2022 3:00,50.356
5050,4/17/2022 3:15,50.002
5051,4/17/2022 3:30,49.737
5052,4/17/2022 3:45,49.471
5053,4/17/2022 4:00,49.249
5054,4/17/2022 4:15,49.028
5055,4/17/2022 4:30,48.805
5056,4/17/2022 4:45,48.583
5057,4/17/2022 5:00,48.36
5058,4/17/2022 5:15,48.137
5059,4/17/2022 5:30,47.871
5060,4/17/2022 5:45,47.647
5061,4/17/2022 6:00,47.422
5062,4/17/2022 6:15,47.244
5063,4/17/2022 6:30,47.109
5064,4/17/2022 6:45,47.064
5065,4/17/2022 7:00,47.244
5066,4/17/2022 7:15,47.557
5067,4/17/2022 7:30,48.004
5068,4/17/2022 7:45,48.538
5069,4/17/2022 8:00,49.161
5070,4/17/2022 8:15,49.87
5071,4/17/2022 8:30,50.709
5072,4/17/2022 8:45,51.633
5073,4/17/2022 9:00,52.729
5074,4/17/2022 9:15,53.865
5075,4/17/2022 9:30,55.081
5076,4/17/2022 9:45,56.383
5077,4/17/2022 10:00,57.765
5078,4/17/2022 10:15,59.229
5079,4/17/2022 10:30,60.733
5080,4/17/2022 10:45,62.233
5081,4/17/2022 11:00,63.732
5082,4/17/2022 11:15,65.273
5083,4/17/2022 11:30,66.772
5084,4/17/2022 11:45,68.527
5085,4/17/2022 12:00,69.901
5086,4/17/2022 12:15,70.93
5087,4/17/2022 12:30,71.92
5088,4/17/2022 12:45,73.256
5089,4/17/2022 13:00,74.856
5090,4/17/2022 13:15,76.593
5091,4/17/2022 13:30,78.382
5092,4/17/2022 13:45,80.051
5093,4/17/2022 14:00,81.642
5094,4/17/2022 14:15,83.021
5095,4/17/2022 14:30,84.317
5096,4/17/2022 14:45,85.352
5097,4/17/2022 15:00,86.211
5098,4/17/2022 15:15,86.754
5099,4/17/2022 15:30,86.664
5100,4/17/2022 15:45,85.217
5101,4/17/2022 16:00,83.869
5102,4/17/2022 16:15,83.064
5103,4/17/2022 16:30,82.575
5104,4/17/2022 16:45,82.175
5105,4/17/2022 17:00,81.775
5106,4/17/2022 17:15,81.376
5107,4/17/2022 17:30,80.978
5108,4/17/2022 17:45,80.449
5109,4/17/2022 18:00,79.831
5110,4/17/2022 18:15,79.041
5111,4/17/2022 18:30,78.076
5112,4/17/2022 18:45,77.029
5113,4/17/2022 19:00,75.81
5114,4/17/2022 19:15,74.597
5115,4/17/2022 19:30,73.342
5116,4/17/2022 19:45,72.05
5117,4/17/2022 20:00,70.803
5118,4/17/2022 20:15,69.6
5119,4/17/2022 20:30,68.443
5120,4/17/2022 20:45,67.372
5121,4/17/2022 21:00,66.301
5122,4/17/2022 21:15,65.316
5123,4/17/2022 21:30,64.332
5124,4/17/2022 21:45,63.39
5125,4/17/2022 22:00,62.533
5126,4/17/2022 22:15,61.677
5127,4/17/2022 22:30,60.861
5128,4/17/2022 22:45,60.089
5129,4/17/2022 23:00,59.358
5130,4/17/2022 23:15,58.626
5131,4/17/2022 23:30,57.936
5132,4/17/2022 23:45,57.29
5133,4/18/2022 0:00,56.642
5134,4/18/2022 0:15,56.035
5135,4/18/2022 0:30,55.472
5136,4/18/2022 0:45,54.995
5137,4/18/2022 1:00,54.516
5138,4/18/2022 1:15,54.037
5139,4/18/2022 1:30,53.559
5140,4/18/2022 1:45,53.078
5141,4/18/2022 2:00,52.597
5142,4/18/2022 2:15,52.16
5143,4/18/2022 2:30,51.764
5144,4/18/2022 2:45,51.413
5145,4/18/2022 3:00,51.105
5146,4/18/2022 3:15,50.841
5147,4/18/2022 3:30,50.664
5148,4/18/2022 3:45,50.488
5149,4/18/2022 4:00,50.311
5150,4/18/2022 4:15,50.135
5151,4/18/2022 4:30,49.914
5152,4/18/2022 4:45,49.737
5153,4/18/2022 5:00,49.604
5154,4/18/2022 5:15,49.428
5155,4/18/2022 5:30,49.294
5156,4/18/2022 5:45,49.161
5157,4/18/2022 6:00,49.028
5158,4/18/2022 6:15,48.895
5159,4/18/2022 6:30,48.805
5160,4/18/2022 6:45,48.85
5161,4/18/2022 7:00,49.028
5162,4/18/2022 7:15,49.338
5163,4/18/2022 7:30,49.782
5164,4/18/2022 7:45,50.356
5165,4/18/2022 8:00,51.062
5166,4/18/2022 8:15,51.895
5167,4/18/2022 8:30,52.817
5168,4/18/2022 8:45,53.908
5169,4/18/2022 9:00,55.038
5170,4/18/2022 9:15,56.251
5171,4/18/2022 9:30,57.549
5172,4/18/2022 9:45,58.798
5173,4/18/2022 10:00,60.046
5174,4/18/2022 10:15,61.333
5175,4/18/2022 10:30,62.704
5176,4/18/2022 10:45,64.117
5177,4/18/2022 11:00,65.658
5178,4/18/2022 11:15,67.114
5179,4/18/2022 11:30,68.527
5180,4/18/2022 11:45,69.858
5181,4/18/2022 12:00,71.231
5182,4/18/2022 12:15,72.567
5183,4/18/2022 12:30,73.861
5184,4/18/2022 12:45,75.16
5185,4/18/2022 13:00,76.419
5186,4/18/2022 13:15,77.596
5187,4/18/2022 13:30,78.733
5188,4/18/2022 13:45,79.831
5189,4/18/2022 14:00,80.89
5190,4/18/2022 14:15,81.864
5191,4/18/2022 14:30,82.708
5192,4/18/2022 14:45,83.511
5193,4/18/2022 15:00,84.094
5194,4/18/2022 15:15,84.542
5195,4/18/2022 15:30,84.812
5196,4/18/2022 15:45,84.857
5197,4/18/2022 16:00,84.722
5198,4/18/2022 16:15,84.407
5199,4/18/2022 16:30,84.004
5200,4/18/2022 16:45,83.422
5201,4/18/2022 17:00,82.798
5202,4/18/2022 17:15,82.13
5203,4/18/2022 17:30,81.376
5204,4/18/2022 17:45,80.668
5205,4/18/2022 18:00,79.92
5206,4/18/2022 18:15,79.128
5207,4/18/2022 18:30,78.251
5208,4/18/2022 18:45,77.292
5209,4/18/2022 19:00,76.289
5210,4/18/2022 19:15,75.204
5211,4/18/2022 19:30,74.12
5212,4/18/2022 19:45,73.083
5213,4/18/2022 20:00,72.136
5214,4/18/2022 20:15,71.231
5215,4/18/2022 20:30,70.416
5216,4/18/2022 20:45,69.685
5217,4/18/2022 21:00,68.956
5218,4/18/2022 21:15,68.27
5219,4/18/2022 21:30,67.627
5220,4/18/2022 21:45,67.071
5221,4/18/2022 22:00,66.515
5222,4/18/2022 22:15,66.043
5223,4/18/2022 22:30,65.574
5224,4/18/2022 22:45,65.188
5225,4/18/2022 23:00,64.803
5226,4/18/2022 23:15,64.418
5227,4/18/2022 23:30,64.074
5228,4/18/2022 23:45,63.689
5229,4/19/2022 0:00,63.347
5230,4/19/2022 0:15,63.005
5231,4/19/2022 0:30,62.704
5232,4/19/2022 0:45,62.406
5233,4/19/2022 1:00,62.148
5234,4/19/2022 1:15,61.891
5235,4/19/2022 1:30,61.677
5236,4/19/2022 1:45,61.462
5237,4/19/2022 2:00,61.248
5238,4/19/2022 2:15,61.032
5239,4/19/2022 2:30,60.861
5240,4/19/2022 2:45,60.69
5241,4/19/2022 3:00,60.474
5242,4/19/2022 3:15,60.26
5243,4/19/2022 3:30,60.046
5244,4/19/2022 3:45,59.83
5245,4/19/2022 4:00,59.572
5246,4/19/2022 4:15,59.358
5247,4/19/2022 4:30,59.099
5248,4/19/2022 4:45,58.798
5249,4/19/2022 5:00,58.541
5250,4/19/2022 5:15,58.282
5251,4/19/2022 5:30,58.023
5252,4/19/2022 5:45,57.765
5253,4/19/2022 6:00,57.549
5254,4/19/2022 6:15,57.42
5255,4/19/2022 6:30,57.29
5256,4/19/2022 6:45,57.247
5257,4/19/2022 7:00,57.204
5258,4/19/2022 7:15,57.247
5259,4/19/2022 7:30,57.29
5260,4/19/2022 7:45,57.42
5261,4/19/2022 8:00,57.549
5262,4/19/2022 8:15,57.679
5263,4/19/2022 8:30,57.85
5264,4/19/2022 8:45,58.109
5265,4/19/2022 9:00,58.411
5266,4/19/2022 9:15,58.928
5267,4/19/2022 9:30,59.572
5268,4/19/2022 9:45,60.26
5269,4/19/2022 10:00,61.075
5270,4/19/2022 10:15,61.977
5271,4/19/2022 10:30,63.048
5272,4/19/2022 10:45,64.204
5273,4/19/2022 11:00,65.444
5274,4/19/2022 11:15,66.772
5275,4/19/2022 11:30,68.099
5276,4/19/2022 11:45,69.471
5277,4/19/2022 12:00,70.803
5278,4/19/2022 12:15,72.136
5279,4/19/2022 12:30,73.472
5280,4/19/2022 12:45,74.727
5281,4/19/2022 13:00,75.942
5282,4/19/2022 13:15,77.117
5283,4/19/2022 13:30,78.251
5284,4/19/2022 13:45,79.261
5285,4/19/2022 14:00,80.227
5286,4/19/2022 14:15,81.066
5287,4/19/2022 14:30,81.819
5288,4/19/2022 14:45,82.53
5289,4/19/2022 15:00,83.064
5290,4/19/2022 15:15,83.556
5291,4/19/2022 15:30,83.959
5292,4/19/2022 15:45,84.227
5293,4/19/2022 16:00,84.362
5294,4/19/2022 16:15,84.452
5295,4/19/2022 16:30,84.362
5296,4/19/2022 16:45,84.182
5297,4/19/2022 17:00,83.914
5298,4/19/2022 17:15,83.511
5299,4/19/2022 17:30,83.021
5300,4/19/2022 17:45,82.441
5301,4/19/2022 18:00,81.73
5302,4/19/2022 18:15,80.845
5303,4/19/2022 18:30,79.831
5304,4/19/2022 18:45,78.777
5305,4/19/2022 19:00,77.596
5306,4/19/2022 19:15,76.375
5307,4/19/2022 19:30,75.16
5308,4/19/2022 19:45,73.904
5309,4/19/2022 20:00,72.739
5310,4/19/2022 20:15,71.533
5311,4/19/2022 20:30,70.459
5312,4/19/2022 20:45,69.386
5313,4/19/2022 21:00,68.356
5314,4/19/2022 21:15,67.372
5315,4/19/2022 21:30,66.472
5316,4/19/2022 21:45,65.615
5317,4/19/2022 22:00,64.803
5318,4/19/2022 22:15,64.033
5319,4/19/2022 22:30,63.304
5320,4/19/2022 22:45,62.661
5321,4/19/2022 23:00,62.019
5322,4/19/2022 23:15,61.419
5323,4/19/2022 23:30,60.861
5324,4/19/2022 23:45,60.26
5325,4/20/2022 0:00,59.745
5326,4/20/2022 0:15,59.229
5327,4/20/2022 0:30,58.712
5328,4/20/2022 0:45,58.282
5329,4/20/2022 1:00,57.893
5330,4/20/2022 1:15,57.636
5331,4/20/2022 1:30,57.333
5332,4/20/2022 1:45,57.031
5333,4/20/2022 2:00,56.772
5334,4/20/2022 2:15,56.556
5335,4/20/2022 2:30,56.383
5336,4/20/2022 2:45,56.208
5337,4/20/2022 3:00,56.079
5338,4/20/2022 3:15,55.949
5339,4/20/2022 3:30,55.819
5340,4/20/2022 3:45,55.733
5341,4/20/2022 4:00,55.647
5342,4/20/2022 4:15,55.515
5343,4/20/2022 4:30,55.429
5344,4/20/2022 4:45,55.256
5345,4/20/2022 5:00,55.168
5346,4/20/2022 5:15,55.038
5347,4/20/2022 5:30,54.995
5348,4/20/2022 5:45,54.909
5349,4/20/2022 6:00,54.865
5350,4/20/2022 6:15,54.865
5351,4/20/2022 6:30,54.909
5352,4/20/2022 6:45,54.995
5353,4/20/2022 7:00,55.125
5354,4/20/2022 7:15,55.472
5355,4/20/2022 7:30,55.863
5356,4/20/2022 7:45,56.34
5357,4/20/2022 8:00,56.858
5358,4/20/2022 8:15,57.42
5359,4/20/2022 8:30,57.979
5360,4/20/2022 8:45,58.669
5361,4/20/2022 9:00,59.529
5362,4/20/2022 9:15,60.433
5363,4/20/2022 9:30,61.462
5364,4/20/2022 9:45,62.49
5365,4/20/2022 10:00,63.648
5366,4/20/2022 10:15,64.888
5367,4/20/2022 10:30,66.258
5368,4/20/2022 10:45,67.671
5369,4/20/2022 11:00,69.085
5370,4/20/2022 11:15,70.502
5371,4/20/2022 11:30,71.92
5372,4/20/2022 11:45,73.299
5373,4/20/2022 12:00,74.597
5374,4/20/2022 12:15,75.898
5375,4/20/2022 12:30,77.072
5376,4/20/2022 12:45,78.208
5377,4/20/2022 13:00,79.261
5378,4/20/2022 13:15,80.139
5379,4/20/2022 13:30,80.757
5380,4/20/2022 13:45,81.154
5381,4/20/2022 14:00,81.421
5382,4/20/2022 14:15,81.597
5383,4/20/2022 14:30,81.73
5384,4/20/2022 14:45,81.73
5385,4/20/2022 15:00,81.687
5386,4/20/2022 15:15,81.554
5387,4/20/2022 15:30,81.288
5388,4/20/2022 15:45,80.978
5389,4/20/2022 16:00,80.58
5390,4/20/2022 16:15,80.227
5391,4/20/2022 16:30,79.876
5392,4/20/2022 16:45,79.48
5393,4/20/2022 17:00,79.041
5394,4/20/2022 17:15,78.514
5395,4/20/2022 17:30,77.902
5396,4/20/2022 17:45,77.247
5397,4/20/2022 18:00,76.507
5398,4/20/2022 18:15,75.767
5399,4/20/2022 18:30,74.943
5400,4/20/2022 18:45,74.077
5401,4/20/2022 19:00,73.213
5402,4/20/2022 19:15,72.394
5403,4/20/2022 19:30,71.533
5404,4/20/2022 19:45,70.716
5405,4/20/2022 20:00,69.985
5406,4/20/2022 20:15,69.213
5407,4/20/2022 20:30,68.443
5408,4/20/2022 20:45,67.627
5409,4/20/2022 21:00,66.857
5410,4/20/2022 21:15,66.173
5411,4/20/2022 21:30,65.444
5412,4/20/2022 21:45,64.803
5413,4/20/2022 22:00,64.247
5414,4/20/2022 22:15,63.689
5415,4/20/2022 22:30,63.176
5416,4/20/2022 22:45,62.748
5417,4/20/2022 23:00,62.362
5418,4/20/2022 23:15,61.977
5419,4/20/2022 23:30,61.633
5420,4/20/2022 23:45,61.333
5421,4/21/2022 0:00,61.032
5422,4/21/2022 0:15,60.775
5423,4/21/2022 0:30,60.561
5424,4/21/2022 0:45,60.303
5425,4/21/2022 1:00,60.089
5426,4/21/2022 1:15,59.916
5427,4/21/2022 1:30,59.745
5428,4/21/2022 1:45,59.572
5429,4/21/2022 2:00,59.401
5430,4/21/2022 2:15,59.229
5431,4/21/2022 2:30,59.099
5432,4/21/2022 2:45,58.971
5433,4/21/2022 3:00,58.842
5434,4/21/2022 3:15,58.712
5435,4/21/2022 3:30,58.626
5436,4/21/2022 3:45,58.498
5437,4/21/2022 4:00,58.368
5438,4/21/2022 4:15,58.239
5439,4/21/2022 4:30,58.109
5440,4/21/2022 4:45,57.893
5441,4/21/2022 5:00,57.722
5442,4/21/2022 5:15,57.506
5443,4/21/2022 5:30,57.29
5444,4/21/2022 5:45,57.117
5445,4/21/2022 6:00,56.901
5446,4/21/2022 6:15,56.685
5447,4/21/2022 6:30,56.512
5448,4/21/2022 6:45,56.426
5449,4/21/2022 7:00,56.426
5450,4/21/2022 7:15,56.512
5451,4/21/2022 7:30,56.642
5452,4/21/2022 7:45,56.815
5453,4/21/2022 8:00,57.074
5454,4/21/2022 8:15,57.42
5455,4/21/2022 8:30,57.765
5456,4/21/2022 8:45,58.152
5457,4/21/2022 9:00,58.541
5458,4/21/2022 9:15,58.885
5459,4/21/2022 9:30,59.229
5460,4/21/2022 9:45,59.659
5461,4/21/2022 10:00,60.132
5462,4/21/2022 10:15,60.69
5463,4/21/2022 10:30,61.376
5464,4/21/2022 10:45,62.148
5465,4/21/2022 11:00,63.048
5466,4/21/2022 11:15,63.946
5467,4/21/2022 11:30,64.803
5468,4/21/2022 11:45,65.574
5469,4/21/2022 12:00,66.301
5470,4/21/2022 12:15,66.985
5471,4/21/2022 12:30,67.671
5472,4/21/2022 12:45,68.313
5473,4/21/2022 13:00,68.999
5474,4/21/2022 13:15,69.685
5475,4/21/2022 13:30,70.459
5476,4/21/2022 13:45,71.19
5477,4/21/2022 14:00,71.964
5478,4/21/2022 14:15,72.783
5479,4/21/2022 14:30,73.602
5480,4/21/2022 14:45,74.381
5481,4/21/2022 15:00,75.029
5482,4/21/2022 15:15,75.463
5483,4/21/2022 15:30,75.767
5484,4/21/2022 15:45,76.028
5485,4/21/2022 16:00,76.158
5486,4/21/2022 16:15,76.114
5487,4/21/2022 16:30,75.853
5488,4/21/2022 16:45,75.463
5489,4/21/2022 17:00,75.029
5490,4/21/2022 17:15,74.467
5491,4/21/2022 17:30,73.947
5492,4/21/2022 17:45,73.472
5493,4/21/2022 18:00,72.997
5494,4/21/2022 18:15,72.437
5495,4/21/2022 18:30,71.834
5496,4/21/2022 18:45,71.146
5497,4/21/2022 19:00,70.372
5498,4/21/2022 19:15,69.557
5499,4/21/2022 19:30,68.698
5500,4/21/2022 19:45,67.842
5501,4/21/2022 20:00,66.943
5502,4/21/2022 20:15,66.087
5503,4/21/2022 20:30,65.23
5504,4/21/2022 20:45,64.459
5505,4/21/2022 21:00,63.689
5506,4/21/2022 21:15,62.962
5507,4/21/2022 21:30,62.233
5508,4/21/2022 21:45,61.633
5509,4/21/2022 22:00,60.991
5510,4/21/2022 22:15,60.433
5511,4/21/2022 22:30,59.959
5512,4/21/2022 22:45,59.529
5513,4/21/2022 23:00,59.142
5514,4/21/2022 23:15,58.798
5515,4/21/2022 23:30,58.626
5516,4/21/2022 23:45,58.455
5517,4/22/2022 0:00,58.282
5518,4/22/2022 0:15,58.152
5519,4/22/2022 0:30,58.066
5520,4/22/2022 0:45,57.936
5521,4/22/2022 1:00,57.807
5522,4/22/2022 1:15,57.679
5523,4/22/2022 1:30,57.506
5524,4/22/2022 1:45,57.333
5525,4/22/2022 2:00,57.204
5526,4/22/2022 2:15,57.074
5527,4/22/2022 2:30,56.944
5528,4/22/2022 2:45,56.815
5529,4/22/2022 3:00,56.642
5530,4/22/2022 3:15,56.469
5531,4/22/2022 3:30,56.295
5532,4/22/2022 3:45,56.122
5533,4/22/2022 4:00,55.906
5534,4/22/2022 4:15,55.733
5535,4/22/2022 4:30,55.558
5536,4/22/2022 4:45,55.342
5537,4/22/2022 5:00,55.168
5538,4/22/2022 5:15,54.995
5539,4/22/2022 5:30,54.82
5540,4/22/2022 5:45,54.691
5541,4/22/2022 6:00,54.561
5542,4/22/2022 6:15,54.43
5543,4/22/2022 6:30,54.3
5544,4/22/2022 6:45,54.212
5545,4/22/2022 7:00,54.082
5546,4/22/2022 7:15,53.951
5547,4/22/2022 7:30,53.865
5548,4/22/2022 7:45,53.776
5549,4/22/2022 8:00,53.733
5550,4/22/2022 8:15,53.733
5551,4/22/2022 8:30,53.776
5552,4/22/2022 8:45,54.561
5553,4/22/2022 9:00,56.383
5554,4/22/2022 9:15,58.368
5555,4/22/2022 9:30,59.873
5556,4/22/2022 9:45,61.419
5557,4/22/2022 10:00,62.834
5558,4/22/2022 10:15,64.546
5559,4/22/2022 10:30,66.301
5560,4/22/2022 10:45,68.056
5561,4/22/2022 11:00,69.858
5562,4/22/2022 11:15,71.361
5563,4/22/2022 11:30,72.955
5564,4/22/2022 11:45,74.424
5565,4/22/2022 12:00,75.853
5566,4/22/2022 12:15,77.16
5567,4/22/2022 12:30,78.471
5568,4/22/2022 12:45,79.435
5569,4/22/2022 13:00,80.404
5570,4/22/2022 13:15,81.154
5571,4/22/2022 13:30,81.864
5572,4/22/2022 13:45,82.575
5573,4/22/2022 14:00,83.242
5574,4/22/2022 14:15,83.779
5575,4/22/2022 14:30,84.004
5576,4/22/2022 14:45,84.182
5577,4/22/2022 15:00,84.272
5578,4/22/2022 15:15,84.227
5579,4/22/2022 15:30,84.094
5580,4/22/2022 15:45,83.959
5581,4/22/2022 16:00,83.691
5582,4/22/2022 16:15,83.287
5583,4/22/2022 16:30,82.486
5584,4/22/2022 16:45,81.199
5585,4/22/2022 17:00,80.139
5586,4/22/2022 17:15,79.567
5587,4/22/2022 17:30,79.261
5588,4/22/2022 17:45,78.822
5589,4/22/2022 18:00,78.165
5590,4/22/2022 18:15,77.421
5591,4/22/2022 18:30,76.55
5592,4/22/2022 18:45,75.681
5593,4/22/2022 19:00,74.77
5594,4/22/2022 19:15,73.818
5595,4/22/2022 19:30,72.869
5596,4/22/2022 19:45,71.92
5597,4/22/2022 20:00,70.974
5598,4/22/2022 20:15,70.115
5599,4/22/2022 20:30,69.256
5600,4/22/2022 20:45,68.443
5601,4/22/2022 21:00,67.671
5602,4/22/2022 21:15,66.9
5603,4/22/2022 21:30,66.173
5604,4/22/2022 21:45,65.444
5605,4/22/2022 22:00,64.76
5606,4/22/2022 22:15,64.117
5607,4/22/2022 22:30,63.433
5608,4/22/2022 22:45,62.748
5609,4/22/2022 23:00,62.105
5610,4/22/2022 23:15,61.506
5611,4/22/2022 23:30,60.948
5612,4/22/2022 23:45,60.433
5613,4/23/2022 0:00,59.959
5614,4/23/2022 0:15,59.529
5615,4/23/2022 0:30,59.056
5616,4/23/2022 0:45,58.626
5617,4/23/2022 1:00,58.239
5618,4/23/2022 1:15,57.85
5619,4/23/2022 1:30,57.463
5620,4/23/2022 1:45,57.074
5621,4/23/2022 2:00,56.728
5622,4/23/2022 2:15,56.34
5623,4/23/2022 2:30,55.992
5624,4/23/2022 2:45,55.647
5625,4/23/2022 3:00,55.342
5626,4/23/2022 3:15,54.995
5627,4/23/2022 3:30,54.691
5628,4/23/2022 3:45,54.387
5629,4/23/2022 4:00,54.126
5630,4/23/2022 4:15,53.865
5631,4/23/2022 4:30,53.559
5632,4/23/2022 4:45,53.298
5633,4/23/2022 5:00,53.035
5634,4/23/2022 5:15,52.817
5635,4/23/2022 5:30,52.597
5636,4/23/2022 5:45,52.378
5637,4/23/2022 6:00,52.16
5638,4/23/2022 6:15,52.029
5639,4/23/2022 6:30,51.94
5640,4/23/2022 6:45,52.072
5641,4/23/2022 7:00,52.291
5642,4/23/2022 7:15,52.686
5643,4/23/2022 7:30,53.209
5644,4/23/2022 7:45,53.865
5645,4/23/2022 8:00,54.648
5646,4/23/2022 8:15,55.515
5647,4/23/2022 8:30,56.556
5648,4/23/2022 8:45,57.679
5649,4/23/2022 9:00,58.885
5650,4/23/2022 9:15,60.217
5651,4/23/2022 9:30,61.633
5652,4/23/2022 9:45,63.048
5653,4/23/2022 10:00,64.546
5654,4/23/2022 10:15,66.087
5655,4/23/2022 10:30,67.627
5656,4/23/2022 10:45,69.213
5657,4/23/2022 11:00,70.803
5658,4/23/2022 11:15,72.351
5659,4/23/2022 11:30,73.861
5660,4/23/2022 11:45,75.333
5661,4/23/2022 12:00,76.811
5662,4/23/2022 12:15,78.208
5663,4/23/2022 12:30,79.567
5664,4/23/2022 12:45,80.935
5665,4/23/2022 13:00,82.218
5666,4/23/2022 13:15,83.691
5667,4/23/2022 13:30,85.262
5668,4/23/2022 13:45,86.799
5669,4/23/2022 14:00,88.167
5670,4/23/2022 14:15,89.362
5671,4/23/2022 14:30,90.518
5672,4/23/2022 14:45,91.449
5673,4/23/2022 15:00,92.244
5674,4/23/2022 15:15,92.809
5675,4/23/2022 15:30,93.186
5676,4/23/2022 15:45,93.375
5677,4/23/2022 16:00,93.328
5678,4/23/2022 16:15,93.186
5679,4/23/2022 16:30,92.856
5680,4/23/2022 16:45,92.433
5681,4/23/2022 17:00,91.776
5682,4/23/2022 17:15,90.982
5683,4/23/2022 17:30,90.055
5684,4/23/2022 17:45,88.993
5685,4/23/2022 18:00,87.802
5686,4/23/2022 18:15,86.617
5687,4/23/2022 18:30,85.397
5688,4/23/2022 18:45,84.137
5689,4/23/2022 19:00,82.886
5690,4/23/2022 19:15,81.597
5691,4/23/2022 19:30,80.361
5692,4/23/2022 19:45,79.216
5693,4/23/2022 20:00,78.076
5694,4/23/2022 20:15,76.942
5695,4/23/2022 20:30,75.898
5696,4/23/2022 20:45,74.856
5697,4/23/2022 21:00,73.861
5698,4/23/2022 21:15,72.955
5699,4/23/2022 21:30,72.05
5700,4/23/2022 21:45,71.19
5701,4/23/2022 22:00,70.372
5702,4/23/2022 22:15,69.6
5703,4/23/2022 22:30,68.828
5704,4/23/2022 22:45,68.142
5705,4/23/2022 23:00,67.456
5706,4/23/2022 23:15,66.772
5707,4/23/2022 23:30,66.13
5708,4/23/2022 23:45,65.53
5709,4/24/2022 0:00,64.931
5710,4/24/2022 0:15,64.375
5711,4/24/2022 0:30,63.819
5712,4/24/2022 0:45,63.347
5713,4/24/2022 1:00,62.875
5714,4/24/2022 1:15,62.406
5715,4/24/2022 1:30,61.934
5716,4/24/2022 1:45,61.462
5717,4/24/2022 2:00,61.032
5718,4/24/2022 2:15,60.604
5719,4/24/2022 2:30,60.174
5720,4/24/2022 2:45,59.745
5721,4/24/2022 3:00,59.358
5722,4/24/2022 3:15,58.971
5723,4/24/2022 3:30,58.582
5724,4/24/2022 3:45,58.195
5725,4/24/2022 4:00,57.85
5726,4/24/2022 4:15,57.549
5727,4/24/2022 4:30,57.333
5728,4/24/2022 4:45,57.16
5729,4/24/2022 5:00,57.031
5730,4/24/2022 5:15,56.901
5731,4/24/2022 5:30,56.815
5732,4/24/2022 5:45,56.728
5733,4/24/2022 6:00,56.642
5734,4/24/2022 6:15,56.599
5735,4/24/2022 6:30,56.556
5736,4/24/2022 6:45,56.599
5737,4/24/2022 7:00,56.642
5738,4/24/2022 7:15,56.772
5739,4/24/2022 7:30,56.901
5740,4/24/2022 7:45,57.117
5741,4/24/2022 8:00,57.333
5742,4/24/2022 8:15,57.679
5743,4/24/2022 8:30,58.152
5744,4/24/2022 8:45,58.712
5745,4/24/2022 9:00,59.401
5746,4/24/2022 9:15,60.217
5747,4/24/2022 9:30,61.162
5748,4/24/2022 9:45,62.319
5749,4/24/2022 10:00,63.732
5750,4/24/2022 10:15,65.403
5751,4/24/2022 10:30,67.372
5752,4/24/2022 10:45,69.557
5753,4/24/2022 11:00,72.05
5754,4/24/2022 11:15,74.856
5755,4/24/2022 11:30,77.727
5756,4/24/2022 11:45,80.361
5757,4/24/2022 12:00,82.308
5758,4/24/2022 12:15,83.287
5759,4/24/2022 12:30,84.272
5760,4/24/2022 12:45,85.307
5761,4/24/2022 13:00,86.391
5762,4/24/2022 13:15,87.528
5763,4/24/2022 13:30,88.718
5764,4/24/2022 13:45,89.823
5765,4/24/2022 14:00,90.844
5766,4/24/2022 14:15,91.823
5767,4/24/2022 14:30,92.714
5768,4/24/2022 14:45,93.517
5769,4/24/2022 15:00,94.086
5770,4/24/2022 15:15,94.563
5771,4/24/2022 15:30,94.896
5772,4/24/2022 15:45,94.991
5773,4/24/2022 16:00,94.944
5774,4/24/2022 16:15,94.753
5775,4/24/2022 16:30,94.372
5776,4/24/2022 16:45,93.848
5777,4/24/2022 17:00,93.234
5778,4/24/2022 17:15,92.386
5779,4/24/2022 17:30,91.402
5780,4/24/2022 17:45,90.286
5781,4/24/2022 18:00,89.085
5782,4/24/2022 18:15,87.847
5783,4/24/2022 18:30,86.572
5784,4/24/2022 18:45,85.217
5785,4/24/2022 19:00,83.869
5786,4/24/2022 19:15,82.441
5787,4/24/2022 19:30,81.111
5788,4/24/2022 19:45,79.743
5789,4/24/2022 20:00,78.514
5790,4/24/2022 20:15,77.247
5791,4/24/2022 20:30,76.028
5792,4/24/2022 20:45,74.899
5793,4/24/2022 21:00,73.818
5794,4/24/2022 21:15,72.739
5795,4/24/2022 21:30,71.704
5796,4/24/2022 21:45,70.716
5797,4/24/2022 22:00,69.728
5798,4/24/2022 22:15,68.785
5799,4/24/2022 22:30,67.885
5800,4/24/2022 22:45,67.071
5801,4/24/2022 23:00,66.258
5802,4/24/2022 23:15,65.487
5803,4/24/2022 23:30,64.76
5804,4/24/2022 23:45,64.033
5805,4/25/2022 0:00,63.347
5806,4/25/2022 0:15,62.704
5807,4/25/2022 0:30,62.105
5808,4/25/2022 0:45,61.547
5809,4/25/2022 1:00,60.991
5810,4/25/2022 1:15,60.433
5811,4/25/2022 1:30,59.959
5812,4/25/2022 1:45,59.486
5813,4/25/2022 2:00,59.056
5814,4/25/2022 2:15,58.669
5815,4/25/2022 2:30,58.282
5816,4/25/2022 2:45,57.893
5817,4/25/2022 3:00,57.549
5818,4/25/2022 3:15,57.204
5819,4/25/2022 3:30,56.858
5820,4/25/2022 3:45,56.599
5821,4/25/2022 4:00,56.34
5822,4/25/2022 4:15,56.079
5823,4/25/2022 4:30,55.776
5824,4/25/2022 4:45,55.558
5825,4/25/2022 5:00,55.342
5826,4/25/2022 5:15,55.081
5827,4/25/2022 5:30,54.909
5828,4/25/2022 5:45,54.734
5829,4/25/2022 6:00,54.561
5830,4/25/2022 6:15,54.387
5831,4/25/2022 6:30,54.3
5832,4/25/2022 6:45,54.212
5833,4/25/2022 7:00,54.212
5834,4/25/2022 7:15,55.038
5835,4/25/2022 7:30,57.463
5836,4/25/2022 7:45,60.089
5837,4/25/2022 8:00,62.233
5838,4/25/2022 8:15,63.604
5839,4/25/2022 8:30,64.803
5840,4/25/2022 8:45,66.214
5841,4/25/2022 9:00,67.798
5842,4/25/2022 9:15,69.6
5843,4/25/2022 9:30,71.577
5844,4/25/2022 9:45,73.602
5845,4/25/2022 10:00,75.767
5846,4/25/2022 10:15,77.859
5847,4/25/2022 10:30,79.831
5848,4/25/2022 10:45,81.73
5849,4/25/2022 11:00,83.511
5850,4/25/2022 11:15,85.217
5851,4/25/2022 11:30,86.891
5852,4/25/2022 11:45,88.443
5853,4/25/2022 12:00,89.823
5854,4/25/2022 12:15,91.076
5855,4/25/2022 12:30,92.197
5856,4/25/2022 12:45,93.281
5857,4/25/2022 13:00,94.276
5858,4/25/2022 13:15,95.23
5859,4/25/2022 13:30,96.096
5860,4/25/2022 13:45,96.822
5861,4/25/2022 14:00,97.354
5862,4/25/2022 14:15,97.745
5863,4/25/2022 14:30,98.087
5864,4/25/2022 14:45,98.283
5865,4/25/2022 15:00,98.479
5866,4/25/2022 15:15,98.627
5867,4/25/2022 15:30,98.038
5868,4/25/2022 15:45,96.435
5869,4/25/2022 16:00,96.048
5870,4/25/2022 16:15,95.904
5871,4/25/2022 16:30,95.904
5872,4/25/2022 16:45,95.904
5873,4/25/2022 17:00,95.855
5874,4/25/2022 17:15,95.711
5875,4/25/2022 17:30,95.374
5876,4/25/2022 17:45,94.896
5877,4/25/2022 18:00,94.23
5878,4/25/2022 18:15,93.423
5879,4/25/2022 18:30,92.527
5880,4/25/2022 18:45,91.542
5881,4/25/2022 19:00,90.471
5882,4/25/2022 19:15,89.316
5883,4/25/2022 19:30,88.122
5884,4/25/2022 19:45,86.936
5885,4/25/2022 20:00,85.712
5886,4/25/2022 20:15,84.632
5887,4/25/2022 20:30,83.601
5888,4/25/2022 20:45,83.021
5889,4/25/2022 21:00,82.575
5890,4/25/2022 21:15,81.864
5891,4/25/2022 21:30,80.802
5892,4/25/2022 21:45,79.655
5893,4/25/2022 22:00,78.471
5894,4/25/2022 22:15,77.292
5895,4/25/2022 22:30,76.114
5896,4/25/2022 22:45,75.117
5897,4/25/2022 23:00,74.12
5898,4/25/2022 23:15,73.17
5899,4/25/2022 23:30,72.221
5900,4/25/2022 23:45,71.361
5901,4/26/2022 0:00,70.459
5902,4/26/2022 0:15,69.643
5903,4/26/2022 0:30,68.871
5904,4/26/2022 0:45,68.099
5905,4/26/2022 1:00,67.413
5906,4/26/2022 1:15,66.772
5907,4/26/2022 1:30,66.173
5908,4/26/2022 1:45,65.574
5909,4/26/2022 2:00,65.059
5910,4/26/2022 2:15,64.546
5911,4/26/2022 2:30,64.204
5912,4/26/2022 2:45,63.819
5913,4/26/2022 3:00,63.39
5914,4/26/2022 3:15,63.005
5915,4/26/2022 3:30,62.577
5916,4/26/2022 3:45,62.148
5917,4/26/2022 4:00,61.677
5918,4/26/2022 4:15,61.162
5919,4/26/2022 4:30,60.733
5920,4/26/2022 4:45,60.26
5921,4/26/2022 5:00,59.916
5922,4/26/2022 5:15,59.529
5923,4/26/2022 5:30,59.185
5924,4/26/2022 5:45,58.885
5925,4/26/2022 6:00,58.582
5926,4/26/2022 6:15,58.411
5927,4/26/2022 6:30,58.368
5928,4/26/2022 6:45,59.229
5929,4/26/2022 7:00,60.39
5930,4/26/2022 7:15,61.977
5931,4/26/2022 7:30,63.903
5932,4/26/2022 7:45,65.53
5933,4/26/2022 8:00,66.857
5934,4/26/2022 8:15,67.714
5935,4/26/2022 8:30,68.614
5936,4/26/2022 8:45,69.643
5937,4/26/2022 9:00,70.846
5938,4/26/2022 9:15,72.264
5939,4/26/2022 9:30,73.818
5940,4/26/2022 9:45,75.117
5941,4/26/2022 10:00,75.898
5942,4/26/2022 10:15,75.81
5943,4/26/2022 10:30,75.463
5944,4/26/2022 10:45,75.204
5945,4/26/2022 11:00,74.943
5946,4/26/2022 11:15,74.683
5947,4/26/2022 11:30,74.511
5948,4/26/2022 11:45,74.381
5949,4/26/2022 12:00,74.25
5950,4/26/2022 12:15,74.163
5951,4/26/2022 12:30,74.12
5952,4/26/2022 12:45,74.077
5953,4/26/2022 13:00,73.99
5954,4/26/2022 13:15,73.904
5955,4/26/2022 13:30,73.774
5956,4/26/2022 13:45,73.602
5957,4/26/2022 14:00,73.342
5958,4/26/2022 14:15,73.126
5959,4/26/2022 14:30,72.869
5960,4/26/2022 14:45,72.653
5961,4/26/2022 15:00,72.394
5962,4/26/2022 15:15,72.178
5963,4/26/2022 15:30,71.964
5964,4/26/2022 15:45,71.704
5965,4/26/2022 16:00,71.404
5966,4/26/2022 16:15,70.93
5967,4/26/2022 16:30,70.502
5968,4/26/2022 16:45,70.673
5969,4/26/2022 17:00,71.274
5970,4/26/2022 17:15,72.05
5971,4/26/2022 17:30,72.783
5972,4/26/2022 17:45,73.688
5973,4/26/2022 18:00,73.947
5974,4/26/2022 18:15,73.99
5975,4/26/2022 18:30,73.947
5976,4/26/2022 18:45,73.904
5977,4/26/2022 19:00,73.818
5978,4/26/2022 19:15,73.688
5979,4/26/2022 19:30,73.472
5980,4/26/2022 19:45,73.213
5981,4/26/2022 20:00,72.869
5982,4/26/2022 20:15,72.48
5983,4/26/2022 20:30,72.05
5984,4/26/2022 20:45,71.577
5985,4/26/2022 21:00,71.103
5986,4/26/2022 21:15,70.543
5987,4/26/2022 21:30,70.029
5988,4/26/2022 21:45,69.427
5989,4/26/2022 22:00,68.871
5990,4/26/2022 22:15,68.27
5991,4/26/2022 22:30,67.671
5992,4/26/2022 22:45,67.071
5993,4/26/2022 23:00,66.515
5994,4/26/2022 23:15,65.916
5995,4/26/2022 23:30,65.403
5996,4/26/2022 23:45,64.845
5997,4/27/2022 0:00,64.332
5998,4/27/2022 0:15,63.819
5999,4/27/2022 0:30,63.347
6000,4/27/2022 0:45,62.834
6001,4/27/2022 1:00,62.406
6002,4/27/2022 1:15,61.977
6003,4/27/2022 1:30,61.547
6004,4/27/2022 1:45,61.119
6005,4/27/2022 2:00,60.733
6006,4/27/2022 2:15,60.346
6007,4/27/2022 2:30,60.003
6008,4/27/2022 2:45,59.616
6009,4/27/2022 3:00,59.315
6010,4/27/2022 3:15,58.971
6011,4/27/2022 3:30,58.626
6012,4/27/2022 3:45,58.325
6013,4/27/2022 4:00,58.023
6014,4/27/2022 4:15,57.765
6015,4/27/2022 4:30,57.463
6016,4/27/2022 4:45,57.204
6017,4/27/2022 5:00,56.944
6018,4/27/2022 5:15,56.685
6019,4/27/2022 5:30,56.426
6020,4/27/2022 5:45,56.165
6021,4/27/2022 6:00,55.906
6022,4/27/2022 6:15,55.69
6023,4/27/2022 6:30,55.515
6024,4/27/2022 6:45,55.299
6025,4/27/2022 7:00,55.125
6026,4/27/2022 7:15,54.995
6027,4/27/2022 7:30,54.909
6028,4/27/2022 7:45,54.82
6029,4/27/2022 8:00,54.82
6030,4/27/2022 8:15,54.82
6031,4/27/2022 8:30,54.865
6032,4/27/2022 8:45,54.909
6033,4/27/2022 9:00,54.995
6034,4/27/2022 9:15,55.168
6035,4/27/2022 9:30,55.342
6036,4/27/2022 9:45,55.558
6037,4/27/2022 10:00,55.819
6038,4/27/2022 10:15,56.122
6039,4/27/2022 10:30,56.469
6040,4/27/2022 10:45,56.815
6041,4/27/2022 11:00,57.204
6042,4/27/2022 11:15,57.636
6043,4/27/2022 11:30,58.066
6044,4/27/2022 11:45,58.541
6045,4/27/2022 12:00,59.014
6046,4/27/2022 12:15,59.529
6047,4/27/2022 12:30,60.089
6048,4/27/2022 12:45,60.647
6049,4/27/2022 13:00,61.205
6050,4/27/2022 13:15,61.804
6051,4/27/2022 13:30,62.447
6052,4/27/2022 13:45,63.304
6053,4/27/2022 14:00,64.546
6054,4/27/2022 14:15,65.316
6055,4/27/2022 14:30,66.087
6056,4/27/2022 14:45,66.857
6057,4/27/2022 15:00,67.627
6058,4/27/2022 15:15,68.356
6059,4/27/2022 15:30,69.042
6060,4/27/2022 15:45,69.643
6061,4/27/2022 16:00,70.158
6062,4/27/2022 16:15,70.372
6063,4/27/2022 16:30,70.502
6064,4/27/2022 16:45,70.716
6065,4/27/2022 17:00,70.887
6066,4/27/2022 17:15,71.017
6067,4/27/2022 17:30,71.06
6068,4/27/2022 17:45,71.017
6069,4/27/2022 18:00,70.887
6070,4/27/2022 18:15,70.716
6071,4/27/2022 18:30,70.63
6072,4/27/2022 18:45,70.372
6073,4/27/2022 19:00,70.115
6074,4/27/2022 19:15,69.771
6075,4/27/2022 19:30,69.427
6076,4/27/2022 19:45,69.042
6077,4/27/2022 20:00,68.657
6078,4/27/2022 20:15,68.185
6079,4/27/2022 20:30,67.714
6080,4/27/2022 20:45,67.285
6081,4/27/2022 21:00,66.772
6082,4/27/2022 21:15,66.301
6083,4/27/2022 21:30,65.829
6084,4/27/2022 21:45,65.359
6085,4/27/2022 22:00,64.888
6086,4/27/2022 22:15,64.418
6087,4/27/2022 22:30,63.99
6088,4/27/2022 22:45,63.561
6089,4/27/2022 23:00,63.176
6090,4/27/2022 23:15,62.748
6091,4/27/2022 23:30,62.362
6092,4/27/2022 23:45,61.977
6093,4/28/2022 0:00,61.547
6094,4/28/2022 0:15,61.162
6095,4/28/2022 0:30,60.775
6096,4/28/2022 0:45,60.433
6097,4/28/2022 1:00,60.046
6098,4/28/2022 1:15,59.702
6099,4/28/2022 1:30,59.358
6100,4/28/2022 1:45,59.014
6101,4/28/2022 2:00,58.712
6102,4/28/2022 2:15,58.368
6103,4/28/2022 2:30,58.066
6104,4/28/2022 2:45,57.765
6105,4/28/2022 3:00,57.463
6106,4/28/2022 3:15,57.204
6107,4/28/2022 3:30,56.901
6108,4/28/2022 3:45,56.642
6109,4/28/2022 4:00,56.383
6110,4/28/2022 4:15,56.122
6111,4/28/2022 4:30,55.906
6112,4/28/2022 4:45,55.69
6113,4/28/2022 5:00,55.515
6114,4/28/2022 5:15,55.342
6115,4/28/2022 5:30,55.168
6116,4/28/2022 5:45,54.995
6117,4/28/2022 6:00,54.865
6118,4/28/2022 6:15,54.734
6119,4/28/2022 6:30,54.604
6120,4/28/2022 6:45,54.473
6121,4/28/2022 7:00,54.387
6122,4/28/2022 7:15,54.387
6123,4/28/2022 7:30,55.168
6124,4/28/2022 7:45,56.469
6125,4/28/2022 8:00,58.498
6126,4/28/2022 8:15,60.517
6127,4/28/2022 8:30,62.233
6128,4/28/2022 8:45,63.604
6129,4/28/2022 9:00,64.375
6130,4/28/2022 9:15,65.017
6131,4/28/2022 9:30,65.574
6132,4/28/2022 9:45,66.13
6133,4/28/2022 10:00,66.558
6134,4/28/2022 10:15,66.943
6135,4/28/2022 10:30,67.285
6136,4/28/2022 10:45,67.627
6137,4/28/2022 11:00,67.928
6138,4/28/2022 11:15,68.27
6139,4/28/2022 11:30,68.571
6140,4/28/2022 11:45,68.913
6141,4/28/2022 12:00,69.213
6142,4/28/2022 12:15,69.471
6143,4/28/2022 12:30,69.771
6144,4/28/2022 12:45,70.029
6145,4/28/2022 13:00,70.329
6146,4/28/2022 13:15,70.543
6147,4/28/2022 13:30,70.716
6148,4/28/2022 13:45,70.803
6149,4/28/2022 14:00,70.803
6150,4/28/2022 14:15,70.759
6151,4/28/2022 14:30,70.716
6152,4/28/2022 14:45,70.63
6153,4/28/2022 15:00,70.543
6154,4/28/2022 15:15,70.372
6155,4/28/2022 15:30,70.158
6156,4/28/2022 15:45,69.942
6157,4/28/2022 16:00,69.685
6158,4/28/2022 16:15,69.386
6159,4/28/2022 16:30,69.085
6160,4/28/2022 16:45,69.17
6161,4/28/2022 17:00,69.814
6162,4/28/2022 17:15,70.502
6163,4/28/2022 17:30,70.63
6164,4/28/2022 17:45,70.673
6165,4/28/2022 18:00,70.543
6166,4/28/2022 18:15,70.329
6167,4/28/2022 18:30,70.029
6168,4/28/2022 18:45,69.557
6169,4/28/2022 19:00,69.042
6170,4/28/2022 19:15,68.443
6171,4/28/2022 19:30,67.757
6172,4/28/2022 19:45,67.114
6173,4/28/2022 20:00,66.429
6174,4/28/2022 20:15,65.916
6175,4/28/2022 20:30,66.087
6176,4/28/2022 20:45,66.472
6177,4/28/2022 21:00,66.985
6178,4/28/2022 21:15,67.028
6179,4/28/2022 21:30,66.9
6180,4/28/2022 21:45,66.6
6181,4/28/2022 22:00,66.301
6182,4/28/2022 22:15,65.959
6183,4/28/2022 22:30,65.615
6184,4/28/2022 22:45,65.23
6185,4/28/2022 23:00,64.803
6186,4/28/2022 23:15,64.418
6187,4/28/2022 23:30,64.033
6188,4/28/2022 23:45,63.604
6189,4/29/2022 0:00,63.262
6190,4/29/2022 0:15,62.875
6191,4/29/2022 0:30,62.49
6192,4/29/2022 0:45,62.148
6193,4/29/2022 1:00,61.804
6194,4/29/2022 1:15,61.506
6195,4/29/2022 1:30,61.162
6196,4/29/2022 1:45,60.775
6197,4/29/2022 2:00,60.433
6198,4/29/2022 2:15,60.089
6199,4/29/2022 2:30,59.745
6200,4/29/2022 2:45,59.358
6201,4/29/2022 3:00,59.014
6202,4/29/2022 3:15,58.626
6203,4/29/2022 3:30,58.282
6204,4/29/2022 3:45,57.979
6205,4/29/2022 4:00,57.636
6206,4/29/2022 4:15,57.29
6207,4/29/2022 4:30,56.944
6208,4/29/2022 4:45,56.599
6209,4/29/2022 5:00,56.295
6210,4/29/2022 5:15,55.949
6211,4/29/2022 5:30,55.647
6212,4/29/2022 5:45,55.69
6213,4/29/2022 6:00,56.901
6214,4/29/2022 6:15,58.109
6215,4/29/2022 6:30,59.529
6216,4/29/2022 6:45,60.733
6217,4/29/2022 7:00,61.677
6218,4/29/2022 7:15,62.148
6219,4/29/2022 7:30,62.406
6220,4/29/2022 7:45,62.704
6221,4/29/2022 8:00,63.133
6222,4/29/2022 8:15,63.604
6223,4/29/2022 8:30,64.161
6224,4/29/2022 8:45,64.803
6225,4/29/2022 9:00,65.444
6226,4/29/2022 9:15,66.087
6227,4/29/2022 9:30,66.643
6228,4/29/2022 9:45,67.114
6229,4/29/2022 10:00,67.5
6230,4/29/2022 10:15,67.842
6231,4/29/2022 10:30,68.099
6232,4/29/2022 10:45,68.356
6233,4/29/2022 11:00,68.571
6234,4/29/2022 11:15,68.785
6235,4/29/2022 11:30,69.085
6236,4/29/2022 11:45,69.386
6237,4/29/2022 12:00,69.6
6238,4/29/2022 12:15,69.985
6239,4/29/2022 12:30,70.502
6240,4/29/2022 12:45,71.361
6241,4/29/2022 13:00,72.264
6242,4/29/2022 13:15,73.299
6243,4/29/2022 13:30,74.424
6244,4/29/2022 13:45,75.724
6245,4/29/2022 14:00,77.117
6246,4/29/2022 14:15,78.602
6247,4/29/2022 14:30,80.096
6248,4/29/2022 14:45,81.597
6249,4/29/2022 15:00,83.021
6250,4/29/2022 15:15,84.362
6251,4/29/2022 15:30,85.577
6252,4/29/2022 15:45,86.709
6253,4/29/2022 16:00,87.71
6254,4/29/2022 16:15,88.534
6255,4/29/2022 16:30,89.224
6256,4/29/2022 16:45,89.776
6257,4/29/2022 17:00,90.239
6258,4/29/2022 17:15,90.657
6259,4/29/2022 17:30,90.982
6260,4/29/2022 17:45,91.076
6261,4/29/2022 18:00,90.936
6262,4/29/2022 18:15,90.518
6263,4/29/2022 18:30,89.915
6264,4/29/2022 18:45,89.177
6265,4/29/2022 19:00,88.259
6266,4/29/2022 19:15,87.21
6267,4/29/2022 19:30,86.119
6268,4/29/2022 19:45,84.99
6269,4/29/2022 20:00,83.824
6270,4/29/2022 20:15,82.708
6271,4/29/2022 20:30,81.554
6272,4/29/2022 20:45,80.404
6273,4/29/2022 21:00,79.347
6274,4/29/2022 21:15,78.251
6275,4/29/2022 21:30,77.247
6276,4/29/2022 21:45,76.246
6277,4/29/2022 22:00,75.29
6278,4/29/2022 22:15,74.381
6279,4/29/2022 22:30,73.472
6280,4/29/2022 22:45,72.653
6281,4/29/2022 23:00,71.834
6282,4/29/2022 23:15,71.017
6283,4/29/2022 23:30,70.286
6284,4/29/2022 23:45,69.514
6285,4/30/2022 0:00,68.828
6286,4/30/2022 0:15,68.142
6287,4/30/2022 0:30,67.5
6288,4/30/2022 0:45,66.9
6289,4/30/2022 1:00,66.301
6290,4/30/2022 1:15,65.701
6291,4/30/2022 1:30,65.188
6292,4/30/2022 1:45,64.674
6293,4/30/2022 2:00,64.161
6294,4/30/2022 2:15,63.689
6295,4/30/2022 2:30,63.262
6296,4/30/2022 2:45,62.834
6297,4/30/2022 3:00,62.406
6298,4/30/2022 3:15,62.019
6299,4/30/2022 3:30,61.633
6300,4/30/2022 3:45,61.29
6301,4/30/2022 4:00,60.904
6302,4/30/2022 4:15,60.604
6303,4/30/2022 4:30,60.26
6304,4/30/2022 4:45,59.916
6305,4/30/2022 5:00,59.616
6306,4/30/2022 5:15,59.358
6307,4/30/2022 5:30,59.056
6308,4/30/2022 5:45,58.798
6309,4/30/2022 6:00,58.541
6310,4/30/2022 6:15,58.325
6311,4/30/2022 6:30,58.109
6312,4/30/2022 6:45,57.936
6313,4/30/2022 7:00,57.765
6314,4/30/2022 7:15,57.679
6315,4/30/2022 7:30,57.592
6316,4/30/2022 7:45,57.506
6317,4/30/2022 8:00,57.506
6318,4/30/2022 8:15,57.463
6319,4/30/2022 8:30,57.463
6320,4/30/2022 8:45,57.506
6321,4/30/2022 9:00,57.592
6322,4/30/2022 9:15,57.765
6323,4/30/2022 9:30,58.842
6324,4/30/2022 9:45,60.433
6325,4/30/2022 10:00,62.062
6326,4/30/2022 10:15,63.518
6327,4/30/2022 10:30,64.803
6328,4/30/2022 10:45,66.173
6329,4/30/2022 11:00,67.586
6330,4/30/2022 11:15,69.085
6331,4/30/2022 11:30,70.543
6332,4/30/2022 11:45,72.093
6333,4/30/2022 12:00,73.558
6334,4/30/2022 12:15,74.986
6335,4/30/2022 12:30,76.332
6336,4/30/2022 12:45,77.596
6337,4/30/2022 13:00,78.777
6338,4/30/2022 13:15,79.831
6339,4/30/2022 13:30,80.802
6340,4/30/2022 13:45,81.687
6341,4/30/2022 14:00,82.53
6342,4/30/2022 14:15,83.242
6343,4/30/2022 14:30,83.869
6344,4/30/2022 14:45,84.362
6345,4/30/2022 15:00,84.812
6346,4/30/2022 15:15,85.172
6347,4/30/2022 15:30,85.487
6348,4/30/2022 15:45,85.757
6349,4/30/2022 16:00,85.894
6350,4/30/2022 16:15,85.894
6351,4/30/2022 16:30,85.712
6352,4/30/2022 16:45,85.352
6353,4/30/2022 17:00,84.767
6354,4/30/2022 17:15,84.094
6355,4/30/2022 17:30,83.287
6356,4/30/2022 17:45,82.396
6357,4/30/2022 18:00,81.509
6358,4/30/2022 18:15,80.58
6359,4/30/2022 18:30,79.612
6360,4/30/2022 18:45,78.602
6361,4/30/2022 19:00,77.596
6362,4/30/2022 19:15,76.55
6363,4/30/2022 19:30,75.508
6364,4/30/2022 19:45,74.467
6365,4/30/2022 20:00,73.386
6366,4/30/2022 20:15,72.264
6367,4/30/2022 20:30,71.146
6368,4/30/2022 20:45,70.029
6369,4/30/2022 21:00,68.999
6370,4/30/2022 21:15,67.971
6371,4/30/2022 21:30,66.943
6372,4/30/2022 21:45,66
6373,4/30/2022 22:00,65.059
6374,4/30/2022 22:15,64.117
6375,4/30/2022 22:30,63.262
6376,4/30/2022 22:45,62.406
6377,4/30/2022 23:00,61.547
6378,4/30/2022 23:15,60.733
6379,4/30/2022 23:30,59.916
6380,4/30/2022 23:45,59.185
6381,5/1/2022 0:00,58.455
6382,5/1/2022 0:15,57.722
6383,5/1/2022 0:30,57.117
6384,5/1/2022 0:45,56.512
6385,5/1/2022 1:00,55.949
6386,5/1/2022 1:15,55.429
6387,5/1/2022 1:30,54.909
6388,5/1/2022 1:45,54.43
6389,5/1/2022 2:00,53.951
6390,5/1/2022 2:15,53.472
6391,5/1/2022 2:30,53.035
6392,5/1/2022 2:45,52.641
6393,5/1/2022 3:00,52.246
6394,5/1/2022 3:15,51.852
6395,5/1/2022 3:30,51.501
6396,5/1/2022 3:45,51.105
6397,5/1/2022 4:00,50.797
6398,5/1/2022 4:15,50.445
6399,5/1/2022 4:30,50.135
6400,5/1/2022 4:45,49.825
6401,5/1/2022 5:00,49.561
6402,5/1/2022 5:15,49.294
6403,5/1/2022 5:30,49.028
6404,5/1/2022 5:45,48.805
6405,5/1/2022 6:00,48.628
6406,5/1/2022 6:15,48.538
6407,5/1/2022 6:30,48.493
6408,5/1/2022 6:45,48.493
6409,5/1/2022 7:00,48.583
6410,5/1/2022 7:15,48.762
6411,5/1/2022 7:30,48.983
6412,5/1/2022 7:45,49.338
6413,5/1/2022 8:00,49.825
6414,5/1/2022 8:15,50.445
6415,5/1/2022 8:30,51.237
6416,5/1/2022 8:45,52.16
6417,5/1/2022 9:00,53.253
6418,5/1/2022 9:15,54.516
6419,5/1/2022 9:30,55.819
6420,5/1/2022 9:45,57.247
6421,5/1/2022 10:00,58.798
6422,5/1/2022 10:15,60.046
6423,5/1/2022 10:30,61.032
6424,5/1/2022 10:45,61.934
6425,5/1/2022 11:00,62.704
6426,5/1/2022 11:15,63.433
6427,5/1/2022 11:30,64.117
6428,5/1/2022 11:45,64.803
6429,5/1/2022 12:00,65.615
6430,5/1/2022 12:15,66.558
6431,5/1/2022 12:30,67.543
6432,5/1/2022 12:45,68.571
6433,5/1/2022 13:00,69.471
6434,5/1/2022 13:15,70.286
6435,5/1/2022 13:30,71.017
6436,5/1/2022 13:45,71.661
6437,5/1/2022 14:00,72.178
6438,5/1/2022 14:15,72.696
6439,5/1/2022 14:30,73.126
6440,5/1/2022 14:45,73.558
6441,5/1/2022 15:00,73.904
6442,5/1/2022 15:15,74.295
6443,5/1/2022 15:30,74.64
6444,5/1/2022 15:45,74.597
6445,5/1/2022 16:00,74.295
6446,5/1/2022 16:15,74.12
6447,5/1/2022 16:30,74.25
6448,5/1/2022 16:45,73.947
6449,5/1/2022 17:00,73.386
6450,5/1/2022 17:15,73.083
6451,5/1/2022 17:30,73.083
6452,5/1/2022 17:45,73.126
6453,5/1/2022 18:00,73.213
6454,5/1/2022 18:15,73.256
6455,5/1/2022 18:30,73.299
6456,5/1/2022 18:45,73.299
6457,5/1/2022 19:00,73.342
6458,5/1/2022 19:15,73.299
6459,5/1/2022 19:30,73.299
6460,5/1/2022 19:45,73.256
6461,5/1/2022 20:00,73.213
6462,5/1/2022 20:15,73.126
6463,5/1/2022 20:30,73.04
6464,5/1/2022 20:45,72.869
6465,5/1/2022 21:00,72.783
6466,5/1/2022 21:15,72.826
6467,5/1/2022 21:30,72.869
6468,5/1/2022 21:45,72.869
6469,5/1/2022 22:00,72.912
6470,5/1/2022 22:15,72.955
6471,5/1/2022 22:30,72.955
6472,5/1/2022 22:45,72.955
6473,5/1/2022 23:00,72.912
6474,5/1/2022 23:15,72.869
6475,5/1/2022 23:30,72.783
6476,5/1/2022 23:45,72.696
6477,5/2/2022 0:00,72.567
6478,5/2/2022 0:15,72.394
6479,5/2/2022 0:30,72.264
6480,5/2/2022 0:45,72.136
6481,5/2/2022 1:00,71.92
6482,5/2/2022 1:15,71.748
6483,5/2/2022 1:30,71.49
6484,5/2/2022 1:45,71.274
6485,5/2/2022 2:00,71.06
6486,5/2/2022 2:15,70.846
6487,5/2/2022 2:30,70.63
6488,5/2/2022 2:45,70.416
6489,5/2/2022 3:00,70.243
6490,5/2/2022 3:15,70.029
6491,5/2/2022 3:30,69.858
6492,5/2/2022 3:45,69.685
6493,5/2/2022 4:00,69.471
6494,5/2/2022 4:15,69.3
6495,5/2/2022 4:30,69.129
6496,5/2/2022 4:45,68.956
6497,5/2/2022 5:00,68.785
6498,5/2/2022 5:15,68.614
6499,5/2/2022 5:30,68.484
6500,5/2/2022 5:45,68.313
6501,5/2/2022 6:00,68.185
6502,5/2/2022 6:15,68.099
6503,5/2/2022 6:30,67.971
6504,5/2/2022 6:45,67.928
6505,5/2/2022 7:00,67.842
6506,5/2/2022 7:15,67.798
6507,5/2/2022 7:30,67.757
6508,5/2/2022 7:45,67.757
6509,5/2/2022 8:00,67.757
6510,5/2/2022 8:15,67.714
6511,5/2/2022 8:30,67.757
6512,5/2/2022 8:45,67.798
6513,5/2/2022 9:00,67.842
6514,5/2/2022 9:15,67.885
6515,5/2/2022 9:30,67.971
6516,5/2/2022 9:45,68.013
6517,5/2/2022 10:00,68.099
6518,5/2/2022 10:15,68.185
6519,5/2/2022 10:30,68.313
6520,5/2/2022 10:45,68.443
6521,5/2/2022 11:00,68.571
6522,5/2/2022 11:15,68.742
6523,5/2/2022 11:30,68.871
6524,5/2/2022 11:45,69.042
6525,5/2/2022 12:00,69.213
6526,5/2/2022 12:15,69.343
6527,5/2/2022 12:30,69.557
6528,5/2/2022 12:45,69.728
6529,5/2/2022 13:00,69.942
6530,5/2/2022 13:15,70.115
6531,5/2/2022 13:30,70.286
6532,5/2/2022 13:45,70.502
6533,5/2/2022 14:00,70.716
6534,5/2/2022 14:15,70.93
6535,5/2/2022 14:30,71.19
6536,5/2/2022 14:45,71.447
6537,5/2/2022 15:00,71.834
6538,5/2/2022 15:15,75.333
6539,5/2/2022 15:30,76.028
6540,5/2/2022 15:45,75.333
6541,5/2/2022 16:00,74.943
6542,5/2/2022 16:15,74.683
6543,5/2/2022 16:30,74.424
6544,5/2/2022 16:45,74.25
6545,5/2/2022 17:00,74.12
6546,5/2/2022 17:15,73.99
6547,5/2/2022 17:30,73.99
6548,5/2/2022 17:45,73.99
6549,5/2/2022 18:00,74.034
6550,5/2/2022 18:15,74.12
6551,5/2/2022 18:30,74.163
6552,5/2/2022 18:45,74.206
6553,5/2/2022 19:00,74.206
6554,5/2/2022 19:15,74.25
6555,5/2/2022 19:30,74.206
6556,5/2/2022 19:45,74.163
6557,5/2/2022 20:00,74.25
6558,5/2/2022 20:15,74.25
6559,5/2/2022 20:30,74.295
6560,5/2/2022 20:45,74.381
6561,5/2/2022 21:00,74.338
6562,5/2/2022 21:15,74.206
6563,5/2/2022 21:30,74.163
6564,5/2/2022 21:45,74.12
6565,5/2/2022 22:00,74.077
6566,5/2/2022 22:15,74.034
6567,5/2/2022 22:30,74.034
6568,5/2/2022 22:45,73.99
6569,5/2/2022 23:00,73.99
6570,5/2/2022 23:15,73.947
6571,5/2/2022 23:30,73.861
6572,5/2/2022 23:45,73.818
6573,5/3/2022 0:00,73.774
6574,5/3/2022 0:15,73.688
6575,5/3/2022 0:30,73.645
6576,5/3/2022 0:45,73.558
6577,5/3/2022 1:00,73.472
6578,5/3/2022 1:15,73.386
6579,5/3/2022 1:30,73.299
6580,5/3/2022 1:45,73.213
6581,5/3/2022 2:00,73.083
6582,5/3/2022 2:15,72.997
6583,5/3/2022 2:30,72.783
6584,5/3/2022 2:45,72.567
6585,5/3/2022 3:00,72.351
6586,5/3/2022 3:15,72.093
6587,5/3/2022 3:30,71.834
6588,5/3/2022 3:45,71.577
6589,5/3/2022 4:00,71.317
6590,5/3/2022 4:15,71.103
6591,5/3/2022 4:30,70.887
6592,5/3/2022 4:45,70.673
6593,5/3/2022 5:00,70.502
6594,5/3/2022 5:15,70.286
6595,5/3/2022 5:30,70.115
6596,5/3/2022 5:45,69.942
6597,5/3/2022 6:00,69.771
6598,5/3/2022 6:15,69.685
6599,5/3/2022 6:30,69.6
6600,5/3/2022 6:45,69.514
6601,5/3/2022 7:00,69.471
6602,5/3/2022 7:15,69.427
6603,5/3/2022 7:30,69.386
6604,5/3/2022 7:45,69.343
6605,5/3/2022 8:00,69.3
6606,5/3/2022 8:15,69.256
6607,5/3/2022 8:30,69.17
6608,5/3/2022 8:45,69.129
6609,5/3/2022 9:00,69.085
6610,5/3/2022 9:15,69.042
6611,5/3/2022 9:30,69.042
6612,5/3/2022 9:45,69.042
6613,5/3/2022 10:00,69.042
6614,5/3/2022 10:15,69.085
6615,5/3/2022 10:30,69.17
6616,5/3/2022 10:45,69.3
6617,5/3/2022 11:00,69.427
6618,5/3/2022 11:15,69.557
6619,5/3/2022 11:30,69.685
6620,5/3/2022 11:45,69.901
6621,5/3/2022 12:00,70.072
6622,5/3/2022 12:15,70.243
6623,5/3/2022 12:30,70.459
6624,5/3/2022 12:45,70.673
6625,5/3/2022 13:00,70.887
6626,5/3/2022 13:15,71.146
6627,5/3/2022 13:30,71.404
6628,5/3/2022 13:45,71.661
6629,5/3/2022 14:00,71.877
6630,5/3/2022 14:15,72.136
6631,5/3/2022 14:30,72.437
6632,5/3/2022 14:45,72.739
6633,5/3/2022 15:00,73.126
6634,5/3/2022 15:15,76.899
6635,5/3/2022 15:30,77.203
6636,5/3/2022 15:45,76.811
6637,5/3/2022 16:00,76.464
6638,5/3/2022 16:15,76.246
6639,5/3/2022 16:30,76.071
6640,5/3/2022 16:45,75.985
6641,5/3/2022 17:00,75.985
6642,5/3/2022 17:15,75.985
6643,5/3/2022 17:30,76.028
6644,5/3/2022 17:45,76.071
6645,5/3/2022 18:00,76.203
6646,5/3/2022 18:15,76.375
6647,5/3/2022 18:30,76.419
6648,5/3/2022 18:45,76.464
6649,5/3/2022 19:00,76.464
6650,5/3/2022 19:15,76.507
6651,5/3/2022 19:30,76.507
6652,5/3/2022 19:45,76.507
6653,5/3/2022 20:00,76.55
6654,5/3/2022 20:15,76.593
6655,5/3/2022 20:30,76.681
6656,5/3/2022 20:45,76.681
6657,5/3/2022 21:00,76.725
6658,5/3/2022 21:15,76.725
6659,5/3/2022 21:30,76.681
6660,5/3/2022 21:45,76.681
6661,5/3/2022 22:00,76.636
6662,5/3/2022 22:15,76.593
6663,5/3/2022 22:30,76.593
6664,5/3/2022 22:45,76.55
6665,5/3/2022 23:00,76.507
6666,5/3/2022 23:15,76.464
6667,5/3/2022 23:30,76.419
6668,5/3/2022 23:45,76.332
6669,5/4/2022 0:00,76.203
6670,5/4/2022 0:15,76.071
6671,5/4/2022 0:30,75.898
6672,5/4/2022 0:45,75.767
6673,5/4/2022 1:00,75.594
6674,5/4/2022 1:15,75.42
6675,5/4/2022 1:30,75.247
6676,5/4/2022 1:45,75.074
6677,5/4/2022 2:00,74.899
6678,5/4/2022 2:15,74.727
6679,5/4/2022 2:30,74.597
6680,5/4/2022 2:45,74.424
6681,5/4/2022 3:00,74.206
6682,5/4/2022 3:15,74.034
6683,5/4/2022 3:30,73.861
6684,5/4/2022 3:45,73.688
6685,5/4/2022 4:00,73.515
6686,5/4/2022 4:15,73.342
6687,5/4/2022 4:30,73.126
6688,5/4/2022 4:45,72.869
6689,5/4/2022 5:00,72.653
6690,5/4/2022 5:15,72.437
6691,5/4/2022 5:30,72.221
6692,5/4/2022 5:45,72.093
6693,5/4/2022 6:00,72.007
6694,5/4/2022 6:15,71.964
6695,5/4/2022 6:30,71.92
6696,5/4/2022 6:45,71.834
6697,5/4/2022 7:00,71.791
6698,5/4/2022 7:15,71.704
6699,5/4/2022 7:30,71.661
6700,5/4/2022 7:45,71.577
6701,5/4/2022 8:00,71.49
6702,5/4/2022 8:15,71.404
6703,5/4/2022 8:30,71.361
6704,5/4/2022 8:45,71.317
6705,5/4/2022 9:00,71.317
6706,5/4/2022 9:15,71.274
6707,5/4/2022 9:30,71.317
6708,5/4/2022 9:45,71.317
6709,5/4/2022 10:00,71.404
6710,5/4/2022 10:15,71.49
6711,5/4/2022 10:30,71.577
6712,5/4/2022 10:45,71.704
6713,5/4/2022 11:00,71.834
6714,5/4/2022 11:15,72.007
6715,5/4/2022 11:30,72.178
6716,5/4/2022 11:45,72.351
6717,5/4/2022 12:00,72.523
6718,5/4/2022 12:15,72.739
6719,5/4/2022 12:30,72.955
6720,5/4/2022 12:45,73.17
6721,5/4/2022 13:00,73.386
6722,5/4/2022 13:15,73.645
6723,5/4/2022 13:30,73.904
6724,5/4/2022 13:45,74.206
6725,5/4/2022 14:00,74.683
6726,5/4/2022 14:15,75.508
6727,5/4/2022 14:30,77.335
6728,5/4/2022 14:45,80.802
6729,5/4/2022 15:00,80.272
6730,5/4/2022 15:15,79.084
6731,5/4/2022 15:30,78.165
6732,5/4/2022 15:45,77.596
6733,5/4/2022 16:00,77.292
6734,5/4/2022 16:15,77.117
6735,5/4/2022 16:30,77.029
6736,5/4/2022 16:45,76.942
6737,5/4/2022 17:00,76.942
6738,5/4/2022 17:15,76.942
6739,5/4/2022 17:30,76.854
6740,5/4/2022 17:45,76.811
6741,5/4/2022 18:00,76.725
6742,5/4/2022 18:15,76.593
6743,5/4/2022 18:30,76.419
6744,5/4/2022 18:45,76.246
6745,5/4/2022 19:00,75.853
6746,5/4/2022 19:15,75.508
6747,5/4/2022 19:30,75.42
6748,5/4/2022 19:45,75.29
6749,5/4/2022 20:00,75.29
6750,5/4/2022 20:15,75.247
6751,5/4/2022 20:30,75.551
6752,5/4/2022 20:45,76.203
6753,5/4/2022 21:00,75.376
6754,5/4/2022 21:15,74.986
6755,5/4/2022 21:30,74.683
6756,5/4/2022 21:45,74.511
6757,5/4/2022 22:00,74.381
6758,5/4/2022 22:15,74.338
6759,5/4/2022 22:30,74.25
6760,5/4/2022 22:45,74.12
6761,5/4/2022 23:00,74.034
6762,5/4/2022 23:15,73.99
6763,5/4/2022 23:30,73.947
6764,5/4/2022 23:45,73.904
6765,5/5/2022 0:00,73.818
6766,5/5/2022 0:15,73.731
6767,5/5/2022 0:30,73.645
6768,5/5/2022 0:45,73.602
6769,5/5/2022 1:00,73.515
6770,5/5/2022 1:15,73.472
6771,5/5/2022 1:30,73.386
6772,5/5/2022 1:45,73.342
6773,5/5/2022 2:00,73.256
6774,5/5/2022 2:15,73.213
6775,5/5/2022 2:30,73.126
6776,5/5/2022 2:45,73.04
6777,5/5/2022 3:00,72.912
6778,5/5/2022 3:15,72.783
6779,5/5/2022 3:30,72.653
6780,5/5/2022 3:45,72.523
6781,5/5/2022 4:00,72.394
6782,5/5/2022 4:15,72.264
6783,5/5/2022 4:30,72.178
6784,5/5/2022 4:45,72.05
6785,5/5/2022 5:00,71.92
6786,5/5/2022 5:15,71.791
6787,5/5/2022 5:30,71.704
6788,5/5/2022 5:45,71.62
6789,5/5/2022 6:00,71.577
6790,5/5/2022 6:15,71.533
6791,5/5/2022 6:30,71.447
6792,5/5/2022 6:45,71.404
6793,5/5/2022 7:00,71.317
6794,5/5/2022 7:15,71.317
6795,5/5/2022 7:30,71.274
6796,5/5/2022 7:45,71.274
6797,5/5/2022 8:00,71.317
6798,5/5/2022 8:15,71.361
6799,5/5/2022 8:30,71.361
6800,5/5/2022 8:45,71.964
6801,5/5/2022 9:00,72.178
6802,5/5/2022 9:15,71.103
6803,5/5/2022 9:30,70.803
6804,5/5/2022 9:45,70.673
6805,5/5/2022 10:00,70.716
6806,5/5/2022 10:15,70.759
6807,5/5/2022 10:30,70.846
6808,5/5/2022 10:45,70.974
6809,5/5/2022 11:00,71.103
6810,5/5/2022 11:15,71.231
6811,5/5/2022 11:30,71.361
6812,5/5/2022 11:45,71.49
6813,5/5/2022 12:00,71.62
6814,5/5/2022 12:15,71.748
6815,5/5/2022 12:30,71.877
6816,5/5/2022 12:45,72.05
6817,5/5/2022 13:00,72.221
6818,5/5/2022 13:15,72.523
6819,5/5/2022 13:30,72.869
6820,5/5/2022 13:45,73.126
6821,5/5/2022 14:00,73.256
6822,5/5/2022 14:15,73.342
6823,5/5/2022 14:30,73.299
6824,5/5/2022 14:45,73.299
6825,5/5/2022 15:00,73.299
6826,5/5/2022 15:15,73.342
6827,5/5/2022 15:30,73.386
6828,5/5/2022 15:45,73.429
6829,5/5/2022 16:00,73.472
6830,5/5/2022 16:15,73.515
6831,5/5/2022 16:30,73.602
6832,5/5/2022 16:45,73.645
6833,5/5/2022 17:00,73.645
6834,5/5/2022 17:15,73.602
6835,5/5/2022 17:30,73.602
6836,5/5/2022 17:45,73.645
6837,5/5/2022 18:00,73.645
6838,5/5/2022 18:15,73.645
6839,5/5/2022 18:30,73.602
6840,5/5/2022 18:45,73.558
6841,5/5/2022 19:00,73.472
6842,5/5/2022 19:15,73.429
6843,5/5/2022 19:30,73.342
6844,5/5/2022 19:45,73.256
6845,5/5/2022 20:00,73.17
6846,5/5/2022 20:15,73.126
6847,5/5/2022 20:30,73.04
6848,5/5/2022 20:45,72.955
6849,5/5/2022 21:00,72.869
6850,5/5/2022 21:15,72.826
6851,5/5/2022 21:30,72.739
6852,5/5/2022 21:45,72.696
6853,5/5/2022 22:00,72.653
6854,5/5/2022 22:15,72.567
6855,5/5/2022 22:30,72.523
6856,5/5/2022 22:45,72.437
6857,5/5/2022 23:00,72.394
6858,5/5/2022 23:15,72.307
6859,5/5/2022 23:30,72.264
6860,5/5/2022 23:45,72.178
6861,5/6/2022 0:00,72.093
6862,5/6/2022 0:15,72.007
6863,5/6/2022 0:30,71.964
6864,5/6/2022 0:45,71.877
6865,5/6/2022 1:00,71.834
6866,5/6/2022 1:15,71.791
6867,5/6/2022 1:30,71.704
6868,5/6/2022 1:45,71.661
6869,5/6/2022 2:00,71.577
6870,5/6/2022 2:15,71.533
6871,5/6/2022 2:30,71.447
6872,5/6/2022 2:45,71.404
6873,5/6/2022 3:00,71.317
6874,5/6/2022 3:15,71.231
6875,5/6/2022 3:30,71.19
6876,5/6/2022 3:45,71.103
6877,5/6/2022 4:00,71.017
6878,5/6/2022 4:15,70.974
6879,5/6/2022 4:30,70.887
6880,5/6/2022 4:45,70.803
6881,5/6/2022 5:00,70.716
6882,5/6/2022 5:15,70.673
6883,5/6/2022 5:30,70.587
6884,5/6/2022 5:45,70.502
6885,5/6/2022 6:00,70.459
6886,5/6/2022 6:15,70.416
6887,5/6/2022 6:30,70.372
6888,5/6/2022 6:45,70.329
6889,5/6/2022 7:00,70.329
6890,5/6/2022 7:15,70.329
6891,5/6/2022 7:30,70.372
6892,5/6/2022 7:45,70.329
6893,5/6/2022 8:00,70.372
6894,5/6/2022 8:15,70.372
6895,5/6/2022 8:30,70.416
6896,5/6/2022 8:45,70.459
6897,5/6/2022 9:00,70.459
6898,5/6/2022 9:15,70.502
6899,5/6/2022 9:30,70.543
6900,5/6/2022 9:45,70.587
6901,5/6/2022 10:00,70.63
6902,5/6/2022 10:15,70.716
6903,5/6/2022 10:30,70.759
6904,5/6/2022 10:45,70.887
6905,5/6/2022 11:00,70.974
6906,5/6/2022 11:15,71.06
6907,5/6/2022 11:30,71.103
6908,5/6/2022 11:45,71.19
6909,5/6/2022 12:00,71.231
6910,5/6/2022 12:15,71.317
6911,5/6/2022 12:30,71.447
6912,5/6/2022 12:45,71.62
6913,5/6/2022 13:00,71.704
6914,5/6/2022 13:15,72.093
6915,5/6/2022 13:30,72.61
6916,5/6/2022 13:45,72.912
6917,5/6/2022 14:00,73.213
6918,5/6/2022 14:15,73.342
6919,5/6/2022 14:30,73.083
6920,5/6/2022 14:45,72.997
6921,5/6/2022 15:00,72.912
6922,5/6/2022 15:15,72.869
6923,5/6/2022 15:30,72.869
6924,5/6/2022 15:45,72.912
6925,5/6/2022 16:00,72.955
6926,5/6/2022 16:15,72.997
6927,5/6/2022 16:30,73.083
6928,5/6/2022 16:45,73.126
6929,5/6/2022 17:00,73.17
6930,5/6/2022 17:15,73.17
6931,5/6/2022 17:30,73.17
6932,5/6/2022 17:45,73.213
6933,5/6/2022 18:00,73.17
6934,5/6/2022 18:15,73.17
6935,5/6/2022 18:30,73.17
6936,5/6/2022 18:45,73.126
6937,5/6/2022 19:00,73.126
6938,5/6/2022 19:15,73.04
6939,5/6/2022 19:30,73.04
6940,5/6/2022 19:45,72.955
6941,5/6/2022 20:00,72.912
6942,5/6/2022 20:15,72.869
6943,5/6/2022 20:30,72.826
6944,5/6/2022 20:45,72.783
6945,5/6/2022 21:00,72.696
6946,5/6/2022 21:15,72.61
6947,5/6/2022 21:30,72.567
6948,5/6/2022 21:45,72.48
6949,5/6/2022 22:00,72.437
6950,5/6/2022 22:15,72.351
6951,5/6/2022 22:30,72.264
6952,5/6/2022 22:45,72.178
6953,5/6/2022 23:00,72.05
6954,5/6/2022 23:15,71.964
6955,5/6/2022 23:30,71.834
6956,5/6/2022 23:45,71.748
6957,5/7/2022 0:00,71.62
6958,5/7/2022 0:15,71.49
6959,5/7/2022 0:30,71.361
6960,5/7/2022 0:45,71.274
6961,5/7/2022 1:00,71.146
6962,5/7/2022 1:15,71.017
6963,5/7/2022 1:30,70.887
6964,5/7/2022 1:45,70.803
6965,5/7/2022 2:00,70.673
6966,5/7/2022 2:15,70.543
6967,5/7/2022 2:30,70.416
6968,5/7/2022 2:45,70.286
6969,5/7/2022 3:00,70.158
6970,5/7/2022 3:15,70.029
6971,5/7/2022 3:30,69.901
6972,5/7/2022 3:45,69.814
6973,5/7/2022 4:00,69.685
6974,5/7/2022 4:15,69.643
6975,5/7/2022 4:30,69.514
6976,5/7/2022 4:45,69.427
6977,5/7/2022 5:00,69.343
6978,5/7/2022 5:15,69.256
6979,5/7/2022 5:30,69.17
6980,5/7/2022 5:45,69.129
6981,5/7/2022 6:00,69.085
6982,5/7/2022 6:15,69.042
6983,5/7/2022 6:30,68.999
6984,5/7/2022 6:45,68.913
6985,5/7/2022 7:00,68.871
6986,5/7/2022 7:15,68.871
6987,5/7/2022 7:30,68.871
6988,5/7/2022 7:45,68.871
6989,5/7/2022 8:00,68.871
6990,5/7/2022 8:15,68.913
6991,5/7/2022 8:30,68.913
6992,5/7/2022 8:45,68.871
6993,5/7/2022 9:00,68.871
6994,5/7/2022 9:15,68.871
6995,5/7/2022 9:30,68.871
6996,5/7/2022 9:45,68.913
6997,5/7/2022 10:00,68.913
6998,5/7/2022 10:15,68.999
6999,5/7/2022 10:30,69.042
7000,5/7/2022 10:45,69.129
7001,5/7/2022 11:00,69.213
7002,5/7/2022 11:15,69.343
7003,5/7/2022 11:30,69.427
7004,5/7/2022 11:45,69.514
7005,5/7/2022 12:00,69.643
7006,5/7/2022 12:15,69.771
7007,5/7/2022 12:30,69.942
7008,5/7/2022 12:45,70.158
7009,5/7/2022 13:00,70.459
7010,5/7/2022 13:15,70.974
7011,5/7/2022 13:30,71.577
7012,5/7/2022 13:45,71.964
7013,5/7/2022 14:00,72.437
7014,5/7/2022 14:15,72.826
7015,5/7/2022 14:30,72.394
7016,5/7/2022 14:45,72.178
7017,5/7/2022 15:00,72.093
7018,5/7/2022 15:15,72.136
7019,5/7/2022 15:30,72.178
7020,5/7/2022 15:45,72.264
7021,5/7/2022 16:00,72.351
7022,5/7/2022 16:15,72.48
7023,5/7/2022 16:30,72.61
7024,5/7/2022 16:45,72.696
7025,5/7/2022 17:00,72.739
7026,5/7/2022 17:15,72.826
7027,5/7/2022 17:30,72.869
7028,5/7/2022 17:45,72.912
7029,5/7/2022 18:00,72.955
7030,5/7/2022 18:15,72.912
7031,5/7/2022 18:30,72.869
7032,5/7/2022 18:45,72.783
7033,5/7/2022 19:00,72.696
7034,5/7/2022 19:15,72.653
7035,5/7/2022 19:30,72.61
7036,5/7/2022 19:45,72.567
7037,5/7/2022 20:00,72.523
7038,5/7/2022 20:15,72.48
7039,5/7/2022 20:30,72.394
7040,5/7/2022 20:45,72.351
7041,5/7/2022 21:00,72.264
7042,5/7/2022 21:15,72.178
7043,5/7/2022 21:30,72.05
7044,5/7/2022 21:45,71.92
7045,5/7/2022 22:00,71.834
7046,5/7/2022 22:15,71.704
7047,5/7/2022 22:30,71.62
7048,5/7/2022 22:45,71.49
7049,5/7/2022 23:00,71.361
7050,5/7/2022 23:15,71.19
7051,5/7/2022 23:30,71.06
7052,5/7/2022 23:45,70.93
7053,5/8/2022 0:00,70.803
7054,5/8/2022 0:15,70.673
7055,5/8/2022 0:30,70.543
7056,5/8/2022 0:45,70.416
7057,5/8/2022 1:00,70.243
7058,5/8/2022 1:15,70.115
7059,5/8/2022 1:30,69.985
7060,5/8/2022 1:45,69.858
7061,5/8/2022 2:00,69.728
7062,5/8/2022 2:15,69.6
7063,5/8/2022 2:30,69.471
7064,5/8/2022 2:45,69.343
7065,5/8/2022 3:00,69.213
7066,5/8/2022 3:15,69.085
7067,5/8/2022 3:30,68.956
7068,5/8/2022 3:45,68.828
7069,5/8/2022 4:00,68.698
7070,5/8/2022 4:15,68.571
7071,5/8/2022 4:30,68.4
7072,5/8/2022 4:45,68.356
7073,5/8/2022 5:00,68.227
7074,5/8/2022 5:15,68.056
7075,5/8/2022 5:30,67.885
7076,5/8/2022 5:45,67.757
7077,5/8/2022 6:00,67.671
7078,5/8/2022 6:15,67.627
7079,5/8/2022 6:30,67.586
7080,5/8/2022 6:45,67.586
7081,5/8/2022 7:00,67.586
7082,5/8/2022 7:15,67.543
7083,5/8/2022 7:30,67.543
7084,5/8/2022 7:45,67.5
7085,5/8/2022 8:00,67.456
7086,5/8/2022 8:15,67.456
7087,5/8/2022 8:30,67.456
7088,5/8/2022 8:45,67.413
7089,5/8/2022 9:00,67.413
7090,5/8/2022 9:15,67.456
7091,5/8/2022 9:30,67.5
7092,5/8/2022 9:45,67.543
7093,5/8/2022 10:00,67.586
7094,5/8/2022 10:15,67.627
7095,5/8/2022 10:30,67.671
7096,5/8/2022 10:45,67.714
7097,5/8/2022 11:00,67.757
7098,5/8/2022 11:15,67.842
7099,5/8/2022 11:30,67.842
7100,5/8/2022 11:45,67.885
7101,5/8/2022 12:00,67.971
7102,5/8/2022 12:15,68.056
7103,5/8/2022 12:30,68.142
7104,5/8/2022 12:45,68.313
7105,5/8/2022 13:00,68.527
7106,5/8/2022 13:15,68.956
7107,5/8/2022 13:30,69.471
7108,5/8/2022 13:45,69.901
7109,5/8/2022 14:00,70.759
7110,5/8/2022 14:15,71.103
7111,5/8/2022 14:30,70.372
7112,5/8/2022 14:45,69.942
7113,5/8/2022 15:00,69.771
7114,5/8/2022 15:15,69.728
7115,5/8/2022 15:30,69.771
7116,5/8/2022 15:45,69.814
7117,5/8/2022 16:00,69.858
7118,5/8/2022 16:15,69.942
7119,5/8/2022 16:30,69.985
7120,5/8/2022 16:45,70.029
7121,5/8/2022 17:00,70.029
7122,5/8/2022 17:15,70.029
7123,5/8/2022 17:30,70.072
7124,5/8/2022 17:45,70.029
7125,5/8/2022 18:00,70.029
7126,5/8/2022 18:15,70.029
7127,5/8/2022 18:30,69.985
7128,5/8/2022 18:45,69.901
7129,5/8/2022 19:00,69.858
7130,5/8/2022 19:15,69.771
7131,5/8/2022 19:30,69.685
7132,5/8/2022 19:45,69.6
7133,5/8/2022 20:00,69.471
7134,5/8/2022 20:15,69.386
7135,5/8/2022 20:30,69.3
7136,5/8/2022 20:45,69.17
7137,5/8/2022 21:00,69.085
7138,5/8/2022 21:15,68.999
7139,5/8/2022 21:30,68.871
7140,5/8/2022 21:45,68.785
7141,5/8/2022 22:00,68.657
7142,5/8/2022 22:15,68.527
7143,5/8/2022 22:30,68.4
7144,5/8/2022 22:45,68.27
7145,5/8/2022 23:00,68.142
7146,5/8/2022 23:15,68.013
7147,5/8/2022 23:30,67.885
7148,5/8/2022 23:45,67.757
7149,5/9/2022 0:00,67.627
7150,5/9/2022 0:15,67.5
7151,5/9/2022 0:30,67.372
7152,5/9/2022 0:45,67.242
7153,5/9/2022 1:00,67.114
7154,5/9/2022 1:15,66.943
7155,5/9/2022 1:30,66.814
7156,5/9/2022 1:45,66.729
7157,5/9/2022 2:00,66.6
7158,5/9/2022 2:15,66.472
7159,5/9/2022 2:30,66.344
7160,5/9/2022 2:45,66.258
7161,5/9/2022 3:00,66.13
7162,5/9/2022 3:15,66
7163,5/9/2022 3:30,65.872
7164,5/9/2022 3:45,65.788
7165,5/9/2022 4:00,65.658
7166,5/9/2022 4:15,65.53
7167,5/9/2022 4:30,65.403
7168,5/9/2022 4:45,65.273
7169,5/9/2022 5:00,65.145
7170,5/9/2022 5:15,65.017
7171,5/9/2022 5:30,64.888
7172,5/9/2022 5:45,64.803
7173,5/9/2022 6:00,64.717
7174,5/9/2022 6:15,64.632
7175,5/9/2022 6:30,64.589
7176,5/9/2022 6:45,64.589
7177,5/9/2022 7:00,64.632
7178,5/9/2022 7:15,64.632
7179,5/9/2022 7:30,64.632
7180,5/9/2022 7:45,64.674
7181,5/9/2022 8:00,64.674
7182,5/9/2022 8:15,64.674
7183,5/9/2022 8:30,64.674
7184,5/9/2022 8:45,64.632
7185,5/9/2022 9:00,64.632
7186,5/9/2022 9:15,64.674
7187,5/9/2022 9:30,64.674
7188,5/9/2022 9:45,64.717
7189,5/9/2022 10:00,64.76
7190,5/9/2022 10:15,64.803
7191,5/9/2022 10:30,64.888
7192,5/9/2022 10:45,65.017
7193,5/9/2022 11:00,65.102
7194,5/9/2022 11:15,65.23
7195,5/9/2022 11:30,65.359
7196,5/9/2022 11:45,65.487
7197,5/9/2022 12:00,65.574
7198,5/9/2022 12:15,65.745
7199,5/9/2022 12:30,65.916
7200,5/9/2022 12:45,66.13
7201,5/9/2022 13:00,66.429
7202,5/9/2022 13:15,66.9
7203,5/9/2022 13:30,67.586
7204,5/9/2022 13:45,68.27
7205,5/9/2022 14:00,69.858
7206,5/9/2022 14:15,69.901
7207,5/9/2022 14:30,68.913
7208,5/9/2022 14:45,68.356
7209,5/9/2022 15:00,68.099
7210,5/9/2022 15:15,68.013
7211,5/9/2022 15:30,68.013
7212,5/9/2022 15:45,68.056
7213,5/9/2022 16:00,68.142
7214,5/9/2022 16:15,68.185
7215,5/9/2022 16:30,68.27
7216,5/9/2022 16:45,68.313
7217,5/9/2022 17:00,68.4
7218,5/9/2022 17:15,68.443
7219,5/9/2022 17:30,68.484
7220,5/9/2022 17:45,68.657
7221,5/9/2022 18:00,68.828
7222,5/9/2022 18:15,68.956
7223,5/9/2022 18:30,69.085
7224,5/9/2022 18:45,69.256
7225,5/9/2022 19:00,69.3
7226,5/9/2022 19:15,69.256
7227,5/9/2022 19:30,69.256
7228,5/9/2022 19:45,69.213
7229,5/9/2022 20:00,69.085
7230,5/9/2022 20:15,68.913
7231,5/9/2022 20:30,68.828
7232,5/9/2022 20:45,68.742
7233,5/9/2022 21:00,68.742
7234,5/9/2022 21:15,68.698
7235,5/9/2022 21:30,68.657
7236,5/9/2022 21:45,68.571
7237,5/9/2022 22:00,68.484
7238,5/9/2022 22:15,68.484
7239,5/9/2022 22:30,68.484
7240,5/9/2022 22:45,68.484
7241,5/9/2022 23:00,68.443
7242,5/9/2022 23:15,68.4
7243,5/9/2022 23:30,68.356
7244,5/9/2022 23:45,68.313
7245,5/10/2022 0:00,68.227
7246,5/10/2022 0:15,68.142
7247,5/10/2022 0:30,67.971
7248,5/10/2022 0:45,67.798
7249,5/10/2022 1:00,67.627
7250,5/10/2022 1:15,67.456
7251,5/10/2022 1:30,67.285
7252,5/10/2022 1:45,67.158
7253,5/10/2022 2:00,67.028
7254,5/10/2022 2:15,66.9
7255,5/10/2022 2:30,66.772
7256,5/10/2022 2:45,66.6
7257,5/10/2022 3:00,66.472
7258,5/10/2022 3:15,66.301
7259,5/10/2022 3:30,66.13
7260,5/10/2022 3:45,65.959
7261,5/10/2022 4:00,65.829
7262,5/10/2022 4:15,65.701
7263,5/10/2022 4:30,65.574
7264,5/10/2022 4:45,65.444
7265,5/10/2022 5:00,65.316
7266,5/10/2022 5:15,65.188
7267,5/10/2022 5:30,65.102
7268,5/10/2022 5:45,65.017
7269,5/10/2022 6:00,64.931
7270,5/10/2022 6:15,64.888
7271,5/10/2022 6:30,64.974
7272,5/10/2022 6:45,64.974
7273,5/10/2022 7:00,64.974
7274,5/10/2022 7:15,64.974
7275,5/10/2022 7:30,64.974
7276,5/10/2022 7:45,64.931
7277,5/10/2022 8:00,64.931
7278,5/10/2022 8:15,65.273
7279,5/10/2022 8:30,65.53
7280,5/10/2022 8:45,65.615
7281,5/10/2022 9:00,65.658
7282,5/10/2022 9:15,65.658
7283,5/10/2022 9:30,65.658
7284,5/10/2022 9:45,65.701
7285,5/10/2022 10:00,65.745
7286,5/10/2022 10:15,65.788
7287,5/10/2022 10:30,65.872
7288,5/10/2022 10:45,65.959
7289,5/10/2022 11:00,66.087
7290,5/10/2022 11:15,66.214
7291,5/10/2022 11:30,66.301
7292,5/10/2022 11:45,66.429
7293,5/10/2022 12:00,66.558
7294,5/10/2022 12:15,66.772
7295,5/10/2022 12:30,66.9
7296,5/10/2022 12:45,67.071
7297,5/10/2022 13:00,67.413
7298,5/10/2022 13:15,67.928
7299,5/10/2022 13:30,68.785
7300,5/10/2022 13:45,70.243
7301,5/10/2022 14:00,72.221
7302,5/10/2022 14:15,72.007
7303,5/10/2022 14:30,70.716
7304,5/10/2022 14:45,70.115
7305,5/10/2022 15:00,69.814
7306,5/10/2022 15:15,69.643
7307,5/10/2022 15:30,69.643
7308,5/10/2022 15:45,69.643
7309,5/10/2022 16:00,69.685
7310,5/10/2022 16:15,69.728
7311,5/10/2022 16:30,69.771
7312,5/10/2022 16:45,69.814
7313,5/10/2022 17:00,69.858
7314,5/10/2022 17:15,69.942
7315,5/10/2022 17:30,69.985
7316,5/10/2022 17:45,70.029
7317,5/10/2022 18:00,70.029
7318,5/10/2022 18:15,70.029
7319,5/10/2022 18:30,70.029
7320,5/10/2022 18:45,69.942
7321,5/10/2022 19:00,69.858
7322,5/10/2022 19:15,69.771
7323,5/10/2022 19:30,69.685
7324,5/10/2022 19:45,69.643
7325,5/10/2022 20:00,69.557
7326,5/10/2022 20:15,69.471
7327,5/10/2022 20:30,69.343
7328,5/10/2022 20:45,69.3
7329,5/10/2022 21:00,69.256
7330,5/10/2022 21:15,69.213
7331,5/10/2022 21:30,69.17
7332,5/10/2022 21:45,69.129
7333,5/10/2022 22:00,69.042
7334,5/10/2022 22:15,68.999
7335,5/10/2022 22:30,68.956
7336,5/10/2022 22:45,68.913
7337,5/10/2022 23:00,68.913
7338,5/10/2022 23:15,68.913
7339,5/10/2022 23:30,68.871
7340,5/10/2022 23:45,68.828
7341,5/11/2022 0:00,68.871
7342,5/11/2022 0:15,68.698
7343,5/11/2022 0:30,68.614
7344,5/11/2022 0:45,68.571
7345,5/11/2022 1:00,68.527
7346,5/11/2022 1:15,68.484
7347,5/11/2022 1:30,68.4
7348,5/11/2022 1:45,68.27
7349,5/11/2022 2:00,68.099
7350,5/11/2022 2:15,67.885
7351,5/11/2022 2:30,67.714
7352,5/11/2022 2:45,67.543
7353,5/11/2022 3:00,67.372
7354,5/11/2022 3:15,67.199
7355,5/11/2022 3:30,67.028
7356,5/11/2022 3:45,66.857
7357,5/11/2022 4:00,66.686
7358,5/11/2022 4:15,66.515
7359,5/11/2022 4:30,66.301
7360,5/11/2022 4:45,66.13
7361,5/11/2022 5:00,65.916
7362,5/11/2022 5:15,65.788
7363,5/11/2022 5:30,65.615
7364,5/11/2022 5:45,65.487
7365,5/11/2022 6:00,65.403
7366,5/11/2022 6:15,65.316
7367,5/11/2022 6:30,65.273
7368,5/11/2022 6:45,65.273
7369,5/11/2022 7:00,65.316
7370,5/11/2022 7:15,65.316
7371,5/11/2022 7:30,65.359
7372,5/11/2022 7:45,65.359
7373,5/11/2022 8:00,65.403
7374,5/11/2022 8:15,65.403
7375,5/11/2022 8:30,65.444
7376,5/11/2022 8:45,65.444
7377,5/11/2022 9:00,65.444
7378,5/11/2022 9:15,65.487
7379,5/11/2022 9:30,65.658
7380,5/11/2022 9:45,65.658
7381,5/11/2022 10:00,65.701
7382,5/11/2022 10:15,65.745
7383,5/11/2022 10:30,65.829
7384,5/11/2022 10:45,65.916
7385,5/11/2022 11:00,66.087
7386,5/11/2022 11:15,66.344
7387,5/11/2022 11:30,66.643
7388,5/11/2022 11:45,66.772
7389,5/11/2022 12:00,67.242
7390,5/11/2022 12:15,67.5
7391,5/11/2022 12:30,67.627
7392,5/11/2022 12:45,68.013
7393,5/11/2022 13:00,68.4
7394,5/11/2022 13:15,68.828
7395,5/11/2022 13:30,69.427
7396,5/11/2022 13:45,70.158
7397,5/11/2022 14:00,70.716
7398,5/11/2022 14:15,70.63
7399,5/11/2022 14:30,70.115
7400,5/11/2022 14:45,69.814
7401,5/11/2022 15:00,69.728
7402,5/11/2022 15:15,69.728
7403,5/11/2022 15:30,69.814
7404,5/11/2022 15:45,69.942
7405,5/11/2022 16:00,70.029
7406,5/11/2022 16:15,70.201
7407,5/11/2022 16:30,70.286
7408,5/11/2022 16:45,70.416
7409,5/11/2022 17:00,70.543
7410,5/11/2022 17:15,70.63
7411,5/11/2022 17:30,70.716
7412,5/11/2022 17:45,70.846
7413,5/11/2022 18:00,70.974
7414,5/11/2022 18:15,71.103
7415,5/11/2022 18:30,71.146
7416,5/11/2022 18:45,71.19
7417,5/11/2022 19:00,71.231
7418,5/11/2022 19:15,71.231
7419,5/11/2022 19:30,71.231
7420,5/11/2022 19:45,71.231
7421,5/11/2022 20:00,71.274
7422,5/11/2022 20:15,70.803
7423,5/11/2022 20:30,70.459
7424,5/11/2022 20:45,70.158
7425,5/11/2022 21:00,69.858
7426,5/11/2022 21:15,69.557
7427,5/11/2022 21:30,69.17
7428,5/11/2022 21:45,68.785
7429,5/11/2022 22:00,68.657
7430,5/11/2022 22:15,68.698
7431,5/11/2022 22:30,68.785
7432,5/11/2022 22:45,68.785
7433,5/11/2022 23:00,68.828
7434,5/11/2022 23:15,68.828
7435,5/11/2022 23:30,68.785
7436,5/11/2022 23:45,68.742
7437,5/12/2022 0:00,68.657
7438,5/12/2022 0:15,68.614
7439,5/12/2022 0:30,68.527
7440,5/12/2022 0:45,68.443
7441,5/12/2022 1:00,68.313
7442,5/12/2022 1:15,68.185
7443,5/12/2022 1:30,68.013
7444,5/12/2022 1:45,67.842
7445,5/12/2022 2:00,67.671
7446,5/12/2022 2:15,67.543
7447,5/12/2022 2:30,67.329
7448,5/12/2022 2:45,67.158
7449,5/12/2022 3:00,66.985
7450,5/12/2022 3:15,66.814
7451,5/12/2022 3:30,66.643
7452,5/12/2022 3:45,66.429
7453,5/12/2022 4:00,66.301
7454,5/12/2022 4:15,66.087
7455,5/12/2022 4:30,65.916
7456,5/12/2022 4:45,65.788
7457,5/12/2022 5:00,65.658
7458,5/12/2022 5:15,65.487
7459,5/12/2022 5:30,65.359
7460,5/12/2022 5:45,65.23
7461,5/12/2022 6:00,65.145
7462,5/12/2022 6:15,65.145
7463,5/12/2022 6:30,65.188
7464,5/12/2022 6:45,65.273
7465,5/12/2022 7:00,65.403
7466,5/12/2022 7:15,65.487
7467,5/12/2022 7:30,65.574
7468,5/12/2022 7:45,65.658
7469,5/12/2022 8:00,65.745
7470,5/12/2022 8:15,66
7471,5/12/2022 8:30,66.087
7472,5/12/2022 8:45,66.814
7473,5/12/2022 9:00,67.543
7474,5/12/2022 9:15,67.928
7475,5/12/2022 9:30,68.356
7476,5/12/2022 9:45,69.685
7477,5/12/2022 10:00,71.103
7478,5/12/2022 10:15,71.748
7479,5/12/2022 10:30,71.92
7480,5/12/2022 10:45,71.92
7481,5/12/2022 11:00,71.834
7482,5/12/2022 11:15,72.007
7483,5/12/2022 11:30,72.136
7484,5/12/2022 11:45,72.394
7485,5/12/2022 12:00,72.567
7486,5/12/2022 12:15,71.661
7487,5/12/2022 12:30,70.716
7488,5/12/2022 12:45,70.158
7489,5/12/2022 13:00,69.728
7490,5/12/2022 13:15,69.343
7491,5/12/2022 13:30,68.999
7492,5/12/2022 13:45,68.698
7493,5/12/2022 14:00,68.443
7494,5/12/2022 14:15,68.227
7495,5/12/2022 14:30,67.627
7496,5/12/2022 14:45,67.842
7497,5/12/2022 15:00,67.586
7498,5/12/2022 15:07,
7499,5/12/2022 15:07,
