Obs_Numb,Date_Time,Temp_F
1,2/23/2022 13:00,61.119
2,2/23/2022 13:15,61.162
3,2/23/2022 13:30,61.119
4,2/23/2022 13:45,61.075
5,2/23/2022 14:00,61.032
6,2/23/2022 14:15,60.904
7,2/23/2022 14:30,60.818
8,2/23/2022 14:45,60.775
9,2/23/2022 15:00,60.861
10,2/23/2022 15:15,61.248
11,2/23/2022 15:30,61.804
12,2/23/2022 15:45,62.533
13,2/23/2022 16:00,63.262
14,2/23/2022 16:15,63.648
15,2/23/2022 16:30,64.033
16,2/23/2022 16:45,63.99
17,2/23/2022 17:00,63.732
18,2/23/2022 17:15,63.604
19,2/23/2022 17:30,63.39
20,2/23/2022 17:45,63.176
21,2/23/2022 18:00,63.09
22,2/23/2022 18:15,63.09
23,2/23/2022 18:30,63.133
24,2/23/2022 18:45,63.219
25,2/23/2022 19:00,63.347
26,2/23/2022 19:15,63.475
27,2/23/2022 19:30,63.561
28,2/23/2022 19:45,63.689
29,2/23/2022 20:00,63.819
30,2/23/2022 20:15,63.946
31,2/23/2022 20:30,64.074
32,2/23/2022 20:45,64.161
33,2/23/2022 21:00,64.247
34,2/23/2022 21:15,64.288
35,2/23/2022 21:30,64.288
36,2/23/2022 21:45,64.332
37,2/23/2022 22:00,64.375
38,2/23/2022 22:15,64.418
39,2/23/2022 22:30,64.503
40,2/23/2022 22:45,64.546
41,2/23/2022 23:00,69.042
42,2/23/2022 23:15,70.243
43,2/23/2022 23:30,69.901
44,2/23/2022 23:45,69.557
45,2/24/2022 0:00,69.643
46,2/24/2022 0:15,69.901
47,2/24/2022 0:30,70.158
48,2/24/2022 0:45,70.372
49,2/24/2022 1:00,70.63
50,2/24/2022 1:15,70.803
51,2/24/2022 1:30,70.93
52,2/24/2022 1:45,70.63
53,2/24/2022 2:00,70.158
54,2/24/2022 2:15,69.685
55,2/24/2022 2:30,69.557
56,2/24/2022 2:45,69.728
57,2/24/2022 3:00,69.942
58,2/24/2022 3:15,70.201
59,2/24/2022 3:30,70.459
60,2/24/2022 3:45,70.673
61,2/24/2022 4:00,70.846
62,2/24/2022 4:15,71.017
63,2/24/2022 4:30,70.716
64,2/24/2022 4:45,70.243
65,2/24/2022 5:00,69.858
66,2/24/2022 5:15,69.042
67,2/24/2022 5:30,68.27
68,2/24/2022 5:45,67.671
69,2/24/2022 6:00,67.071
70,2/24/2022 6:15,66.558
71,2/24/2022 6:30,66.087
72,2/24/2022 6:45,65.745
73,2/24/2022 7:00,65.574
74,2/24/2022 7:15,65.359
75,2/24/2022 7:30,65.23
76,2/24/2022 7:45,65.145
77,2/24/2022 8:00,65.102
78,2/24/2022 8:15,65.059
79,2/24/2022 8:30,65.059
80,2/24/2022 8:45,65.059
81,2/24/2022 9:00,65.059
82,2/24/2022 9:15,65.059
83,2/24/2022 9:30,65.017
84,2/24/2022 9:45,64.974
85,2/24/2022 10:00,64.931
86,2/24/2022 10:15,64.888
87,2/24/2022 10:30,64.888
88,2/24/2022 10:45,64.931
89,2/24/2022 11:00,70.201
90,2/24/2022 11:15,70.93
91,2/24/2022 11:30,71.06
92,2/24/2022 11:45,70.716
93,2/24/2022 12:00,70.243
94,2/24/2022 12:15,69.771
95,2/24/2022 12:30,69.942
96,2/24/2022 12:45,70.459
97,2/24/2022 13:00,71.06
98,2/24/2022 13:15,71.748
99,2/24/2022 13:30,72.307
100,2/24/2022 13:45,72.221
101,2/24/2022 14:00,71.964
102,2/24/2022 14:15,71.748
103,2/24/2022 14:30,71.533
104,2/24/2022 14:45,71.317
105,2/24/2022 15:00,71.103
106,2/24/2022 15:15,70.93
107,2/24/2022 15:30,70.759
108,2/24/2022 15:45,70.587
109,2/24/2022 16:00,70.416
110,2/24/2022 16:15,69.814
111,2/24/2022 16:30,69.6
112,2/24/2022 16:45,69.643
113,2/24/2022 17:00,69.471
114,2/24/2022 17:15,69.343
115,2/24/2022 17:30,68.356
116,2/24/2022 17:45,67.627
117,2/24/2022 18:00,67.158
118,2/24/2022 18:15,66.772
119,2/24/2022 18:30,66.429
120,2/24/2022 18:45,66.043
121,2/24/2022 19:00,65.745
122,2/24/2022 19:15,65.574
123,2/24/2022 19:30,65.444
124,2/24/2022 19:45,65.316
125,2/24/2022 20:00,65.23
126,2/24/2022 20:15,65.145
127,2/24/2022 20:30,65.059
128,2/24/2022 20:45,64.974
129,2/24/2022 21:00,64.931
130,2/24/2022 21:15,64.803
131,2/24/2022 21:30,64.76
132,2/24/2022 21:45,64.717
133,2/24/2022 22:00,64.717
134,2/24/2022 22:15,64.717
135,2/24/2022 22:30,64.717
136,2/24/2022 22:45,68.657
137,2/24/2022 23:00,70.243
138,2/24/2022 23:15,70.029
139,2/24/2022 23:30,69.685
140,2/24/2022 23:45,69.685
141,2/25/2022 0:00,69.858
142,2/25/2022 0:15,70.072
143,2/25/2022 0:30,70.372
144,2/25/2022 0:45,70.587
145,2/25/2022 1:00,70.846
146,2/25/2022 1:15,70.974
147,2/25/2022 1:30,70.673
148,2/25/2022 1:45,70.243
149,2/25/2022 2:00,69.858
150,2/25/2022 2:15,69.685
151,2/25/2022 2:30,69.771
152,2/25/2022 2:45,69.985
153,2/25/2022 3:00,70.243
154,2/25/2022 3:15,70.459
155,2/25/2022 3:30,70.716
156,2/25/2022 3:45,70.887
157,2/25/2022 4:00,70.673
158,2/25/2022 4:15,70.243
159,2/25/2022 4:30,69.814
160,2/25/2022 4:45,69.6
161,2/25/2022 5:00,69.427
162,2/25/2022 5:15,68.698
163,2/25/2022 5:30,68.056
164,2/25/2022 5:45,67.543
165,2/25/2022 6:00,67.158
166,2/25/2022 6:15,66.729
167,2/25/2022 6:30,66.385
168,2/25/2022 6:45,66.043
169,2/25/2022 7:00,65.788
170,2/25/2022 7:15,65.574
171,2/25/2022 7:30,65.444
172,2/25/2022 7:45,65.403
173,2/25/2022 8:00,65.316
174,2/25/2022 8:15,65.316
175,2/25/2022 8:30,65.316
176,2/25/2022 8:45,65.273
177,2/25/2022 9:00,65.23
178,2/25/2022 9:15,65.23
179,2/25/2022 9:30,65.23
180,2/25/2022 9:45,65.273
181,2/25/2022 10:00,65.359
182,2/25/2022 10:15,65.444
183,2/25/2022 10:30,65.574
184,2/25/2022 10:45,70.372
185,2/25/2022 11:00,70.201
186,2/25/2022 11:15,69.814
187,2/25/2022 11:30,69.685
188,2/25/2022 11:45,69.814
189,2/25/2022 12:00,70.201
190,2/25/2022 12:15,70.673
191,2/25/2022 12:30,71.231
192,2/25/2022 12:45,71.748
193,2/25/2022 13:00,71.834
194,2/25/2022 13:15,71.748
195,2/25/2022 13:30,71.533
196,2/25/2022 13:45,71.361
197,2/25/2022 14:00,71.146
198,2/25/2022 14:15,70.93
199,2/25/2022 14:30,70.716
200,2/25/2022 14:45,70.502
201,2/25/2022 15:00,70.286
202,2/25/2022 15:15,69.901
203,2/25/2022 15:30,69.514
204,2/25/2022 15:45,69.514
205,2/25/2022 16:00,69.514
206,2/25/2022 16:15,69.557
207,2/25/2022 16:30,69.6
208,2/25/2022 16:45,69.471
209,2/25/2022 17:00,69.343
210,2/25/2022 17:15,68.657
211,2/25/2022 17:30,67.971
212,2/25/2022 17:45,67.456
213,2/25/2022 18:00,67.114
214,2/25/2022 18:15,66.729
215,2/25/2022 18:30,66.385
216,2/25/2022 18:45,66.087
217,2/25/2022 19:00,65.829
218,2/25/2022 19:15,65.615
219,2/25/2022 19:30,65.487
220,2/25/2022 19:45,65.359
221,2/25/2022 20:00,65.23
222,2/25/2022 20:15,65.145
223,2/25/2022 20:30,65.102
224,2/25/2022 20:45,65.059
225,2/25/2022 21:00,64.888
226,2/25/2022 21:15,64.803
227,2/25/2022 21:30,64.717
228,2/25/2022 21:45,64.632
229,2/25/2022 22:00,64.589
230,2/25/2022 22:15,64.546
231,2/25/2022 22:30,64.845
232,2/25/2022 22:45,69.343
233,2/25/2022 23:00,69.6
234,2/25/2022 23:15,69.728
235,2/25/2022 23:30,69.858
236,2/25/2022 23:45,69.901
237,2/26/2022 0:00,69.942
238,2/26/2022 0:15,69.985
239,2/26/2022 0:30,70.029
240,2/26/2022 0:45,70.072
241,2/26/2022 1:00,70.115
242,2/26/2022 1:15,70.115
243,2/26/2022 1:30,70.158
244,2/26/2022 1:45,70.201
245,2/26/2022 2:00,70.201
246,2/26/2022 2:15,70.243
247,2/26/2022 2:30,70.286
248,2/26/2022 2:45,70.286
249,2/26/2022 3:00,70.286
250,2/26/2022 3:15,70.329
251,2/26/2022 3:30,70.329
252,2/26/2022 3:45,70.372
253,2/26/2022 4:00,70.372
254,2/26/2022 4:15,70.372
255,2/26/2022 4:30,70.329
256,2/26/2022 4:45,70.158
257,2/26/2022 5:00,69.942
258,2/26/2022 5:15,68.956
259,2/26/2022 5:30,68.27
260,2/26/2022 5:45,67.757
261,2/26/2022 6:00,67.372
262,2/26/2022 6:15,67.071
263,2/26/2022 6:30,66.772
264,2/26/2022 6:45,66.515
265,2/26/2022 7:00,66.301
266,2/26/2022 7:15,66.087
267,2/26/2022 7:30,65.916
268,2/26/2022 7:45,65.788
269,2/26/2022 8:00,65.615
270,2/26/2022 8:15,65.444
271,2/26/2022 8:30,65.316
272,2/26/2022 8:45,65.145
273,2/26/2022 9:00,65.017
274,2/26/2022 9:15,64.888
275,2/26/2022 9:30,64.803
276,2/26/2022 9:45,64.632
277,2/26/2022 10:00,64.546
278,2/26/2022 10:15,64.459
279,2/26/2022 10:30,69.17
280,2/26/2022 10:45,69.942
281,2/26/2022 11:00,70.072
282,2/26/2022 11:15,70.115
283,2/26/2022 11:30,70.072
284,2/26/2022 11:45,70.029
285,2/26/2022 12:00,70.029
286,2/26/2022 12:15,69.985
287,2/26/2022 12:30,70.029
288,2/26/2022 12:45,70.029
289,2/26/2022 13:00,70.072
290,2/26/2022 13:15,70.372
291,2/26/2022 13:30,70.673
292,2/26/2022 13:45,71.231
293,2/26/2022 14:00,71.704
294,2/26/2022 14:15,71.704
295,2/26/2022 14:30,71.533
296,2/26/2022 14:45,71.361
297,2/26/2022 15:00,71.146
298,2/26/2022 15:15,70.93
299,2/26/2022 15:30,70.759
300,2/26/2022 15:45,70.587
301,2/26/2022 16:00,70.416
302,2/26/2022 16:15,70.243
303,2/26/2022 16:30,70.072
304,2/26/2022 16:45,69.985
305,2/26/2022 17:00,69.557
306,2/26/2022 17:15,68.785
307,2/26/2022 17:30,68.313
308,2/26/2022 17:45,67.971
309,2/26/2022 18:00,67.885
310,2/26/2022 18:15,67.714
311,2/26/2022 18:30,67.586
312,2/26/2022 18:45,67.413
313,2/26/2022 19:00,67.285
314,2/26/2022 19:15,67.114
315,2/26/2022 19:30,67.028
316,2/26/2022 19:45,66.9
317,2/26/2022 20:00,66.814
318,2/26/2022 20:15,66.729
319,2/26/2022 20:30,66.686
320,2/26/2022 20:45,66.643
321,2/26/2022 21:00,66.686
322,2/26/2022 21:15,66.772
323,2/26/2022 21:30,66.857
324,2/26/2022 21:45,66.943
325,2/26/2022 22:00,66.943
326,2/26/2022 22:15,66.9
327,2/26/2022 22:30,69.942
328,2/26/2022 22:45,70.201
329,2/26/2022 23:00,70.286
330,2/26/2022 23:15,70.286
331,2/26/2022 23:30,70.243
332,2/26/2022 23:45,70.201
333,2/27/2022 0:00,70.158
334,2/27/2022 0:15,70.115
335,2/27/2022 0:30,70.072
336,2/27/2022 0:45,70.029
337,2/27/2022 1:00,70.029
338,2/27/2022 1:15,69.985
339,2/27/2022 1:30,69.942
340,2/27/2022 1:45,69.901
341,2/27/2022 2:00,69.858
342,2/27/2022 2:15,69.858
343,2/27/2022 2:30,69.814
344,2/27/2022 2:45,69.814
345,2/27/2022 3:00,69.771
346,2/27/2022 3:15,69.771
347,2/27/2022 3:30,69.728
348,2/27/2022 3:45,69.728
349,2/27/2022 4:00,69.685
350,2/27/2022 4:15,69.685
351,2/27/2022 4:30,69.514
352,2/27/2022 4:45,69.427
353,2/27/2022 5:00,68.828
354,2/27/2022 5:15,68.313
355,2/27/2022 5:30,68.056
356,2/27/2022 5:45,67.928
357,2/27/2022 6:00,67.885
358,2/27/2022 6:15,67.885
359,2/27/2022 6:30,67.885
360,2/27/2022 6:45,67.885
361,2/27/2022 7:00,67.842
362,2/27/2022 7:15,67.842
363,2/27/2022 7:30,67.842
364,2/27/2022 7:45,67.757
365,2/27/2022 8:00,67.627
366,2/27/2022 8:15,67.586
367,2/27/2022 8:30,67.543
368,2/27/2022 8:45,67.543
369,2/27/2022 9:00,67.586
370,2/27/2022 9:15,67.627
371,2/27/2022 9:30,67.714
372,2/27/2022 9:45,67.757
373,2/27/2022 10:00,67.842
374,2/27/2022 10:15,68.785
375,2/27/2022 10:30,69.728
376,2/27/2022 10:45,69.901
377,2/27/2022 11:00,69.942
378,2/27/2022 11:15,69.901
379,2/27/2022 11:30,69.901
380,2/27/2022 11:45,69.858
381,2/27/2022 12:00,69.901
382,2/27/2022 12:15,70.329
383,2/27/2022 12:30,70.803
384,2/27/2022 12:45,71.404
385,2/27/2022 13:00,71.964
386,2/27/2022 13:15,72.007
387,2/27/2022 13:30,71.877
388,2/27/2022 13:45,71.704
389,2/27/2022 14:00,71.49
390,2/27/2022 14:15,71.317
391,2/27/2022 14:30,71.146
392,2/27/2022 14:45,70.974
393,2/27/2022 15:00,70.803
394,2/27/2022 15:15,70.502
395,2/27/2022 15:30,70.115
396,2/27/2022 15:45,69.771
397,2/27/2022 16:00,69.814
398,2/27/2022 16:15,69.901
399,2/27/2022 16:30,69.771
400,2/27/2022 16:45,69.6
401,2/27/2022 17:00,68.913
402,2/27/2022 17:15,68.527
403,2/27/2022 17:30,68.484
404,2/27/2022 17:45,68.571
405,2/27/2022 18:00,68.484
406,2/27/2022 18:15,68.4
407,2/27/2022 18:30,68.227
408,2/27/2022 18:45,68.013
409,2/27/2022 19:00,67.842
410,2/27/2022 19:15,67.714
411,2/27/2022 19:30,67.671
412,2/27/2022 19:45,67.714
413,2/27/2022 20:00,67.757
414,2/27/2022 20:15,67.798
415,2/27/2022 20:30,67.798
416,2/27/2022 20:45,67.714
417,2/27/2022 21:00,67.586
418,2/27/2022 21:15,67.5
419,2/27/2022 21:30,67.5
420,2/27/2022 21:45,67.543
421,2/27/2022 22:00,67.627
422,2/27/2022 22:15,70.158
423,2/27/2022 22:30,69.985
424,2/27/2022 22:45,69.685
425,2/27/2022 23:00,69.858
426,2/27/2022 23:15,70.158
427,2/27/2022 23:30,70.543
428,2/27/2022 23:45,70.887
429,2/28/2022 0:00,71.146
430,2/28/2022 0:15,71.361
431,2/28/2022 0:30,71.103
432,2/28/2022 0:45,70.63
433,2/28/2022 1:00,70.201
434,2/28/2022 1:15,69.814
435,2/28/2022 1:30,69.814
436,2/28/2022 1:45,70.029
437,2/28/2022 2:00,70.329
438,2/28/2022 2:15,70.63
439,2/28/2022 2:30,70.887
440,2/28/2022 2:45,71.146
441,2/28/2022 3:00,71.231
442,2/28/2022 3:15,70.93
443,2/28/2022 3:30,70.459
444,2/28/2022 3:45,70.029
445,2/28/2022 4:00,69.771
446,2/28/2022 4:15,69.643
447,2/28/2022 4:30,69.557
448,2/28/2022 4:45,69.17
449,2/28/2022 5:00,68.571
450,2/28/2022 5:15,68.27
451,2/28/2022 5:30,68.527
452,2/28/2022 5:45,68.698
453,2/28/2022 6:00,68.742
454,2/28/2022 6:15,68.614
455,2/28/2022 6:30,68.4
456,2/28/2022 6:45,68.27
457,2/28/2022 7:00,68.27
458,2/28/2022 7:15,68.4
459,2/28/2022 7:30,68.527
460,2/28/2022 7:45,68.571
461,2/28/2022 8:00,68.571
462,2/28/2022 8:15,68.484
463,2/28/2022 8:30,68.356
464,2/28/2022 8:45,68.185
465,2/28/2022 9:00,68.056
466,2/28/2022 9:15,68.142
467,2/28/2022 9:30,68.227
468,2/28/2022 9:45,68.4
469,2/28/2022 10:00,68.484
470,2/28/2022 10:15,70.158
471,2/28/2022 10:30,69.814
472,2/28/2022 10:45,69.6
473,2/28/2022 11:00,69.985
474,2/28/2022 11:15,70.372
475,2/28/2022 11:30,70.974
476,2/28/2022 11:45,71.577
477,2/28/2022 12:00,71.964
478,2/28/2022 12:15,71.92
479,2/28/2022 12:30,71.748
480,2/28/2022 12:45,71.533
481,2/28/2022 13:00,71.317
482,2/28/2022 13:15,71.06
483,2/28/2022 13:30,70.587
484,2/28/2022 13:45,70.029
485,2/28/2022 14:00,69.685
486,2/28/2022 14:15,69.728
487,2/28/2022 14:30,69.901
488,2/28/2022 14:45,70.115
489,2/28/2022 15:00,70.286
490,2/28/2022 15:15,70.459
491,2/28/2022 15:30,70.63
492,2/28/2022 15:45,70.803
493,2/28/2022 16:00,70.93
494,2/28/2022 16:15,70.759
495,2/28/2022 16:30,70.63
496,2/28/2022 16:45,69.814
497,2/28/2022 17:00,69.085
498,2/28/2022 17:15,68.527
499,2/28/2022 17:30,68.099
500,2/28/2022 17:45,67.885
501,2/28/2022 18:00,67.714
502,2/28/2022 18:15,67.543
503,2/28/2022 18:30,67.5
504,2/28/2022 18:45,67.5
505,2/28/2022 19:00,67.5
506,2/28/2022 19:15,67.842
507,2/28/2022 19:30,67.971
508,2/28/2022 19:45,67.971
509,2/28/2022 20:00,67.798
510,2/28/2022 20:15,67.714
511,2/28/2022 20:30,67.714
512,2/28/2022 20:45,67.798
513,2/28/2022 21:00,67.885
514,2/28/2022 21:15,67.842
515,2/28/2022 21:30,67.627
516,2/28/2022 21:45,67.543
517,2/28/2022 22:00,68.999
518,2/28/2022 22:15,69.814
519,2/28/2022 22:30,70.201
520,2/28/2022 22:45,70.459
521,2/28/2022 23:00,70.716
522,2/28/2022 23:15,70.93
523,2/28/2022 23:30,71.103
524,2/28/2022 23:45,71.231
525,3/1/2022 0:00,70.887
526,3/1/2022 0:15,70.416
527,3/1/2022 0:30,69.901
528,3/1/2022 0:45,69.728
529,3/1/2022 1:00,69.814
530,3/1/2022 1:15,70.029
531,3/1/2022 1:30,70.201
532,3/1/2022 1:45,70.459
533,3/1/2022 2:00,70.63
534,3/1/2022 2:15,70.803
535,3/1/2022 2:30,70.974
536,3/1/2022 2:45,71.06
537,3/1/2022 3:00,70.759
538,3/1/2022 3:15,70.243
539,3/1/2022 3:30,69.814
540,3/1/2022 3:45,69.685
541,3/1/2022 4:00,69.728
542,3/1/2022 4:15,69.6
543,3/1/2022 4:30,69.427
544,3/1/2022 4:45,68.742
545,3/1/2022 5:00,68.227
546,3/1/2022 5:15,67.971
547,3/1/2022 5:30,67.842
548,3/1/2022 5:45,67.885
549,3/1/2022 6:00,67.928
550,3/1/2022 6:15,67.971
551,3/1/2022 6:30,67.971
552,3/1/2022 6:45,68.056
553,3/1/2022 7:00,68.099
554,3/1/2022 7:15,68.099
555,3/1/2022 7:30,68.227
556,3/1/2022 7:45,68.313
557,3/1/2022 8:00,68.4
558,3/1/2022 8:15,68.527
559,3/1/2022 8:30,68.657
560,3/1/2022 8:45,68.871
561,3/1/2022 9:00,68.999
562,3/1/2022 9:15,68.913
563,3/1/2022 9:30,68.698
564,3/1/2022 9:45,68.443
565,3/1/2022 10:00,70.201
566,3/1/2022 10:15,70.587
567,3/1/2022 10:30,70.716
568,3/1/2022 10:45,70.243
569,3/1/2022 11:00,70.072
570,3/1/2022 11:15,70.459
571,3/1/2022 11:30,71.017
572,3/1/2022 11:45,71.62
573,3/1/2022 12:00,71.748
574,3/1/2022 12:15,71.704
575,3/1/2022 12:30,71.577
576,3/1/2022 12:45,71.404
577,3/1/2022 13:00,71.317
578,3/1/2022 13:15,71.146
579,3/1/2022 13:30,71.017
580,3/1/2022 13:45,70.846
581,3/1/2022 14:00,70.673
582,3/1/2022 14:15,70.459
583,3/1/2022 14:30,69.942
584,3/1/2022 14:45,69.557
585,3/1/2022 15:00,69.514
586,3/1/2022 15:15,69.557
587,3/1/2022 15:30,69.643
588,3/1/2022 15:45,69.771
589,3/1/2022 16:00,69.685
590,3/1/2022 16:15,69.6
591,3/1/2022 16:30,69.129
592,3/1/2022 16:45,68.571
593,3/1/2022 17:00,68.227
594,3/1/2022 17:15,67.928
595,3/1/2022 17:30,67.671
596,3/1/2022 17:45,67.372
597,3/1/2022 18:00,67.114
598,3/1/2022 18:15,66.9
599,3/1/2022 18:30,66.643
600,3/1/2022 18:45,66.515
601,3/1/2022 19:00,66.429
602,3/1/2022 19:15,66.385
603,3/1/2022 19:30,66.301
604,3/1/2022 19:45,66.301
605,3/1/2022 20:00,66.258
606,3/1/2022 20:15,66.214
607,3/1/2022 20:30,66.173
608,3/1/2022 20:45,66.173
609,3/1/2022 21:00,66.173
610,3/1/2022 21:15,66.173
611,3/1/2022 21:30,66.173
612,3/1/2022 21:45,66.173
613,3/1/2022 22:00,70.974
614,3/1/2022 22:15,71.361
615,3/1/2022 22:30,71.103
616,3/1/2022 22:45,70.587
617,3/1/2022 23:00,70.115
618,3/1/2022 23:15,69.942
619,3/1/2022 23:30,70.115
620,3/1/2022 23:45,70.329
621,3/2/2022 0:00,70.587
622,3/2/2022 0:15,70.846
623,3/2/2022 0:30,71.06
624,3/2/2022 0:45,70.93
625,3/2/2022 1:00,70.459
626,3/2/2022 1:15,70.029
627,3/2/2022 1:30,69.901
628,3/2/2022 1:45,70.072
629,3/2/2022 2:00,70.329
630,3/2/2022 2:15,70.587
631,3/2/2022 2:30,70.803
632,3/2/2022 2:45,71.017
633,3/2/2022 3:00,71.06
634,3/2/2022 3:15,70.673
635,3/2/2022 3:30,70.201
636,3/2/2022 3:45,69.901
637,3/2/2022 4:00,69.771
638,3/2/2022 4:15,69.643
639,3/2/2022 4:30,69.042
640,3/2/2022 4:45,68.571
641,3/2/2022 5:00,68.185
642,3/2/2022 5:15,67.714
643,3/2/2022 5:30,67.372
644,3/2/2022 5:45,67.071
645,3/2/2022 6:00,66.857
646,3/2/2022 6:15,66.643
647,3/2/2022 6:30,66.472
648,3/2/2022 6:45,66.385
649,3/2/2022 7:00,66.385
650,3/2/2022 7:15,66.344
651,3/2/2022 7:30,66.344
652,3/2/2022 7:45,66.344
653,3/2/2022 8:00,66.258
654,3/2/2022 8:15,66.214
655,3/2/2022 8:30,66.13
656,3/2/2022 8:45,66.087
657,3/2/2022 9:00,66.087
658,3/2/2022 9:15,66.087
659,3/2/2022 9:30,66.13
660,3/2/2022 9:45,71.231
661,3/2/2022 10:00,72.178
662,3/2/2022 10:15,72.178
663,3/2/2022 10:30,72.05
664,3/2/2022 10:45,70.587
665,3/2/2022 11:00,70.673
666,3/2/2022 11:15,70.93
667,3/2/2022 11:30,71.361
668,3/2/2022 11:45,71.704
669,3/2/2022 12:00,71.62
670,3/2/2022 12:15,71.361
671,3/2/2022 12:30,71.06
672,3/2/2022 12:45,70.803
673,3/2/2022 13:00,70.543
674,3/2/2022 13:15,70.243
675,3/2/2022 13:30,70.029
676,3/2/2022 13:45,70.201
677,3/2/2022 14:00,70.673
678,3/2/2022 14:15,71.19
679,3/2/2022 14:30,71.704
680,3/2/2022 14:45,71.964
681,3/2/2022 15:00,71.834
682,3/2/2022 15:15,71.577
683,3/2/2022 15:30,71.361
684,3/2/2022 15:45,71.146
685,3/2/2022 16:00,71.017
686,3/2/2022 16:15,70.716
687,3/2/2022 16:30,69.858
688,3/2/2022 16:45,69.3
689,3/2/2022 17:00,68.657
690,3/2/2022 17:15,68.227
691,3/2/2022 17:30,67.928
692,3/2/2022 17:45,67.627
693,3/2/2022 18:00,67.456
694,3/2/2022 18:15,67.329
695,3/2/2022 18:30,67.242
696,3/2/2022 18:45,67.114
697,3/2/2022 19:00,67.158
698,3/2/2022 19:15,67.071
699,3/2/2022 19:30,67.028
700,3/2/2022 19:45,66.985
701,3/2/2022 20:00,66.943
702,3/2/2022 20:15,66.814
703,3/2/2022 20:30,66.686
704,3/2/2022 20:45,66.6
705,3/2/2022 21:00,66.643
706,3/2/2022 21:15,66.686
707,3/2/2022 21:30,66.9
708,3/2/2022 21:45,70.803
709,3/2/2022 22:00,70.803
710,3/2/2022 22:15,70.673
711,3/2/2022 22:30,70.459
712,3/2/2022 22:45,70.201
713,3/2/2022 23:00,70.329
714,3/2/2022 23:15,70.846
715,3/2/2022 23:30,71.404
716,3/2/2022 23:45,71.834
717,3/3/2022 0:00,71.748
718,3/3/2022 0:15,71.49
719,3/3/2022 0:30,71.19
720,3/3/2022 0:45,70.93
721,3/3/2022 1:00,70.63
722,3/3/2022 1:15,70.372
723,3/3/2022 1:30,70.115
724,3/3/2022 1:45,70.243
725,3/3/2022 2:00,70.716
726,3/3/2022 2:15,71.317
727,3/3/2022 2:30,71.661
728,3/3/2022 2:45,71.533
729,3/3/2022 3:00,71.317
730,3/3/2022 3:15,71.06
731,3/3/2022 3:30,70.803
732,3/3/2022 3:45,70.63
733,3/3/2022 4:00,70.502
734,3/3/2022 4:15,69.942
735,3/3/2022 4:30,69.213
736,3/3/2022 4:45,68.657
737,3/3/2022 5:00,68.185
738,3/3/2022 5:15,67.842
739,3/3/2022 5:30,67.671
740,3/3/2022 5:45,67.5
741,3/3/2022 6:00,67.372
742,3/3/2022 6:15,67.285
743,3/3/2022 6:30,67.199
744,3/3/2022 6:45,67.114
745,3/3/2022 7:00,67.028
746,3/3/2022 7:15,66.985
747,3/3/2022 7:30,67.028
748,3/3/2022 7:45,67.028
749,3/3/2022 8:00,66.985
750,3/3/2022 8:15,66.985
751,3/3/2022 8:30,66.985
752,3/3/2022 8:45,66.985
753,3/3/2022 9:00,67.028
754,3/3/2022 9:15,67.028
755,3/3/2022 9:30,67.242
756,3/3/2022 9:45,70.502
757,3/3/2022 10:00,70.416
758,3/3/2022 10:15,70.243
759,3/3/2022 10:30,70.115
760,3/3/2022 10:45,70.416
761,3/3/2022 11:00,70.93
762,3/3/2022 11:15,71.404
763,3/3/2022 11:30,71.704
764,3/3/2022 11:45,71.661
765,3/3/2022 12:00,71.533
766,3/3/2022 12:15,71.361
767,3/3/2022 12:30,71.19
768,3/3/2022 12:45,71.017
769,3/3/2022 13:00,70.846
770,3/3/2022 13:15,70.716
771,3/3/2022 13:30,70.543
772,3/3/2022 13:45,70.416
773,3/3/2022 14:00,70.243
774,3/3/2022 14:15,70.115
775,3/3/2022 14:30,70.201
776,3/3/2022 14:45,70.543
777,3/3/2022 15:00,70.974
778,3/3/2022 15:15,71.317
779,3/3/2022 15:30,71.231
780,3/3/2022 15:45,71.06
781,3/3/2022 16:00,70.887
782,3/3/2022 16:15,69.942
783,3/3/2022 16:30,69.3
784,3/3/2022 16:45,68.828
785,3/3/2022 17:00,68.4
786,3/3/2022 17:15,68.013
787,3/3/2022 17:30,67.671
788,3/3/2022 17:45,67.413
789,3/3/2022 18:00,67.158
790,3/3/2022 18:15,66.9
791,3/3/2022 18:30,66.686
792,3/3/2022 18:45,66.472
793,3/3/2022 19:00,66.214
794,3/3/2022 19:15,66
795,3/3/2022 19:30,65.829
796,3/3/2022 19:45,65.745
797,3/3/2022 20:00,65.701
798,3/3/2022 20:15,65.701
799,3/3/2022 20:30,65.788
800,3/3/2022 20:45,65.872
801,3/3/2022 21:00,65.916
802,3/3/2022 21:15,65.916
803,3/3/2022 21:30,69.386
804,3/3/2022 21:45,69.685
805,3/3/2022 22:00,69.814
806,3/3/2022 22:15,70.286
807,3/3/2022 22:30,70.759
808,3/3/2022 22:45,71.19
809,3/3/2022 23:00,71.146
810,3/3/2022 23:15,70.846
811,3/3/2022 23:30,70.502
812,3/3/2022 23:45,70.201
813,3/4/2022 0:00,69.942
814,3/4/2022 0:15,69.942
815,3/4/2022 0:30,70.243
816,3/4/2022 0:45,70.673
817,3/4/2022 1:00,71.103
818,3/4/2022 1:15,71.274
819,3/4/2022 1:30,71.103
820,3/4/2022 1:45,70.803
821,3/4/2022 2:00,70.502
822,3/4/2022 2:15,70.243
823,3/4/2022 2:30,69.942
824,3/4/2022 2:45,69.858
825,3/4/2022 3:00,70.115
826,3/4/2022 3:15,70.502
827,3/4/2022 3:30,70.543
828,3/4/2022 3:45,70.416
829,3/4/2022 4:00,70.072
830,3/4/2022 4:15,69.129
831,3/4/2022 4:30,68.571
832,3/4/2022 4:45,67.971
833,3/4/2022 5:00,67.5
834,3/4/2022 5:15,67.114
835,3/4/2022 5:30,66.814
836,3/4/2022 5:45,66.558
837,3/4/2022 6:00,66.344
838,3/4/2022 6:15,66.173
839,3/4/2022 6:30,65.916
840,3/4/2022 6:45,65.745
841,3/4/2022 7:00,65.615
842,3/4/2022 7:15,65.444
843,3/4/2022 7:30,65.316
844,3/4/2022 7:45,65.23
845,3/4/2022 8:00,65.145
846,3/4/2022 8:15,65.23
847,3/4/2022 8:30,65.23
848,3/4/2022 8:45,65.23
849,3/4/2022 9:00,65.188
850,3/4/2022 9:15,65.145
851,3/4/2022 9:30,65.059
852,3/4/2022 9:45,68.657
853,3/4/2022 10:00,69.643
854,3/4/2022 10:15,69.942
855,3/4/2022 10:30,70.673
856,3/4/2022 10:45,71.317
857,3/4/2022 11:00,71.49
858,3/4/2022 11:15,71.19
859,3/4/2022 11:30,70.974
860,3/4/2022 11:45,70.803
861,3/4/2022 12:00,70.543
862,3/4/2022 12:15,70.329
863,3/4/2022 12:30,70.286
864,3/4/2022 12:45,70.716
865,3/4/2022 13:00,71.361
866,3/4/2022 13:15,71.661
867,3/4/2022 13:30,71.577
868,3/4/2022 13:45,71.404
869,3/4/2022 14:00,71.06
870,3/4/2022 14:15,70.63
871,3/4/2022 14:30,70.115
872,3/4/2022 14:45,69.728
873,3/4/2022 15:00,69.728
874,3/4/2022 15:15,69.901
875,3/4/2022 15:30,70.158
876,3/4/2022 15:45,70.416
877,3/4/2022 16:00,70.673
878,3/4/2022 16:15,70.887
879,3/4/2022 16:30,70.759
880,3/4/2022 16:45,70.329
881,3/4/2022 17:00,69.858
882,3/4/2022 17:15,69.728
883,3/4/2022 17:30,69.901
884,3/4/2022 17:45,69.814
885,3/4/2022 18:00,69.643
886,3/4/2022 18:15,68.999
887,3/4/2022 18:30,68.27
888,3/4/2022 18:45,67.671
889,3/4/2022 19:00,67.158
890,3/4/2022 19:15,66.9
891,3/4/2022 19:30,66.515
892,3/4/2022 19:45,66.214
893,3/4/2022 20:00,65.916
894,3/4/2022 20:15,65.701
895,3/4/2022 20:30,65.53
896,3/4/2022 20:45,65.403
897,3/4/2022 21:00,65.359
898,3/4/2022 21:15,65.316
899,3/4/2022 21:30,65.23
900,3/4/2022 21:45,65.188
901,3/4/2022 22:00,65.102
902,3/4/2022 22:15,65.059
903,3/4/2022 22:30,65.017
904,3/4/2022 22:45,64.931
905,3/4/2022 23:00,64.888
906,3/4/2022 23:15,64.845
907,3/4/2022 23:30,66.686
908,3/4/2022 23:45,71.19
909,3/5/2022 0:00,71.06
910,3/5/2022 0:15,70.543
911,3/5/2022 0:30,70.029
912,3/5/2022 0:45,69.858
913,3/5/2022 1:00,69.985
914,3/5/2022 1:15,70.201
915,3/5/2022 1:30,70.459
916,3/5/2022 1:45,70.673
917,3/5/2022 2:00,70.887
918,3/5/2022 2:15,71.017
919,3/5/2022 2:30,70.63
920,3/5/2022 2:45,70.158
921,3/5/2022 3:00,69.728
922,3/5/2022 3:15,69.771
923,3/5/2022 3:30,69.985
924,3/5/2022 3:45,70.201
925,3/5/2022 4:00,70.416
926,3/5/2022 4:15,70.673
927,3/5/2022 4:30,70.846
928,3/5/2022 4:45,70.63
929,3/5/2022 5:00,70.158
930,3/5/2022 5:15,69.728
931,3/5/2022 5:30,69.685
932,3/5/2022 5:45,69.514
933,3/5/2022 6:00,69.343
934,3/5/2022 6:15,68.527
935,3/5/2022 6:30,67.928
936,3/5/2022 6:45,67.586
937,3/5/2022 7:00,67.158
938,3/5/2022 7:15,66.814
939,3/5/2022 7:30,66.472
940,3/5/2022 7:45,66.173
941,3/5/2022 8:00,65.916
942,3/5/2022 8:15,65.829
943,3/5/2022 8:30,65.701
944,3/5/2022 8:45,65.615
945,3/5/2022 9:00,65.574
946,3/5/2022 9:15,65.53
947,3/5/2022 9:30,65.403
948,3/5/2022 9:45,65.273
949,3/5/2022 10:00,65.102
950,3/5/2022 10:15,64.931
951,3/5/2022 10:30,64.845
952,3/5/2022 10:45,64.845
953,3/5/2022 11:00,64.845
954,3/5/2022 11:15,64.845
955,3/5/2022 11:30,70.029
956,3/5/2022 11:45,71.017
957,3/5/2022 12:00,71.274
958,3/5/2022 12:15,70.887
959,3/5/2022 12:30,70.372
960,3/5/2022 12:45,69.901
961,3/5/2022 13:00,69.814
962,3/5/2022 13:15,69.985
963,3/5/2022 13:30,70.201
964,3/5/2022 13:45,70.459
965,3/5/2022 14:00,70.716
966,3/5/2022 14:15,70.974
967,3/5/2022 14:30,70.974
968,3/5/2022 14:45,70.543
969,3/5/2022 15:00,70.072
970,3/5/2022 15:15,69.771
971,3/5/2022 15:30,69.901
972,3/5/2022 15:45,70.158
973,3/5/2022 16:00,70.372
974,3/5/2022 16:15,70.63
975,3/5/2022 16:30,70.887
976,3/5/2022 16:45,70.887
977,3/5/2022 17:00,70.502
978,3/5/2022 17:15,69.985
979,3/5/2022 17:30,69.685
980,3/5/2022 17:45,69.6
981,3/5/2022 18:00,69.3
982,3/5/2022 18:15,68.527
983,3/5/2022 18:30,68.056
984,3/5/2022 18:45,67.714
985,3/5/2022 19:00,67.372
986,3/5/2022 19:15,67.028
987,3/5/2022 19:30,66.772
988,3/5/2022 19:45,66.558
989,3/5/2022 20:00,66.344
990,3/5/2022 20:15,66.214
991,3/5/2022 20:30,66.087
992,3/5/2022 20:45,65.959
993,3/5/2022 21:00,65.872
994,3/5/2022 21:15,65.788
995,3/5/2022 21:30,65.745
996,3/5/2022 21:45,65.574
997,3/5/2022 22:00,65.444
998,3/5/2022 22:15,65.403
999,3/5/2022 22:30,65.403
1000,3/5/2022 22:45,65.444
1001,3/5/2022 23:00,65.615
1002,3/5/2022 23:15,65.701
1003,3/5/2022 23:30,70.93
1004,3/5/2022 23:45,71.317
1005,3/6/2022 0:00,70.974
1006,3/6/2022 0:15,70.459
1007,3/6/2022 0:30,69.985
1008,3/6/2022 0:45,69.858
1009,3/6/2022 1:00,70.029
1010,3/6/2022 1:15,70.329
1011,3/6/2022 1:30,70.587
1012,3/6/2022 1:45,70.846
1013,3/6/2022 2:00,70.974
1014,3/6/2022 2:15,70.63
1015,3/6/2022 2:30,70.158
1016,3/6/2022 2:45,69.771
1017,3/6/2022 3:00,69.814
1018,3/6/2022 3:15,70.029
1019,3/6/2022 3:30,70.286
1020,3/6/2022 3:45,70.543
1021,3/6/2022 4:00,70.803
1022,3/6/2022 4:15,70.846
1023,3/6/2022 4:30,70.459
1024,3/6/2022 4:45,69.985
1025,3/6/2022 5:00,69.728
1026,3/6/2022 5:15,69.901
1027,3/6/2022 5:30,69.728
1028,3/6/2022 5:45,69.6
1029,3/6/2022 6:00,69.042
1030,3/6/2022 6:15,68.484
1031,3/6/2022 6:30,68.056
1032,3/6/2022 6:45,67.714
1033,3/6/2022 7:00,67.372
1034,3/6/2022 7:15,67.028
1035,3/6/2022 7:30,66.772
1036,3/6/2022 7:45,66.558
1037,3/6/2022 8:00,66.385
1038,3/6/2022 8:15,66.301
1039,3/6/2022 8:30,66.258
1040,3/6/2022 8:45,66.258
1041,3/6/2022 9:00,66.173
1042,3/6/2022 9:15,66.13
1043,3/6/2022 9:30,66.043
1044,3/6/2022 9:45,65.959
1045,3/6/2022 10:00,65.872
1046,3/6/2022 10:15,65.745
1047,3/6/2022 10:30,65.658
1048,3/6/2022 10:45,65.574
1049,3/6/2022 11:00,65.487
1050,3/6/2022 11:15,69.3
1051,3/6/2022 11:30,70.846
1052,3/6/2022 11:45,70.502
1053,3/6/2022 12:00,70.029
1054,3/6/2022 12:15,69.901
1055,3/6/2022 12:30,70.459
1056,3/6/2022 12:45,70.846
1057,3/6/2022 13:00,71.361
1058,3/6/2022 13:15,71.791
1059,3/6/2022 13:30,71.834
1060,3/6/2022 13:45,71.704
1061,3/6/2022 14:00,71.577
1062,3/6/2022 14:15,71.404
1063,3/6/2022 14:30,71.274
1064,3/6/2022 14:45,71.103
1065,3/6/2022 15:00,70.974
1066,3/6/2022 15:15,70.459
1067,3/6/2022 15:30,69.814
1068,3/6/2022 15:45,69.557
1069,3/6/2022 16:00,69.557
1070,3/6/2022 16:15,69.685
1071,3/6/2022 16:30,69.858
1072,3/6/2022 16:45,70.029
1073,3/6/2022 17:00,70.158
1074,3/6/2022 17:15,70.329
1075,3/6/2022 17:30,70.459
1076,3/6/2022 17:45,70.587
1077,3/6/2022 18:00,70.716
1078,3/6/2022 18:15,70.887
1079,3/6/2022 18:30,70.887
1080,3/6/2022 18:45,70.416
1081,3/6/2022 19:00,70.029
1082,3/6/2022 19:15,69.901
1083,3/6/2022 19:30,69.6
1084,3/6/2022 19:45,68.785
1085,3/6/2022 20:00,68.227
1086,3/6/2022 20:15,67.842
1087,3/6/2022 20:30,67.5
1088,3/6/2022 20:45,67.199
1089,3/6/2022 21:00,66.857
1090,3/6/2022 21:15,66.558
1091,3/6/2022 21:30,66.258
1092,3/6/2022 21:45,66.043
1093,3/6/2022 22:00,65.872
1094,3/6/2022 22:15,65.745
1095,3/6/2022 22:30,65.574
1096,3/6/2022 22:45,65.444
1097,3/6/2022 23:00,65.359
1098,3/6/2022 23:15,65.273
1099,3/6/2022 23:30,65.23
1100,3/6/2022 23:45,65.23
1101,3/7/2022 0:00,65.188
1102,3/7/2022 0:15,65.188
1103,3/7/2022 0:30,65.188
1104,3/7/2022 0:45,65.23
1105,3/7/2022 1:00,70.029
1106,3/7/2022 1:15,70.63
1107,3/7/2022 1:30,70.974
1108,3/7/2022 1:45,71.146
1109,3/7/2022 2:00,71.19
1110,3/7/2022 2:15,70.716
1111,3/7/2022 2:30,70.201
1112,3/7/2022 2:45,69.728
1113,3/7/2022 3:00,69.685
1114,3/7/2022 3:15,69.814
1115,3/7/2022 3:30,69.985
1116,3/7/2022 3:45,70.158
1117,3/7/2022 4:00,70.329
1118,3/7/2022 4:15,70.459
1119,3/7/2022 4:30,70.63
1120,3/7/2022 4:45,70.716
1121,3/7/2022 5:00,70.846
1122,3/7/2022 5:15,70.974
1123,3/7/2022 5:30,71.06
1124,3/7/2022 5:45,70.716
1125,3/7/2022 6:00,70.158
1126,3/7/2022 6:15,69.728
1127,3/7/2022 6:30,69.685
1128,3/7/2022 6:45,69.771
1129,3/7/2022 7:00,69.643
1130,3/7/2022 7:15,69.514
1131,3/7/2022 7:30,69.085
1132,3/7/2022 7:45,68.4
1133,3/7/2022 8:00,68.056
1134,3/7/2022 8:15,67.798
1135,3/7/2022 8:30,67.413
1136,3/7/2022 8:45,67.028
1137,3/7/2022 9:00,66.729
1138,3/7/2022 9:15,66.472
1139,3/7/2022 9:30,66.214
1140,3/7/2022 9:45,66.043
1141,3/7/2022 10:00,65.916
1142,3/7/2022 10:15,65.829
1143,3/7/2022 10:30,65.701
1144,3/7/2022 10:45,65.615
1145,3/7/2022 11:00,65.53
1146,3/7/2022 11:15,65.487
1147,3/7/2022 11:30,65.487
1148,3/7/2022 11:45,65.574
1149,3/7/2022 12:00,65.53
1150,3/7/2022 12:15,65.359
1151,3/7/2022 12:30,65.23
1152,3/7/2022 12:45,66.772
1153,3/7/2022 13:00,70.115
1154,3/7/2022 13:15,70.63
1155,3/7/2022 13:30,71.231
1156,3/7/2022 13:45,71.404
1157,3/7/2022 14:00,71.274
1158,3/7/2022 14:15,71.103
1159,3/7/2022 14:30,70.887
1160,3/7/2022 14:45,70.673
1161,3/7/2022 15:00,70.502
1162,3/7/2022 15:15,70.286
1163,3/7/2022 15:30,70.115
1164,3/7/2022 15:45,70.115
1165,3/7/2022 16:00,70.502
1166,3/7/2022 16:15,70.93
1167,3/7/2022 16:30,71.231
1168,3/7/2022 16:45,71.49
1169,3/7/2022 17:00,71.533
1170,3/7/2022 17:15,71.103
1171,3/7/2022 17:30,70.63
1172,3/7/2022 17:45,70.115
1173,3/7/2022 18:00,69.728
1174,3/7/2022 18:15,69.771
1175,3/7/2022 18:30,69.985
1176,3/7/2022 18:45,70.158
1177,3/7/2022 19:00,69.985
1178,3/7/2022 19:15,69.858
1179,3/7/2022 19:30,69.085
1180,3/7/2022 19:45,68.484
1181,3/7/2022 20:00,68.013
1182,3/7/2022 20:15,67.586
1183,3/7/2022 20:30,67.199
1184,3/7/2022 20:45,66.857
1185,3/7/2022 21:00,66.558
1186,3/7/2022 21:15,66.301
1187,3/7/2022 21:30,66.087
1188,3/7/2022 21:45,65.916
1189,3/7/2022 22:00,65.745
1190,3/7/2022 22:15,65.658
1191,3/7/2022 22:30,65.53
1192,3/7/2022 22:45,65.444
1193,3/7/2022 23:00,65.403
1194,3/7/2022 23:15,65.359
1195,3/7/2022 23:30,65.359
1196,3/7/2022 23:45,65.316
1197,3/8/2022 0:00,65.316
1198,3/8/2022 0:15,65.359
1199,3/8/2022 0:30,65.316
1200,3/8/2022 0:45,69.256
1201,3/8/2022 1:00,69.427
1202,3/8/2022 1:15,69.6
1203,3/8/2022 1:30,69.985
1204,3/8/2022 1:45,70.329
1205,3/8/2022 2:00,70.587
1206,3/8/2022 2:15,70.887
1207,3/8/2022 2:30,71.19
1208,3/8/2022 2:45,71.404
1209,3/8/2022 3:00,71.274
1210,3/8/2022 3:15,70.846
1211,3/8/2022 3:30,70.329
1212,3/8/2022 3:45,69.901
1213,3/8/2022 4:00,69.728
1214,3/8/2022 4:15,69.901
1215,3/8/2022 4:30,70.158
1216,3/8/2022 4:45,70.416
1217,3/8/2022 5:00,70.673
1218,3/8/2022 5:15,70.93
1219,3/8/2022 5:30,71.146
1220,3/8/2022 5:45,70.974
1221,3/8/2022 6:00,70.543
1222,3/8/2022 6:15,70.029
1223,3/8/2022 6:30,69.728
1224,3/8/2022 6:45,69.643
1225,3/8/2022 7:00,69.514
1226,3/8/2022 7:15,69.343
1227,3/8/2022 7:30,68.484
1228,3/8/2022 7:45,67.928
1229,3/8/2022 8:00,67.456
1230,3/8/2022 8:15,67.158
1231,3/8/2022 8:30,66.857
1232,3/8/2022 8:45,66.643
1233,3/8/2022 9:00,66.344
1234,3/8/2022 9:15,66.173
1235,3/8/2022 9:30,66
1236,3/8/2022 9:45,65.872
1237,3/8/2022 10:00,65.788
1238,3/8/2022 10:15,65.701
1239,3/8/2022 10:30,65.658
1240,3/8/2022 10:45,65.574
1241,3/8/2022 11:00,65.574
1242,3/8/2022 11:15,65.487
1243,3/8/2022 11:30,65.487
1244,3/8/2022 11:45,65.487
1245,3/8/2022 12:00,65.487
1246,3/8/2022 12:15,65.53
1247,3/8/2022 12:30,65.574
1248,3/8/2022 12:45,71.06
1249,3/8/2022 13:00,71.146
1250,3/8/2022 13:15,70.974
1251,3/8/2022 13:30,70.716
1252,3/8/2022 13:45,70.543
1253,3/8/2022 14:00,70.372
1254,3/8/2022 14:15,70.201
1255,3/8/2022 14:30,70.029
1256,3/8/2022 14:45,70.158
1257,3/8/2022 15:00,70.673
1258,3/8/2022 15:15,71.361
1259,3/8/2022 15:30,71.748
1260,3/8/2022 15:45,71.704
1261,3/8/2022 16:00,71.533
1262,3/8/2022 16:15,71.231
1263,3/8/2022 16:30,70.759
1264,3/8/2022 16:45,70.286
1265,3/8/2022 17:00,69.814
1266,3/8/2022 17:15,69.771
1267,3/8/2022 17:30,69.985
1268,3/8/2022 17:45,70.329
1269,3/8/2022 18:00,70.63
1270,3/8/2022 18:15,70.93
1271,3/8/2022 18:30,71.231
1272,3/8/2022 18:45,71.06
1273,3/8/2022 19:00,70.887
1274,3/8/2022 19:15,70.587
1275,3/8/2022 19:30,69.557
1276,3/8/2022 19:45,68.828
1277,3/8/2022 20:00,68.227
1278,3/8/2022 20:15,67.798
1279,3/8/2022 20:30,67.413
1280,3/8/2022 20:45,67.158
1281,3/8/2022 21:00,66.985
1282,3/8/2022 21:15,66.814
1283,3/8/2022 21:30,66.686
1284,3/8/2022 21:45,66.558
1285,3/8/2022 22:00,66.472
1286,3/8/2022 22:15,66.344
1287,3/8/2022 22:30,66.258
1288,3/8/2022 22:45,66.173
1289,3/8/2022 23:00,66.043
1290,3/8/2022 23:15,65.959
1291,3/8/2022 23:30,65.872
1292,3/8/2022 23:45,65.745
1293,3/9/2022 0:00,65.658
1294,3/9/2022 0:15,65.658
1295,3/9/2022 0:30,68.313
1296,3/9/2022 0:45,69.858
1297,3/9/2022 1:00,70.372
1298,3/9/2022 1:15,70.846
1299,3/9/2022 1:30,71.146
1300,3/9/2022 1:45,70.93
1301,3/9/2022 2:00,70.502
1302,3/9/2022 2:15,70.029
1303,3/9/2022 2:30,69.771
1304,3/9/2022 2:45,69.942
1305,3/9/2022 3:00,70.201
1306,3/9/2022 3:15,70.543
1307,3/9/2022 3:30,70.846
1308,3/9/2022 3:45,71.146
1309,3/9/2022 4:00,71.361
1310,3/9/2022 4:15,71.19
1311,3/9/2022 4:30,70.803
1312,3/9/2022 4:45,70.372
1313,3/9/2022 5:00,69.942
1314,3/9/2022 5:15,69.728
1315,3/9/2022 5:30,69.901
1316,3/9/2022 5:45,70.201
1317,3/9/2022 6:00,70.459
1318,3/9/2022 6:15,70.803
1319,3/9/2022 6:30,70.93
1320,3/9/2022 6:45,70.716
1321,3/9/2022 7:00,70.543
1322,3/9/2022 7:15,69.942
1323,3/9/2022 7:30,68.913
1324,3/9/2022 7:45,68.185
1325,3/9/2022 8:00,67.543
1326,3/9/2022 8:15,67.114
1327,3/9/2022 8:30,66.814
1328,3/9/2022 8:45,66.558
1329,3/9/2022 9:00,66.301
1330,3/9/2022 9:15,66.087
1331,3/9/2022 9:30,65.959
1332,3/9/2022 9:45,65.872
1333,3/9/2022 10:00,65.745
1334,3/9/2022 10:15,65.658
1335,3/9/2022 10:30,65.574
1336,3/9/2022 10:45,65.574
1337,3/9/2022 11:00,65.53
1338,3/9/2022 11:15,65.487
1339,3/9/2022 11:30,65.403
1340,3/9/2022 11:45,65.316
1341,3/9/2022 12:00,65.23
1342,3/9/2022 12:15,65.145
1343,3/9/2022 12:30,68.999
1344,3/9/2022 12:45,69.471
1345,3/9/2022 13:00,69.901
1346,3/9/2022 13:15,70.286
1347,3/9/2022 13:30,70.543
1348,3/9/2022 13:45,70.887
1349,3/9/2022 14:00,71.146
1350,3/9/2022 14:15,71.361
1351,3/9/2022 14:30,71.274
1352,3/9/2022 14:45,70.887
1353,3/9/2022 15:00,70.416
1354,3/9/2022 15:15,69.985
1355,3/9/2022 15:30,69.685
1356,3/9/2022 15:45,69.771
1357,3/9/2022 16:00,70.029
1358,3/9/2022 16:15,70.329
1359,3/9/2022 16:30,70.63
1360,3/9/2022 16:45,70.93
1361,3/9/2022 17:00,71.06
1362,3/9/2022 17:15,70.759
1363,3/9/2022 17:30,70.329
1364,3/9/2022 17:45,69.901
1365,3/9/2022 18:00,69.728
1366,3/9/2022 18:15,69.901
1367,3/9/2022 18:30,69.858
1368,3/9/2022 18:45,69.685
1369,3/9/2022 19:00,69.557
1370,3/9/2022 19:15,68.657
1371,3/9/2022 19:30,67.885
1372,3/9/2022 19:45,67.242
1373,3/9/2022 20:00,66.6
1374,3/9/2022 20:15,66.087
1375,3/9/2022 20:30,65.745
1376,3/9/2022 20:45,65.53
1377,3/9/2022 21:00,65.403
1378,3/9/2022 21:15,65.316
1379,3/9/2022 21:30,65.316
1380,3/9/2022 21:45,65.273
1381,3/9/2022 22:00,65.23
1382,3/9/2022 22:15,65.188
1383,3/9/2022 22:30,65.145
1384,3/9/2022 22:45,65.145
1385,3/9/2022 23:00,65.145
1386,3/9/2022 23:15,65.145
1387,3/9/2022 23:30,65.188
1388,3/9/2022 23:45,65.188
1389,3/10/2022 0:00,65.188
1390,3/10/2022 0:15,65.188
1391,3/10/2022 0:30,70.115
1392,3/10/2022 0:45,69.985
1393,3/10/2022 1:00,69.728
1394,3/10/2022 1:15,69.771
1395,3/10/2022 1:30,70.072
1396,3/10/2022 1:45,70.459
1397,3/10/2022 2:00,70.846
1398,3/10/2022 2:15,71.231
1399,3/10/2022 2:30,71.317
1400,3/10/2022 2:45,71.06
1401,3/10/2022 3:00,70.673
1402,3/10/2022 3:15,70.286
1403,3/10/2022 3:30,69.901
1404,3/10/2022 3:45,69.728
1405,3/10/2022 4:00,69.901
1406,3/10/2022 4:15,70.243
1407,3/10/2022 4:30,70.587
1408,3/10/2022 4:45,70.93
1409,3/10/2022 5:00,71.19
1410,3/10/2022 5:15,71.06
1411,3/10/2022 5:30,70.759
1412,3/10/2022 5:45,70.372
1413,3/10/2022 6:00,69.985
1414,3/10/2022 6:15,69.771
1415,3/10/2022 6:30,69.557
1416,3/10/2022 6:45,69.427
1417,3/10/2022 7:00,69.256
1418,3/10/2022 7:15,68.571
1419,3/10/2022 7:30,68.099
1420,3/10/2022 7:45,67.543
1421,3/10/2022 8:00,67.114
1422,3/10/2022 8:15,66.772
1423,3/10/2022 8:30,66.6
1424,3/10/2022 8:45,66.385
1425,3/10/2022 9:00,66.258
1426,3/10/2022 9:15,66.173
1427,3/10/2022 9:30,66.13
1428,3/10/2022 9:45,66.087
1429,3/10/2022 10:00,66.043
1430,3/10/2022 10:15,66
1431,3/10/2022 10:30,66.043
1432,3/10/2022 10:45,66.13
1433,3/10/2022 11:00,66.214
1434,3/10/2022 11:15,66.173
1435,3/10/2022 11:30,66.13
1436,3/10/2022 11:45,66.043
1437,3/10/2022 12:00,65.916
1438,3/10/2022 12:15,69.6
1439,3/10/2022 12:30,70.372
1440,3/10/2022 12:45,70.072
1441,3/10/2022 13:00,69.771
1442,3/10/2022 13:15,70.029
1443,3/10/2022 13:30,70.543
1444,3/10/2022 13:45,71.19
1445,3/10/2022 14:00,71.704
1446,3/10/2022 14:15,71.748
1447,3/10/2022 14:30,71.62
1448,3/10/2022 14:45,71.404
1449,3/10/2022 15:00,71.19
1450,3/10/2022 15:15,70.974
1451,3/10/2022 15:30,70.803
1452,3/10/2022 15:45,70.63
1453,3/10/2022 16:00,70.416
1454,3/10/2022 16:15,70.243
1455,3/10/2022 16:30,70.115
1456,3/10/2022 16:45,70.115
1457,3/10/2022 17:00,70.543
1458,3/10/2022 17:15,71.06
1459,3/10/2022 17:30,71.49
1460,3/10/2022 17:45,71.704
1461,3/10/2022 18:00,71.533
1462,3/10/2022 18:15,71.274
1463,3/10/2022 18:30,71.06
1464,3/10/2022 18:45,70.887
1465,3/10/2022 19:00,70.329
1466,3/10/2022 19:15,69.427
1467,3/10/2022 19:30,68.698
1468,3/10/2022 19:45,68.142
1469,3/10/2022 20:00,67.627
1470,3/10/2022 20:15,67.199
1471,3/10/2022 20:30,66.9
1472,3/10/2022 20:45,66.643
1473,3/10/2022 21:00,66.344
1474,3/10/2022 21:15,66.043
1475,3/10/2022 21:30,65.829
1476,3/10/2022 21:45,65.658
1477,3/10/2022 22:00,65.487
1478,3/10/2022 22:15,65.359
1479,3/10/2022 22:30,65.23
1480,3/10/2022 22:45,65.188
1481,3/10/2022 23:00,65.145
1482,3/10/2022 23:15,65.102
1483,3/10/2022 23:30,65.059
1484,3/10/2022 23:45,65.059
1485,3/11/2022 0:00,65.017
1486,3/11/2022 0:15,70.543
1487,3/11/2022 0:30,70.673
1488,3/11/2022 0:45,70.502
1489,3/11/2022 1:00,70.243
1490,3/11/2022 1:15,69.942
1491,3/11/2022 1:30,70.029
1492,3/11/2022 1:45,70.459
1493,3/11/2022 2:00,71.06
1494,3/11/2022 2:15,71.62
1495,3/11/2022 2:30,71.704
1496,3/11/2022 2:45,71.49
1497,3/11/2022 3:00,71.19
1498,3/11/2022 3:15,70.887
1499,3/11/2022 3:30,70.587
1500,3/11/2022 3:45,70.286
1501,3/11/2022 4:00,70.029
1502,3/11/2022 4:15,69.985
1503,3/11/2022 4:30,70.286
1504,3/11/2022 4:45,70.803
1505,3/11/2022 5:00,71.317
1506,3/11/2022 5:15,71.748
1507,3/11/2022 5:30,71.704
1508,3/11/2022 5:45,71.49
1509,3/11/2022 6:00,71.231
1510,3/11/2022 6:15,70.974
1511,3/11/2022 6:30,70.803
1512,3/11/2022 6:45,70.587
1513,3/11/2022 7:00,69.643
1514,3/11/2022 7:15,68.828
1515,3/11/2022 7:30,68.27
1516,3/11/2022 7:45,67.798
1517,3/11/2022 8:00,67.372
1518,3/11/2022 8:15,67.071
1519,3/11/2022 8:30,66.814
1520,3/11/2022 8:45,66.515
1521,3/11/2022 9:00,66.258
1522,3/11/2022 9:15,66.043
1523,3/11/2022 9:30,65.872
1524,3/11/2022 9:45,65.701
1525,3/11/2022 10:00,65.53
1526,3/11/2022 10:15,65.359
1527,3/11/2022 10:30,65.273
1528,3/11/2022 10:45,65.23
1529,3/11/2022 11:00,65.188
1530,3/11/2022 11:15,65.145
1531,3/11/2022 11:30,65.145
1532,3/11/2022 11:45,65.145
1533,3/11/2022 12:00,65.102
1534,3/11/2022 12:15,70.887
1535,3/11/2022 12:30,70.846
1536,3/11/2022 12:45,70.587
1537,3/11/2022 13:00,70.286
1538,3/11/2022 13:15,70.158
1539,3/11/2022 13:30,70.543
1540,3/11/2022 13:45,71.231
1541,3/11/2022 14:00,71.791
1542,3/11/2022 14:15,71.834
1543,3/11/2022 14:30,71.704
1544,3/11/2022 14:45,71.533
1545,3/11/2022 15:00,71.317
1546,3/11/2022 15:15,71.103
1547,3/11/2022 15:30,70.93
1548,3/11/2022 15:45,70.759
1549,3/11/2022 16:00,70.543
1550,3/11/2022 16:15,70.372
1551,3/11/2022 16:30,70.243
1552,3/11/2022 16:45,70.158
1553,3/11/2022 17:00,70.502
1554,3/11/2022 17:15,70.974
1555,3/11/2022 17:30,71.49
1556,3/11/2022 17:45,71.533
1557,3/11/2022 18:00,71.317
1558,3/11/2022 18:15,71.103
1559,3/11/2022 18:30,70.93
1560,3/11/2022 18:45,70.63
1561,3/11/2022 19:00,69.514
1562,3/11/2022 19:15,68.742
1563,3/11/2022 19:30,68.185
1564,3/11/2022 19:45,67.671
1565,3/11/2022 20:00,67.199
1566,3/11/2022 20:15,66.857
1567,3/11/2022 20:30,66.515
1568,3/11/2022 20:45,66.258
1569,3/11/2022 21:00,66.043
1570,3/11/2022 21:15,65.872
1571,3/11/2022 21:30,65.701
1572,3/11/2022 21:45,65.615
1573,3/11/2022 22:00,65.487
1574,3/11/2022 22:15,65.487
1575,3/11/2022 22:30,65.487
1576,3/11/2022 22:45,65.487
1577,3/11/2022 23:00,65.487
1578,3/11/2022 23:15,65.487
1579,3/11/2022 23:30,65.444
1580,3/11/2022 23:45,65.403
1581,3/12/2022 0:00,69.514
1582,3/12/2022 0:15,69.942
1583,3/12/2022 0:30,69.814
1584,3/12/2022 0:45,69.771
1585,3/12/2022 1:00,70.115
1586,3/12/2022 1:15,70.63
1587,3/12/2022 1:30,71.19
1588,3/12/2022 1:45,71.361
1589,3/12/2022 2:00,71.146
1590,3/12/2022 2:15,70.887
1591,3/12/2022 2:30,70.587
1592,3/12/2022 2:45,70.286
1593,3/12/2022 3:00,70.029
1594,3/12/2022 3:15,69.814
1595,3/12/2022 3:30,69.942
1596,3/12/2022 3:45,70.329
1597,3/12/2022 4:00,70.846
1598,3/12/2022 4:15,71.317
1599,3/12/2022 4:30,71.404
1600,3/12/2022 4:45,71.231
1601,3/12/2022 5:00,70.93
1602,3/12/2022 5:15,70.673
1603,3/12/2022 5:30,70.416
1604,3/12/2022 5:45,70.115
1605,3/12/2022 6:00,69.901
1606,3/12/2022 6:15,69.771
1607,3/12/2022 6:30,69.643
1608,3/12/2022 6:45,69.343
1609,3/12/2022 7:00,68.698
1610,3/12/2022 7:15,68.227
1611,3/12/2022 7:30,67.757
1612,3/12/2022 7:45,67.329
1613,3/12/2022 8:00,66.985
1614,3/12/2022 8:15,66.729
1615,3/12/2022 8:30,66.515
1616,3/12/2022 8:45,66.301
1617,3/12/2022 9:00,66.173
1618,3/12/2022 9:15,66.087
1619,3/12/2022 9:30,66
1620,3/12/2022 9:45,65.959
1621,3/12/2022 10:00,65.916
1622,3/12/2022 10:15,65.829
1623,3/12/2022 10:30,65.745
1624,3/12/2022 10:45,65.701
1625,3/12/2022 11:00,65.615
1626,3/12/2022 11:15,65.574
1627,3/12/2022 11:30,65.487
1628,3/12/2022 11:45,65.444
1629,3/12/2022 12:00,69.685
1630,3/12/2022 12:15,70.459
1631,3/12/2022 12:30,71.231
1632,3/12/2022 12:45,71.661
1633,3/12/2022 13:00,71.533
1634,3/12/2022 13:15,71.231
1635,3/12/2022 13:30,70.974
1636,3/12/2022 13:45,70.673
1637,3/12/2022 14:00,70.372
1638,3/12/2022 14:15,70.115
1639,3/12/2022 14:30,70.115
1640,3/12/2022 14:45,70.587
1641,3/12/2022 15:00,71.146
1642,3/12/2022 15:15,71.231
1643,3/12/2022 15:30,71.06
1644,3/12/2022 15:45,70.803
1645,3/12/2022 16:00,70.543
1646,3/12/2022 16:15,70.286
1647,3/12/2022 16:30,70.072
1648,3/12/2022 16:45,70.115
1649,3/12/2022 17:00,70.543
1650,3/12/2022 17:15,71.103
1651,3/12/2022 17:30,71.577
1652,3/12/2022 17:45,71.577
1653,3/12/2022 18:00,71.361
1654,3/12/2022 18:15,71.19
1655,3/12/2022 18:30,70.93
1656,3/12/2022 18:45,70.072
1657,3/12/2022 19:00,69.085
1658,3/12/2022 19:15,68.4
1659,3/12/2022 19:30,67.842
1660,3/12/2022 19:45,67.456
1661,3/12/2022 20:00,67.158
1662,3/12/2022 20:15,66.857
1663,3/12/2022 20:30,66.6
1664,3/12/2022 20:45,66.385
1665,3/12/2022 21:00,66.173
1666,3/12/2022 21:15,66
1667,3/12/2022 21:30,65.829
1668,3/12/2022 21:45,65.658
1669,3/12/2022 22:00,65.574
1670,3/12/2022 22:15,65.444
1671,3/12/2022 22:30,65.359
1672,3/12/2022 22:45,65.273
1673,3/12/2022 23:00,65.23
1674,3/12/2022 23:15,65.23
1675,3/12/2022 23:30,65.23
1676,3/12/2022 23:45,67.627
1677,3/13/2022 0:00,71.404
1678,3/13/2022 0:15,71.361
1679,3/13/2022 0:30,71.19
1680,3/13/2022 0:45,70.93
1681,3/13/2022 1:00,70.673
1682,3/13/2022 1:15,70.416
1683,3/13/2022 1:30,70.201
1684,3/13/2022 1:45,70.029
1685,3/13/2022 2:00,70.243
1686,3/13/2022 2:15,70.759
1687,3/13/2022 2:30,71.361
1688,3/13/2022 2:45,71.577
1689,3/13/2022 3:00,71.447
1690,3/13/2022 3:15,71.231
1691,3/13/2022 3:30,70.974
1692,3/13/2022 3:45,70.716
1693,3/13/2022 4:00,70.502
1694,3/13/2022 4:15,70.243
1695,3/13/2022 4:30,70.029
1696,3/13/2022 4:45,70.029
1697,3/13/2022 5:00,70.416
1698,3/13/2022 5:15,70.974
1699,3/13/2022 5:30,71.533
1700,3/13/2022 5:45,71.748
1701,3/13/2022 6:00,71.533
1702,3/13/2022 6:15,71.361
1703,3/13/2022 6:30,71.017
1704,3/13/2022 6:45,69.858
1705,3/13/2022 7:00,69.042
1706,3/13/2022 7:15,68.4
1707,3/13/2022 7:30,67.842
1708,3/13/2022 7:45,67.372
1709,3/13/2022 8:00,67.071
1710,3/13/2022 8:15,66.814
1711,3/13/2022 8:30,66.6
1712,3/13/2022 8:45,66.385
1713,3/13/2022 9:00,66.258
1714,3/13/2022 9:15,66.087
1715,3/13/2022 9:30,65.916
1716,3/13/2022 9:45,65.829
1717,3/13/2022 10:00,65.745
1718,3/13/2022 10:15,65.658
1719,3/13/2022 10:30,65.615
1720,3/13/2022 10:45,65.574
1721,3/13/2022 11:00,65.487
1722,3/13/2022 11:15,65.487
1723,3/13/2022 11:30,65.444
1724,3/13/2022 11:45,69.942
1725,3/13/2022 12:00,70.673
1726,3/13/2022 12:15,71.404
1727,3/13/2022 12:30,71.661
1728,3/13/2022 12:45,71.533
1729,3/13/2022 13:00,71.274
1730,3/13/2022 13:15,71.017
1731,3/13/2022 13:30,70.803
1732,3/13/2022 13:45,70.459
1733,3/13/2022 14:00,70.286
1734,3/13/2022 14:15,70.115
1735,3/13/2022 14:30,70.029
1736,3/13/2022 14:45,70.329
1737,3/13/2022 15:00,70.887
1738,3/13/2022 15:15,71.533
1739,3/13/2022 15:30,71.704
1740,3/13/2022 15:45,71.533
1741,3/13/2022 16:00,71.361
1742,3/13/2022 16:15,71.231
1743,3/13/2022 16:30,71.06
1744,3/13/2022 16:45,70.846
1745,3/13/2022 17:00,70.543
1746,3/13/2022 17:15,70.201
1747,3/13/2022 17:30,69.858
1748,3/13/2022 17:45,69.728
1749,3/13/2022 18:00,69.942
1750,3/13/2022 18:15,70.372
1751,3/13/2022 18:30,70.846
1752,3/13/2022 18:45,71.231
1753,3/13/2022 19:00,71.231
1754,3/13/2022 19:15,70.974
1755,3/13/2022 19:30,70.673
1756,3/13/2022 19:45,70.329
1757,3/13/2022 20:00,70.029
1758,3/13/2022 20:15,69.771
1759,3/13/2022 20:30,69.814
1760,3/13/2022 20:45,70.158
1761,3/13/2022 21:00,70.587
1762,3/13/2022 21:15,70.974
1763,3/13/2022 21:30,71.317
1764,3/13/2022 21:45,71.231
1765,3/13/2022 22:00,70.93
1766,3/13/2022 22:15,70.63
1767,3/13/2022 22:30,70.286
1768,3/13/2022 22:45,69.985
1769,3/13/2022 23:00,69.771
1770,3/13/2022 23:15,69.858
1771,3/13/2022 23:30,70.201
1772,3/13/2022 23:45,70.673
1773,3/14/2022 0:00,71.06
1774,3/14/2022 0:15,71.317
1775,3/14/2022 0:30,71.146
1776,3/14/2022 0:45,70.846
1777,3/14/2022 1:00,70.543
1778,3/14/2022 1:15,70.201
1779,3/14/2022 1:30,69.858
1780,3/14/2022 1:45,69.771
1781,3/14/2022 2:00,69.942
1782,3/14/2022 2:15,70.372
1783,3/14/2022 2:30,70.803
1784,3/14/2022 2:45,71.19
1785,3/14/2022 3:00,71.274
1786,3/14/2022 3:15,71.06
1787,3/14/2022 3:30,70.759
1788,3/14/2022 3:45,70.416
1789,3/14/2022 4:00,70.072
1790,3/14/2022 4:15,69.814
1791,3/14/2022 4:30,69.901
1792,3/14/2022 4:45,70.201
1793,3/14/2022 5:00,70.587
1794,3/14/2022 5:15,71.017
1795,3/14/2022 5:30,71.231
1796,3/14/2022 5:45,71.103
1797,3/14/2022 6:00,70.803
1798,3/14/2022 6:15,70.459
1799,3/14/2022 6:30,70.115
1800,3/14/2022 6:45,69.814
1801,3/14/2022 7:00,69.814
1802,3/14/2022 7:15,70.072
1803,3/14/2022 7:30,70.459
1804,3/14/2022 7:45,70.887
1805,3/14/2022 8:00,71.231
1806,3/14/2022 8:15,71.274
1807,3/14/2022 8:30,71.017
1808,3/14/2022 8:45,70.673
1809,3/14/2022 9:00,70.329
1810,3/14/2022 9:15,70.072
1811,3/14/2022 9:30,70.029
1812,3/14/2022 9:45,70.286
1813,3/14/2022 10:00,70.887
1814,3/14/2022 10:15,71.447
1815,3/14/2022 10:30,71.748
1816,3/14/2022 10:45,71.791
1817,3/14/2022 11:00,72.093
1818,3/14/2022 11:15,72.61
1819,3/14/2022 11:30,73.17
1820,3/14/2022 11:45,73.774
1821,3/14/2022 12:00,74.467
1822,3/14/2022 12:15,74.986
1823,3/14/2022 12:30,75.463
1824,3/14/2022 12:45,75.898
1825,3/14/2022 13:00,76.375
1826,3/14/2022 13:15,76.942
1827,3/14/2022 13:30,77.509
1828,3/14/2022 13:45,78.033
1829,3/14/2022 14:00,78.602
1830,3/14/2022 14:15,79.128
1831,3/14/2022 14:30,79.612
1832,3/14/2022 14:45,80.139
1833,3/14/2022 15:00,79.92
1834,3/14/2022 15:15,79.48
1835,3/14/2022 15:30,79.128
1836,3/14/2022 15:45,78.777
1837,3/14/2022 16:00,78.427
1838,3/14/2022 16:15,78.165
1839,3/14/2022 16:30,78.251
1840,3/14/2022 16:45,78.602
1841,3/14/2022 17:00,79.041
1842,3/14/2022 17:15,79.48
1843,3/14/2022 17:30,79.92
1844,3/14/2022 17:45,80.096
1845,3/14/2022 18:00,79.876
1846,3/14/2022 18:15,79.524
1847,3/14/2022 18:30,79.084
1848,3/14/2022 18:45,78.69
1849,3/14/2022 19:00,78.296
1850,3/14/2022 19:15,78.121
1851,3/14/2022 19:30,78.339
1852,3/14/2022 19:45,78.69
1853,3/14/2022 20:00,79.128
1854,3/14/2022 20:15,79.567
1855,3/14/2022 20:30,79.831
1856,3/14/2022 20:45,79.743
1857,3/14/2022 21:00,79.435
1858,3/14/2022 21:15,79.084
1859,3/14/2022 21:30,78.645
1860,3/14/2022 21:45,78.251
1861,3/14/2022 22:00,77.99
1862,3/14/2022 22:15,78.076
1863,3/14/2022 22:30,78.471
1864,3/14/2022 22:45,78.996
1865,3/14/2022 23:00,79.347
1866,3/14/2022 23:15,79.743
1867,3/14/2022 23:30,79.788
1868,3/14/2022 23:45,79.567
1869,3/15/2022 0:00,79.173
1870,3/15/2022 0:15,78.777
1871,3/15/2022 0:30,78.382
1872,3/15/2022 0:45,78.121
1873,3/15/2022 1:00,78.208
1874,3/15/2022 1:15,78.514
1875,3/15/2022 1:30,78.996
1876,3/15/2022 1:45,79.435
1877,3/15/2022 2:00,79.831
1878,3/15/2022 2:15,79.831
1879,3/15/2022 2:30,79.567
1880,3/15/2022 2:45,79.173
1881,3/15/2022 3:00,78.777
1882,3/15/2022 3:15,78.427
1883,3/15/2022 3:30,78.076
1884,3/15/2022 3:45,78.033
1885,3/15/2022 4:00,78.339
1886,3/15/2022 4:15,78.777
1887,3/15/2022 4:30,79.261
1888,3/15/2022 4:45,79.7
1889,3/15/2022 5:00,79.788
1890,3/15/2022 5:15,79.567
1891,3/15/2022 5:30,79.261
1892,3/15/2022 5:45,78.865
1893,3/15/2022 6:00,78.471
1894,3/15/2022 6:15,78.165
1895,3/15/2022 6:30,78.165
1896,3/15/2022 6:45,78.514
1897,3/15/2022 7:00,78.865
1898,3/15/2022 7:15,79.304
1899,3/15/2022 7:30,79.743
1900,3/15/2022 7:45,79.743
1901,3/15/2022 8:00,79.48
1902,3/15/2022 8:15,79.084
1903,3/15/2022 8:30,78.69
1904,3/15/2022 8:45,78.339
1905,3/15/2022 9:00,78.076
1906,3/15/2022 9:15,78.208
1907,3/15/2022 9:30,78.602
1908,3/15/2022 9:45,79.084
1909,3/15/2022 10:00,79.524
1910,3/15/2022 10:15,79.435
1911,3/15/2022 10:30,79.173
1912,3/15/2022 10:45,78.865
1913,3/15/2022 11:00,78.559
1914,3/15/2022 11:15,78.251
1915,3/15/2022 11:30,78.076
1916,3/15/2022 11:45,78.339
1917,3/15/2022 12:00,78.822
1918,3/15/2022 12:15,79.392
1919,3/15/2022 12:30,79.92
1920,3/15/2022 12:45,80.139
1921,3/15/2022 13:00,79.831
1922,3/15/2022 13:15,79.347
1923,3/15/2022 13:30,78.865
1924,3/15/2022 13:45,78.382
1925,3/15/2022 14:00,77.945
1926,3/15/2022 14:15,77.902
1927,3/15/2022 14:30,78.076
1928,3/15/2022 14:45,78.471
1929,3/15/2022 15:00,78.822
1930,3/15/2022 15:15,79.173
1931,3/15/2022 15:30,79.524
1932,3/15/2022 15:45,79.743
1933,3/15/2022 16:00,79.567
1934,3/15/2022 16:15,79.128
1935,3/15/2022 16:30,78.602
1936,3/15/2022 16:45,78.121
1937,3/15/2022 17:00,77.727
1938,3/15/2022 17:15,77.77
1939,3/15/2022 17:30,78.033
1940,3/15/2022 17:45,78.339
1941,3/15/2022 18:00,78.777
1942,3/15/2022 18:15,79.128
1943,3/15/2022 18:30,79.435
1944,3/15/2022 18:45,79.655
1945,3/15/2022 19:00,79.48
1946,3/15/2022 19:15,79.041
1947,3/15/2022 19:30,78.602
1948,3/15/2022 19:45,78.121
1949,3/15/2022 20:00,77.77
1950,3/15/2022 20:15,77.902
1951,3/15/2022 20:30,78.165
1952,3/15/2022 20:45,78.514
1953,3/15/2022 21:00,78.865
1954,3/15/2022 21:15,79.173
1955,3/15/2022 21:30,79.524
1956,3/15/2022 21:45,79.7
1957,3/15/2022 22:00,79.435
1958,3/15/2022 22:15,78.953
1959,3/15/2022 22:30,78.471
1960,3/15/2022 22:45,78.033
1961,3/15/2022 23:00,77.859
1962,3/15/2022 23:15,77.99
1963,3/15/2022 23:30,78.296
1964,3/15/2022 23:45,78.645
1965,3/16/2022 0:00,78.996
1966,3/16/2022 0:15,79.304
1967,3/16/2022 0:30,79.612
1968,3/16/2022 0:45,79.435
1969,3/16/2022 1:00,79.041
1970,3/16/2022 1:15,78.514
1971,3/16/2022 1:30,78.033
1972,3/16/2022 1:45,77.77
1973,3/16/2022 2:00,77.902
1974,3/16/2022 2:15,78.208
1975,3/16/2022 2:30,78.559
1976,3/16/2022 2:45,78.91
1977,3/16/2022 3:00,79.216
1978,3/16/2022 3:15,79.612
1979,3/16/2022 3:30,79.7
1980,3/16/2022 3:45,79.347
1981,3/16/2022 4:00,78.91
1982,3/16/2022 4:15,78.427
1983,3/16/2022 4:30,77.99
1984,3/16/2022 4:45,77.815
1985,3/16/2022 5:00,77.99
1986,3/16/2022 5:15,78.339
1987,3/16/2022 5:30,78.69
1988,3/16/2022 5:45,79.041
1989,3/16/2022 6:00,79.392
1990,3/16/2022 6:15,79.655
1991,3/16/2022 6:30,79.567
1992,3/16/2022 6:45,79.216
1993,3/16/2022 7:00,78.733
1994,3/16/2022 7:15,78.296
1995,3/16/2022 7:30,77.859
1996,3/16/2022 7:45,77.77
1997,3/16/2022 8:00,77.99
1998,3/16/2022 8:15,78.339
1999,3/16/2022 8:30,78.69
2000,3/16/2022 8:45,79.041
2001,3/16/2022 9:00,79.392
2002,3/16/2022 9:15,79.655
2003,3/16/2022 9:30,79.524
2004,3/16/2022 9:45,79.041
2005,3/16/2022 10:00,78.427
2006,3/16/2022 10:15,77.99
2007,3/16/2022 10:30,77.596
2008,3/16/2022 10:45,77.203
2009,3/16/2022 11:00,77.029
2010,3/16/2022 11:15,77.378
2011,3/16/2022 11:30,77.859
2012,3/16/2022 11:45,78.427
2013,3/16/2022 12:00,78.953
2014,3/16/2022 12:15,79.128
2015,3/16/2022 12:30,78.953
2016,3/16/2022 12:45,78.602
2017,3/16/2022 13:00,78.076
2018,3/16/2022 13:15,77.464
2019,3/16/2022 13:30,76.942
2020,3/16/2022 13:45,76.725
2021,3/16/2022 14:00,76.854
2022,3/16/2022 14:15,77.117
2023,3/16/2022 14:30,77.378
2024,3/16/2022 14:45,77.639
2025,3/16/2022 15:00,77.902
2026,3/16/2022 15:15,78.165
2027,3/16/2022 15:30,78.427
2028,3/16/2022 15:45,78.559
2029,3/16/2022 16:00,78.427
2030,3/16/2022 16:15,77.945
2031,3/16/2022 16:30,77.378
2032,3/16/2022 16:45,76.854
2033,3/16/2022 17:00,76.636
2034,3/16/2022 17:15,76.768
2035,3/16/2022 17:30,77.029
2036,3/16/2022 17:45,77.247
2037,3/16/2022 18:00,77.509
2038,3/16/2022 18:15,77.815
2039,3/16/2022 18:30,78.033
2040,3/16/2022 18:45,78.251
2041,3/16/2022 19:00,78.514
2042,3/16/2022 19:15,78.514
2043,3/16/2022 19:30,78.165
2044,3/16/2022 19:45,77.639
2045,3/16/2022 20:00,77.072
2046,3/16/2022 20:15,76.681
2047,3/16/2022 20:30,76.681
2048,3/16/2022 20:45,76.942
2049,3/16/2022 21:00,77.203
2050,3/16/2022 21:15,77.509
2051,3/16/2022 21:30,77.815
2052,3/16/2022 21:45,78.076
2053,3/16/2022 22:00,78.339
2054,3/16/2022 22:15,78.427
2055,3/16/2022 22:30,78.165
2056,3/16/2022 22:45,77.684
2057,3/16/2022 23:00,77.117
2058,3/16/2022 23:15,76.725
2059,3/16/2022 23:30,76.681
2060,3/16/2022 23:45,76.899
2061,3/17/2022 0:00,77.203
2062,3/17/2022 0:15,77.553
2063,3/17/2022 0:30,77.859
2064,3/17/2022 0:45,78.165
2065,3/17/2022 1:00,78.427
2066,3/17/2022 1:15,78.602
2067,3/17/2022 1:30,78.382
2068,3/17/2022 1:45,77.902
2069,3/17/2022 2:00,77.335
2070,3/17/2022 2:15,76.854
2071,3/17/2022 2:30,76.681
2072,3/17/2022 2:45,76.811
2073,3/17/2022 3:00,77.117
2074,3/17/2022 3:15,77.378
2075,3/17/2022 3:30,77.684
2076,3/17/2022 3:45,77.945
2077,3/17/2022 4:00,78.165
2078,3/17/2022 4:15,78.382
2079,3/17/2022 4:30,78.208
2080,3/17/2022 4:45,77.727
2081,3/17/2022 5:00,77.203
2082,3/17/2022 5:15,76.725
2083,3/17/2022 5:30,76.636
2084,3/17/2022 5:45,76.811
2085,3/17/2022 6:00,77.072
2086,3/17/2022 6:15,77.378
2087,3/17/2022 6:30,77.639
2088,3/17/2022 6:45,77.945
2089,3/17/2022 7:00,78.208
2090,3/17/2022 7:15,78.427
2091,3/17/2022 7:30,78.251
2092,3/17/2022 7:45,77.815
2093,3/17/2022 8:00,77.292
2094,3/17/2022 8:15,76.768
2095,3/17/2022 8:30,76.636
2096,3/17/2022 8:45,76.811
2097,3/17/2022 9:00,77.117
2098,3/17/2022 9:15,77.421
2099,3/17/2022 9:30,77.727
2100,3/17/2022 9:45,78.033
2101,3/17/2022 10:00,78.296
2102,3/17/2022 10:15,78.559
2103,3/17/2022 10:30,78.559
2104,3/17/2022 10:45,78.208
2105,3/17/2022 11:00,77.639
2106,3/17/2022 11:15,77.117
2107,3/17/2022 11:30,76.725
2108,3/17/2022 11:45,76.725
2109,3/17/2022 12:00,76.942
2110,3/17/2022 12:15,77.292
2111,3/17/2022 12:30,77.596
2112,3/17/2022 12:45,77.815
2113,3/17/2022 13:00,77.684
2114,3/17/2022 13:15,78.208
2115,3/17/2022 13:30,78.165
2116,3/17/2022 13:45,77.77
2117,3/17/2022 14:00,77.247
2118,3/17/2022 14:15,71.231
2119,3/17/2022 14:30,65.916
2120,3/17/2022 14:45,65.574
2121,3/17/2022 15:00,65.403
2122,3/17/2022 15:15,68.313
2123,3/17/2022 15:30,70.63
2124,3/17/2022 15:45,69.685
2125,3/17/2022 16:00,69.042
2126,3/17/2022 16:15,68.527
2127,3/17/2022 16:30,68.185
2128,3/17/2022 16:45,68.099
2129,3/17/2022 17:00,68.185
2130,3/17/2022 17:15,69.643
2131,3/17/2022 17:30,71.404
2132,3/17/2022 17:45,72.178
2133,3/17/2022 18:00,72.437
2134,3/17/2022 18:15,72.48
2135,3/17/2022 18:30,72.351
2136,3/17/2022 18:45,72.007
2137,3/17/2022 19:00,71.533
2138,3/17/2022 19:15,70.887
2139,3/17/2022 19:30,70.201
2140,3/17/2022 19:45,69.427
2141,3/17/2022 20:00,68.657
2142,3/17/2022 20:15,67.842
2143,3/17/2022 20:30,67.028
2144,3/17/2022 20:45,66.214
2145,3/17/2022 21:00,65.403
2146,3/17/2022 21:15,64.632
2147,3/17/2022 21:30,63.903
2148,3/17/2022 21:45,63.176
2149,3/17/2022 22:00,62.49
2150,3/17/2022 22:15,61.848
2151,3/17/2022 22:30,61.205
2152,3/17/2022 22:45,60.647
2153,3/17/2022 23:00,60.046
2154,3/17/2022 23:15,59.486
2155,3/17/2022 23:30,58.971
2156,3/17/2022 23:45,58.455
2157,3/18/2022 0:00,57.979
2158,3/18/2022 0:15,57.506
2159,3/18/2022 0:30,57.074
2160,3/18/2022 0:45,56.642
2161,3/18/2022 1:00,56.251
2162,3/18/2022 1:15,55.863
2163,3/18/2022 1:30,55.472
2164,3/18/2022 1:45,55.081
2165,3/18/2022 2:00,54.691
2166,3/18/2022 2:15,54.343
2167,3/18/2022 2:30,53.994
2168,3/18/2022 2:45,53.645
2169,3/18/2022 3:00,53.341
2170,3/18/2022 3:15,53.035
2171,3/18/2022 3:30,52.729
2172,3/18/2022 3:45,52.423
2173,3/18/2022 4:00,52.115
2174,3/18/2022 4:15,51.852
2175,3/18/2022 4:30,51.589
2176,3/18/2022 4:45,51.325
2177,3/18/2022 5:00,51.062
2178,3/18/2022 5:15,50.797
2179,3/18/2022 5:30,50.576
2180,3/18/2022 5:45,50.356
2181,3/18/2022 6:00,50.135
2182,3/18/2022 6:15,49.914
2183,3/18/2022 6:30,49.692
2184,3/18/2022 6:45,49.471
2185,3/18/2022 7:00,49.338
2186,3/18/2022 7:15,49.249
2187,3/18/2022 7:30,49.204
2188,3/18/2022 7:45,49.204
2189,3/18/2022 8:00,49.249
2190,3/18/2022 8:15,49.383
2191,3/18/2022 8:30,49.561
2192,3/18/2022 8:45,49.87
2193,3/18/2022 9:00,50.268
2194,3/18/2022 9:15,50.752
2195,3/18/2022 9:30,51.325
2196,3/18/2022 9:45,52.029
2197,3/18/2022 10:00,52.86
2198,3/18/2022 10:15,53.776
2199,3/18/2022 10:30,54.777
2200,3/18/2022 10:45,55.906
2201,3/18/2022 11:00,57.074
2202,3/18/2022 11:15,58.368
2203,3/18/2022 11:30,59.659
2204,3/18/2022 11:45,61.075
2205,3/18/2022 12:00,62.447
2206,3/18/2022 12:15,63.862
2207,3/18/2022 12:30,65.273
2208,3/18/2022 12:45,66.686
2209,3/18/2022 13:00,68.013
2210,3/18/2022 13:15,69.3
2211,3/18/2022 13:30,70.587
2212,3/18/2022 13:45,71.791
2213,3/18/2022 14:00,72.955
2214,3/18/2022 14:15,74.077
2215,3/18/2022 14:30,75.16
2216,3/18/2022 14:45,76.158
2217,3/18/2022 15:00,77.117
2218,3/18/2022 15:15,77.945
2219,3/18/2022 15:30,78.733
2220,3/18/2022 15:45,79.392
2221,3/18/2022 16:00,79.92
2222,3/18/2022 16:15,83.064
2223,3/18/2022 16:30,85.442
2224,3/18/2022 16:45,86.256
2225,3/18/2022 17:00,86.164
2226,3/18/2022 17:15,85.442
2227,3/18/2022 17:30,84.407
2228,3/18/2022 17:45,83.154
2229,3/18/2022 18:00,81.73
2230,3/18/2022 18:15,80.184
2231,3/18/2022 18:30,78.645
2232,3/18/2022 18:45,77.072
2233,3/18/2022 19:00,75.508
2234,3/18/2022 19:15,73.99
2235,3/18/2022 19:30,72.567
2236,3/18/2022 19:45,71.19
2237,3/18/2022 20:00,69.858
2238,3/18/2022 20:15,68.614
2239,3/18/2022 20:30,67.456
2240,3/18/2022 20:45,66.301
2241,3/18/2022 21:00,65.23
2242,3/18/2022 21:15,64.247
2243,3/18/2022 21:30,63.304
2244,3/18/2022 21:45,62.447
2245,3/18/2022 22:00,61.677
2246,3/18/2022 22:15,60.948
2247,3/18/2022 22:30,60.26
2248,3/18/2022 22:45,59.616
2249,3/18/2022 23:00,59.014
2250,3/18/2022 23:15,58.498
2251,3/18/2022 23:30,58.023
2252,3/18/2022 23:45,57.592
2253,3/19/2022 0:00,57.247
2254,3/19/2022 0:15,56.901
2255,3/19/2022 0:30,56.599
2256,3/19/2022 0:45,56.34
2257,3/19/2022 1:00,56.122
2258,3/19/2022 1:15,55.906
2259,3/19/2022 1:30,55.647
2260,3/19/2022 1:45,55.429
2261,3/19/2022 2:00,55.168
2262,3/19/2022 2:15,54.995
2263,3/19/2022 2:30,54.82
2264,3/19/2022 2:45,54.648
2265,3/19/2022 3:00,54.473
2266,3/19/2022 3:15,54.3
2267,3/19/2022 3:30,54.126
2268,3/19/2022 3:45,53.994
2269,3/19/2022 4:00,53.82
2270,3/19/2022 4:15,53.69
2271,3/19/2022 4:30,53.515
2272,3/19/2022 4:45,53.341
2273,3/19/2022 5:00,53.209
2274,3/19/2022 5:15,53.121
2275,3/19/2022 5:30,53.035
2276,3/19/2022 5:45,52.992
2277,3/19/2022 6:00,52.992
2278,3/19/2022 6:15,52.992
2279,3/19/2022 6:30,53.035
2280,3/19/2022 6:45,52.992
2281,3/19/2022 7:00,52.992
2282,3/19/2022 7:15,52.992
2283,3/19/2022 7:30,52.992
2284,3/19/2022 7:45,53.035
2285,3/19/2022 8:00,53.035
2286,3/19/2022 8:15,53.166
2287,3/19/2022 8:30,53.384
2288,3/19/2022 8:45,53.645
2289,3/19/2022 9:00,54.037
2290,3/19/2022 9:15,54.473
2291,3/19/2022 9:30,55.038
2292,3/19/2022 9:45,55.602
2293,3/19/2022 10:00,56.208
2294,3/19/2022 10:15,56.772
2295,3/19/2022 10:30,57.333
2296,3/19/2022 10:45,58.023
2297,3/19/2022 11:00,58.971
2298,3/19/2022 11:15,60.003
2299,3/19/2022 11:30,60.818
2300,3/19/2022 11:45,61.376
2301,3/19/2022 12:00,62.062
2302,3/19/2022 12:15,62.62
2303,3/19/2022 12:30,63.09
2304,3/19/2022 12:45,63.433
2305,3/19/2022 13:00,63.819
2306,3/19/2022 13:15,64.161
2307,3/19/2022 13:30,64.503
2308,3/19/2022 13:45,64.845
2309,3/19/2022 14:00,65.145
2310,3/19/2022 14:15,65.53
2311,3/19/2022 14:30,66.472
2312,3/19/2022 14:45,67.971
2313,3/19/2022 15:00,68.828
2314,3/19/2022 15:15,68.657
2315,3/19/2022 15:30,68.484
2316,3/19/2022 15:45,68.484
2317,3/19/2022 16:00,68.614
2318,3/19/2022 16:15,68.956
2319,3/19/2022 16:30,69.085
2320,3/19/2022 16:45,68.999
2321,3/19/2022 17:00,68.742
2322,3/19/2022 17:15,68.4
2323,3/19/2022 17:30,67.971
2324,3/19/2022 17:45,67.543
2325,3/19/2022 18:00,67.543
2326,3/19/2022 18:15,67.285
2327,3/19/2022 18:30,66.857
2328,3/19/2022 18:45,66.344
2329,3/19/2022 19:00,65.788
2330,3/19/2022 19:15,65.273
2331,3/19/2022 19:30,64.76
2332,3/19/2022 19:45,64.247
2333,3/19/2022 20:00,63.819
2334,3/19/2022 20:15,63.39
2335,3/19/2022 20:30,62.962
2336,3/19/2022 20:45,62.49
2337,3/19/2022 21:00,61.977
2338,3/19/2022 21:15,61.376
2339,3/19/2022 21:30,60.775
2340,3/19/2022 21:45,60.217
2341,3/19/2022 22:00,59.659
2342,3/19/2022 22:15,59.099
2343,3/19/2022 22:30,58.626
2344,3/19/2022 22:45,58.109
2345,3/19/2022 23:00,57.636
2346,3/19/2022 23:15,57.16
2347,3/19/2022 23:30,56.728
2348,3/19/2022 23:45,56.295
2349,3/20/2022 0:00,55.863
2350,3/20/2022 0:15,55.429
2351,3/20/2022 0:30,55.038
2352,3/20/2022 0:45,54.648
2353,3/20/2022 1:00,54.3
2354,3/20/2022 1:15,53.951
2355,3/20/2022 1:30,53.602
2356,3/20/2022 1:45,53.298
2357,3/20/2022 2:00,52.947
2358,3/20/2022 2:15,52.641
2359,3/20/2022 2:30,52.335
2360,3/20/2022 2:45,51.984
2361,3/20/2022 3:00,51.678
2362,3/20/2022 3:15,51.37
2363,3/20/2022 3:30,51.062
2364,3/20/2022 3:45,50.797
2365,3/20/2022 4:00,50.533
2366,3/20/2022 4:15,50.268
2367,3/20/2022 4:30,50.002
2368,3/20/2022 4:45,49.737
2369,3/20/2022 5:00,49.471
2370,3/20/2022 5:15,49.204
2371,3/20/2022 5:30,48.938
2372,3/20/2022 5:45,48.672
2373,3/20/2022 6:00,48.405
2374,3/20/2022 6:15,48.137
2375,3/20/2022 6:30,47.826
2376,3/20/2022 6:45,47.557
2377,3/20/2022 7:00,47.422
2378,3/20/2022 7:15,47.377
2379,3/20/2022 7:30,47.467
2380,3/20/2022 7:45,47.647
2381,3/20/2022 8:00,48.004
2382,3/20/2022 8:15,48.405
2383,3/20/2022 8:30,48.895
2384,3/20/2022 8:45,49.516
2385,3/20/2022 9:00,50.311
2386,3/20/2022 9:15,51.193
2387,3/20/2022 9:30,52.291
2388,3/20/2022 9:45,53.515
2389,3/20/2022 10:00,54.865
2390,3/20/2022 10:15,56.34
2391,3/20/2022 10:30,57.893
2392,3/20/2022 10:45,59.572
2393,3/20/2022 11:00,61.333
2394,3/20/2022 11:15,63.133
2395,3/20/2022 11:30,64.974
2396,3/20/2022 11:45,66.857
2397,3/20/2022 12:00,68.657
2398,3/20/2022 12:15,70.459
2399,3/20/2022 12:30,72.264
2400,3/20/2022 12:45,73.99
2401,3/20/2022 13:00,75.681
2402,3/20/2022 13:15,77.335
2403,3/20/2022 13:30,78.91
2404,3/20/2022 13:45,80.404
2405,3/20/2022 14:00,81.775
2406,3/20/2022 14:15,83.021
2407,3/20/2022 14:30,84.137
2408,3/20/2022 14:45,85.082
2409,3/20/2022 15:00,85.939
2410,3/20/2022 15:15,86.617
2411,3/20/2022 15:30,87.163
2412,3/20/2022 15:45,87.573
2413,3/20/2022 16:00,87.802
2414,3/20/2022 16:15,87.939
2415,3/20/2022 16:30,87.894
2416,3/20/2022 16:45,87.62
2417,3/20/2022 17:00,87.21
2418,3/20/2022 17:15,86.572
2419,3/20/2022 17:30,85.757
2420,3/20/2022 17:45,84.722
2421,3/20/2022 18:00,83.467
2422,3/20/2022 18:15,81.997
2423,3/20/2022 18:30,80.404
2424,3/20/2022 18:45,78.777
2425,3/20/2022 19:00,77.203
2426,3/20/2022 19:15,75.637
2427,3/20/2022 19:30,74.206
2428,3/20/2022 19:45,72.869
2429,3/20/2022 20:00,71.577
2430,3/20/2022 20:15,70.329
2431,3/20/2022 20:30,69.17
2432,3/20/2022 20:45,68.056
2433,3/20/2022 21:00,67.028
2434,3/20/2022 21:15,66.043
2435,3/20/2022 21:30,65.102
2436,3/20/2022 21:45,64.204
2437,3/20/2022 22:00,63.433
2438,3/20/2022 22:15,62.661
2439,3/20/2022 22:30,61.934
2440,3/20/2022 22:45,61.248
2441,3/20/2022 23:00,60.604
2442,3/20/2022 23:15,60.003
2443,3/20/2022 23:30,59.401
2444,3/20/2022 23:45,58.885
2445,3/21/2022 0:00,58.368
2446,3/21/2022 0:15,57.85
2447,3/21/2022 0:30,57.376
2448,3/21/2022 0:45,56.944
2449,3/21/2022 1:00,56.469
2450,3/21/2022 1:15,56.035
2451,3/21/2022 1:30,55.647
2452,3/21/2022 1:45,55.256
2453,3/21/2022 2:00,54.909
2454,3/21/2022 2:15,54.561
2455,3/21/2022 2:30,54.255
2456,3/21/2022 2:45,53.951
2457,3/21/2022 3:00,53.645
2458,3/21/2022 3:15,53.341
2459,3/21/2022 3:30,53.121
2460,3/21/2022 3:45,52.86
2461,3/21/2022 4:00,52.597
2462,3/21/2022 4:15,52.246
2463,3/21/2022 4:30,51.895
2464,3/21/2022 4:45,51.544
2465,3/21/2022 5:00,51.193
2466,3/21/2022 5:15,50.841
2467,3/21/2022 5:30,50.533
2468,3/21/2022 5:45,50.268
2469,3/21/2022 6:00,50.002
2470,3/21/2022 6:15,49.737
2471,3/21/2022 6:30,49.471
2472,3/21/2022 6:45,49.294
2473,3/21/2022 7:00,49.204
2474,3/21/2022 7:15,49.249
2475,3/21/2022 7:30,49.383
2476,3/21/2022 7:45,49.604
2477,3/21/2022 8:00,49.959
2478,3/21/2022 8:15,50.488
2479,3/21/2022 8:30,51.148
2480,3/21/2022 8:45,51.94
2481,3/21/2022 9:00,52.903
2482,3/21/2022 9:15,53.994
2483,3/21/2022 9:30,55.213
2484,3/21/2022 9:45,56.599
2485,3/21/2022 10:00,58.109
2486,3/21/2022 10:15,59.702
2487,3/21/2022 10:30,61.419
2488,3/21/2022 10:45,63.219
2489,3/21/2022 11:00,65.102
2490,3/21/2022 11:15,67.028
2491,3/21/2022 11:30,68.999
2492,3/21/2022 11:45,70.93
2493,3/21/2022 12:00,72.869
2494,3/21/2022 12:15,74.77
2495,3/21/2022 12:30,76.55
2496,3/21/2022 12:45,78.296
2497,3/21/2022 13:00,79.92
2498,3/21/2022 13:15,81.509
2499,3/21/2022 13:30,83.064
2500,3/21/2022 13:45,84.497
2501,3/21/2022 14:00,85.802
2502,3/21/2022 14:15,86.981
2503,3/21/2022 14:30,88.075
2504,3/21/2022 14:45,89.04
2505,3/21/2022 15:00,89.823
2506,3/21/2022 15:15,90.565
2507,3/21/2022 15:30,91.123
2508,3/21/2022 15:45,91.542
2509,3/21/2022 16:00,91.823
2510,3/21/2022 16:15,91.917
2511,3/21/2022 16:30,91.87
2512,3/21/2022 16:45,91.683
2513,3/21/2022 17:00,91.355
2514,3/21/2022 17:15,90.891
2515,3/21/2022 17:30,90.333
2516,3/21/2022 17:45,89.546
2517,3/21/2022 18:00,88.579
2518,3/21/2022 18:15,87.483
2519,3/21/2022 18:30,86.164
2520,3/21/2022 18:45,84.722
2521,3/21/2022 19:00,83.242
2522,3/21/2022 19:15,81.775
2523,3/21/2022 19:30,80.316
2524,3/21/2022 19:45,78.953
2525,3/21/2022 20:00,77.684
2526,3/21/2022 20:15,76.507
2527,3/21/2022 20:30,75.376
2528,3/21/2022 20:45,74.295
2529,3/21/2022 21:00,73.256
2530,3/21/2022 21:15,72.264
2531,3/21/2022 21:30,71.361
2532,3/21/2022 21:45,70.459
2533,3/21/2022 22:00,69.643
2534,3/21/2022 22:15,68.828
2535,3/21/2022 22:30,68.099
2536,3/21/2022 22:45,67.413
2537,3/21/2022 23:00,66.729
2538,3/21/2022 23:15,66.087
2539,3/21/2022 23:30,65.53
2540,3/21/2022 23:45,64.974
2541,3/22/2022 0:00,64.459
2542,3/22/2022 0:15,63.946
2543,3/22/2022 0:30,63.433
2544,3/22/2022 0:45,62.962
2545,3/22/2022 1:00,62.49
2546,3/22/2022 1:15,62.062
2547,3/22/2022 1:30,61.633
2548,3/22/2022 1:45,61.248
2549,3/22/2022 2:00,60.861
2550,3/22/2022 2:15,60.474
2551,3/22/2022 2:30,60.132
2552,3/22/2022 2:45,59.788
2553,3/22/2022 3:00,59.486
2554,3/22/2022 3:15,59.185
2555,3/22/2022 3:30,58.885
2556,3/22/2022 3:45,58.626
2557,3/22/2022 4:00,58.325
2558,3/22/2022 4:15,58.066
2559,3/22/2022 4:30,57.722
2560,3/22/2022 4:45,57.376
2561,3/22/2022 5:00,57.074
2562,3/22/2022 5:15,56.728
2563,3/22/2022 5:30,56.383
2564,3/22/2022 5:45,56.035
2565,3/22/2022 6:00,55.733
2566,3/22/2022 6:15,55.472
2567,3/22/2022 6:30,55.213
2568,3/22/2022 6:45,54.995
2569,3/22/2022 7:00,54.82
2570,3/22/2022 7:15,54.82
2571,3/22/2022 7:30,54.952
2572,3/22/2022 7:45,55.256
2573,3/22/2022 8:00,55.69
2574,3/22/2022 8:15,56.295
2575,3/22/2022 8:30,57.074
2576,3/22/2022 8:45,58.023
2577,3/22/2022 9:00,59.142
2578,3/22/2022 9:15,60.39
2579,3/22/2022 9:30,61.804
2580,3/22/2022 9:45,63.39
2581,3/22/2022 10:00,65.145
2582,3/22/2022 10:15,67.028
2583,3/22/2022 10:30,69.042
2584,3/22/2022 10:45,71.103
2585,3/22/2022 11:00,73.213
2586,3/22/2022 11:15,75.376
2587,3/22/2022 11:30,77.553
2588,3/22/2022 11:45,79.655
2589,3/22/2022 12:00,81.73
2590,3/22/2022 12:15,83.779
2591,3/22/2022 12:30,85.712
2592,3/22/2022 12:45,87.573
2593,3/22/2022 13:00,88.167
2594,3/22/2022 13:15,88.03
2595,3/22/2022 13:30,88.167
2596,3/22/2022 13:45,88.306
2597,3/22/2022 14:00,88.351
2598,3/22/2022 14:15,88.259
2599,3/22/2022 14:30,88.03
2600,3/22/2022 14:45,87.62
2601,3/22/2022 15:00,86.211
2602,3/22/2022 15:15,85.082
2603,3/22/2022 15:30,84.812
2604,3/22/2022 15:45,85.082
2605,3/22/2022 16:00,85.622
2606,3/22/2022 16:15,86.256
2607,3/22/2022 16:30,86.844
2608,3/22/2022 16:45,87.391
2609,3/22/2022 17:00,87.802
2610,3/22/2022 17:15,88.122
2611,3/22/2022 17:30,88.259
2612,3/22/2022 17:45,88.167
2613,3/22/2022 18:00,87.665
2614,3/22/2022 18:15,86.891
2615,3/22/2022 18:30,85.849
2616,3/22/2022 18:45,84.632
2617,3/22/2022 19:00,83.332
2618,3/22/2022 19:15,81.997
2619,3/22/2022 19:30,80.668
2620,3/22/2022 19:45,79.347
2621,3/22/2022 20:00,78.076
2622,3/22/2022 20:15,76.811
2623,3/22/2022 20:30,75.594
2624,3/22/2022 20:45,74.424
2625,3/22/2022 21:00,73.299
2626,3/22/2022 21:15,72.221
2627,3/22/2022 21:30,71.146
2628,3/22/2022 21:45,70.158
2629,3/22/2022 22:00,69.213
2630,3/22/2022 22:15,68.313
2631,3/22/2022 22:30,67.456
2632,3/22/2022 22:45,66.686
2633,3/22/2022 23:00,65.916
2634,3/22/2022 23:15,65.273
2635,3/22/2022 23:30,64.674
2636,3/22/2022 23:45,64.074
2637,3/23/2022 0:00,63.518
2638,3/23/2022 0:15,62.962
2639,3/23/2022 0:30,62.447
2640,3/23/2022 0:45,61.977
2641,3/23/2022 1:00,61.462
2642,3/23/2022 1:15,60.991
2643,3/23/2022 1:30,60.561
2644,3/23/2022 1:45,60.174
2645,3/23/2022 2:00,59.788
2646,3/23/2022 2:15,59.401
2647,3/23/2022 2:30,59.056
2648,3/23/2022 2:45,58.712
2649,3/23/2022 3:00,58.455
2650,3/23/2022 3:15,58.195
2651,3/23/2022 3:30,57.936
2652,3/23/2022 3:45,57.765
2653,3/23/2022 4:00,57.592
2654,3/23/2022 4:15,57.376
2655,3/23/2022 4:30,57.204
2656,3/23/2022 4:45,57.074
2657,3/23/2022 5:00,56.901
2658,3/23/2022 5:15,56.772
2659,3/23/2022 5:30,56.642
2660,3/23/2022 5:45,56.512
2661,3/23/2022 6:00,56.426
2662,3/23/2022 6:15,56.295
2663,3/23/2022 6:30,56.208
2664,3/23/2022 6:45,56.079
2665,3/23/2022 7:00,56.035
2666,3/23/2022 7:15,55.992
2667,3/23/2022 7:30,55.992
2668,3/23/2022 7:45,56.035
2669,3/23/2022 8:00,56.165
2670,3/23/2022 8:15,56.34
2671,3/23/2022 8:30,56.556
2672,3/23/2022 8:45,56.858
2673,3/23/2022 9:00,57.247
2674,3/23/2022 9:15,57.679
2675,3/23/2022 9:30,58.152
2676,3/23/2022 9:45,58.669
2677,3/23/2022 10:00,59.229
2678,3/23/2022 10:15,59.83
2679,3/23/2022 10:30,60.561
2680,3/23/2022 10:45,61.376
2681,3/23/2022 11:00,62.447
2682,3/23/2022 11:15,63.604
2683,3/23/2022 11:30,64.117
2684,3/23/2022 11:45,64.632
2685,3/23/2022 12:00,65.145
2686,3/23/2022 12:15,65.916
2687,3/23/2022 12:30,67.028
2688,3/23/2022 12:45,68.484
2689,3/23/2022 13:00,69.985
2690,3/23/2022 13:15,70.974
2691,3/23/2022 13:30,71.964
2692,3/23/2022 13:45,72.955
2693,3/23/2022 14:00,73.99
2694,3/23/2022 14:15,74.986
2695,3/23/2022 14:30,75.985
2696,3/23/2022 14:45,76.854
2697,3/23/2022 15:00,77.639
2698,3/23/2022 15:15,78.339
2699,3/23/2022 15:30,78.953
2700,3/23/2022 15:45,79.48
2701,3/23/2022 16:00,79.963
2702,3/23/2022 16:15,80.404
2703,3/23/2022 16:30,80.757
2704,3/23/2022 16:45,80.978
2705,3/23/2022 17:00,81.154
2706,3/23/2022 17:15,81.288
2707,3/23/2022 17:30,80.58
2708,3/23/2022 17:45,80.008
2709,3/23/2022 18:00,79.743
2710,3/23/2022 18:15,79.524
2711,3/23/2022 18:30,79.128
2712,3/23/2022 18:45,78.559
2713,3/23/2022 19:00,77.859
2714,3/23/2022 19:15,77.072
2715,3/23/2022 19:30,76.203
2716,3/23/2022 19:45,75.247
2717,3/23/2022 20:00,74.25
2718,3/23/2022 20:15,73.256
2719,3/23/2022 20:30,72.221
2720,3/23/2022 20:45,71.231
2721,3/23/2022 21:00,70.286
2722,3/23/2022 21:15,69.343
2723,3/23/2022 21:30,68.484
2724,3/23/2022 21:45,67.671
2725,3/23/2022 22:00,66.9
2726,3/23/2022 22:15,66.13
2727,3/23/2022 22:30,65.403
2728,3/23/2022 22:45,64.717
2729,3/23/2022 23:00,64.033
2730,3/23/2022 23:15,63.39
2731,3/23/2022 23:30,62.748
2732,3/23/2022 23:45,62.191
2733,3/24/2022 0:00,61.633
2734,3/24/2022 0:15,61.119
2735,3/24/2022 0:30,60.604
2736,3/24/2022 0:45,60.132
2737,3/24/2022 1:00,59.702
2738,3/24/2022 1:15,59.315
2739,3/24/2022 1:30,58.928
2740,3/24/2022 1:45,58.541
2741,3/24/2022 2:00,58.239
2742,3/24/2022 2:15,57.893
2743,3/24/2022 2:30,57.592
2744,3/24/2022 2:45,57.247
2745,3/24/2022 3:00,56.944
2746,3/24/2022 3:15,56.642
2747,3/24/2022 3:30,56.34
2748,3/24/2022 3:45,56.035
2749,3/24/2022 4:00,55.733
2750,3/24/2022 4:15,55.386
2751,3/24/2022 4:30,54.995
2752,3/24/2022 4:45,54.648
2753,3/24/2022 5:00,54.3
2754,3/24/2022 5:15,53.994
2755,3/24/2022 5:30,53.69
2756,3/24/2022 5:45,53.384
2757,3/24/2022 6:00,53.078
2758,3/24/2022 6:15,52.817
2759,3/24/2022 6:30,52.597
2760,3/24/2022 6:45,52.378
2761,3/24/2022 7:00,52.203
2762,3/24/2022 7:15,52.072
2763,3/24/2022 7:30,52.072
2764,3/24/2022 7:45,52.115
2765,3/24/2022 8:00,52.335
2766,3/24/2022 8:15,52.597
2767,3/24/2022 8:30,52.992
2768,3/24/2022 8:45,53.559
2769,3/24/2022 9:00,54.255
2770,3/24/2022 9:15,55.038
2771,3/24/2022 9:30,56.469
2772,3/24/2022 9:45,59.185
2773,3/24/2022 10:00,62.019
2774,3/24/2022 10:15,64.204
2775,3/24/2022 10:30,65.872
2776,3/24/2022 10:45,67.285
2777,3/24/2022 11:00,68.828
2778,3/24/2022 11:15,70.329
2779,3/24/2022 11:30,71.92
2780,3/24/2022 11:45,73.429
2781,3/24/2022 12:00,74.683
2782,3/24/2022 12:15,75.942
2783,3/24/2022 12:30,77.596
2784,3/24/2022 12:45,78.953
2785,3/24/2022 13:00,79.612
2786,3/24/2022 13:15,80.051
2787,3/24/2022 13:30,80.492
2788,3/24/2022 13:45,80.978
2789,3/24/2022 14:00,81.554
2790,3/24/2022 14:15,82.13
2791,3/24/2022 14:30,82.798
2792,3/24/2022 14:45,83.422
2793,3/24/2022 15:00,84.004
2794,3/24/2022 15:15,84.542
2795,3/24/2022 15:30,85.035
2796,3/24/2022 15:45,85.442
2797,3/24/2022 16:00,85.757
2798,3/24/2022 16:15,85.984
2799,3/24/2022 16:30,86.029
2800,3/24/2022 16:45,85.939
2801,3/24/2022 17:00,85.712
2802,3/24/2022 17:15,85.352
2803,3/24/2022 17:30,84.9
2804,3/24/2022 17:45,84.182
2805,3/24/2022 18:00,83.242
2806,3/24/2022 18:15,82.13
2807,3/24/2022 18:30,80.845
2808,3/24/2022 18:45,79.48
2809,3/24/2022 19:00,78.076
2810,3/24/2022 19:15,76.681
2811,3/24/2022 19:30,75.376
2812,3/24/2022 19:45,74.077
2813,3/24/2022 20:00,72.912
2814,3/24/2022 20:15,71.791
2815,3/24/2022 20:30,70.759
2816,3/24/2022 20:45,69.771
2817,3/24/2022 21:00,68.871
2818,3/24/2022 21:15,68.056
2819,3/24/2022 21:30,67.285
2820,3/24/2022 21:45,66.558
2821,3/24/2022 22:00,65.872
2822,3/24/2022 22:15,65.23
2823,3/24/2022 22:30,64.674
2824,3/24/2022 22:45,64.117
2825,3/24/2022 23:00,63.561
2826,3/24/2022 23:15,63.09
2827,3/24/2022 23:30,62.661
2828,3/24/2022 23:45,62.233
2829,3/25/2022 0:00,61.848
2830,3/25/2022 0:15,61.506
2831,3/25/2022 0:30,61.119
2832,3/25/2022 0:45,60.818
2833,3/25/2022 1:00,60.433
2834,3/25/2022 1:15,60.132
2835,3/25/2022 1:30,59.788
2836,3/25/2022 1:45,59.486
2837,3/25/2022 2:00,59.142
2838,3/25/2022 2:15,58.842
2839,3/25/2022 2:30,58.541
2840,3/25/2022 2:45,58.239
2841,3/25/2022 3:00,57.979
2842,3/25/2022 3:15,57.679
2843,3/25/2022 3:30,57.463
2844,3/25/2022 3:45,57.204
2845,3/25/2022 4:00,56.944
2846,3/25/2022 4:15,56.728
2847,3/25/2022 4:30,56.469
2848,3/25/2022 4:45,56.208
2849,3/25/2022 5:00,55.992
2850,3/25/2022 5:15,55.776
2851,3/25/2022 5:30,55.515
2852,3/25/2022 5:45,55.342
2853,3/25/2022 6:00,55.125
2854,3/25/2022 6:15,54.909
2855,3/25/2022 6:30,54.734
2856,3/25/2022 6:45,54.561
2857,3/25/2022 7:00,54.43
2858,3/25/2022 7:15,54.255
2859,3/25/2022 7:30,54.126
2860,3/25/2022 7:45,54.037
2861,3/25/2022 8:00,53.951
2862,3/25/2022 8:15,53.908
2863,3/25/2022 8:30,53.865
2864,3/25/2022 8:45,53.908
2865,3/25/2022 9:00,53.951
2866,3/25/2022 9:15,54.037
2867,3/25/2022 9:30,54.169
2868,3/25/2022 9:45,54.343
2869,3/25/2022 10:00,54.561
2870,3/25/2022 10:15,54.865
2871,3/25/2022 10:30,55.256
2872,3/25/2022 10:45,55.733
2873,3/25/2022 11:00,56.34
2874,3/25/2022 11:15,57.117
2875,3/25/2022 11:30,58.109
2876,3/25/2022 11:45,59.229
2877,3/25/2022 12:00,60.517
2878,3/25/2022 12:15,61.891
2879,3/25/2022 12:30,63.39
2880,3/25/2022 12:45,64.974
2881,3/25/2022 13:00,66.558
2882,3/25/2022 13:15,68.142
2883,3/25/2022 13:30,69.728
2884,3/25/2022 13:45,71.274
2885,3/25/2022 14:00,72.783
2886,3/25/2022 14:15,74.163
2887,3/25/2022 14:30,75.508
2888,3/25/2022 14:45,76.725
2889,3/25/2022 15:00,77.815
2890,3/25/2022 15:15,78.822
2891,3/25/2022 15:30,79.7
2892,3/25/2022 15:45,80.449
2893,3/25/2022 16:00,81.111
2894,3/25/2022 16:15,81.597
2895,3/25/2022 16:30,81.952
2896,3/25/2022 16:45,82.13
2897,3/25/2022 17:00,82.218
2898,3/25/2022 17:15,82.13
2899,3/25/2022 17:30,81.909
2900,3/25/2022 17:45,81.509
2901,3/25/2022 18:00,80.935
2902,3/25/2022 18:15,80.139
2903,3/25/2022 18:30,79.216
2904,3/25/2022 18:45,78.121
2905,3/25/2022 19:00,76.942
2906,3/25/2022 19:15,75.724
2907,3/25/2022 19:30,74.467
2908,3/25/2022 19:45,73.213
2909,3/25/2022 20:00,72.007
2910,3/25/2022 20:15,70.846
2911,3/25/2022 20:30,69.728
2912,3/25/2022 20:45,68.657
2913,3/25/2022 21:00,67.627
2914,3/25/2022 21:15,66.643
2915,3/25/2022 21:30,65.701
2916,3/25/2022 21:45,64.845
2917,3/25/2022 22:00,63.99
2918,3/25/2022 22:15,63.219
2919,3/25/2022 22:30,62.49
2920,3/25/2022 22:45,61.804
2921,3/25/2022 23:00,61.205
2922,3/25/2022 23:15,60.604
2923,3/25/2022 23:30,60.003
2924,3/25/2022 23:45,59.445
2925,3/26/2022 0:00,58.928
2926,3/26/2022 0:15,58.455
2927,3/26/2022 0:30,58.023
2928,3/26/2022 0:45,57.592
2929,3/26/2022 1:00,57.204
2930,3/26/2022 1:15,56.815
2931,3/26/2022 1:30,56.512
2932,3/26/2022 1:45,56.208
2933,3/26/2022 2:00,55.906
2934,3/26/2022 2:15,55.647
2935,3/26/2022 2:30,55.386
2936,3/26/2022 2:45,55.168
2937,3/26/2022 3:00,54.909
2938,3/26/2022 3:15,54.648
2939,3/26/2022 3:30,54.387
2940,3/26/2022 3:45,54.082
2941,3/26/2022 4:00,53.776
2942,3/26/2022 4:15,53.472
2943,3/26/2022 4:30,53.121
2944,3/26/2022 4:45,52.817
2945,3/26/2022 5:00,52.509
2946,3/26/2022 5:15,52.203
2947,3/26/2022 5:30,51.94
2948,3/26/2022 5:45,51.678
2949,3/26/2022 6:00,51.413
2950,3/26/2022 6:15,51.148
2951,3/26/2022 6:30,50.929
2952,3/26/2022 6:45,50.709
2953,3/26/2022 7:00,50.576
2954,3/26/2022 7:15,50.488
2955,3/26/2022 7:30,50.488
2956,3/26/2022 7:45,50.576
2957,3/26/2022 8:00,50.709
2958,3/26/2022 8:15,50.929
2959,3/26/2022 8:30,51.193
2960,3/26/2022 8:45,51.544
2961,3/26/2022 9:00,51.895
2962,3/26/2022 9:15,52.378
2963,3/26/2022 9:30,52.947
2964,3/26/2022 9:45,53.733
2965,3/26/2022 10:00,54.648
2966,3/26/2022 10:15,55.69
2967,3/26/2022 10:30,56.901
2968,3/26/2022 10:45,58.282
2969,3/26/2022 11:00,59.745
2970,3/26/2022 11:15,61.248
2971,3/26/2022 11:30,62.834
2972,3/26/2022 11:45,64.459
2973,3/26/2022 12:00,66.087
2974,3/26/2022 12:15,67.757
2975,3/26/2022 12:30,69.427
2976,3/26/2022 12:45,71.017
2977,3/26/2022 13:00,72.567
2978,3/26/2022 13:15,74.077
2979,3/26/2022 13:30,75.508
2980,3/26/2022 13:45,76.899
2981,3/26/2022 14:00,78.208
2982,3/26/2022 14:15,79.48
2983,3/26/2022 14:30,80.625
2984,3/26/2022 14:45,81.687
2985,3/26/2022 15:00,82.665
2986,3/26/2022 15:15,83.511
2987,3/26/2022 15:30,84.227
2988,3/26/2022 15:45,84.767
2989,3/26/2022 16:00,85.172
2990,3/26/2022 16:15,85.397
2991,3/26/2022 16:30,85.532
2992,3/26/2022 16:45,85.487
2993,3/26/2022 17:00,85.307
2994,3/26/2022 17:15,84.99
2995,3/26/2022 17:30,84.632
2996,3/26/2022 17:45,84.049
2997,3/26/2022 18:00,83.287
2998,3/26/2022 18:15,82.353
2999,3/26/2022 18:30,81.244
3000,3/26/2022 18:45,80.051
3001,3/26/2022 19:00,78.777
3002,3/26/2022 19:15,77.464
3003,3/26/2022 19:30,76.158
3004,3/26/2022 19:45,74.899
3005,3/26/2022 20:00,73.688
3006,3/26/2022 20:15,72.523
3007,3/26/2022 20:30,71.404
3008,3/26/2022 20:45,70.329
3009,3/26/2022 21:00,69.343
3010,3/26/2022 21:15,68.356
3011,3/26/2022 21:30,67.456
3012,3/26/2022 21:45,66.6
3013,3/26/2022 22:00,65.788
3014,3/26/2022 22:15,65.017
3015,3/26/2022 22:30,64.288
3016,3/26/2022 22:45,63.648
3017,3/26/2022 23:00,63.005
3018,3/26/2022 23:15,62.406
3019,3/26/2022 23:30,61.891
3020,3/26/2022 23:45,61.376
3021,3/27/2022 0:00,60.904
3022,3/27/2022 0:15,60.433
3023,3/27/2022 0:30,60.003
3024,3/27/2022 0:45,59.616
3025,3/27/2022 1:00,59.229
3026,3/27/2022 1:15,58.928
3027,3/27/2022 1:30,58.626
3028,3/27/2022 1:45,58.411
3029,3/27/2022 2:00,58.195
3030,3/27/2022 2:15,58.023
3031,3/27/2022 2:30,57.893
3032,3/27/2022 2:45,57.765
3033,3/27/2022 3:00,57.679
3034,3/27/2022 3:15,57.549
3035,3/27/2022 3:30,57.42
3036,3/27/2022 3:45,57.29
3037,3/27/2022 4:00,57.16
3038,3/27/2022 4:15,57.031
3039,3/27/2022 4:30,56.901
3040,3/27/2022 4:45,56.815
3041,3/27/2022 5:00,56.685
3042,3/27/2022 5:15,56.556
3043,3/27/2022 5:30,56.469
3044,3/27/2022 5:45,56.383
3045,3/27/2022 6:00,56.295
3046,3/27/2022 6:15,56.165
3047,3/27/2022 6:30,56.079
3048,3/27/2022 6:45,55.992
3049,3/27/2022 7:00,55.906
3050,3/27/2022 7:15,55.863
3051,3/27/2022 7:30,55.819
3052,3/27/2022 7:45,55.819
3053,3/27/2022 8:00,55.863
3054,3/27/2022 8:15,55.992
3055,3/27/2022 8:30,56.165
3056,3/27/2022 8:45,56.426
3057,3/27/2022 9:00,56.772
3058,3/27/2022 9:15,57.16
3059,3/27/2022 9:30,57.679
3060,3/27/2022 9:45,58.325
3061,3/27/2022 10:00,58.971
3062,3/27/2022 10:15,59.659
3063,3/27/2022 10:30,60.39
3064,3/27/2022 10:45,61.119
3065,3/27/2022 11:00,61.891
3066,3/27/2022 11:15,62.661
3067,3/27/2022 11:30,63.475
3068,3/27/2022 11:45,64.288
3069,3/27/2022 12:00,65.145
3070,3/27/2022 12:15,65.959
3071,3/27/2022 12:30,66.772
3072,3/27/2022 12:45,67.543
3073,3/27/2022 13:00,68.27
3074,3/27/2022 13:15,68.999
3075,3/27/2022 13:30,69.685
3076,3/27/2022 13:45,70.329
3077,3/27/2022 14:00,70.974
3078,3/27/2022 14:15,71.704
3079,3/27/2022 14:30,72.394
3080,3/27/2022 14:45,73.126
3081,3/27/2022 15:00,73.818
3082,3/27/2022 15:15,74.467
3083,3/27/2022 15:30,75.029
3084,3/27/2022 15:45,75.508
3085,3/27/2022 16:00,75.898
3086,3/27/2022 16:15,76.114
3087,3/27/2022 16:30,76.203
3088,3/27/2022 16:45,76.158
3089,3/27/2022 17:00,76.028
3090,3/27/2022 17:15,75.767
3091,3/27/2022 17:30,75.42
3092,3/27/2022 17:45,74.943
3093,3/27/2022 18:00,74.381
3094,3/27/2022 18:15,73.774
3095,3/27/2022 18:30,73.04
3096,3/27/2022 18:45,72.264
3097,3/27/2022 19:00,71.404
3098,3/27/2022 19:15,70.543
3099,3/27/2022 19:30,69.685
3100,3/27/2022 19:45,68.828
3101,3/27/2022 20:00,67.971
3102,3/27/2022 20:15,67.158
3103,3/27/2022 20:30,66.385
3104,3/27/2022 20:45,65.615
3105,3/27/2022 21:00,64.931
3106,3/27/2022 21:15,64.288
3107,3/27/2022 21:30,63.689
3108,3/27/2022 21:45,63.133
3109,3/27/2022 22:00,62.62
3110,3/27/2022 22:15,62.148
3111,3/27/2022 22:30,61.72
3112,3/27/2022 22:45,61.29
3113,3/27/2022 23:00,60.948
3114,3/27/2022 23:15,60.604
3115,3/27/2022 23:30,60.303
3116,3/27/2022 23:45,60.046
3117,3/28/2022 0:00,59.745
3118,3/28/2022 0:15,59.486
3119,3/28/2022 0:30,59.272
3120,3/28/2022 0:45,59.056
3121,3/28/2022 1:00,58.842
3122,3/28/2022 1:15,58.626
3123,3/28/2022 1:30,58.455
3124,3/28/2022 1:45,58.282
3125,3/28/2022 2:00,58.152
3126,3/28/2022 2:15,57.979
3127,3/28/2022 2:30,57.85
3128,3/28/2022 2:45,57.722
3129,3/28/2022 3:00,57.592
3130,3/28/2022 3:15,57.42
3131,3/28/2022 3:30,57.29
3132,3/28/2022 3:45,57.117
3133,3/28/2022 4:00,56.944
3134,3/28/2022 4:15,56.772
3135,3/28/2022 4:30,56.556
3136,3/28/2022 4:45,56.383
3137,3/28/2022 5:00,56.165
3138,3/28/2022 5:15,55.949
3139,3/28/2022 5:30,55.776
3140,3/28/2022 5:45,55.602
3141,3/28/2022 6:00,55.429
3142,3/28/2022 6:15,55.256
3143,3/28/2022 6:30,55.038
3144,3/28/2022 6:45,54.865
3145,3/28/2022 7:00,54.691
3146,3/28/2022 7:15,54.561
3147,3/28/2022 7:30,54.516
3148,3/28/2022 7:45,54.473
3149,3/28/2022 8:00,54.473
3150,3/28/2022 8:15,54.82
3151,3/28/2022 8:30,55.213
3152,3/28/2022 8:45,55.472
3153,3/28/2022 9:00,55.69
3154,3/28/2022 9:15,56.469
3155,3/28/2022 9:30,57.722
3156,3/28/2022 9:45,59.056
3157,3/28/2022 10:00,60.39
3158,3/28/2022 10:15,61.761
3159,3/28/2022 10:30,63.048
3160,3/28/2022 10:45,64.204
3161,3/28/2022 11:00,65.444
3162,3/28/2022 11:15,66.686
3163,3/28/2022 11:30,67.798
3164,3/28/2022 11:45,68.785
3165,3/28/2022 12:00,69.514
3166,3/28/2022 12:15,70.158
3167,3/28/2022 12:30,70.803
3168,3/28/2022 12:45,71.577
3169,3/28/2022 13:00,72.437
3170,3/28/2022 13:15,73.386
3171,3/28/2022 13:30,74.381
3172,3/28/2022 13:45,75.376
3173,3/28/2022 14:00,76.114
3174,3/28/2022 14:15,76.681
3175,3/28/2022 14:30,77.292
3176,3/28/2022 14:45,77.99
3177,3/28/2022 15:00,78.296
3178,3/28/2022 15:15,78.427
3179,3/28/2022 15:30,78.777
3180,3/28/2022 15:45,79.216
3181,3/28/2022 16:00,79.524
3182,3/28/2022 16:15,79.655
3183,3/28/2022 16:30,79.612
3184,3/28/2022 16:45,79.435
3185,3/28/2022 17:00,78.69
3186,3/28/2022 17:15,78.076
3187,3/28/2022 17:30,77.553
3188,3/28/2022 17:45,77.029
3189,3/28/2022 18:00,76.419
3190,3/28/2022 18:15,75.724
3191,3/28/2022 18:30,74.986
3192,3/28/2022 18:45,74.12
3193,3/28/2022 19:00,73.213
3194,3/28/2022 19:15,72.307
3195,3/28/2022 19:30,71.404
3196,3/28/2022 19:45,70.543
3197,3/28/2022 20:00,69.728
3198,3/28/2022 20:15,68.913
3199,3/28/2022 20:30,68.185
3200,3/28/2022 20:45,67.5
3201,3/28/2022 21:00,66.814
3202,3/28/2022 21:15,66.13
3203,3/28/2022 21:30,65.487
3204,3/28/2022 21:45,64.888
3205,3/28/2022 22:00,64.247
3206,3/28/2022 22:15,63.648
3207,3/28/2022 22:30,63.09
3208,3/28/2022 22:45,62.577
3209,3/28/2022 23:00,62.062
3210,3/28/2022 23:15,61.547
3211,3/28/2022 23:30,61.032
3212,3/28/2022 23:45,60.561
3213,3/29/2022 0:00,60.132
3214,3/29/2022 0:15,59.659
3215,3/29/2022 0:30,59.229
3216,3/29/2022 0:45,58.885
3217,3/29/2022 1:00,58.541
3218,3/29/2022 1:15,58.239
3219,3/29/2022 1:30,57.936
3220,3/29/2022 1:45,57.636
3221,3/29/2022 2:00,57.333
3222,3/29/2022 2:15,57.074
3223,3/29/2022 2:30,56.815
3224,3/29/2022 2:45,56.642
3225,3/29/2022 3:00,56.512
3226,3/29/2022 3:15,56.383
3227,3/29/2022 3:30,56.295
3228,3/29/2022 3:45,56.208
3229,3/29/2022 4:00,56.122
3230,3/29/2022 4:15,56.035
3231,3/29/2022 4:30,55.949
3232,3/29/2022 4:45,55.863
3233,3/29/2022 5:00,55.819
3234,3/29/2022 5:15,55.776
3235,3/29/2022 5:30,55.69
3236,3/29/2022 5:45,55.602
3237,3/29/2022 6:00,55.558
3238,3/29/2022 6:15,55.515
3239,3/29/2022 6:30,55.472
3240,3/29/2022 6:45,55.386
3241,3/29/2022 7:00,55.342
3242,3/29/2022 7:15,55.342
3243,3/29/2022 7:30,55.342
3244,3/29/2022 7:45,55.342
3245,3/29/2022 8:00,55.429
3246,3/29/2022 8:15,55.515
3247,3/29/2022 8:30,55.69
3248,3/29/2022 8:45,55.863
3249,3/29/2022 9:00,56.122
3250,3/29/2022 9:15,56.383
3251,3/29/2022 9:30,56.728
3252,3/29/2022 9:45,57.117
3253,3/29/2022 10:00,57.549
3254,3/29/2022 10:15,58.023
3255,3/29/2022 10:30,58.541
3256,3/29/2022 10:45,59.056
3257,3/29/2022 11:00,59.616
3258,3/29/2022 11:15,60.174
3259,3/29/2022 11:30,60.733
3260,3/29/2022 11:45,61.29
3261,3/29/2022 12:00,61.848
3262,3/29/2022 12:15,62.406
3263,3/29/2022 12:30,63.048
3264,3/29/2022 12:45,63.732
3265,3/29/2022 13:00,64.503
3266,3/29/2022 13:15,65.359
3267,3/29/2022 13:30,66.173
3268,3/29/2022 13:45,66.943
3269,3/29/2022 14:00,67.671
3270,3/29/2022 14:15,68.356
3271,3/29/2022 14:30,69.042
3272,3/29/2022 14:45,69.728
3273,3/29/2022 15:00,70.329
3274,3/29/2022 15:15,70.93
3275,3/29/2022 15:30,71.533
3276,3/29/2022 15:45,72.093
3277,3/29/2022 16:00,72.653
3278,3/29/2022 16:15,73.17
3279,3/29/2022 16:30,73.558
3280,3/29/2022 16:45,73.861
3281,3/29/2022 17:00,73.99
3282,3/29/2022 17:15,74.034
3283,3/29/2022 17:30,73.99
3284,3/29/2022 17:45,73.861
3285,3/29/2022 18:00,73.602
3286,3/29/2022 18:15,73.256
3287,3/29/2022 18:30,72.739
3288,3/29/2022 18:45,72.136
3289,3/29/2022 19:00,71.404
3290,3/29/2022 19:15,70.63
3291,3/29/2022 19:30,69.814
3292,3/29/2022 19:45,68.956
3293,3/29/2022 20:00,68.142
3294,3/29/2022 20:15,67.372
3295,3/29/2022 20:30,66.643
3296,3/29/2022 20:45,65.916
3297,3/29/2022 21:00,65.23
3298,3/29/2022 21:15,64.632
3299,3/29/2022 21:30,64.033
3300,3/29/2022 21:45,63.433
3301,3/29/2022 22:00,62.919
3302,3/29/2022 22:15,62.406
3303,3/29/2022 22:30,61.934
3304,3/29/2022 22:45,61.506
3305,3/29/2022 23:00,61.075
3306,3/29/2022 23:15,60.733
3307,3/29/2022 23:30,60.346
3308,3/29/2022 23:45,60.046
3309,3/30/2022 0:00,59.702
3310,3/30/2022 0:15,59.401
3311,3/30/2022 0:30,59.142
3312,3/30/2022 0:45,58.842
3313,3/30/2022 1:00,58.582
3314,3/30/2022 1:15,58.368
3315,3/30/2022 1:30,58.109
3316,3/30/2022 1:45,57.893
3317,3/30/2022 2:00,57.679
3318,3/30/2022 2:15,57.506
3319,3/30/2022 2:30,57.333
3320,3/30/2022 2:45,57.16
3321,3/30/2022 3:00,57.031
3322,3/30/2022 3:15,56.858
3323,3/30/2022 3:30,56.728
3324,3/30/2022 3:45,56.599
3325,3/30/2022 4:00,56.469
3326,3/30/2022 4:15,56.34
3327,3/30/2022 4:30,56.208
3328,3/30/2022 4:45,56.079
3329,3/30/2022 5:00,55.949
3330,3/30/2022 5:15,55.819
3331,3/30/2022 5:30,55.69
3332,3/30/2022 5:45,55.602
3333,3/30/2022 6:00,55.602
3334,3/30/2022 6:15,56.426
3335,3/30/2022 6:30,57.506
3336,3/30/2022 6:45,58.842
3337,3/30/2022 7:00,60.046
3338,3/30/2022 7:15,61.032
3339,3/30/2022 7:30,62.062
3340,3/30/2022 7:45,63.09
3341,3/30/2022 8:00,64.033
3342,3/30/2022 8:15,64.632
3343,3/30/2022 8:30,65.102
3344,3/30/2022 8:45,65.487
3345,3/30/2022 9:00,65.872
3346,3/30/2022 9:15,66.258
3347,3/30/2022 9:30,66.6
3348,3/30/2022 9:45,66.985
3349,3/30/2022 10:00,67.372
3350,3/30/2022 10:15,67.714
3351,3/30/2022 10:30,68.099
3352,3/30/2022 10:45,68.443
3353,3/30/2022 11:00,68.657
3354,3/30/2022 11:15,68.871
3355,3/30/2022 11:30,70.329
3356,3/30/2022 11:45,71.404
3357,3/30/2022 12:00,71.92
3358,3/30/2022 12:15,72.264
3359,3/30/2022 12:30,72.61
3360,3/30/2022 12:45,72.869
3361,3/30/2022 13:00,73.04
3362,3/30/2022 13:15,73.17
3363,3/30/2022 13:30,73.17
3364,3/30/2022 13:45,73.083
3365,3/30/2022 14:00,72.955
3366,3/30/2022 14:15,72.739
3367,3/30/2022 14:30,72.48
3368,3/30/2022 14:45,72.221
3369,3/30/2022 15:00,71.964
3370,3/30/2022 15:15,71.791
3371,3/30/2022 15:30,71.834
3372,3/30/2022 15:45,71.964
3373,3/30/2022 16:00,72.351
3374,3/30/2022 16:15,72.739
3375,3/30/2022 16:30,72.912
3376,3/30/2022 16:45,72.997
3377,3/30/2022 17:00,73.213
3378,3/30/2022 17:15,73.558
3379,3/30/2022 17:30,73.904
3380,3/30/2022 17:45,74.077
3381,3/30/2022 18:00,74.077
3382,3/30/2022 18:15,73.904
3383,3/30/2022 18:30,73.472
3384,3/30/2022 18:45,72.912
3385,3/30/2022 19:00,72.264
3386,3/30/2022 19:15,71.577
3387,3/30/2022 19:30,70.887
3388,3/30/2022 19:45,70.201
3389,3/30/2022 20:00,69.557
3390,3/30/2022 20:15,68.871
3391,3/30/2022 20:30,68.227
3392,3/30/2022 20:45,67.543
3393,3/30/2022 21:00,66.9
3394,3/30/2022 21:15,66.214
3395,3/30/2022 21:30,65.53
3396,3/30/2022 21:45,64.845
3397,3/30/2022 22:00,64.161
3398,3/30/2022 22:15,63.518
3399,3/30/2022 22:30,62.919
3400,3/30/2022 22:45,62.362
3401,3/30/2022 23:00,61.848
3402,3/30/2022 23:15,61.376
3403,3/30/2022 23:30,60.991
3404,3/30/2022 23:45,60.604
3405,3/31/2022 0:00,60.217
3406,3/31/2022 0:15,59.873
3407,3/31/2022 0:30,59.486
3408,3/31/2022 0:45,59.099
3409,3/31/2022 1:00,58.755
3410,3/31/2022 1:15,58.368
3411,3/31/2022 1:30,58.023
3412,3/31/2022 1:45,57.636
3413,3/31/2022 2:00,57.29
3414,3/31/2022 2:15,56.988
3415,3/31/2022 2:30,56.642
3416,3/31/2022 2:45,56.383
3417,3/31/2022 3:00,56.079
3418,3/31/2022 3:15,55.863
3419,3/31/2022 3:30,55.69
3420,3/31/2022 3:45,55.472
3421,3/31/2022 4:00,55.299
3422,3/31/2022 4:15,55.081
3423,3/31/2022 4:30,54.909
3424,3/31/2022 4:45,54.691
3425,3/31/2022 5:00,54.473
3426,3/31/2022 5:15,54.255
3427,3/31/2022 5:30,54.037
3428,3/31/2022 5:45,53.82
3429,3/31/2022 6:00,53.602
3430,3/31/2022 6:15,53.427
3431,3/31/2022 6:30,53.253
3432,3/31/2022 6:45,53.078
3433,3/31/2022 7:00,53.166
3434,3/31/2022 7:15,55.776
3435,3/31/2022 7:30,58.798
3436,3/31/2022 7:45,61.462
3437,3/31/2022 8:00,64.033
3438,3/31/2022 8:15,65.059
3439,3/31/2022 8:30,64.288
3440,3/31/2022 8:45,64.033
3441,3/31/2022 9:00,64.204
3442,3/31/2022 9:15,64.717
3443,3/31/2022 9:30,65.403
3444,3/31/2022 9:45,66.258
3445,3/31/2022 10:00,67.285
3446,3/31/2022 10:15,68.443
3447,3/31/2022 10:30,69.6
3448,3/31/2022 10:45,70.63
3449,3/31/2022 11:00,71.447
3450,3/31/2022 11:15,71.964
3451,3/31/2022 11:30,72.61
3452,3/31/2022 11:45,73.558
3453,3/31/2022 12:00,74.683
3454,3/31/2022 12:15,75.81
3455,3/31/2022 12:30,76.942
3456,3/31/2022 12:45,78.076
3457,3/31/2022 13:00,79.173
3458,3/31/2022 13:15,79.743
3459,3/31/2022 13:30,79.831
3460,3/31/2022 13:45,79.876
3461,3/31/2022 14:00,79.788
3462,3/31/2022 14:15,79.655
3463,3/31/2022 14:30,79.48
3464,3/31/2022 14:45,79.261
3465,3/31/2022 15:00,79.041
3466,3/31/2022 15:15,78.865
3467,3/31/2022 15:30,79.128
3468,3/31/2022 15:45,79.963
3469,3/31/2022 16:00,80.89
3470,3/31/2022 16:15,81.509
3471,3/31/2022 16:30,81.466
3472,3/31/2022 16:45,80.139
3473,3/31/2022 17:00,78.865
3474,3/31/2022 17:15,77.859
3475,3/31/2022 17:30,77.029
3476,3/31/2022 17:45,76.114
3477,3/31/2022 18:00,74.943
3478,3/31/2022 18:15,73.515
3479,3/31/2022 18:30,71.92
3480,3/31/2022 18:45,70.286
3481,3/31/2022 19:00,68.614
3482,3/31/2022 19:15,67.028
3483,3/31/2022 19:30,65.53
3484,3/31/2022 19:45,64.161
3485,3/31/2022 20:00,63.176
3486,3/31/2022 20:15,63.862
3487,3/31/2022 20:30,65.23
3488,3/31/2022 20:45,66.772
3489,3/31/2022 21:00,68.142
3490,3/31/2022 21:15,69.343
3491,3/31/2022 21:30,69.771
3492,3/31/2022 21:45,69.557
3493,3/31/2022 22:00,68.956
3494,3/31/2022 22:15,68.227
3495,3/31/2022 22:30,67.372
3496,3/31/2022 22:45,66.558
3497,3/31/2022 23:00,65.701
3498,3/31/2022 23:15,64.888
3499,3/31/2022 23:30,64.161
3500,3/31/2022 23:45,63.433
3501,4/1/2022 0:00,62.791
3502,4/1/2022 0:15,62.191
3503,4/1/2022 0:30,61.59
3504,4/1/2022 0:45,61.032
3505,4/1/2022 1:00,60.517
3506,4/1/2022 1:15,60.003
3507,4/1/2022 1:30,59.486
3508,4/1/2022 1:45,59.014
3509,4/1/2022 2:00,58.541
3510,4/1/2022 2:15,58.066
3511,4/1/2022 2:30,57.636
3512,4/1/2022 2:45,57.204
3513,4/1/2022 3:00,56.772
3514,4/1/2022 3:15,56.383
3515,4/1/2022 3:30,55.949
3516,4/1/2022 3:45,55.558
3517,4/1/2022 4:00,55.125
3518,4/1/2022 4:15,54.734
3519,4/1/2022 4:30,54.387
3520,4/1/2022 4:45,53.994
3521,4/1/2022 5:00,53.645
3522,4/1/2022 5:15,53.341
3523,4/1/2022 5:30,53.078
3524,4/1/2022 5:45,52.772
3525,4/1/2022 6:00,52.509
3526,4/1/2022 6:15,52.203
3527,4/1/2022 6:30,52.029
3528,4/1/2022 6:45,51.852
3529,4/1/2022 7:00,51.809
3530,4/1/2022 7:15,51.94
3531,4/1/2022 7:30,52.291
3532,4/1/2022 7:45,52.772
3533,4/1/2022 8:00,53.384
3534,4/1/2022 8:15,54.126
3535,4/1/2022 8:30,55.038
3536,4/1/2022 8:45,55.992
3537,4/1/2022 9:00,57.117
3538,4/1/2022 9:15,58.368
3539,4/1/2022 9:30,59.745
3540,4/1/2022 9:45,61.248
3541,4/1/2022 10:00,62.834
3542,4/1/2022 10:15,64.459
3543,4/1/2022 10:30,66.13
3544,4/1/2022 10:45,67.842
3545,4/1/2022 11:00,69.6
3546,4/1/2022 11:15,71.361
3547,4/1/2022 11:30,72.05
3548,4/1/2022 11:45,74.25
3549,4/1/2022 12:00,75.942
3550,4/1/2022 12:15,76.681
3551,4/1/2022 12:30,77.421
3552,4/1/2022 12:45,77.553
3553,4/1/2022 13:00,74.899
3554,4/1/2022 13:15,73.818
3555,4/1/2022 13:30,73.818
3556,4/1/2022 13:45,74.12
3557,4/1/2022 14:00,74.77
3558,4/1/2022 14:15,75.333
3559,4/1/2022 14:30,75.81
3560,4/1/2022 14:45,76.114
3561,4/1/2022 15:00,76.158
3562,4/1/2022 15:15,75.942
3563,4/1/2022 15:30,75.551
3564,4/1/2022 15:45,74.986
3565,4/1/2022 16:00,74.597
3566,4/1/2022 16:15,74.295
3567,4/1/2022 16:30,74.163
3568,4/1/2022 16:45,73.99
3569,4/1/2022 17:00,73.947
3570,4/1/2022 17:15,73.947
3571,4/1/2022 17:30,73.99
3572,4/1/2022 17:45,73.99
3573,4/1/2022 18:00,73.861
3574,4/1/2022 18:15,73.472
3575,4/1/2022 18:30,72.826
3576,4/1/2022 18:45,72.007
3577,4/1/2022 19:00,71.103
3578,4/1/2022 19:15,70.286
3579,4/1/2022 19:30,69.427
3580,4/1/2022 19:45,68.484
3581,4/1/2022 20:00,67.456
3582,4/1/2022 20:15,66.472
3583,4/1/2022 20:30,65.487
3584,4/1/2022 20:45,64.546
3585,4/1/2022 21:00,63.648
3586,4/1/2022 21:15,62.791
3587,4/1/2022 21:30,61.934
3588,4/1/2022 21:45,61.162
3589,4/1/2022 22:00,60.433
3590,4/1/2022 22:15,59.83
3591,4/1/2022 22:30,60.517
3592,4/1/2022 22:45,62.191
3593,4/1/2022 23:00,64.418
3594,4/1/2022 23:15,65.745
3595,4/1/2022 23:30,66.13
3596,4/1/2022 23:45,65.916
3597,4/2/2022 0:00,65.444
3598,4/2/2022 0:15,64.803
3599,4/2/2022 0:30,64.117
3600,4/2/2022 0:45,63.433
3601,4/2/2022 1:00,62.748
3602,4/2/2022 1:15,62.105
3603,4/2/2022 1:30,61.506
3604,4/2/2022 1:45,60.904
3605,4/2/2022 2:00,60.346
3606,4/2/2022 2:15,59.83
3607,4/2/2022 2:30,59.358
3608,4/2/2022 2:45,58.842
3609,4/2/2022 3:00,58.411
3610,4/2/2022 3:15,57.936
3611,4/2/2022 3:30,57.549
3612,4/2/2022 3:45,57.16
3613,4/2/2022 4:00,56.815
3614,4/2/2022 4:15,56.469
3615,4/2/2022 4:30,56.122
3616,4/2/2022 4:45,55.819
3617,4/2/2022 5:00,55.515
3618,4/2/2022 5:15,55.213
3619,4/2/2022 5:30,54.909
3620,4/2/2022 5:45,54.648
3621,4/2/2022 6:00,54.387
3622,4/2/2022 6:15,54.126
3623,4/2/2022 6:30,53.865
3624,4/2/2022 6:45,53.69
3625,4/2/2022 7:00,53.602
3626,4/2/2022 7:15,53.645
3627,4/2/2022 7:30,53.82
3628,4/2/2022 7:45,54.126
3629,4/2/2022 8:00,54.561
3630,4/2/2022 8:15,55.125
3631,4/2/2022 8:30,55.776
3632,4/2/2022 8:45,56.556
3633,4/2/2022 9:00,57.463
3634,4/2/2022 9:15,58.498
3635,4/2/2022 9:30,59.659
3636,4/2/2022 9:45,60.904
3637,4/2/2022 10:00,62.233
3638,4/2/2022 10:15,63.648
3639,4/2/2022 10:30,65.059
3640,4/2/2022 10:45,66.558
3641,4/2/2022 11:00,68.142
3642,4/2/2022 11:15,69.728
3643,4/2/2022 11:30,71.317
3644,4/2/2022 11:45,72.869
3645,4/2/2022 12:00,74.424
3646,4/2/2022 12:15,75.898
3647,4/2/2022 12:30,77.421
3648,4/2/2022 12:45,78.865
3649,4/2/2022 13:00,80.316
3650,4/2/2022 13:15,81.73
3651,4/2/2022 13:30,83.064
3652,4/2/2022 13:45,84.317
3653,4/2/2022 14:00,85.442
3654,4/2/2022 14:15,86.527
3655,4/2/2022 14:30,87.528
3656,4/2/2022 14:45,88.351
3657,4/2/2022 15:00,89.132
3658,4/2/2022 15:15,89.776
3659,4/2/2022 15:30,90.333
3660,4/2/2022 15:45,90.75
3661,4/2/2022 16:00,91.029
3662,4/2/2022 16:15,91.216
3663,4/2/2022 16:30,91.216
3664,4/2/2022 16:45,91.123
3665,4/2/2022 17:00,90.936
3666,4/2/2022 17:15,90.565
3667,4/2/2022 17:30,90.1
3668,4/2/2022 17:45,89.499
3669,4/2/2022 18:00,88.671
3670,4/2/2022 18:15,87.62
3671,4/2/2022 18:30,86.437
3672,4/2/2022 18:45,85.127
3673,4/2/2022 19:00,83.646
3674,4/2/2022 19:15,82.175
3675,4/2/2022 19:30,80.713
3676,4/2/2022 19:45,79.261
3677,4/2/2022 20:00,77.902
3678,4/2/2022 20:15,76.636
3679,4/2/2022 20:30,75.42
3680,4/2/2022 20:45,74.295
3681,4/2/2022 21:00,73.213
3682,4/2/2022 21:15,72.178
3683,4/2/2022 21:30,71.231
3684,4/2/2022 21:45,70.286
3685,4/2/2022 22:00,69.427
3686,4/2/2022 22:15,68.614
3687,4/2/2022 22:30,67.842
3688,4/2/2022 22:45,67.114
3689,4/2/2022 23:00,66.429
3690,4/2/2022 23:15,65.745
3691,4/2/2022 23:30,65.059
3692,4/2/2022 23:45,64.418
3693,4/3/2022 0:00,63.819
3694,4/3/2022 0:15,63.262
3695,4/3/2022 0:30,62.661
3696,4/3/2022 0:45,62.148
3697,4/3/2022 1:00,61.633
3698,4/3/2022 1:15,61.119
3699,4/3/2022 1:30,60.647
3700,4/3/2022 1:45,60.174
3701,4/3/2022 2:00,59.745
3702,4/3/2022 2:15,59.315
3703,4/3/2022 2:30,58.885
3704,4/3/2022 2:45,58.498
3705,4/3/2022 3:00,58.066
3706,4/3/2022 3:15,57.679
3707,4/3/2022 3:30,57.29
3708,4/3/2022 3:45,56.901
3709,4/3/2022 4:00,56.512
3710,4/3/2022 4:15,56.122
3711,4/3/2022 4:30,55.776
3712,4/3/2022 4:45,55.472
3713,4/3/2022 5:00,55.125
3714,4/3/2022 5:15,54.777
3715,4/3/2022 5:30,54.473
3716,4/3/2022 5:45,54.126
3717,4/3/2022 6:00,53.82
3718,4/3/2022 6:15,53.515
3719,4/3/2022 6:30,53.209
3720,4/3/2022 6:45,52.992
3721,4/3/2022 7:00,52.903
3722,4/3/2022 7:15,52.992
3723,4/3/2022 7:30,53.209
3724,4/3/2022 7:45,53.559
3725,4/3/2022 8:00,54.037
3726,4/3/2022 8:15,54.648
3727,4/3/2022 8:30,55.386
3728,4/3/2022 8:45,56.295
3729,4/3/2022 9:00,57.29
3730,4/3/2022 9:15,58.411
3731,4/3/2022 9:30,59.659
3732,4/3/2022 9:45,61.032
3733,4/3/2022 10:00,62.49
3734,4/3/2022 10:15,64.033
3735,4/3/2022 10:30,65.658
3736,4/3/2022 10:45,67.329
3737,4/3/2022 11:00,69.042
3738,4/3/2022 11:15,70.716
3739,4/3/2022 11:30,72.394
3740,4/3/2022 11:45,73.947
3741,4/3/2022 12:00,75.508
3742,4/3/2022 12:15,76.942
3743,4/3/2022 12:30,78.382
3744,4/3/2022 12:45,79.7
3745,4/3/2022 13:00,80.978
3746,4/3/2022 13:15,82.218
3747,4/3/2022 13:30,83.332
3748,4/3/2022 13:45,84.362
3749,4/3/2022 14:00,85.352
3750,4/3/2022 14:15,85.622
3751,4/3/2022 14:30,83.021
3752,4/3/2022 14:45,80.184
3753,4/3/2022 15:00,77.99
3754,4/3/2022 15:15,76.289
3755,4/3/2022 15:30,75.551
3756,4/3/2022 15:45,75.724
3757,4/3/2022 16:00,76.375
3758,4/3/2022 16:15,77.247
3759,4/3/2022 16:30,77.902
3760,4/3/2022 16:45,78.251
3761,4/3/2022 17:00,78.296
3762,4/3/2022 17:15,78.165
3763,4/3/2022 17:30,77.815
3764,4/3/2022 17:45,77.247
3765,4/3/2022 18:00,76.464
3766,4/3/2022 18:15,75.508
3767,4/3/2022 18:30,74.467
3768,4/3/2022 18:45,73.299
3769,4/3/2022 19:00,72.351
3770,4/3/2022 19:15,72.264
3771,4/3/2022 19:30,73.04
3772,4/3/2022 19:45,74.295
3773,4/3/2022 20:00,75.247
3774,4/3/2022 20:15,75.594
3775,4/3/2022 20:30,75.117
3776,4/3/2022 20:45,74.12
3777,4/3/2022 21:00,73.04
3778,4/3/2022 21:15,71.92
3779,4/3/2022 21:30,70.887
3780,4/3/2022 21:45,69.858
3781,4/3/2022 22:00,68.956
3782,4/3/2022 22:15,68.099
3783,4/3/2022 22:30,67.285
3784,4/3/2022 22:45,66.558
3785,4/3/2022 23:00,65.829
3786,4/3/2022 23:15,65.145
3787,4/3/2022 23:30,64.503
3788,4/3/2022 23:45,63.862
3789,4/4/2022 0:00,63.262
3790,4/4/2022 0:15,62.661
3791,4/4/2022 0:30,62.105
3792,4/4/2022 0:45,61.506
3793,4/4/2022 1:00,60.991
3794,4/4/2022 1:15,60.474
3795,4/4/2022 1:30,60.003
3796,4/4/2022 1:45,59.529
3797,4/4/2022 2:00,59.056
3798,4/4/2022 2:15,58.626
3799,4/4/2022 2:30,58.195
3800,4/4/2022 2:45,57.807
3801,4/4/2022 3:00,57.376
3802,4/4/2022 3:15,56.988
3803,4/4/2022 3:30,56.642
3804,4/4/2022 3:45,56.295
3805,4/4/2022 4:00,55.949
3806,4/4/2022 4:15,55.69
3807,4/4/2022 4:30,55.429
3808,4/4/2022 4:45,55.168
3809,4/4/2022 5:00,54.952
3810,4/4/2022 5:15,54.734
3811,4/4/2022 5:30,54.561
3812,4/4/2022 5:45,54.387
3813,4/4/2022 6:00,54.255
3814,4/4/2022 6:15,54.126
3815,4/4/2022 6:30,54.037
3816,4/4/2022 6:45,53.994
3817,4/4/2022 7:00,53.994
3818,4/4/2022 7:15,54.082
3819,4/4/2022 7:30,54.255
3820,4/4/2022 7:45,54.473
3821,4/4/2022 8:00,54.777
3822,4/4/2022 8:15,55.168
3823,4/4/2022 8:30,55.647
3824,4/4/2022 8:45,56.251
3825,4/4/2022 9:00,56.988
3826,4/4/2022 9:15,57.807
3827,4/4/2022 9:30,58.842
3828,4/4/2022 9:45,59.959
3829,4/4/2022 10:00,61.248
3830,4/4/2022 10:15,62.577
3831,4/4/2022 10:30,64.033
3832,4/4/2022 10:45,65.615
3833,4/4/2022 11:00,67.671
3834,4/4/2022 11:15,69.471
3835,4/4/2022 11:30,70.974
3836,4/4/2022 11:45,72.05
3837,4/4/2022 12:00,72.826
3838,4/4/2022 12:15,73.429
3839,4/4/2022 12:30,73.904
3840,4/4/2022 12:45,74.25
3841,4/4/2022 13:00,74.597
3842,4/4/2022 13:15,74.943
3843,4/4/2022 13:30,75.247
3844,4/4/2022 13:45,75.42
3845,4/4/2022 14:00,75.463
3846,4/4/2022 14:15,75.333
3847,4/4/2022 14:30,75.074
3848,4/4/2022 14:45,74.64
3849,4/4/2022 15:00,74.12
3850,4/4/2022 15:15,73.472
3851,4/4/2022 15:30,72.696
3852,4/4/2022 15:45,71.791
3853,4/4/2022 16:00,70.759
3854,4/4/2022 16:15,69.728
3855,4/4/2022 16:30,68.742
3856,4/4/2022 16:45,67.714
3857,4/4/2022 17:00,66.772
3858,4/4/2022 17:15,65.916
3859,4/4/2022 17:30,67.413
3860,4/4/2022 17:45,67.627
3861,4/4/2022 18:00,67.242
3862,4/4/2022 18:15,66.6
3863,4/4/2022 18:30,65.872
3864,4/4/2022 18:45,65.145
3865,4/4/2022 19:00,64.418
3866,4/4/2022 19:15,63.732
3867,4/4/2022 19:30,63.09
3868,4/4/2022 19:45,62.447
3869,4/4/2022 20:00,61.804
3870,4/4/2022 20:15,61.205
3871,4/4/2022 20:30,62.062
3872,4/4/2022 20:45,63.561
3873,4/4/2022 21:00,64.717
3874,4/4/2022 21:15,66.173
3875,4/4/2022 21:30,67.5
3876,4/4/2022 21:45,68.013
3877,4/4/2022 22:00,67.971
3878,4/4/2022 22:15,67.627
3879,4/4/2022 22:30,67.114
3880,4/4/2022 22:45,66.515
3881,4/4/2022 23:00,65.916
3882,4/4/2022 23:15,65.316
3883,4/4/2022 23:30,64.717
3884,4/4/2022 23:45,64.161
3885,4/5/2022 0:00,63.648
3886,4/5/2022 0:15,63.133
3887,4/5/2022 0:30,62.661
3888,4/5/2022 0:45,62.191
3889,4/5/2022 1:00,61.761
3890,4/5/2022 1:15,61.333
3891,4/5/2022 1:30,60.948
3892,4/5/2022 1:45,60.561
3893,4/5/2022 2:00,60.217
3894,4/5/2022 2:15,59.873
3895,4/5/2022 2:30,59.529
3896,4/5/2022 2:45,59.185
3897,4/5/2022 3:00,58.798
3898,4/5/2022 3:15,58.455
3899,4/5/2022 3:30,58.109
3900,4/5/2022 3:45,57.765
3901,4/5/2022 4:00,57.42
3902,4/5/2022 4:15,57.074
3903,4/5/2022 4:30,56.772
3904,4/5/2022 4:45,56.426
3905,4/5/2022 5:00,56.122
3906,4/5/2022 5:15,55.819
3907,4/5/2022 5:30,55.515
3908,4/5/2022 5:45,55.256
3909,4/5/2022 6:00,54.909
3910,4/5/2022 6:15,54.691
3911,4/5/2022 6:30,54.43
3912,4/5/2022 6:45,54.3
3913,4/5/2022 7:00,54.255
3914,4/5/2022 7:15,54.343
3915,4/5/2022 7:30,54.516
3916,4/5/2022 7:45,54.82
3917,4/5/2022 8:00,55.168
3918,4/5/2022 8:15,55.602
3919,4/5/2022 8:30,56.165
3920,4/5/2022 8:45,56.815
3921,4/5/2022 9:00,57.549
3922,4/5/2022 9:15,58.455
3923,4/5/2022 9:30,59.445
3924,4/5/2022 9:45,60.604
3925,4/5/2022 10:00,61.804
3926,4/5/2022 10:15,63.133
3927,4/5/2022 10:30,64.546
3928,4/5/2022 10:45,66
3929,4/5/2022 11:00,67.5
3930,4/5/2022 11:15,68.999
3931,4/5/2022 11:30,70.459
3932,4/5/2022 11:45,71.877
3933,4/5/2022 12:00,73.256
3934,4/5/2022 12:15,74.597
3935,4/5/2022 12:30,75.942
3936,4/5/2022 12:45,77.203
3937,4/5/2022 13:00,78.382
3938,4/5/2022 13:15,79.524
3939,4/5/2022 13:30,80.625
3940,4/5/2022 13:45,81.642
3941,4/5/2022 14:00,82.575
3942,4/5/2022 14:15,83.467
3943,4/5/2022 14:30,84.272
3944,4/5/2022 14:45,84.99
3945,4/5/2022 15:00,85.667
3946,4/5/2022 15:15,86.256
3947,4/5/2022 15:30,86.709
3948,4/5/2022 15:45,87.073
3949,4/5/2022 16:00,87.3
3950,4/5/2022 16:15,87.436
3951,4/5/2022 16:30,87.436
3952,4/5/2022 16:45,87.346
3953,4/5/2022 17:00,87.163
3954,4/5/2022 17:15,86.844
3955,4/5/2022 17:30,86.482
3956,4/5/2022 17:45,85.984
3957,4/5/2022 18:00,85.307
3958,4/5/2022 18:15,84.452
3959,4/5/2022 18:30,83.422
3960,4/5/2022 18:45,82.308
3961,4/5/2022 19:00,81.066
3962,4/5/2022 19:15,79.831
3963,4/5/2022 19:30,78.602
3964,4/5/2022 19:45,77.378
3965,4/5/2022 20:00,76.203
3966,4/5/2022 20:15,75.074
3967,4/5/2022 20:30,73.99
3968,4/5/2022 20:45,72.955
3969,4/5/2022 21:00,71.964
3970,4/5/2022 21:15,71.06
3971,4/5/2022 21:30,70.158
3972,4/5/2022 21:45,69.343
3973,4/5/2022 22:00,68.527
3974,4/5/2022 22:15,67.798
3975,4/5/2022 22:30,67.071
3976,4/5/2022 22:45,66.385
3977,4/5/2022 23:00,65.745
3978,4/5/2022 23:15,65.102
3979,4/5/2022 23:30,64.459
3980,4/5/2022 23:45,63.862
3981,4/6/2022 0:00,63.304
3982,4/6/2022 0:15,62.791
3983,4/6/2022 0:30,62.276
3984,4/6/2022 0:45,61.761
3985,4/6/2022 1:00,61.29
3986,4/6/2022 1:15,60.861
3987,4/6/2022 1:30,60.39
3988,4/6/2022 1:45,60.003
3989,4/6/2022 2:00,59.572
3990,4/6/2022 2:15,59.185
3991,4/6/2022 2:30,58.798
3992,4/6/2022 2:45,58.411
3993,4/6/2022 3:00,57.979
3994,4/6/2022 3:15,57.549
3995,4/6/2022 3:30,57.16
3996,4/6/2022 3:45,56.728
3997,4/6/2022 4:00,56.34
3998,4/6/2022 4:15,55.949
3999,4/6/2022 4:30,55.558
4000,4/6/2022 4:45,55.168
4001,4/6/2022 5:00,54.82
4002,4/6/2022 5:15,54.43
4003,4/6/2022 5:30,54.126
4004,4/6/2022 5:45,53.776
4005,4/6/2022 6:00,53.472
4006,4/6/2022 6:15,53.209
4007,4/6/2022 6:30,53.035
4008,4/6/2022 6:45,52.947
4009,4/6/2022 7:00,53.035
4010,4/6/2022 7:15,53.166
4011,4/6/2022 7:30,53.384
4012,4/6/2022 7:45,53.733
4013,4/6/2022 8:00,54.169
4014,4/6/2022 8:15,54.734
4015,4/6/2022 8:30,55.429
4016,4/6/2022 8:45,56.251
4017,4/6/2022 9:00,57.247
4018,4/6/2022 9:15,58.368
4019,4/6/2022 9:30,59.616
4020,4/6/2022 9:45,61.032
4021,4/6/2022 10:00,62.533
4022,4/6/2022 10:15,64.204
4023,4/6/2022 10:30,65.916
4024,4/6/2022 10:45,67.671
4025,4/6/2022 11:00,69.471
4026,4/6/2022 11:15,71.404
4027,4/6/2022 11:30,73.083
4028,4/6/2022 11:45,74.295
4029,4/6/2022 12:00,75.204
4030,4/6/2022 12:15,76.028
4031,4/6/2022 12:30,76.899
4032,4/6/2022 12:45,77.727
4033,4/6/2022 13:00,78.427
4034,4/6/2022 13:15,79.304
4035,4/6/2022 13:30,80.096
4036,4/6/2022 13:45,80.537
4037,4/6/2022 14:00,80.802
4038,4/6/2022 14:15,80.89
4039,4/6/2022 14:30,81.023
4040,4/6/2022 14:45,81.111
4041,4/6/2022 15:00,81.154
4042,4/6/2022 15:15,81.376
4043,4/6/2022 15:30,82.13
4044,4/6/2022 15:45,82.886
4045,4/6/2022 16:00,83.422
4046,4/6/2022 16:15,83.377
4047,4/6/2022 16:30,81.376
4048,4/6/2022 16:45,79.435
4049,4/6/2022 17:00,78.208
4050,4/6/2022 17:15,77.859
4051,4/6/2022 17:30,78.208
4052,4/6/2022 17:45,78.91
4053,4/6/2022 18:00,79.7
4054,4/6/2022 18:15,80.184
4055,4/6/2022 18:30,80.272
4056,4/6/2022 18:45,80.096
4057,4/6/2022 19:00,79.7
4058,4/6/2022 19:15,79.173
4059,4/6/2022 19:30,78.514
4060,4/6/2022 19:45,77.815
4061,4/6/2022 20:00,77.072
4062,4/6/2022 20:15,76.332
4063,4/6/2022 20:30,75.551
4064,4/6/2022 20:45,74.813
4065,4/6/2022 21:00,74.077
4066,4/6/2022 21:15,73.429
4067,4/6/2022 21:30,72.783
4068,4/6/2022 21:45,72.136
4069,4/6/2022 22:00,71.577
4070,4/6/2022 22:15,70.974
4071,4/6/2022 22:30,70.459
4072,4/6/2022 22:45,69.942
4073,4/6/2022 23:00,69.427
4074,4/6/2022 23:15,68.956
4075,4/6/2022 23:30,68.484
4076,4/6/2022 23:45,68.013
4077,4/7/2022 0:00,67.543
4078,4/7/2022 0:15,67.114
4079,4/7/2022 0:30,66.643
4080,4/7/2022 0:45,66.214
4081,4/7/2022 1:00,65.788
4082,4/7/2022 1:15,65.316
4083,4/7/2022 1:30,64.931
4084,4/7/2022 1:45,64.503
4085,4/7/2022 2:00,64.117
4086,4/7/2022 2:15,63.732
4087,4/7/2022 2:30,63.347
4088,4/7/2022 2:45,62.962
4089,4/7/2022 3:00,62.577
4090,4/7/2022 3:15,62.191
4091,4/7/2022 3:30,61.848
4092,4/7/2022 3:45,61.506
4093,4/7/2022 4:00,61.162
4094,4/7/2022 4:15,60.818
4095,4/7/2022 4:30,60.517
4096,4/7/2022 4:45,60.217
4097,4/7/2022 5:00,59.959
4098,4/7/2022 5:15,59.659
4099,4/7/2022 5:30,59.401
4100,4/7/2022 5:45,59.142
4101,4/7/2022 6:00,58.885
4102,4/7/2022 6:15,58.626
4103,4/7/2022 6:30,58.455
4104,4/7/2022 6:45,58.368
4105,4/7/2022 7:00,58.455
4106,4/7/2022 7:15,58.712
4107,4/7/2022 7:30,59.056
4108,4/7/2022 7:45,59.529
4109,4/7/2022 8:00,60.089
4110,4/7/2022 8:15,60.818
4111,4/7/2022 8:30,61.677
4112,4/7/2022 8:45,62.661
4113,4/7/2022 9:00,63.732
4114,4/7/2022 9:15,64.974
4115,4/7/2022 9:30,66.385
4116,4/7/2022 9:45,67.885
4117,4/7/2022 10:00,69.514
4118,4/7/2022 10:15,71.231
4119,4/7/2022 10:30,73.04
4120,4/7/2022 10:45,75.074
4121,4/7/2022 11:00,76.942
4122,4/7/2022 11:15,77.727
4123,4/7/2022 11:30,78.076
4124,4/7/2022 11:45,78.514
4125,4/7/2022 12:00,79.304
4126,4/7/2022 12:15,80.449
4127,4/7/2022 12:30,81.909
4128,4/7/2022 12:45,83.601
4129,4/7/2022 13:00,85.082
4130,4/7/2022 13:15,86.437
4131,4/7/2022 13:30,87.894
4132,4/7/2022 13:45,89.407
4133,4/7/2022 14:00,90.936
4134,4/7/2022 14:15,92.433
4135,4/7/2022 14:30,93.848
4136,4/7/2022 14:45,94.753
4137,4/7/2022 15:00,95.662
4138,4/7/2022 15:15,96.53
4139,4/7/2022 15:30,97.354
4140,4/7/2022 15:45,98.136
4141,4/7/2022 16:00,98.577
4142,4/7/2022 16:15,99.019
4143,4/7/2022 16:30,99.563
4144,4/7/2022 16:45,100.06
4145,4/7/2022 17:00,100.508
4146,4/7/2022 17:15,100.908
4147,4/7/2022 17:30,101.107
4148,4/7/2022 17:45,100.807
4149,4/7/2022 18:00,98.38
4150,4/7/2022 18:15,94.944
4151,4/7/2022 18:30,91.87
4152,4/7/2022 18:45,89.731
4153,4/7/2022 19:00,88.306
4154,4/7/2022 19:15,87.163
4155,4/7/2022 19:30,86.164
4156,4/7/2022 19:45,85.262
4157,4/7/2022 20:00,84.452
4158,4/7/2022 20:15,83.691
4159,4/7/2022 20:30,82.931
4160,4/7/2022 20:45,82.218
4161,4/7/2022 21:00,81.554
4162,4/7/2022 21:15,80.845
4163,4/7/2022 21:30,80.139
4164,4/7/2022 21:45,79.435
4165,4/7/2022 22:00,78.733
4166,4/7/2022 22:15,78.076
4167,4/7/2022 22:30,77.421
4168,4/7/2022 22:45,76.811
4169,4/7/2022 23:00,76.158
4170,4/7/2022 23:15,75.551
4171,4/7/2022 23:30,74.899
4172,4/7/2022 23:45,74.25
4173,4/8/2022 0:00,73.602
4174,4/8/2022 0:15,72.997
4175,4/8/2022 0:30,72.394
4176,4/8/2022 0:45,71.834
4177,4/8/2022 1:00,71.317
4178,4/8/2022 1:15,70.803
4179,4/8/2022 1:30,70.286
4180,4/8/2022 1:45,69.771
4181,4/8/2022 2:00,69.3
4182,4/8/2022 2:15,68.828
4183,4/8/2022 2:30,68.356
4184,4/8/2022 2:45,67.885
4185,4/8/2022 3:00,67.456
4186,4/8/2022 3:15,67.028
4187,4/8/2022 3:30,66.686
4188,4/8/2022 3:45,66.301
4189,4/8/2022 4:00,65.916
4190,4/8/2022 4:15,65.574
4191,4/8/2022 4:30,65.273
4192,4/8/2022 4:45,65.017
4193,4/8/2022 5:00,64.76
4194,4/8/2022 5:15,64.459
4195,4/8/2022 5:30,64.204
4196,4/8/2022 5:45,63.903
4197,4/8/2022 6:00,63.648
4198,4/8/2022 6:15,63.347
4199,4/8/2022 6:30,63.048
4200,4/8/2022 6:45,62.791
4201,4/8/2022 7:00,62.704
4202,4/8/2022 7:15,62.748
4203,4/8/2022 7:30,62.875
4204,4/8/2022 7:45,63.133
4205,4/8/2022 8:00,63.475
4206,4/8/2022 8:15,63.946
4207,4/8/2022 8:30,64.503
4208,4/8/2022 8:45,65.145
4209,4/8/2022 9:00,65.959
4210,4/8/2022 9:15,66.9
4211,4/8/2022 9:30,67.971
4212,4/8/2022 9:45,69.17
4213,4/8/2022 10:00,70.416
4214,4/8/2022 10:15,71.748
4215,4/8/2022 10:30,73.17
4216,4/8/2022 10:45,74.727
4217,4/8/2022 11:00,76.507
4218,4/8/2022 11:15,77.815
4219,4/8/2022 11:30,78.69
4220,4/8/2022 11:45,79.48
4221,4/8/2022 12:00,80.361
4222,4/8/2022 12:15,81.466
4223,4/8/2022 12:30,82.708
4224,4/8/2022 12:45,84.004
4225,4/8/2022 13:00,85.487
4226,4/8/2022 13:15,87.163
4227,4/8/2022 13:30,88.902
4228,4/8/2022 13:45,90.612
4229,4/8/2022 14:00,92.291
4230,4/8/2022 14:15,93.754
4231,4/8/2022 14:30,95.088
4232,4/8/2022 14:45,96.192
4233,4/8/2022 15:00,97.063
4234,4/8/2022 15:15,97.745
4235,4/8/2022 15:30,98.233
4236,4/8/2022 15:45,98.184
4237,4/8/2022 16:00,95.184
4238,4/8/2022 16:15,93.897
4239,4/8/2022 16:30,93.47
4240,4/8/2022 16:45,93.328
4241,4/8/2022 17:00,93.281
4242,4/8/2022 17:15,93.139
4243,4/8/2022 17:30,92.809
4244,4/8/2022 17:45,92.197
4245,4/8/2022 18:00,91.17
4246,4/8/2022 18:15,89.87
4247,4/8/2022 18:30,88.443
4248,4/8/2022 18:45,86.844
4249,4/8/2022 19:00,85.217
4250,4/8/2022 19:15,83.556
4251,4/8/2022 19:30,81.952
4252,4/8/2022 19:45,80.404
4253,4/8/2022 20:00,78.91
4254,4/8/2022 20:15,77.464
4255,4/8/2022 20:30,76.114
4256,4/8/2022 20:45,74.77
4257,4/8/2022 21:00,73.558
4258,4/8/2022 21:15,72.351
4259,4/8/2022 21:30,71.231
4260,4/8/2022 21:45,70.201
4261,4/8/2022 22:00,69.17
4262,4/8/2022 22:15,68.27
4263,4/8/2022 22:30,67.372
4264,4/8/2022 22:45,66.558
4265,4/8/2022 23:00,65.745
4266,4/8/2022 23:15,65.017
4267,4/8/2022 23:30,64.332
4268,4/8/2022 23:45,63.648
4269,4/9/2022 0:00,62.962
4270,4/9/2022 0:15,62.362
4271,4/9/2022 0:30,61.72
4272,4/9/2022 0:45,61.119
4273,4/9/2022 1:00,60.561
4274,4/9/2022 1:15,59.959
4275,4/9/2022 1:30,59.445
4276,4/9/2022 1:45,58.928
4277,4/9/2022 2:00,58.368
4278,4/9/2022 2:15,57.807
4279,4/9/2022 2:30,57.247
4280,4/9/2022 2:45,56.685
4281,4/9/2022 3:00,56.165
4282,4/9/2022 3:15,55.69
4283,4/9/2022 3:30,55.299
4284,4/9/2022 3:45,54.909
4285,4/9/2022 4:00,54.561
4286,4/9/2022 4:15,54.169
4287,4/9/2022 4:30,53.776
4288,4/9/2022 4:45,53.384
4289,4/9/2022 5:00,52.947
4290,4/9/2022 5:15,52.554
4291,4/9/2022 5:30,52.16
4292,4/9/2022 5:45,51.764
4293,4/9/2022 6:00,51.413
4294,4/9/2022 6:15,51.105
4295,4/9/2022 6:30,50.841
4296,4/9/2022 6:45,50.621
4297,4/9/2022 7:00,50.445
4298,4/9/2022 7:15,50.311
4299,4/9/2022 7:30,50.223
4300,4/9/2022 7:45,50.18
4301,4/9/2022 8:00,50.18
4302,4/9/2022 8:15,50.268
4303,4/9/2022 8:30,50.4
4304,4/9/2022 8:45,50.621
4305,4/9/2022 9:00,50.841
4306,4/9/2022 9:15,51.193
4307,4/9/2022 9:30,51.678
4308,4/9/2022 9:45,52.335
4309,4/9/2022 10:00,53.209
4310,4/9/2022 10:15,54.3
4311,4/9/2022 10:30,55.602
4312,4/9/2022 10:45,57.117
4313,4/9/2022 11:00,58.842
4314,4/9/2022 11:15,60.647
4315,4/9/2022 11:30,62.62
4316,4/9/2022 11:45,64.589
4317,4/9/2022 12:00,66.643
4318,4/9/2022 12:15,68.657
4319,4/9/2022 12:30,70.543
4320,4/9/2022 12:45,72.351
4321,4/9/2022 13:00,74.077
4322,4/9/2022 13:15,75.767
4323,4/9/2022 13:30,77.378
4324,4/9/2022 13:45,78.865
4325,4/9/2022 14:00,78.91
4326,4/9/2022 14:15,78.645
4327,4/9/2022 14:30,77.99
4328,4/9/2022 14:45,77.16
4329,4/9/2022 15:00,76.593
4330,4/9/2022 15:15,76.725
4331,4/9/2022 15:30,77.292
4332,4/9/2022 15:45,78.076
4333,4/9/2022 16:00,78.91
4334,4/9/2022 16:15,79.743
4335,4/9/2022 16:30,80.537
4336,4/9/2022 16:45,81.199
4337,4/9/2022 17:00,81.775
4338,4/9/2022 17:15,82.218
4339,4/9/2022 17:30,82.53
4340,4/9/2022 17:45,82.708
4341,4/9/2022 18:00,82.708
4342,4/9/2022 18:15,82.441
4343,4/9/2022 18:30,81.952
4344,4/9/2022 18:45,81.244
4345,4/9/2022 19:00,80.449
4346,4/9/2022 19:15,79.567
4347,4/9/2022 19:30,78.602
4348,4/9/2022 19:45,77.639
4349,4/9/2022 20:00,76.636
4350,4/9/2022 20:15,75.681
4351,4/9/2022 20:30,74.727
4352,4/9/2022 20:45,73.818
4353,4/9/2022 21:00,72.997
4354,4/9/2022 21:15,72.221
4355,4/9/2022 21:30,71.447
4356,4/9/2022 21:45,70.716
4357,4/9/2022 22:00,69.942
4358,4/9/2022 22:15,69.256
4359,4/9/2022 22:30,68.571
4360,4/9/2022 22:45,67.928
4361,4/9/2022 23:00,67.285
4362,4/9/2022 23:15,66.729
4363,4/9/2022 23:30,66.214
4364,4/9/2022 23:45,65.701
4365,4/10/2022 0:00,65.273
4366,4/10/2022 0:15,64.931
4367,4/10/2022 0:30,64.589
4368,4/10/2022 0:45,64.247
4369,4/10/2022 1:00,63.862
4370,4/10/2022 1:15,63.475
4371,4/10/2022 1:30,63.09
4372,4/10/2022 1:45,62.661
4373,4/10/2022 2:00,62.191
4374,4/10/2022 2:15,61.72
4375,4/10/2022 2:30,61.29
4376,4/10/2022 2:45,60.861
4377,4/10/2022 3:00,60.474
4378,4/10/2022 3:15,60.089
4379,4/10/2022 3:30,59.659
4380,4/10/2022 3:45,59.272
4381,4/10/2022 4:00,58.842
4382,4/10/2022 4:15,58.455
4383,4/10/2022 4:30,58.023
4384,4/10/2022 4:45,57.636
4385,4/10/2022 5:00,57.247
4386,4/10/2022 5:15,56.901
4387,4/10/2022 5:30,56.556
4388,4/10/2022 5:45,56.251
4389,4/10/2022 6:00,55.992
4390,4/10/2022 6:15,55.776
4391,4/10/2022 6:30,55.647
4392,4/10/2022 6:45,55.69
4393,4/10/2022 7:00,55.819
4394,4/10/2022 7:15,56.035
4395,4/10/2022 7:30,56.383
4396,4/10/2022 7:45,56.815
4397,4/10/2022 8:00,57.376
4398,4/10/2022 8:15,57.979
4399,4/10/2022 8:30,58.712
4400,4/10/2022 8:45,59.486
4401,4/10/2022 9:00,60.39
4402,4/10/2022 9:15,61.419
4403,4/10/2022 9:30,62.577
4404,4/10/2022 9:45,63.819
4405,4/10/2022 10:00,65.102
4406,4/10/2022 10:15,66.515
4407,4/10/2022 10:30,67.928
4408,4/10/2022 10:45,69.427
4409,4/10/2022 11:00,70.974
4410,4/10/2022 11:15,72.523
4411,4/10/2022 11:30,74.034
4412,4/10/2022 11:45,75.551
4413,4/10/2022 12:00,76.942
4414,4/10/2022 12:15,78.339
4415,4/10/2022 12:30,79.567
4416,4/10/2022 12:45,80.757
4417,4/10/2022 13:00,81.554
4418,4/10/2022 13:15,81.288
4419,4/10/2022 13:30,80.935
4420,4/10/2022 13:45,81.111
4421,4/10/2022 14:00,81.421
4422,4/10/2022 14:15,81.997
4423,4/10/2022 14:30,82.798
4424,4/10/2022 14:45,83.736
4425,4/10/2022 15:00,84.722
4426,4/10/2022 15:15,85.712
4427,4/10/2022 15:30,86.709
4428,4/10/2022 15:45,87.62
4429,4/10/2022 16:00,88.443
4430,4/10/2022 16:15,89.177
4431,4/10/2022 16:30,89.823
4432,4/10/2022 16:45,90.333
4433,4/10/2022 17:00,90.703
4434,4/10/2022 17:15,90.891
4435,4/10/2022 17:30,90.891
4436,4/10/2022 17:45,90.657
4437,4/10/2022 18:00,90.147
4438,4/10/2022 18:15,89.269
4439,4/10/2022 18:30,87.985
4440,4/10/2022 18:45,85.984
4441,4/10/2022 19:00,83.646
4442,4/10/2022 19:15,81.333
4443,4/10/2022 19:30,79.173
4444,4/10/2022 19:45,77.203
4445,4/10/2022 20:00,75.376
4446,4/10/2022 20:15,73.731
4447,4/10/2022 20:30,72.221
4448,4/10/2022 20:45,70.846
4449,4/10/2022 21:00,69.6
4450,4/10/2022 21:15,68.484
4451,4/10/2022 21:30,67.456
4452,4/10/2022 21:45,66.472
4453,4/10/2022 22:00,65.574
4454,4/10/2022 22:15,64.717
4455,4/10/2022 22:30,63.946
4456,4/10/2022 22:45,63.176
4457,4/10/2022 23:00,62.49
4458,4/10/2022 23:15,61.891
4459,4/10/2022 23:30,61.29
4460,4/10/2022 23:45,60.733
4461,4/11/2022 0:00,60.174
4462,4/11/2022 0:15,59.659
4463,4/11/2022 0:30,59.185
4464,4/11/2022 0:45,58.712
4465,4/11/2022 1:00,58.239
4466,4/11/2022 1:15,57.85
4467,4/11/2022 1:30,57.463
4468,4/11/2022 1:45,57.16
4469,4/11/2022 2:00,56.858
4470,4/11/2022 2:15,56.599
4471,4/11/2022 2:30,56.34
4472,4/11/2022 2:45,56.079
4473,4/11/2022 3:00,55.819
4474,4/11/2022 3:15,55.558
4475,4/11/2022 3:30,55.299
4476,4/11/2022 3:45,55.125
4477,4/11/2022 4:00,54.995
4478,4/11/2022 4:15,54.82
4479,4/11/2022 4:30,54.691
4480,4/11/2022 4:45,54.604
4481,4/11/2022 5:00,54.473
4482,4/11/2022 5:15,54.43
4483,4/11/2022 5:30,54.343
4484,4/11/2022 5:45,54.3
4485,4/11/2022 6:00,54.212
4486,4/11/2022 6:15,54.169
4487,4/11/2022 6:30,54.126
4488,4/11/2022 6:45,54.126
4489,4/11/2022 7:00,56.035
4490,4/11/2022 7:15,57.765
4491,4/11/2022 7:30,58.455
4492,4/11/2022 7:45,58.755
4493,4/11/2022 8:00,58.885
4494,4/11/2022 8:15,59.229
4495,4/11/2022 8:30,60.046
4496,4/11/2022 8:45,61.162
4497,4/11/2022 9:00,62.748
4498,4/11/2022 9:15,64.033
4499,4/11/2022 9:30,64.288
4500,4/11/2022 9:45,64.247
4501,4/11/2022 10:00,64.717
4502,4/11/2022 10:15,65.403
4503,4/11/2022 10:30,67.028
4504,4/11/2022 10:45,68.956
4505,4/11/2022 11:00,72.05
4506,4/11/2022 11:15,75.333
4507,4/11/2022 11:30,77.378
4508,4/11/2022 11:45,77.553
4509,4/11/2022 12:00,77.421
4510,4/11/2022 12:15,77.029
4511,4/11/2022 12:30,76.725
4512,4/11/2022 12:45,76.375
4513,4/11/2022 13:00,75.942
4514,4/11/2022 13:15,75.463
4515,4/11/2022 13:30,74.899
4516,4/11/2022 13:45,74.338
4517,4/11/2022 14:00,73.688
4518,4/11/2022 14:15,73.083
4519,4/11/2022 14:30,72.48
4520,4/11/2022 14:45,71.49
4521,4/11/2022 15:00,70.93
4522,4/11/2022 15:15,72.351
4523,4/11/2022 15:30,74.206
4524,4/11/2022 15:45,75.376
4525,4/11/2022 16:00,76.593
4526,4/11/2022 16:15,77.902
4527,4/11/2022 16:30,78.121
4528,4/11/2022 16:45,77.99
4529,4/11/2022 17:00,77.684
4530,4/11/2022 17:15,77.292
4531,4/11/2022 17:30,76.899
4532,4/11/2022 17:45,76.332
4533,4/11/2022 18:00,75.508
4534,4/11/2022 18:15,74.467
4535,4/11/2022 18:30,73.299
4536,4/11/2022 18:45,72.05
4537,4/11/2022 19:00,70.759
4538,4/11/2022 19:15,69.427
4539,4/11/2022 19:30,68.142
4540,4/11/2022 19:45,66.9
4541,4/11/2022 20:00,65.701
4542,4/11/2022 20:15,64.546
4543,4/11/2022 20:30,63.475
4544,4/11/2022 20:45,62.49
4545,4/11/2022 21:00,61.506
4546,4/11/2022 21:15,60.604
4547,4/11/2022 21:30,59.745
4548,4/11/2022 21:45,58.971
4549,4/11/2022 22:00,58.195
4550,4/11/2022 22:15,57.463
4551,4/11/2022 22:30,56.728
4552,4/11/2022 22:45,56.079
4553,4/11/2022 23:00,55.429
4554,4/11/2022 23:15,54.82
4555,4/11/2022 23:30,54.255
4556,4/11/2022 23:45,53.69
4557,4/12/2022 0:00,53.209
4558,4/12/2022 0:15,52.729
4559,4/12/2022 0:30,52.246
4560,4/12/2022 0:45,51.852
4561,4/12/2022 1:00,51.413
4562,4/12/2022 1:15,51.062
4563,4/12/2022 1:30,50.664
4564,4/12/2022 1:45,50.311
4565,4/12/2022 2:00,49.959
4566,4/12/2022 2:15,49.649
4567,4/12/2022 2:30,49.294
4568,4/12/2022 2:45,49.028
4569,4/12/2022 3:00,48.717
4570,4/12/2022 3:15,48.45
4571,4/12/2022 3:30,48.182
4572,4/12/2022 3:45,47.914
4573,4/12/2022 4:00,47.647
4574,4/12/2022 4:15,47.377
4575,4/12/2022 4:30,47.154
4576,4/12/2022 4:45,46.886
4577,4/12/2022 5:00,46.661
4578,4/12/2022 5:15,46.436
4579,4/12/2022 5:30,46.301
4580,4/12/2022 5:45,46.166
4581,4/12/2022 6:00,46.031
4582,4/12/2022 6:15,45.896
4583,4/12/2022 6:30,45.806
4584,4/12/2022 6:45,45.761
4585,4/12/2022 7:00,45.941
4586,4/12/2022 7:15,46.256
4587,4/12/2022 7:30,46.796
4588,4/12/2022 7:45,47.467
4589,4/12/2022 8:00,48.272
4590,4/12/2022 8:15,49.161
4591,4/12/2022 8:30,50.223
4592,4/12/2022 8:45,52.115
4593,4/12/2022 9:00,54.734
4594,4/12/2022 9:15,57.549
4595,4/12/2022 9:30,60.26
4596,4/12/2022 9:45,62.148
4597,4/12/2022 10:00,64.332
4598,4/12/2022 10:15,66.344
4599,4/12/2022 10:30,68.185
4600,4/12/2022 10:45,69.985
4601,4/12/2022 11:00,71.704
4602,4/12/2022 11:15,73.386
4603,4/12/2022 11:30,74.986
4604,4/12/2022 11:45,76.419
4605,4/12/2022 12:00,77.77
4606,4/12/2022 12:15,78.953
4607,4/12/2022 12:30,80.051
4608,4/12/2022 12:45,81.066
4609,4/12/2022 13:00,82.042
4610,4/12/2022 13:15,82.886
4611,4/12/2022 13:30,83.377
4612,4/12/2022 13:45,83.869
4613,4/12/2022 14:00,84.272
4614,4/12/2022 14:15,84.632
4615,4/12/2022 14:30,84.857
4616,4/12/2022 14:45,85.127
4617,4/12/2022 15:00,85.352
4618,4/12/2022 15:15,85.487
4619,4/12/2022 15:30,85.487
4620,4/12/2022 15:45,85.397
4621,4/12/2022 16:00,85.035
4622,4/12/2022 16:15,84.677
4623,4/12/2022 16:30,84.407
4624,4/12/2022 16:45,84.227
4625,4/12/2022 17:00,84.049
4626,4/12/2022 17:15,83.824
4627,4/12/2022 17:30,83.511
4628,4/12/2022 17:45,83.064
4629,4/12/2022 18:00,82.353
4630,4/12/2022 18:15,81.244
4631,4/12/2022 18:30,79.743
4632,4/12/2022 18:45,78.296
4633,4/12/2022 19:00,77.378
4634,4/12/2022 19:15,76.811
4635,4/12/2022 19:30,76.507
4636,4/12/2022 19:45,75.942
4637,4/12/2022 20:00,74.856
4638,4/12/2022 20:15,73.558
4639,4/12/2022 20:30,72.136
4640,4/12/2022 20:45,70.716
4641,4/12/2022 21:00,69.343
4642,4/12/2022 21:15,68.056
4643,4/12/2022 21:30,66.772
4644,4/12/2022 21:45,65.615
4645,4/12/2022 22:00,64.546
4646,4/12/2022 22:15,63.518
4647,4/12/2022 22:30,62.577
4648,4/12/2022 22:45,61.72
4649,4/12/2022 23:00,60.904
4650,4/12/2022 23:15,60.132
4651,4/12/2022 23:30,59.358
4652,4/12/2022 23:45,58.669
4653,4/13/2022 0:00,58.023
4654,4/13/2022 0:15,57.42
4655,4/13/2022 0:30,56.858
4656,4/13/2022 0:45,56.295
4657,4/13/2022 1:00,55.776
4658,4/13/2022 1:15,55.299
4659,4/13/2022 1:30,54.82
4660,4/13/2022 1:45,54.387
4661,4/13/2022 2:00,53.951
4662,4/13/2022 2:15,53.559
4663,4/13/2022 2:30,53.166
4664,4/13/2022 2:45,52.817
4665,4/13/2022 3:00,52.466
4666,4/13/2022 3:15,52.072
4667,4/13/2022 3:30,51.721
4668,4/13/2022 3:45,51.413
4669,4/13/2022 4:00,51.062
4670,4/13/2022 4:15,50.797
4671,4/13/2022 4:30,50.576
4672,4/13/2022 4:45,50.356
4673,4/13/2022 5:00,50.092
4674,4/13/2022 5:15,49.914
4675,4/13/2022 5:30,49.692
4676,4/13/2022 5:45,49.516
4677,4/13/2022 6:00,49.338
4678,4/13/2022 6:15,49.204
4679,4/13/2022 6:30,49.161
4680,4/13/2022 6:45,49.161
4681,4/13/2022 7:00,49.204
4682,4/13/2022 7:15,49.338
4683,4/13/2022 7:30,49.561
4684,4/13/2022 7:45,49.87
4685,4/13/2022 8:00,50.268
4686,4/13/2022 8:15,50.709
4687,4/13/2022 8:30,51.193
4688,4/13/2022 8:45,51.721
4689,4/13/2022 9:00,52.246
4690,4/13/2022 9:15,52.772
4691,4/13/2022 9:30,53.384
4692,4/13/2022 9:45,53.994
4693,4/13/2022 10:00,54.691
4694,4/13/2022 10:15,55.515
4695,4/13/2022 10:30,56.295
4696,4/13/2022 10:45,57.074
4697,4/13/2022 11:00,57.979
4698,4/13/2022 11:15,58.885
4699,4/13/2022 11:30,59.788
4700,4/13/2022 11:45,60.775
4701,4/13/2022 12:00,61.804
4702,4/13/2022 12:15,62.791
4703,4/13/2022 12:30,63.732
4704,4/13/2022 12:45,64.717
4705,4/13/2022 13:00,65.745
4706,4/13/2022 13:15,66.772
4707,4/13/2022 13:30,67.885
4708,4/13/2022 13:45,68.999
4709,4/13/2022 14:00,70.115
4710,4/13/2022 14:15,71.231
4711,4/13/2022 14:30,72.264
4712,4/13/2022 14:45,73.256
4713,4/13/2022 15:00,74.077
4714,4/13/2022 15:15,74.813
4715,4/13/2022 15:30,75.42
4716,4/13/2022 15:45,75.942
4717,4/13/2022 16:00,76.419
4718,4/13/2022 16:15,76.768
4719,4/13/2022 16:30,76.942
4720,4/13/2022 16:45,77.072
4721,4/13/2022 17:00,76.986
4722,4/13/2022 17:15,76.811
4723,4/13/2022 17:30,76.507
4724,4/13/2022 17:45,76.071
4725,4/13/2022 18:00,75.463
4726,4/13/2022 18:15,74.727
4727,4/13/2022 18:30,73.904
4728,4/13/2022 18:45,72.997
4729,4/13/2022 19:00,72.05
4730,4/13/2022 19:15,71.017
4731,4/13/2022 19:30,70.029
4732,4/13/2022 19:45,69.042
4733,4/13/2022 20:00,68.099
4734,4/13/2022 20:15,67.242
4735,4/13/2022 20:30,66.385
4736,4/13/2022 20:45,65.615
4737,4/13/2022 21:00,64.888
4738,4/13/2022 21:15,64.204
4739,4/13/2022 21:30,63.561
4740,4/13/2022 21:45,62.962
4741,4/13/2022 22:00,62.406
4742,4/13/2022 22:15,61.891
4743,4/13/2022 22:30,61.462
4744,4/13/2022 22:45,61.032
4745,4/13/2022 23:00,60.604
4746,4/13/2022 23:15,60.217
4747,4/13/2022 23:30,59.873
4748,4/13/2022 23:45,59.529
4749,4/14/2022 0:00,59.185
4750,4/14/2022 0:15,58.798
4751,4/14/2022 0:30,58.455
4752,4/14/2022 0:45,58.109
4753,4/14/2022 1:00,57.807
4754,4/14/2022 1:15,57.506
4755,4/14/2022 1:30,57.247
4756,4/14/2022 1:45,56.988
4757,4/14/2022 2:00,56.728
4758,4/14/2022 2:15,56.556
4759,4/14/2022 2:30,56.383
4760,4/14/2022 2:45,56.208
4761,4/14/2022 3:00,56.035
4762,4/14/2022 3:15,55.863
4763,4/14/2022 3:30,55.733
4764,4/14/2022 3:45,55.602
4765,4/14/2022 4:00,55.429
4766,4/14/2022 4:15,55.299
4767,4/14/2022 4:30,55.168
4768,4/14/2022 4:45,55.038
4769,4/14/2022 5:00,54.909
4770,4/14/2022 5:15,54.82
4771,4/14/2022 5:30,54.734
4772,4/14/2022 5:45,54.648
4773,4/14/2022 6:00,54.604
4774,4/14/2022 6:15,54.561
4775,4/14/2022 6:30,54.473
4776,4/14/2022 6:45,54.473
4777,4/14/2022 7:00,54.473
4778,4/14/2022 7:15,54.473
4779,4/14/2022 7:30,54.473
4780,4/14/2022 7:45,54.473
4781,4/14/2022 8:00,54.473
4782,4/14/2022 8:15,54.43
4783,4/14/2022 8:30,54.43
4784,4/14/2022 8:45,54.473
4785,4/14/2022 9:00,54.516
4786,4/14/2022 9:15,54.648
4787,4/14/2022 9:30,54.777
4788,4/14/2022 9:45,54.909
4789,4/14/2022 10:00,55.081
4790,4/14/2022 10:15,55.299
4791,4/14/2022 10:30,55.515
4792,4/14/2022 10:45,55.776
4793,4/14/2022 11:00,56.079
4794,4/14/2022 11:15,56.426
4795,4/14/2022 11:30,56.772
4796,4/14/2022 11:45,57.16
4797,4/14/2022 12:00,57.506
4798,4/14/2022 12:15,57.807
4799,4/14/2022 12:30,58.109
4800,4/14/2022 12:45,58.368
4801,4/14/2022 13:00,58.582
4802,4/14/2022 13:15,58.755
4803,4/14/2022 13:30,58.971
4804,4/14/2022 13:45,59.229
4805,4/14/2022 14:00,59.486
4806,4/14/2022 14:15,59.745
4807,4/14/2022 14:30,60.003
4808,4/14/2022 14:45,60.303
4809,4/14/2022 15:00,60.604
4810,4/14/2022 15:15,60.818
4811,4/14/2022 15:30,60.991
4812,4/14/2022 15:45,61.119
4813,4/14/2022 16:00,61.248
4814,4/14/2022 16:15,61.333
4815,4/14/2022 16:30,61.376
4816,4/14/2022 16:45,61.333
4817,4/14/2022 17:00,61.29
4818,4/14/2022 17:15,61.162
4819,4/14/2022 17:30,61.075
4820,4/14/2022 17:45,61.119
4821,4/14/2022 18:00,61.162
4822,4/14/2022 18:15,61.119
4823,4/14/2022 18:30,61.032
4824,4/14/2022 18:45,60.861
4825,4/14/2022 19:00,60.647
4826,4/14/2022 19:15,60.433
4827,4/14/2022 19:30,60.174
4828,4/14/2022 19:45,60.346
4829,4/14/2022 20:00,60.69
4830,4/14/2022 20:15,60.861
4831,4/14/2022 20:30,60.904
4832,4/14/2022 20:45,60.861
4833,4/14/2022 21:00,60.775
4834,4/14/2022 21:15,60.647
4835,4/14/2022 21:30,60.433
4836,4/14/2022 21:45,60.26
4837,4/14/2022 22:00,60.046
4838,4/14/2022 22:15,59.873
4839,4/14/2022 22:30,59.659
4840,4/14/2022 22:45,59.445
4841,4/14/2022 23:00,59.229
4842,4/14/2022 23:15,59.014
4843,4/14/2022 23:30,58.842
4844,4/14/2022 23:45,58.626
4845,4/15/2022 0:00,58.411
4846,4/15/2022 0:15,58.239
4847,4/15/2022 0:30,58.023
4848,4/15/2022 0:45,57.807
4849,4/15/2022 1:00,57.592
4850,4/15/2022 1:15,57.376
4851,4/15/2022 1:30,57.16
4852,4/15/2022 1:45,56.901
4853,4/15/2022 2:00,56.685
4854,4/15/2022 2:15,56.469
4855,4/15/2022 2:30,56.208
4856,4/15/2022 2:45,55.992
4857,4/15/2022 3:00,55.776
4858,4/15/2022 3:15,55.515
4859,4/15/2022 3:30,55.299
4860,4/15/2022 3:45,55.081
4861,4/15/2022 4:00,54.82
4862,4/15/2022 4:15,54.648
4863,4/15/2022 4:30,54.43
4864,4/15/2022 4:45,54.212
4865,4/15/2022 5:00,54.037
4866,4/15/2022 5:15,53.865
4867,4/15/2022 5:30,53.645
4868,4/15/2022 5:45,53.427
4869,4/15/2022 6:00,53.209
4870,4/15/2022 6:15,52.992
4871,4/15/2022 6:30,52.772
4872,4/15/2022 6:45,52.554
4873,4/15/2022 7:00,52.423
4874,4/15/2022 7:15,52.246
4875,4/15/2022 7:30,52.115
4876,4/15/2022 7:45,52.072
4877,4/15/2022 8:00,52.029
4878,4/15/2022 8:15,52.029
4879,4/15/2022 8:30,52.072
4880,4/15/2022 8:45,52.817
4881,4/15/2022 9:00,53.951
4882,4/15/2022 9:15,55.602
4883,4/15/2022 9:30,57.463
4884,4/15/2022 9:45,59.185
4885,4/15/2022 10:00,60.517
4886,4/15/2022 10:15,61.804
4887,4/15/2022 10:30,63.048
4888,4/15/2022 10:45,64.332
4889,4/15/2022 11:00,65.53
4890,4/15/2022 11:15,66.686
4891,4/15/2022 11:30,67.798
4892,4/15/2022 11:45,68.828
4893,4/15/2022 12:00,69.771
4894,4/15/2022 12:15,70.63
4895,4/15/2022 12:30,71.404
4896,4/15/2022 12:45,72.093
4897,4/15/2022 13:00,72.739
4898,4/15/2022 13:15,73.299
4899,4/15/2022 13:30,73.904
4900,4/15/2022 13:45,74.511
4901,4/15/2022 14:00,75.029
4902,4/15/2022 14:15,75.508
4903,4/15/2022 14:30,75.985
4904,4/15/2022 14:45,76.419
4905,4/15/2022 15:00,76.768
4906,4/15/2022 15:15,77.029
4907,4/15/2022 15:30,77.203
4908,4/15/2022 15:45,77.378
4909,4/15/2022 16:00,77.596
4910,4/15/2022 16:15,77.815
4911,4/15/2022 16:30,78.033
4912,4/15/2022 16:45,78.208
4913,4/15/2022 17:00,78.208
4914,4/15/2022 17:15,78.076
4915,4/15/2022 17:30,77.815
4916,4/15/2022 17:45,77.553
4917,4/15/2022 18:00,77.203
4918,4/15/2022 18:15,76.811
4919,4/15/2022 18:30,76.507
4920,4/15/2022 18:45,76.593
4921,4/15/2022 19:00,76.811
4922,4/15/2022 19:15,76.854
4923,4/15/2022 19:30,76.419
4924,4/15/2022 19:45,75.637
4925,4/15/2022 20:00,74.683
4926,4/15/2022 20:15,73.645
4927,4/15/2022 20:30,72.61
4928,4/15/2022 20:45,71.62
4929,4/15/2022 21:00,70.63
4930,4/15/2022 21:15,69.685
4931,4/15/2022 21:30,68.828
4932,4/15/2022 21:45,67.971
4933,4/15/2022 22:00,67.199
4934,4/15/2022 22:15,66.472
4935,4/15/2022 22:30,65.829
4936,4/15/2022 22:45,65.23
4937,4/15/2022 23:00,64.717
4938,4/15/2022 23:15,64.288
4939,4/15/2022 23:30,63.862
4940,4/15/2022 23:45,63.475
4941,4/16/2022 0:00,63.133
4942,4/16/2022 0:15,62.834
4943,4/16/2022 0:30,62.533
4944,4/16/2022 0:45,62.276
4945,4/16/2022 1:00,62.062
4946,4/16/2022 1:15,61.848
4947,4/16/2022 1:30,61.677
4948,4/16/2022 1:45,61.506
4949,4/16/2022 2:00,61.376
4950,4/16/2022 2:15,61.248
4951,4/16/2022 2:30,61.075
4952,4/16/2022 2:45,60.904
4953,4/16/2022 3:00,60.733
4954,4/16/2022 3:15,60.517
4955,4/16/2022 3:30,60.303
4956,4/16/2022 3:45,60.089
4957,4/16/2022 4:00,59.83
4958,4/16/2022 4:15,59.616
4959,4/16/2022 4:30,59.401
4960,4/16/2022 4:45,59.229
4961,4/16/2022 5:00,59.014
4962,4/16/2022 5:15,58.798
4963,4/16/2022 5:30,58.626
4964,4/16/2022 5:45,58.455
4965,4/16/2022 6:00,58.325
4966,4/16/2022 6:15,58.195
4967,4/16/2022 6:30,58.066
4968,4/16/2022 6:45,57.979
4969,4/16/2022 7:00,57.936
4970,4/16/2022 7:15,57.936
4971,4/16/2022 7:30,57.936
4972,4/16/2022 7:45,57.936
4973,4/16/2022 8:00,58.023
4974,4/16/2022 8:15,58.109
4975,4/16/2022 8:30,58.195
4976,4/16/2022 8:45,58.411
4977,4/16/2022 9:00,59.014
4978,4/16/2022 9:15,60.217
4979,4/16/2022 9:30,61.848
4980,4/16/2022 9:45,63.689
4981,4/16/2022 10:00,65.788
4982,4/16/2022 10:15,68.013
4983,4/16/2022 10:30,70.286
4984,4/16/2022 10:45,72.567
4985,4/16/2022 11:00,74.813
4986,4/16/2022 11:15,76.942
4987,4/16/2022 11:30,78.69
4988,4/16/2022 11:45,79.831
4989,4/16/2022 12:00,80.139
4990,4/16/2022 12:15,80.184
4991,4/16/2022 12:30,80.227
4992,4/16/2022 12:45,80.449
4993,4/16/2022 13:00,80.757
4994,4/16/2022 13:15,81.111
4995,4/16/2022 13:30,81.333
4996,4/16/2022 13:45,81.023
4997,4/16/2022 14:00,80.272
4998,4/16/2022 14:15,79.347
4999,4/16/2022 14:30,78.602
5000,4/16/2022 14:45,78.165
5001,4/16/2022 15:00,78.076
5002,4/16/2022 15:15,78.208
5003,4/16/2022 15:30,78.382
5004,4/16/2022 15:45,78.645
5005,4/16/2022 16:00,78.91
5006,4/16/2022 16:15,79.128
5007,4/16/2022 16:30,79.261
5008,4/16/2022 16:45,79.304
5009,4/16/2022 17:00,79.304
5010,4/16/2022 17:15,79.173
5011,4/16/2022 17:30,78.953
5012,4/16/2022 17:45,78.645
5013,4/16/2022 18:00,78.165
5014,4/16/2022 18:15,77.553
5015,4/16/2022 18:30,76.768
5016,4/16/2022 18:45,75.81
5017,4/16/2022 19:00,74.77
5018,4/16/2022 19:15,73.645
5019,4/16/2022 19:30,72.48
5020,4/16/2022 19:45,71.317
5021,4/16/2022 20:00,70.158
5022,4/16/2022 20:15,68.956
5023,4/16/2022 20:30,67.798
5024,4/16/2022 20:45,66.686
5025,4/16/2022 21:00,65.615
5026,4/16/2022 21:15,64.546
5027,4/16/2022 21:30,63.518
5028,4/16/2022 21:45,62.577
5029,4/16/2022 22:00,61.677
5030,4/16/2022 22:15,60.818
5031,4/16/2022 22:30,60.003
5032,4/16/2022 22:45,59.272
5033,4/16/2022 23:00,58.541
5034,4/16/2022 23:15,57.85
5035,4/16/2022 23:30,57.204
5036,4/16/2022 23:45,56.599
5037,4/17/2022 0:00,55.992
5038,4/17/2022 0:15,55.429
5039,4/17/2022 0:30,54.909
5040,4/17/2022 0:45,54.387
5041,4/17/2022 1:00,53.908
5042,4/17/2022 1:15,53.427
5043,4/17/2022 1:30,52.992
5044,4/17/2022 1:45,52.554
5045,4/17/2022 2:00,52.16
5046,4/17/2022 2:15,51.764
5047,4/17/2022 2:30,51.37
5048,4/17/2022 2:45,51.017
5049,4/17/2022 3:00,50.664
5050,4/17/2022 3:15,50.311
5051,4/17/2022 3:30,50.002
5052,4/17/2022 3:45,49.692
5053,4/17/2022 4:00,49.471
5054,4/17/2022 4:15,49.204
5055,4/17/2022 4:30,48.983
5056,4/17/2022 4:45,48.762
5057,4/17/2022 5:00,48.538
5058,4/17/2022 5:15,48.272
5059,4/17/2022 5:30,48.049
5060,4/17/2022 5:45,47.781
5061,4/17/2022 6:00,47.602
5062,4/17/2022 6:15,47.377
5063,4/17/2022 6:30,47.199
5064,4/17/2022 6:45,47.109
5065,4/17/2022 7:00,47.154
5066,4/17/2022 7:15,47.334
5067,4/17/2022 7:30,47.647
5068,4/17/2022 7:45,48.094
5069,4/17/2022 8:00,48.628
5070,4/17/2022 8:15,49.204
5071,4/17/2022 8:30,49.914
5072,4/17/2022 8:45,50.709
5073,4/17/2022 9:00,51.589
5074,4/17/2022 9:15,52.597
5075,4/17/2022 9:30,53.69
5076,4/17/2022 9:45,54.865
5077,4/17/2022 10:00,56.122
5078,4/17/2022 10:15,57.42
5079,4/17/2022 10:30,58.755
5080,4/17/2022 10:45,60.174
5081,4/17/2022 11:00,61.633
5082,4/17/2022 11:15,63.09
5083,4/17/2022 11:30,64.546
5084,4/17/2022 11:45,66.087
5085,4/17/2022 12:00,67.671
5086,4/17/2022 12:15,68.999
5087,4/17/2022 12:30,70.115
5088,4/17/2022 12:45,71.317
5089,4/17/2022 13:00,72.739
5090,4/17/2022 13:15,74.295
5091,4/17/2022 13:30,75.942
5092,4/17/2022 13:45,77.596
5093,4/17/2022 14:00,79.173
5094,4/17/2022 14:15,80.668
5095,4/17/2022 14:30,81.997
5096,4/17/2022 14:45,83.199
5097,4/17/2022 15:00,84.182
5098,4/17/2022 15:15,84.99
5099,4/17/2022 15:30,85.487
5100,4/17/2022 15:45,84.9
5101,4/17/2022 16:00,83.824
5102,4/17/2022 16:15,83.021
5103,4/17/2022 16:30,82.396
5104,4/17/2022 16:45,81.952
5105,4/17/2022 17:00,81.554
5106,4/17/2022 17:15,81.154
5107,4/17/2022 17:30,80.802
5108,4/17/2022 17:45,80.361
5109,4/17/2022 18:00,79.831
5110,4/17/2022 18:15,79.128
5111,4/17/2022 18:30,78.251
5112,4/17/2022 18:45,77.292
5113,4/17/2022 19:00,76.158
5114,4/17/2022 19:15,74.943
5115,4/17/2022 19:30,73.688
5116,4/17/2022 19:45,72.437
5117,4/17/2022 20:00,71.19
5118,4/17/2022 20:15,69.985
5119,4/17/2022 20:30,68.828
5120,4/17/2022 20:45,67.714
5121,4/17/2022 21:00,66.686
5122,4/17/2022 21:15,65.658
5123,4/17/2022 21:30,64.674
5124,4/17/2022 21:45,63.732
5125,4/17/2022 22:00,62.834
5126,4/17/2022 22:15,61.977
5127,4/17/2022 22:30,61.162
5128,4/17/2022 22:45,60.39
5129,4/17/2022 23:00,59.659
5130,4/17/2022 23:15,58.928
5131,4/17/2022 23:30,58.282
5132,4/17/2022 23:45,57.636
5133,4/18/2022 0:00,57.074
5134,4/18/2022 0:15,56.512
5135,4/18/2022 0:30,55.949
5136,4/18/2022 0:45,55.429
5137,4/18/2022 1:00,54.952
5138,4/18/2022 1:15,54.473
5139,4/18/2022 1:30,54.037
5140,4/18/2022 1:45,53.645
5141,4/18/2022 2:00,53.209
5142,4/18/2022 2:15,52.772
5143,4/18/2022 2:30,52.378
5144,4/18/2022 2:45,52.029
5145,4/18/2022 3:00,51.678
5146,4/18/2022 3:15,51.37
5147,4/18/2022 3:30,51.062
5148,4/18/2022 3:45,50.797
5149,4/18/2022 4:00,50.533
5150,4/18/2022 4:15,50.311
5151,4/18/2022 4:30,50.092
5152,4/18/2022 4:45,49.914
5153,4/18/2022 5:00,49.692
5154,4/18/2022 5:15,49.516
5155,4/18/2022 5:30,49.383
5156,4/18/2022 5:45,49.204
5157,4/18/2022 6:00,49.073
5158,4/18/2022 6:15,48.938
5159,4/18/2022 6:30,48.85
5160,4/18/2022 6:45,48.805
5161,4/18/2022 7:00,48.895
5162,4/18/2022 7:15,49.116
5163,4/18/2022 7:30,49.471
5164,4/18/2022 7:45,49.914
5165,4/18/2022 8:00,50.445
5166,4/18/2022 8:15,51.148
5167,4/18/2022 8:30,51.94
5168,4/18/2022 8:45,52.817
5169,4/18/2022 9:00,53.865
5170,4/18/2022 9:15,54.909
5171,4/18/2022 9:30,56.079
5172,4/18/2022 9:45,57.247
5173,4/18/2022 10:00,58.455
5174,4/18/2022 10:15,59.702
5175,4/18/2022 10:30,60.948
5176,4/18/2022 10:45,62.276
5177,4/18/2022 11:00,63.689
5178,4/18/2022 11:15,65.102
5179,4/18/2022 11:30,66.515
5180,4/18/2022 11:45,67.842
5181,4/18/2022 12:00,69.17
5182,4/18/2022 12:15,70.502
5183,4/18/2022 12:30,71.791
5184,4/18/2022 12:45,73.083
5185,4/18/2022 13:00,74.338
5186,4/18/2022 13:15,75.551
5187,4/18/2022 13:30,76.725
5188,4/18/2022 13:45,77.859
5189,4/18/2022 14:00,78.953
5190,4/18/2022 14:15,79.963
5191,4/18/2022 14:30,80.89
5192,4/18/2022 14:45,81.775
5193,4/18/2022 15:00,82.486
5194,4/18/2022 15:15,83.064
5195,4/18/2022 15:30,83.511
5196,4/18/2022 15:45,83.736
5197,4/18/2022 16:00,83.779
5198,4/18/2022 16:15,83.691
5199,4/18/2022 16:30,83.422
5200,4/18/2022 16:45,83.021
5201,4/18/2022 17:00,82.486
5202,4/18/2022 17:15,81.864
5203,4/18/2022 17:30,81.244
5204,4/18/2022 17:45,80.537
5205,4/18/2022 18:00,79.876
5206,4/18/2022 18:15,79.128
5207,4/18/2022 18:30,78.296
5208,4/18/2022 18:45,77.421
5209,4/18/2022 19:00,76.419
5210,4/18/2022 19:15,75.42
5211,4/18/2022 19:30,74.338
5212,4/18/2022 19:45,73.342
5213,4/18/2022 20:00,72.394
5214,4/18/2022 20:15,71.49
5215,4/18/2022 20:30,70.63
5216,4/18/2022 20:45,69.858
5217,4/18/2022 21:00,69.129
5218,4/18/2022 21:15,68.443
5219,4/18/2022 21:30,67.798
5220,4/18/2022 21:45,67.242
5221,4/18/2022 22:00,66.686
5222,4/18/2022 22:15,66.173
5223,4/18/2022 22:30,65.745
5224,4/18/2022 22:45,65.316
5225,4/18/2022 23:00,64.931
5226,4/18/2022 23:15,64.546
5227,4/18/2022 23:30,64.204
5228,4/18/2022 23:45,63.862
5229,4/19/2022 0:00,63.518
5230,4/19/2022 0:15,63.176
5231,4/19/2022 0:30,62.834
5232,4/19/2022 0:45,62.533
5233,4/19/2022 1:00,62.276
5234,4/19/2022 1:15,62.019
5235,4/19/2022 1:30,61.761
5236,4/19/2022 1:45,61.547
5237,4/19/2022 2:00,61.333
5238,4/19/2022 2:15,61.119
5239,4/19/2022 2:30,60.948
5240,4/19/2022 2:45,60.775
5241,4/19/2022 3:00,60.561
5242,4/19/2022 3:15,60.346
5243,4/19/2022 3:30,60.132
5244,4/19/2022 3:45,59.916
5245,4/19/2022 4:00,59.702
5246,4/19/2022 4:15,59.445
5247,4/19/2022 4:30,59.229
5248,4/19/2022 4:45,58.971
5249,4/19/2022 5:00,58.669
5250,4/19/2022 5:15,58.411
5251,4/19/2022 5:30,58.152
5252,4/19/2022 5:45,57.893
5253,4/19/2022 6:00,57.679
5254,4/19/2022 6:15,57.506
5255,4/19/2022 6:30,57.376
5256,4/19/2022 6:45,57.29
5257,4/19/2022 7:00,57.247
5258,4/19/2022 7:15,57.247
5259,4/19/2022 7:30,57.247
5260,4/19/2022 7:45,57.333
5261,4/19/2022 8:00,57.42
5262,4/19/2022 8:15,57.549
5263,4/19/2022 8:30,57.679
5264,4/19/2022 8:45,57.893
5265,4/19/2022 9:00,58.109
5266,4/19/2022 9:15,58.498
5267,4/19/2022 9:30,59.014
5268,4/19/2022 9:45,59.572
5269,4/19/2022 10:00,60.26
5270,4/19/2022 10:15,61.032
5271,4/19/2022 10:30,61.934
5272,4/19/2022 10:45,62.919
5273,4/19/2022 11:00,63.99
5274,4/19/2022 11:15,65.188
5275,4/19/2022 11:30,66.429
5276,4/19/2022 11:45,67.714
5277,4/19/2022 12:00,68.999
5278,4/19/2022 12:15,70.243
5279,4/19/2022 12:30,71.533
5280,4/19/2022 12:45,72.783
5281,4/19/2022 13:00,74.034
5282,4/19/2022 13:15,75.204
5283,4/19/2022 13:30,76.332
5284,4/19/2022 13:45,77.421
5285,4/19/2022 14:00,78.382
5286,4/19/2022 14:15,79.304
5287,4/19/2022 14:30,80.184
5288,4/19/2022 14:45,80.935
5289,4/19/2022 15:00,81.597
5290,4/19/2022 15:15,82.13
5291,4/19/2022 15:30,82.62
5292,4/19/2022 15:45,83.021
5293,4/19/2022 16:00,83.287
5294,4/19/2022 16:15,83.467
5295,4/19/2022 16:30,83.511
5296,4/19/2022 16:45,83.467
5297,4/19/2022 17:00,83.287
5298,4/19/2022 17:15,83.021
5299,4/19/2022 17:30,82.665
5300,4/19/2022 17:45,82.175
5301,4/19/2022 18:00,81.554
5302,4/19/2022 18:15,80.802
5303,4/19/2022 18:30,79.92
5304,4/19/2022 18:45,78.953
5305,4/19/2022 19:00,77.815
5306,4/19/2022 19:15,76.636
5307,4/19/2022 19:30,75.42
5308,4/19/2022 19:45,74.206
5309,4/19/2022 20:00,73.04
5310,4/19/2022 20:15,71.877
5311,4/19/2022 20:30,70.759
5312,4/19/2022 20:45,69.685
5313,4/19/2022 21:00,68.657
5314,4/19/2022 21:15,67.671
5315,4/19/2022 21:30,66.772
5316,4/19/2022 21:45,65.872
5317,4/19/2022 22:00,65.059
5318,4/19/2022 22:15,64.288
5319,4/19/2022 22:30,63.561
5320,4/19/2022 22:45,62.875
5321,4/19/2022 23:00,62.233
5322,4/19/2022 23:15,61.633
5323,4/19/2022 23:30,61.075
5324,4/19/2022 23:45,60.561
5325,4/20/2022 0:00,60.003
5326,4/20/2022 0:15,59.486
5327,4/20/2022 0:30,59.014
5328,4/20/2022 0:45,58.541
5329,4/20/2022 1:00,58.152
5330,4/20/2022 1:15,57.85
5331,4/20/2022 1:30,57.592
5332,4/20/2022 1:45,57.29
5333,4/20/2022 2:00,56.988
5334,4/20/2022 2:15,56.772
5335,4/20/2022 2:30,56.556
5336,4/20/2022 2:45,56.426
5337,4/20/2022 3:00,56.251
5338,4/20/2022 3:15,56.122
5339,4/20/2022 3:30,55.992
5340,4/20/2022 3:45,55.906
5341,4/20/2022 4:00,55.776
5342,4/20/2022 4:15,55.647
5343,4/20/2022 4:30,55.515
5344,4/20/2022 4:45,55.386
5345,4/20/2022 5:00,55.256
5346,4/20/2022 5:15,55.125
5347,4/20/2022 5:30,55.038
5348,4/20/2022 5:45,54.952
5349,4/20/2022 6:00,54.909
5350,4/20/2022 6:15,54.865
5351,4/20/2022 6:30,54.909
5352,4/20/2022 6:45,54.909
5353,4/20/2022 7:00,55.038
5354,4/20/2022 7:15,55.256
5355,4/20/2022 7:30,55.558
5356,4/20/2022 7:45,55.949
5357,4/20/2022 8:00,56.383
5358,4/20/2022 8:15,56.858
5359,4/20/2022 8:30,57.42
5360,4/20/2022 8:45,57.979
5361,4/20/2022 9:00,58.669
5362,4/20/2022 9:15,59.486
5363,4/20/2022 9:30,60.346
5364,4/20/2022 9:45,61.29
5365,4/20/2022 10:00,62.276
5366,4/20/2022 10:15,63.433
5367,4/20/2022 10:30,64.632
5368,4/20/2022 10:45,65.916
5369,4/20/2022 11:00,67.242
5370,4/20/2022 11:15,68.571
5371,4/20/2022 11:30,69.942
5372,4/20/2022 11:45,71.317
5373,4/20/2022 12:00,72.653
5374,4/20/2022 12:15,73.904
5375,4/20/2022 12:30,75.117
5376,4/20/2022 12:45,76.289
5377,4/20/2022 13:00,77.421
5378,4/20/2022 13:15,78.427
5379,4/20/2022 13:30,79.216
5380,4/20/2022 13:45,79.788
5381,4/20/2022 14:00,80.227
5382,4/20/2022 14:15,80.537
5383,4/20/2022 14:30,80.713
5384,4/20/2022 14:45,80.845
5385,4/20/2022 15:00,80.89
5386,4/20/2022 15:15,80.89
5387,4/20/2022 15:30,80.713
5388,4/20/2022 15:45,80.492
5389,4/20/2022 16:00,80.184
5390,4/20/2022 16:15,79.876
5391,4/20/2022 16:30,79.567
5392,4/20/2022 16:45,79.216
5393,4/20/2022 17:00,78.822
5394,4/20/2022 17:15,78.339
5395,4/20/2022 17:30,77.859
5396,4/20/2022 17:45,77.247
5397,4/20/2022 18:00,76.593
5398,4/20/2022 18:15,75.853
5399,4/20/2022 18:30,75.117
5400,4/20/2022 18:45,74.295
5401,4/20/2022 19:00,73.472
5402,4/20/2022 19:15,72.653
5403,4/20/2022 19:30,71.834
5404,4/20/2022 19:45,71.06
5405,4/20/2022 20:00,70.286
5406,4/20/2022 20:15,69.514
5407,4/20/2022 20:30,68.698
5408,4/20/2022 20:45,67.928
5409,4/20/2022 21:00,67.158
5410,4/20/2022 21:15,66.429
5411,4/20/2022 21:30,65.745
5412,4/20/2022 21:45,65.059
5413,4/20/2022 22:00,64.459
5414,4/20/2022 22:15,63.903
5415,4/20/2022 22:30,63.39
5416,4/20/2022 22:45,62.919
5417,4/20/2022 23:00,62.49
5418,4/20/2022 23:15,62.105
5419,4/20/2022 23:30,61.761
5420,4/20/2022 23:45,61.462
5421,4/21/2022 0:00,61.162
5422,4/21/2022 0:15,60.904
5423,4/21/2022 0:30,60.647
5424,4/21/2022 0:45,60.433
5425,4/21/2022 1:00,60.217
5426,4/21/2022 1:15,60.003
5427,4/21/2022 1:30,59.83
5428,4/21/2022 1:45,59.659
5429,4/21/2022 2:00,59.486
5430,4/21/2022 2:15,59.315
5431,4/21/2022 2:30,59.185
5432,4/21/2022 2:45,59.056
5433,4/21/2022 3:00,58.928
5434,4/21/2022 3:15,58.798
5435,4/21/2022 3:30,58.669
5436,4/21/2022 3:45,58.541
5437,4/21/2022 4:00,58.455
5438,4/21/2022 4:15,58.325
5439,4/21/2022 4:30,58.152
5440,4/21/2022 4:45,57.979
5441,4/21/2022 5:00,57.807
5442,4/21/2022 5:15,57.592
5443,4/21/2022 5:30,57.42
5444,4/21/2022 5:45,57.204
5445,4/21/2022 6:00,56.988
5446,4/21/2022 6:15,56.815
5447,4/21/2022 6:30,56.599
5448,4/21/2022 6:45,56.469
5449,4/21/2022 7:00,56.426
5450,4/21/2022 7:15,56.426
5451,4/21/2022 7:30,56.512
5452,4/21/2022 7:45,56.642
5453,4/21/2022 8:00,56.858
5454,4/21/2022 8:15,57.117
5455,4/21/2022 8:30,57.42
5456,4/21/2022 8:45,57.765
5457,4/21/2022 9:00,58.109
5458,4/21/2022 9:15,58.455
5459,4/21/2022 9:30,58.798
5460,4/21/2022 9:45,59.142
5461,4/21/2022 10:00,59.572
5462,4/21/2022 10:15,60.046
5463,4/21/2022 10:30,60.604
5464,4/21/2022 10:45,61.29
5465,4/21/2022 11:00,62.019
5466,4/21/2022 11:15,62.875
5467,4/21/2022 11:30,63.689
5468,4/21/2022 11:45,64.459
5469,4/21/2022 12:00,65.188
5470,4/21/2022 12:15,65.916
5471,4/21/2022 12:30,66.6
5472,4/21/2022 12:45,67.285
5473,4/21/2022 13:00,67.928
5474,4/21/2022 13:15,68.571
5475,4/21/2022 13:30,69.3
5476,4/21/2022 13:45,69.985
5477,4/21/2022 14:00,70.716
5478,4/21/2022 14:15,71.49
5479,4/21/2022 14:30,72.264
5480,4/21/2022 14:45,73.04
5481,4/21/2022 15:00,73.774
5482,4/21/2022 15:15,74.338
5483,4/21/2022 15:30,74.77
5484,4/21/2022 15:45,75.117
5485,4/21/2022 16:00,75.333
5486,4/21/2022 16:15,75.42
5487,4/21/2022 16:30,75.333
5488,4/21/2022 16:45,75.074
5489,4/21/2022 17:00,74.727
5490,4/21/2022 17:15,74.295
5491,4/21/2022 17:30,73.774
5492,4/21/2022 17:45,73.342
5493,4/21/2022 18:00,72.912
5494,4/21/2022 18:15,72.437
5495,4/21/2022 18:30,71.877
5496,4/21/2022 18:45,71.231
5497,4/21/2022 19:00,70.502
5498,4/21/2022 19:15,69.728
5499,4/21/2022 19:30,68.913
5500,4/21/2022 19:45,68.056
5501,4/21/2022 20:00,67.199
5502,4/21/2022 20:15,66.344
5503,4/21/2022 20:30,65.487
5504,4/21/2022 20:45,64.717
5505,4/21/2022 21:00,63.946
5506,4/21/2022 21:15,63.176
5507,4/21/2022 21:30,62.49
5508,4/21/2022 21:45,61.804
5509,4/21/2022 22:00,61.205
5510,4/21/2022 22:15,60.647
5511,4/21/2022 22:30,60.132
5512,4/21/2022 22:45,59.702
5513,4/21/2022 23:00,59.315
5514,4/21/2022 23:15,58.971
5515,4/21/2022 23:30,58.712
5516,4/21/2022 23:45,58.498
5517,4/22/2022 0:00,58.368
5518,4/22/2022 0:15,58.195
5519,4/22/2022 0:30,58.066
5520,4/22/2022 0:45,57.936
5521,4/22/2022 1:00,57.807
5522,4/22/2022 1:15,57.679
5523,4/22/2022 1:30,57.549
5524,4/22/2022 1:45,57.376
5525,4/22/2022 2:00,57.247
5526,4/22/2022 2:15,57.074
5527,4/22/2022 2:30,56.944
5528,4/22/2022 2:45,56.815
5529,4/22/2022 3:00,56.685
5530,4/22/2022 3:15,56.556
5531,4/22/2022 3:30,56.383
5532,4/22/2022 3:45,56.165
5533,4/22/2022 4:00,55.992
5534,4/22/2022 4:15,55.819
5535,4/22/2022 4:30,55.602
5536,4/22/2022 4:45,55.429
5537,4/22/2022 5:00,55.256
5538,4/22/2022 5:15,55.081
5539,4/22/2022 5:30,54.909
5540,4/22/2022 5:45,54.734
5541,4/22/2022 6:00,54.604
5542,4/22/2022 6:15,54.473
5543,4/22/2022 6:30,54.387
5544,4/22/2022 6:45,54.255
5545,4/22/2022 7:00,54.126
5546,4/22/2022 7:15,53.994
5547,4/22/2022 7:30,53.908
5548,4/22/2022 7:45,53.82
5549,4/22/2022 8:00,53.733
5550,4/22/2022 8:15,53.69
5551,4/22/2022 8:30,53.733
5552,4/22/2022 8:45,54.037
5553,4/22/2022 9:00,55.213
5554,4/22/2022 9:15,56.685
5555,4/22/2022 9:30,58.152
5556,4/22/2022 9:45,59.659
5557,4/22/2022 10:00,61.119
5558,4/22/2022 10:15,62.748
5559,4/22/2022 10:30,64.418
5560,4/22/2022 10:45,66.087
5561,4/22/2022 11:00,67.798
5562,4/22/2022 11:15,69.386
5563,4/22/2022 11:30,70.93
5564,4/22/2022 11:45,72.437
5565,4/22/2022 12:00,73.818
5566,4/22/2022 12:15,75.16
5567,4/22/2022 12:30,76.507
5568,4/22/2022 12:45,77.596
5569,4/22/2022 13:00,78.645
5570,4/22/2022 13:15,79.524
5571,4/22/2022 13:30,80.272
5572,4/22/2022 13:45,81.066
5573,4/22/2022 14:00,81.73
5574,4/22/2022 14:15,82.353
5575,4/22/2022 14:30,82.798
5576,4/22/2022 14:45,83.064
5577,4/22/2022 15:00,83.287
5578,4/22/2022 15:15,83.377
5579,4/22/2022 15:30,83.332
5580,4/22/2022 15:45,83.287
5581,4/22/2022 16:00,83.109
5582,4/22/2022 16:15,82.841
5583,4/22/2022 16:30,82.396
5584,4/22/2022 16:45,81.376
5585,4/22/2022 17:00,80.404
5586,4/22/2022 17:15,79.743
5587,4/22/2022 17:30,79.304
5588,4/22/2022 17:45,78.91
5589,4/22/2022 18:00,78.296
5590,4/22/2022 18:15,77.553
5591,4/22/2022 18:30,76.768
5592,4/22/2022 18:45,75.898
5593,4/22/2022 19:00,75.029
5594,4/22/2022 19:15,74.077
5595,4/22/2022 19:30,73.126
5596,4/22/2022 19:45,72.221
5597,4/22/2022 20:00,71.274
5598,4/22/2022 20:15,70.416
5599,4/22/2022 20:30,69.557
5600,4/22/2022 20:45,68.742
5601,4/22/2022 21:00,67.971
5602,4/22/2022 21:15,67.199
5603,4/22/2022 21:30,66.472
5604,4/22/2022 21:45,65.788
5605,4/22/2022 22:00,65.145
5606,4/22/2022 22:15,64.503
5607,4/22/2022 22:30,63.946
5608,4/22/2022 22:45,63.39
5609,4/22/2022 23:00,62.834
5610,4/22/2022 23:15,62.319
5611,4/22/2022 23:30,61.761
5612,4/22/2022 23:45,61.248
5613,4/23/2022 0:00,60.775
5614,4/23/2022 0:15,60.346
5615,4/23/2022 0:30,59.873
5616,4/23/2022 0:45,59.445
5617,4/23/2022 1:00,59.014
5618,4/23/2022 1:15,58.626
5619,4/23/2022 1:30,58.195
5620,4/23/2022 1:45,57.807
5621,4/23/2022 2:00,57.42
5622,4/23/2022 2:15,57.074
5623,4/23/2022 2:30,56.685
5624,4/23/2022 2:45,56.34
5625,4/23/2022 3:00,55.992
5626,4/23/2022 3:15,55.647
5627,4/23/2022 3:30,55.342
5628,4/23/2022 3:45,55.038
5629,4/23/2022 4:00,54.734
5630,4/23/2022 4:15,54.387
5631,4/23/2022 4:30,54.126
5632,4/23/2022 4:45,53.865
5633,4/23/2022 5:00,53.559
5634,4/23/2022 5:15,53.298
5635,4/23/2022 5:30,53.078
5636,4/23/2022 5:45,52.817
5637,4/23/2022 6:00,52.597
5638,4/23/2022 6:15,52.423
5639,4/23/2022 6:30,52.291
5640,4/23/2022 6:45,52.246
5641,4/23/2022 7:00,52.335
5642,4/23/2022 7:15,52.554
5643,4/23/2022 7:30,52.947
5644,4/23/2022 7:45,53.427
5645,4/23/2022 8:00,54.037
5646,4/23/2022 8:15,54.82
5647,4/23/2022 8:30,55.647
5648,4/23/2022 8:45,56.642
5649,4/23/2022 9:00,57.679
5650,4/23/2022 9:15,58.885
5651,4/23/2022 9:30,60.132
5652,4/23/2022 9:45,61.462
5653,4/23/2022 10:00,62.834
5654,4/23/2022 10:15,64.247
5655,4/23/2022 10:30,65.701
5656,4/23/2022 10:45,67.199
5657,4/23/2022 11:00,68.742
5658,4/23/2022 11:15,70.201
5659,4/23/2022 11:30,71.704
5660,4/23/2022 11:45,73.213
5661,4/23/2022 12:00,74.64
5662,4/23/2022 12:15,76.071
5663,4/23/2022 12:30,77.464
5664,4/23/2022 12:45,78.822
5665,4/23/2022 13:00,80.184
5666,4/23/2022 13:15,81.642
5667,4/23/2022 13:30,83.199
5668,4/23/2022 13:45,84.722
5669,4/23/2022 14:00,86.164
5670,4/23/2022 14:15,87.483
5671,4/23/2022 14:30,88.718
5672,4/23/2022 14:45,89.776
5673,4/23/2022 15:00,90.657
5674,4/23/2022 15:15,91.355
5675,4/23/2022 15:30,91.917
5676,4/23/2022 15:45,92.244
5677,4/23/2022 16:00,92.386
5678,4/23/2022 16:15,92.433
5679,4/23/2022 16:30,92.244
5680,4/23/2022 16:45,91.963
5681,4/23/2022 17:00,91.495
5682,4/23/2022 17:15,90.844
5683,4/23/2022 17:30,90.055
5684,4/23/2022 17:45,89.132
5685,4/23/2022 18:00,88.075
5686,4/23/2022 18:15,86.981
5687,4/23/2022 18:30,85.802
5688,4/23/2022 18:45,84.632
5689,4/23/2022 19:00,83.422
5690,4/23/2022 19:15,82.175
5691,4/23/2022 19:30,80.978
5692,4/23/2022 19:45,79.788
5693,4/23/2022 20:00,78.645
5694,4/23/2022 20:15,77.553
5695,4/23/2022 20:30,76.464
5696,4/23/2022 20:45,75.463
5697,4/23/2022 21:00,74.467
5698,4/23/2022 21:15,73.472
5699,4/23/2022 21:30,72.61
5700,4/23/2022 21:45,71.704
5701,4/23/2022 22:00,70.887
5702,4/23/2022 22:15,70.072
5703,4/23/2022 22:30,69.343
5704,4/23/2022 22:45,68.614
5705,4/23/2022 23:00,67.928
5706,4/23/2022 23:15,67.242
5707,4/23/2022 23:30,66.6
5708,4/23/2022 23:45,66
5709,4/24/2022 0:00,65.403
5710,4/24/2022 0:15,64.803
5711,4/24/2022 0:30,64.288
5712,4/24/2022 0:45,63.689
5713,4/24/2022 1:00,63.133
5714,4/24/2022 1:15,62.62
5715,4/24/2022 1:30,62.148
5716,4/24/2022 1:45,61.677
5717,4/24/2022 2:00,61.205
5718,4/24/2022 2:15,60.775
5719,4/24/2022 2:30,60.346
5720,4/24/2022 2:45,59.916
5721,4/24/2022 3:00,59.529
5722,4/24/2022 3:15,59.099
5723,4/24/2022 3:30,58.712
5724,4/24/2022 3:45,58.325
5725,4/24/2022 4:00,57.979
5726,4/24/2022 4:15,57.679
5727,4/24/2022 4:30,57.42
5728,4/24/2022 4:45,57.247
5729,4/24/2022 5:00,57.117
5730,4/24/2022 5:15,56.988
5731,4/24/2022 5:30,56.858
5732,4/24/2022 5:45,56.772
5733,4/24/2022 6:00,56.685
5734,4/24/2022 6:15,56.599
5735,4/24/2022 6:30,56.556
5736,4/24/2022 6:45,56.556
5737,4/24/2022 7:00,56.642
5738,4/24/2022 7:15,56.685
5739,4/24/2022 7:30,56.815
5740,4/24/2022 7:45,56.944
5741,4/24/2022 8:00,57.16
5742,4/24/2022 8:15,57.42
5743,4/24/2022 8:30,57.807
5744,4/24/2022 8:45,58.282
5745,4/24/2022 9:00,58.842
5746,4/24/2022 9:15,59.486
5747,4/24/2022 9:30,60.346
5748,4/24/2022 9:45,61.29
5749,4/24/2022 10:00,62.533
5750,4/24/2022 10:15,64.074
5751,4/24/2022 10:30,66.043
5752,4/24/2022 10:45,68.356
5753,4/24/2022 11:00,70.846
5754,4/24/2022 11:15,73.429
5755,4/24/2022 11:30,75.985
5756,4/24/2022 11:45,78.471
5757,4/24/2022 12:00,80.58
5758,4/24/2022 12:15,81.909
5759,4/24/2022 12:30,82.886
5760,4/24/2022 12:45,83.824
5761,4/24/2022 13:00,84.767
5762,4/24/2022 13:15,85.802
5763,4/24/2022 13:30,86.936
5764,4/24/2022 13:45,88.03
5765,4/24/2022 14:00,89.085
5766,4/24/2022 14:15,90.1
5767,4/24/2022 14:30,91.029
5768,4/24/2022 14:45,91.87
5769,4/24/2022 15:00,92.574
5770,4/24/2022 15:15,93.186
5771,4/24/2022 15:30,93.612
5772,4/24/2022 15:45,93.897
5773,4/24/2022 16:00,93.992
5774,4/24/2022 16:15,93.943
5775,4/24/2022 16:30,93.754
5776,4/24/2022 16:45,93.423
5777,4/24/2022 17:00,92.95
5778,4/24/2022 17:15,92.244
5779,4/24/2022 17:30,91.449
5780,4/24/2022 17:45,90.471
5781,4/24/2022 18:00,89.407
5782,4/24/2022 18:15,88.214
5783,4/24/2022 18:30,87.028
5784,4/24/2022 18:45,85.757
5785,4/24/2022 19:00,84.407
5786,4/24/2022 19:15,83.109
5787,4/24/2022 19:30,81.775
5788,4/24/2022 19:45,80.449
5789,4/24/2022 20:00,79.216
5790,4/24/2022 20:15,77.945
5791,4/24/2022 20:30,76.768
5792,4/24/2022 20:45,75.594
5793,4/24/2022 21:00,74.467
5794,4/24/2022 21:15,73.386
5795,4/24/2022 21:30,72.307
5796,4/24/2022 21:45,71.317
5797,4/24/2022 22:00,70.329
5798,4/24/2022 22:15,69.343
5799,4/24/2022 22:30,68.443
5800,4/24/2022 22:45,67.5
5801,4/24/2022 23:00,66.6
5802,4/24/2022 23:15,65.745
5803,4/24/2022 23:30,64.974
5804,4/24/2022 23:45,64.247
5805,4/25/2022 0:00,63.561
5806,4/25/2022 0:15,62.919
5807,4/25/2022 0:30,62.319
5808,4/25/2022 0:45,61.72
5809,4/25/2022 1:00,61.162
5810,4/25/2022 1:15,60.647
5811,4/25/2022 1:30,60.132
5812,4/25/2022 1:45,59.659
5813,4/25/2022 2:00,59.229
5814,4/25/2022 2:15,58.798
5815,4/25/2022 2:30,58.411
5816,4/25/2022 2:45,58.023
5817,4/25/2022 3:00,57.679
5818,4/25/2022 3:15,57.333
5819,4/25/2022 3:30,56.988
5820,4/25/2022 3:45,56.728
5821,4/25/2022 4:00,56.426
5822,4/25/2022 4:15,56.165
5823,4/25/2022 4:30,55.906
5824,4/25/2022 4:45,55.69
5825,4/25/2022 5:00,55.429
5826,4/25/2022 5:15,55.213
5827,4/25/2022 5:30,54.995
5828,4/25/2022 5:45,54.82
5829,4/25/2022 6:00,54.648
5830,4/25/2022 6:15,54.473
5831,4/25/2022 6:30,54.343
5832,4/25/2022 6:45,54.255
5833,4/25/2022 7:00,54.212
5834,4/25/2022 7:15,54.561
5835,4/25/2022 7:30,55.992
5836,4/25/2022 7:45,58.152
5837,4/25/2022 8:00,60.26
5838,4/25/2022 8:15,61.934
5839,4/25/2022 8:30,63.262
5840,4/25/2022 8:45,64.632
5841,4/25/2022 9:00,66.087
5842,4/25/2022 9:15,67.714
5843,4/25/2022 9:30,69.471
5844,4/25/2022 9:45,71.361
5845,4/25/2022 10:00,73.386
5846,4/25/2022 10:15,75.42
5847,4/25/2022 10:30,77.378
5848,4/25/2022 10:45,79.261
5849,4/25/2022 11:00,81.066
5850,4/25/2022 11:15,82.798
5851,4/25/2022 11:30,84.452
5852,4/25/2022 11:45,86.029
5853,4/25/2022 12:00,87.528
5854,4/25/2022 12:15,88.855
5855,4/25/2022 12:30,90.1
5856,4/25/2022 12:45,91.263
5857,4/25/2022 13:00,92.386
5858,4/25/2022 13:15,93.423
5859,4/25/2022 13:30,94.323
5860,4/25/2022 13:45,95.184
5861,4/25/2022 14:00,95.855
5862,4/25/2022 14:15,96.435
5863,4/25/2022 14:30,96.87
5864,4/25/2022 14:45,97.209
5865,4/25/2022 15:00,97.452
5866,4/25/2022 15:15,97.648
5867,4/25/2022 15:30,97.648
5868,4/25/2022 15:45,96.435
5869,4/25/2022 16:00,95.855
5870,4/25/2022 16:15,95.567
5871,4/25/2022 16:30,95.472
5872,4/25/2022 16:45,95.423
5873,4/25/2022 17:00,95.423
5874,4/25/2022 17:15,95.374
5875,4/25/2022 17:30,95.184
5876,4/25/2022 17:45,94.8
5877,4/25/2022 18:00,94.23
5878,4/25/2022 18:15,93.517
5879,4/25/2022 18:30,92.714
5880,4/25/2022 18:45,91.776
5881,4/25/2022 19:00,90.797
5882,4/25/2022 19:15,89.731
5883,4/25/2022 19:30,88.626
5884,4/25/2022 19:45,87.436
5885,4/25/2022 20:00,86.256
5886,4/25/2022 20:15,85.082
5887,4/25/2022 20:30,83.959
5888,4/25/2022 20:45,83.242
5889,4/25/2022 21:00,82.708
5890,4/25/2022 21:15,82.042
5891,4/25/2022 21:30,81.023
5892,4/25/2022 21:45,79.876
5893,4/25/2022 22:00,78.69
5894,4/25/2022 22:15,77.509
5895,4/25/2022 22:30,76.375
5896,4/25/2022 22:45,75.333
5897,4/25/2022 23:00,74.295
5898,4/25/2022 23:15,73.342
5899,4/25/2022 23:30,72.394
5900,4/25/2022 23:45,71.49
5901,4/26/2022 0:00,70.63
5902,4/26/2022 0:15,69.771
5903,4/26/2022 0:30,68.999
5904,4/26/2022 0:45,68.27
5905,4/26/2022 1:00,67.543
5906,4/26/2022 1:15,66.9
5907,4/26/2022 1:30,66.301
5908,4/26/2022 1:45,65.701
5909,4/26/2022 2:00,65.188
5910,4/26/2022 2:15,64.717
5911,4/26/2022 2:30,64.332
5912,4/26/2022 2:45,63.946
5913,4/26/2022 3:00,63.518
5914,4/26/2022 3:15,63.09
5915,4/26/2022 3:30,62.704
5916,4/26/2022 3:45,62.319
5917,4/26/2022 4:00,61.934
5918,4/26/2022 4:15,61.547
5919,4/26/2022 4:30,61.205
5920,4/26/2022 4:45,60.818
5921,4/26/2022 5:00,60.433
5922,4/26/2022 5:15,60.089
5923,4/26/2022 5:30,59.745
5924,4/26/2022 5:45,59.401
5925,4/26/2022 6:00,59.099
5926,4/26/2022 6:15,58.885
5927,4/26/2022 6:30,58.712
5928,4/26/2022 6:45,58.971
5929,4/26/2022 7:00,59.745
5930,4/26/2022 7:15,60.818
5931,4/26/2022 7:30,62.406
5932,4/26/2022 7:45,63.99
5933,4/26/2022 8:00,65.444
5934,4/26/2022 8:15,66.515
5935,4/26/2022 8:30,67.413
5936,4/26/2022 8:45,68.313
5937,4/26/2022 9:00,69.17
5938,4/26/2022 9:15,70.201
5939,4/26/2022 9:30,71.447
5940,4/26/2022 9:45,72.912
5941,4/26/2022 10:00,74.12
5942,4/26/2022 10:15,74.64
5943,4/26/2022 10:30,74.64
5944,4/26/2022 10:45,74.511
5945,4/26/2022 11:00,74.295
5946,4/26/2022 11:15,74.077
5947,4/26/2022 11:30,73.904
5948,4/26/2022 11:45,73.774
5949,4/26/2022 12:00,73.645
5950,4/26/2022 12:15,73.558
5951,4/26/2022 12:30,73.472
5952,4/26/2022 12:45,73.386
5953,4/26/2022 13:00,73.342
5954,4/26/2022 13:15,73.299
5955,4/26/2022 13:30,73.17
5956,4/26/2022 13:45,73.04
5957,4/26/2022 14:00,72.826
5958,4/26/2022 14:15,72.61
5959,4/26/2022 14:30,72.394
5960,4/26/2022 14:45,72.178
5961,4/26/2022 15:00,71.964
5962,4/26/2022 15:15,71.791
5963,4/26/2022 15:30,71.661
5964,4/26/2022 15:45,71.404
5965,4/26/2022 16:00,71.103
5966,4/26/2022 16:15,70.716
5967,4/26/2022 16:30,70.286
5968,4/26/2022 16:45,70.201
5969,4/26/2022 17:00,70.502
5970,4/26/2022 17:15,71.146
5971,4/26/2022 17:30,71.791
5972,4/26/2022 17:45,72.61
5973,4/26/2022 18:00,73.126
5974,4/26/2022 18:15,73.386
5975,4/26/2022 18:30,73.515
5976,4/26/2022 18:45,73.558
5977,4/26/2022 19:00,73.558
5978,4/26/2022 19:15,73.472
5979,4/26/2022 19:30,73.342
5980,4/26/2022 19:45,73.126
5981,4/26/2022 20:00,72.869
5982,4/26/2022 20:15,72.523
5983,4/26/2022 20:30,72.136
5984,4/26/2022 20:45,71.704
5985,4/26/2022 21:00,71.19
5986,4/26/2022 21:15,70.673
5987,4/26/2022 21:30,70.158
5988,4/26/2022 21:45,69.6
5989,4/26/2022 22:00,68.999
5990,4/26/2022 22:15,68.443
5991,4/26/2022 22:30,67.842
5992,4/26/2022 22:45,67.242
5993,4/26/2022 23:00,66.686
5994,4/26/2022 23:15,66.087
5995,4/26/2022 23:30,65.53
5996,4/26/2022 23:45,64.974
5997,4/27/2022 0:00,64.459
5998,4/27/2022 0:15,63.946
5999,4/27/2022 0:30,63.475
6000,4/27/2022 0:45,63.005
6001,4/27/2022 1:00,62.533
6002,4/27/2022 1:15,62.105
6003,4/27/2022 1:30,61.677
6004,4/27/2022 1:45,61.248
6005,4/27/2022 2:00,60.861
6006,4/27/2022 2:15,60.474
6007,4/27/2022 2:30,60.089
6008,4/27/2022 2:45,59.745
6009,4/27/2022 3:00,59.401
6010,4/27/2022 3:15,59.056
6011,4/27/2022 3:30,58.712
6012,4/27/2022 3:45,58.411
6013,4/27/2022 4:00,58.109
6014,4/27/2022 4:15,57.807
6015,4/27/2022 4:30,57.506
6016,4/27/2022 4:45,57.247
6017,4/27/2022 5:00,56.988
6018,4/27/2022 5:15,56.728
6019,4/27/2022 5:30,56.469
6020,4/27/2022 5:45,56.208
6021,4/27/2022 6:00,55.949
6022,4/27/2022 6:15,55.733
6023,4/27/2022 6:30,55.515
6024,4/27/2022 6:45,55.342
6025,4/27/2022 7:00,55.168
6026,4/27/2022 7:15,55.038
6027,4/27/2022 7:30,54.909
6028,4/27/2022 7:45,54.82
6029,4/27/2022 8:00,54.777
6030,4/27/2022 8:15,54.734
6031,4/27/2022 8:30,54.734
6032,4/27/2022 8:45,54.82
6033,4/27/2022 9:00,54.865
6034,4/27/2022 9:15,54.995
6035,4/27/2022 9:30,55.168
6036,4/27/2022 9:45,55.342
6037,4/27/2022 10:00,55.558
6038,4/27/2022 10:15,55.819
6039,4/27/2022 10:30,56.122
6040,4/27/2022 10:45,56.469
6041,4/27/2022 11:00,56.815
6042,4/27/2022 11:15,57.204
6043,4/27/2022 11:30,57.592
6044,4/27/2022 11:45,58.023
6045,4/27/2022 12:00,58.498
6046,4/27/2022 12:15,58.971
6047,4/27/2022 12:30,59.486
6048,4/27/2022 12:45,60.003
6049,4/27/2022 13:00,60.561
6050,4/27/2022 13:15,61.119
6051,4/27/2022 13:30,61.761
6052,4/27/2022 13:45,62.447
6053,4/27/2022 14:00,63.561
6054,4/27/2022 14:15,64.459
6055,4/27/2022 14:30,65.23
6056,4/27/2022 14:45,65.959
6057,4/27/2022 15:00,66.729
6058,4/27/2022 15:15,67.456
6059,4/27/2022 15:30,68.142
6060,4/27/2022 15:45,68.785
6061,4/27/2022 16:00,69.343
6062,4/27/2022 16:15,69.771
6063,4/27/2022 16:30,70.029
6064,4/27/2022 16:45,70.286
6065,4/27/2022 17:00,70.502
6066,4/27/2022 17:15,70.673
6067,4/27/2022 17:30,70.803
6068,4/27/2022 17:45,70.803
6069,4/27/2022 18:00,70.716
6070,4/27/2022 18:15,70.587
6071,4/27/2022 18:30,70.502
6072,4/27/2022 18:45,70.329
6073,4/27/2022 19:00,70.115
6074,4/27/2022 19:15,69.814
6075,4/27/2022 19:30,69.471
6076,4/27/2022 19:45,69.085
6077,4/27/2022 20:00,68.698
6078,4/27/2022 20:15,68.27
6079,4/27/2022 20:30,67.798
6080,4/27/2022 20:45,67.329
6081,4/27/2022 21:00,66.857
6082,4/27/2022 21:15,66.344
6083,4/27/2022 21:30,65.872
6084,4/27/2022 21:45,65.403
6085,4/27/2022 22:00,64.888
6086,4/27/2022 22:15,64.459
6087,4/27/2022 22:30,63.99
6088,4/27/2022 22:45,63.561
6089,4/27/2022 23:00,63.176
6090,4/27/2022 23:15,62.748
6091,4/27/2022 23:30,62.362
6092,4/27/2022 23:45,61.977
6093,4/28/2022 0:00,61.547
6094,4/28/2022 0:15,61.162
6095,4/28/2022 0:30,60.775
6096,4/28/2022 0:45,60.433
6097,4/28/2022 1:00,60.046
6098,4/28/2022 1:15,59.702
6099,4/28/2022 1:30,59.358
6100,4/28/2022 1:45,59.014
6101,4/28/2022 2:00,58.712
6102,4/28/2022 2:15,58.368
6103,4/28/2022 2:30,58.066
6104,4/28/2022 2:45,57.765
6105,4/28/2022 3:00,57.506
6106,4/28/2022 3:15,57.204
6107,4/28/2022 3:30,56.901
6108,4/28/2022 3:45,56.642
6109,4/28/2022 4:00,56.383
6110,4/28/2022 4:15,56.165
6111,4/28/2022 4:30,55.949
6112,4/28/2022 4:45,55.733
6113,4/28/2022 5:00,55.558
6114,4/28/2022 5:15,55.386
6115,4/28/2022 5:30,55.213
6116,4/28/2022 5:45,55.038
6117,4/28/2022 6:00,54.909
6118,4/28/2022 6:15,54.734
6119,4/28/2022 6:30,54.648
6120,4/28/2022 6:45,54.516
6121,4/28/2022 7:00,54.43
6122,4/28/2022 7:15,54.343
6123,4/28/2022 7:30,54.691
6124,4/28/2022 7:45,55.472
6125,4/28/2022 8:00,56.944
6126,4/28/2022 8:15,58.755
6127,4/28/2022 8:30,60.517
6128,4/28/2022 8:45,62.062
6129,4/28/2022 9:00,63.133
6130,4/28/2022 9:15,63.99
6131,4/28/2022 9:30,64.674
6132,4/28/2022 9:45,65.273
6133,4/28/2022 10:00,65.788
6134,4/28/2022 10:15,66.258
6135,4/28/2022 10:30,66.6
6136,4/28/2022 10:45,66.985
6137,4/28/2022 11:00,67.285
6138,4/28/2022 11:15,67.586
6139,4/28/2022 11:30,67.885
6140,4/28/2022 11:45,68.185
6141,4/28/2022 12:00,68.443
6142,4/28/2022 12:15,68.698
6143,4/28/2022 12:30,68.999
6144,4/28/2022 12:45,69.256
6145,4/28/2022 13:00,69.514
6146,4/28/2022 13:15,69.771
6147,4/28/2022 13:30,69.985
6148,4/28/2022 13:45,70.115
6149,4/28/2022 14:00,70.158
6150,4/28/2022 14:15,70.201
6151,4/28/2022 14:30,70.158
6152,4/28/2022 14:45,70.115
6153,4/28/2022 15:00,70.029
6154,4/28/2022 15:15,69.901
6155,4/28/2022 15:30,69.728
6156,4/28/2022 15:45,69.557
6157,4/28/2022 16:00,69.343
6158,4/28/2022 16:15,69.085
6159,4/28/2022 16:30,68.828
6160,4/28/2022 16:45,68.742
6161,4/28/2022 17:00,69.085
6162,4/28/2022 17:15,69.685
6163,4/28/2022 17:30,69.985
6164,4/28/2022 17:45,70.158
6165,4/28/2022 18:00,70.158
6166,4/28/2022 18:15,70.072
6167,4/28/2022 18:30,69.858
6168,4/28/2022 18:45,69.514
6169,4/28/2022 19:00,69.042
6170,4/28/2022 19:15,68.527
6171,4/28/2022 19:30,67.928
6172,4/28/2022 19:45,67.285
6173,4/28/2022 20:00,66.643
6174,4/28/2022 20:15,66.043
6175,4/28/2022 20:30,65.916
6176,4/28/2022 20:45,66.087
6177,4/28/2022 21:00,66.515
6178,4/28/2022 21:15,66.686
6179,4/28/2022 21:30,66.686
6180,4/28/2022 21:45,66.558
6181,4/28/2022 22:00,66.344
6182,4/28/2022 22:15,66.087
6183,4/28/2022 22:30,65.745
6184,4/28/2022 22:45,65.403
6185,4/28/2022 23:00,64.974
6186,4/28/2022 23:15,64.589
6187,4/28/2022 23:30,64.204
6188,4/28/2022 23:45,63.775
6189,4/29/2022 0:00,63.39
6190,4/29/2022 0:15,63.005
6191,4/29/2022 0:30,62.62
6192,4/29/2022 0:45,62.233
6193,4/29/2022 1:00,61.891
6194,4/29/2022 1:15,61.506
6195,4/29/2022 1:30,61.119
6196,4/29/2022 1:45,60.775
6197,4/29/2022 2:00,60.433
6198,4/29/2022 2:15,60.046
6199,4/29/2022 2:30,59.702
6200,4/29/2022 2:45,59.358
6201,4/29/2022 3:00,58.971
6202,4/29/2022 3:15,58.626
6203,4/29/2022 3:30,58.282
6204,4/29/2022 3:45,57.936
6205,4/29/2022 4:00,57.592
6206,4/29/2022 4:15,57.247
6207,4/29/2022 4:30,56.944
6208,4/29/2022 4:45,56.599
6209,4/29/2022 5:00,56.295
6210,4/29/2022 5:15,55.949
6211,4/29/2022 5:30,55.647
6212,4/29/2022 5:45,55.472
6213,4/29/2022 6:00,56.122
6214,4/29/2022 6:15,57.074
6215,4/29/2022 6:30,58.282
6216,4/29/2022 6:45,59.529
6217,4/29/2022 7:00,60.647
6218,4/29/2022 7:15,61.376
6219,4/29/2022 7:30,61.804
6220,4/29/2022 7:45,62.148
6221,4/29/2022 8:00,62.533
6222,4/29/2022 8:15,62.962
6223,4/29/2022 8:30,63.433
6224,4/29/2022 8:45,63.99
6225,4/29/2022 9:00,64.546
6226,4/29/2022 9:15,65.188
6227,4/29/2022 9:30,65.745
6228,4/29/2022 9:45,66.258
6229,4/29/2022 10:00,66.729
6230,4/29/2022 10:15,67.071
6231,4/29/2022 10:30,67.413
6232,4/29/2022 10:45,67.671
6233,4/29/2022 11:00,67.885
6234,4/29/2022 11:15,68.099
6235,4/29/2022 11:30,68.356
6236,4/29/2022 11:45,68.698
6237,4/29/2022 12:00,68.999
6238,4/29/2022 12:15,69.343
6239,4/29/2022 12:30,69.858
6240,4/29/2022 12:45,70.587
6241,4/29/2022 13:00,71.404
6242,4/29/2022 13:15,72.351
6243,4/29/2022 13:30,73.386
6244,4/29/2022 13:45,74.554
6245,4/29/2022 14:00,75.853
6246,4/29/2022 14:15,77.247
6247,4/29/2022 14:30,78.69
6248,4/29/2022 14:45,80.139
6249,4/29/2022 15:00,81.554
6250,4/29/2022 15:15,82.931
6251,4/29/2022 15:30,84.227
6252,4/29/2022 15:45,85.397
6253,4/29/2022 16:00,86.482
6254,4/29/2022 16:15,87.436
6255,4/29/2022 16:30,88.214
6256,4/29/2022 16:45,88.855
6257,4/29/2022 17:00,89.407
6258,4/29/2022 17:15,89.915
6259,4/29/2022 17:30,90.333
6260,4/29/2022 17:45,90.565
6261,4/29/2022 18:00,90.565
6262,4/29/2022 18:15,90.333
6263,4/29/2022 18:30,89.915
6264,4/29/2022 18:45,89.269
6265,4/29/2022 19:00,88.443
6266,4/29/2022 19:15,87.528
6267,4/29/2022 19:30,86.482
6268,4/29/2022 19:45,85.442
6269,4/29/2022 20:00,84.317
6270,4/29/2022 20:15,83.199
6271,4/29/2022 20:30,82.042
6272,4/29/2022 20:45,80.935
6273,4/29/2022 21:00,79.831
6274,4/29/2022 21:15,78.733
6275,4/29/2022 21:30,77.727
6276,4/29/2022 21:45,76.681
6277,4/29/2022 22:00,75.724
6278,4/29/2022 22:15,74.77
6279,4/29/2022 22:30,73.861
6280,4/29/2022 22:45,72.997
6281,4/29/2022 23:00,72.178
6282,4/29/2022 23:15,71.361
6283,4/29/2022 23:30,70.587
6284,4/29/2022 23:45,69.858
6285,4/30/2022 0:00,69.129
6286,4/30/2022 0:15,68.443
6287,4/30/2022 0:30,67.757
6288,4/30/2022 0:45,67.114
6289,4/30/2022 1:00,66.515
6290,4/30/2022 1:15,65.916
6291,4/30/2022 1:30,65.403
6292,4/30/2022 1:45,64.888
6293,4/30/2022 2:00,64.375
6294,4/30/2022 2:15,63.903
6295,4/30/2022 2:30,63.433
6296,4/30/2022 2:45,63.005
6297,4/30/2022 3:00,62.577
6298,4/30/2022 3:15,62.191
6299,4/30/2022 3:30,61.804
6300,4/30/2022 3:45,61.419
6301,4/30/2022 4:00,61.075
6302,4/30/2022 4:15,60.733
6303,4/30/2022 4:30,60.39
6304,4/30/2022 4:45,60.089
6305,4/30/2022 5:00,59.745
6306,4/30/2022 5:15,59.445
6307,4/30/2022 5:30,59.142
6308,4/30/2022 5:45,58.885
6309,4/30/2022 6:00,58.626
6310,4/30/2022 6:15,58.411
6311,4/30/2022 6:30,58.195
6312,4/30/2022 6:45,57.979
6313,4/30/2022 7:00,57.85
6314,4/30/2022 7:15,57.722
6315,4/30/2022 7:30,57.592
6316,4/30/2022 7:45,57.549
6317,4/30/2022 8:00,57.506
6318,4/30/2022 8:15,57.463
6319,4/30/2022 8:30,57.463
6320,4/30/2022 8:45,57.463
6321,4/30/2022 9:00,57.506
6322,4/30/2022 9:15,57.592
6323,4/30/2022 9:30,58.195
6324,4/30/2022 9:45,59.358
6325,4/30/2022 10:00,60.775
6326,4/30/2022 10:15,62.191
6327,4/30/2022 10:30,63.518
6328,4/30/2022 10:45,64.803
6329,4/30/2022 11:00,66.13
6330,4/30/2022 11:15,67.543
6331,4/30/2022 11:30,68.956
6332,4/30/2022 11:45,70.372
6333,4/30/2022 12:00,71.834
6334,4/30/2022 12:15,73.213
6335,4/30/2022 12:30,74.597
6336,4/30/2022 12:45,75.898
6337,4/30/2022 13:00,77.117
6338,4/30/2022 13:15,78.251
6339,4/30/2022 13:30,79.304
6340,4/30/2022 13:45,80.227
6341,4/30/2022 14:00,81.111
6342,4/30/2022 14:15,81.952
6343,4/30/2022 14:30,82.665
6344,4/30/2022 14:45,83.242
6345,4/30/2022 15:00,83.779
6346,4/30/2022 15:15,84.227
6347,4/30/2022 15:30,84.632
6348,4/30/2022 15:45,84.945
6349,4/30/2022 16:00,85.172
6350,4/30/2022 16:15,85.307
6351,4/30/2022 16:30,85.262
6352,4/30/2022 16:45,85.035
6353,4/30/2022 17:00,84.587
6354,4/30/2022 17:15,84.004
6355,4/30/2022 17:30,83.332
6356,4/30/2022 17:45,82.53
6357,4/30/2022 18:00,81.687
6358,4/30/2022 18:15,80.802
6359,4/30/2022 18:30,79.92
6360,4/30/2022 18:45,78.953
6361,4/30/2022 19:00,77.99
6362,4/30/2022 19:15,76.942
6363,4/30/2022 19:30,75.853
6364,4/30/2022 19:45,74.77
6365,4/30/2022 20:00,73.688
6366,4/30/2022 20:15,72.567
6367,4/30/2022 20:30,71.447
6368,4/30/2022 20:45,70.329
6369,4/30/2022 21:00,69.256
6370,4/30/2022 21:15,68.185
6371,4/30/2022 21:30,67.158
6372,4/30/2022 21:45,66.173
6373,4/30/2022 22:00,65.188
6374,4/30/2022 22:15,64.247
6375,4/30/2022 22:30,63.347
6376,4/30/2022 22:45,62.49
6377,4/30/2022 23:00,61.633
6378,4/30/2022 23:15,60.818
6379,4/30/2022 23:30,60.046
6380,4/30/2022 23:45,59.272
6381,5/1/2022 0:00,58.541
6382,5/1/2022 0:15,57.893
6383,5/1/2022 0:30,57.247
6384,5/1/2022 0:45,56.642
6385,5/1/2022 1:00,56.122
6386,5/1/2022 1:15,55.602
6387,5/1/2022 1:30,55.081
6388,5/1/2022 1:45,54.604
6389,5/1/2022 2:00,54.126
6390,5/1/2022 2:15,53.69
6391,5/1/2022 2:30,53.253
6392,5/1/2022 2:45,52.817
6393,5/1/2022 3:00,52.423
6394,5/1/2022 3:15,52.029
6395,5/1/2022 3:30,51.633
6396,5/1/2022 3:45,51.282
6397,5/1/2022 4:00,50.929
6398,5/1/2022 4:15,50.576
6399,5/1/2022 4:30,50.268
6400,5/1/2022 4:45,49.959
6401,5/1/2022 5:00,49.649
6402,5/1/2022 5:15,49.338
6403,5/1/2022 5:30,49.073
6404,5/1/2022 5:45,48.85
6405,5/1/2022 6:00,48.628
6406,5/1/2022 6:15,48.493
6407,5/1/2022 6:30,48.405
6408,5/1/2022 6:45,48.405
6409,5/1/2022 7:00,48.45
6410,5/1/2022 7:15,48.583
6411,5/1/2022 7:30,48.762
6412,5/1/2022 7:45,49.028
6413,5/1/2022 8:00,49.383
6414,5/1/2022 8:15,49.914
6415,5/1/2022 8:30,50.533
6416,5/1/2022 8:45,51.325
6417,5/1/2022 9:00,52.203
6418,5/1/2022 9:15,53.298
6419,5/1/2022 9:30,54.43
6420,5/1/2022 9:45,55.69
6421,5/1/2022 10:00,57.074
6422,5/1/2022 10:15,58.368
6423,5/1/2022 10:30,59.486
6424,5/1/2022 10:45,60.474
6425,5/1/2022 11:00,61.333
6426,5/1/2022 11:15,62.105
6427,5/1/2022 11:30,62.834
6428,5/1/2022 11:45,63.561
6429,5/1/2022 12:00,64.288
6430,5/1/2022 12:15,65.102
6431,5/1/2022 12:30,66.043
6432,5/1/2022 12:45,66.985
6433,5/1/2022 13:00,67.928
6434,5/1/2022 13:15,68.828
6435,5/1/2022 13:30,69.643
6436,5/1/2022 13:45,70.329
6437,5/1/2022 14:00,70.974
6438,5/1/2022 14:15,71.577
6439,5/1/2022 14:30,72.05
6440,5/1/2022 14:45,72.523
6441,5/1/2022 15:00,72.955
6442,5/1/2022 15:15,73.342
6443,5/1/2022 15:30,73.731
6444,5/1/2022 15:45,73.99
6445,5/1/2022 16:00,73.904
6446,5/1/2022 16:15,73.861
6447,5/1/2022 16:30,73.947
6448,5/1/2022 16:45,73.99
6449,5/1/2022 17:00,73.602
6450,5/1/2022 17:15,73.299
6451,5/1/2022 17:30,73.126
6452,5/1/2022 17:45,73.083
6453,5/1/2022 18:00,73.083
6454,5/1/2022 18:15,73.126
6455,5/1/2022 18:30,73.17
6456,5/1/2022 18:45,73.17
6457,5/1/2022 19:00,73.213
6458,5/1/2022 19:15,73.213
6459,5/1/2022 19:30,73.213
6460,5/1/2022 19:45,73.17
6461,5/1/2022 20:00,73.126
6462,5/1/2022 20:15,73.083
6463,5/1/2022 20:30,73.04
6464,5/1/2022 20:45,72.912
6465,5/1/2022 21:00,72.869
6466,5/1/2022 21:15,72.826
6467,5/1/2022 21:30,72.826
6468,5/1/2022 21:45,72.826
6469,5/1/2022 22:00,72.826
6470,5/1/2022 22:15,72.869
6471,5/1/2022 22:30,72.869
6472,5/1/2022 22:45,72.869
6473,5/1/2022 23:00,72.869
6474,5/1/2022 23:15,72.826
6475,5/1/2022 23:30,72.783
6476,5/1/2022 23:45,72.696
6477,5/2/2022 0:00,72.61
6478,5/2/2022 0:15,72.523
6479,5/2/2022 0:30,72.394
6480,5/2/2022 0:45,72.264
6481,5/2/2022 1:00,72.136
6482,5/2/2022 1:15,71.964
6483,5/2/2022 1:30,71.748
6484,5/2/2022 1:45,71.577
6485,5/2/2022 2:00,71.361
6486,5/2/2022 2:15,71.146
6487,5/2/2022 2:30,70.93
6488,5/2/2022 2:45,70.716
6489,5/2/2022 3:00,70.543
6490,5/2/2022 3:15,70.329
6491,5/2/2022 3:30,70.158
6492,5/2/2022 3:45,69.942
6493,5/2/2022 4:00,69.771
6494,5/2/2022 4:15,69.6
6495,5/2/2022 4:30,69.427
6496,5/2/2022 4:45,69.256
6497,5/2/2022 5:00,69.085
6498,5/2/2022 5:15,68.913
6499,5/2/2022 5:30,68.742
6500,5/2/2022 5:45,68.571
6501,5/2/2022 6:00,68.443
6502,5/2/2022 6:15,68.313
6503,5/2/2022 6:30,68.185
6504,5/2/2022 6:45,68.056
6505,5/2/2022 7:00,67.971
6506,5/2/2022 7:15,67.885
6507,5/2/2022 7:30,67.842
6508,5/2/2022 7:45,67.798
6509,5/2/2022 8:00,67.757
6510,5/2/2022 8:15,67.757
6511,5/2/2022 8:30,67.798
6512,5/2/2022 8:45,67.798
6513,5/2/2022 9:00,67.798
6514,5/2/2022 9:15,67.842
6515,5/2/2022 9:30,67.885
6516,5/2/2022 9:45,67.928
6517,5/2/2022 10:00,67.971
6518,5/2/2022 10:15,68.056
6519,5/2/2022 10:30,68.142
6520,5/2/2022 10:45,68.227
6521,5/2/2022 11:00,68.356
6522,5/2/2022 11:15,68.484
6523,5/2/2022 11:30,68.614
6524,5/2/2022 11:45,68.742
6525,5/2/2022 12:00,68.913
6526,5/2/2022 12:15,69.085
6527,5/2/2022 12:30,69.256
6528,5/2/2022 12:45,69.427
6529,5/2/2022 13:00,69.6
6530,5/2/2022 13:15,69.771
6531,5/2/2022 13:30,69.942
6532,5/2/2022 13:45,70.115
6533,5/2/2022 14:00,70.329
6534,5/2/2022 14:15,70.543
6535,5/2/2022 14:30,70.759
6536,5/2/2022 14:45,71.017
6537,5/2/2022 15:00,71.317
6538,5/2/2022 15:15,73.731
6539,5/2/2022 15:30,77.292
6540,5/2/2022 15:45,76.768
6541,5/2/2022 16:00,75.985
6542,5/2/2022 16:15,75.333
6543,5/2/2022 16:30,74.856
6544,5/2/2022 16:45,74.554
6545,5/2/2022 17:00,74.338
6546,5/2/2022 17:15,74.12
6547,5/2/2022 17:30,74.034
6548,5/2/2022 17:45,73.947
6549,5/2/2022 18:00,73.947
6550,5/2/2022 18:15,73.947
6551,5/2/2022 18:30,73.99
6552,5/2/2022 18:45,74.034
6553,5/2/2022 19:00,74.034
6554,5/2/2022 19:15,74.077
6555,5/2/2022 19:30,74.077
6556,5/2/2022 19:45,74.077
6557,5/2/2022 20:00,74.077
6558,5/2/2022 20:15,74.12
6559,5/2/2022 20:30,74.163
6560,5/2/2022 20:45,74.163
6561,5/2/2022 21:00,74.163
6562,5/2/2022 21:15,74.163
6563,5/2/2022 21:30,74.077
6564,5/2/2022 21:45,74.034
6565,5/2/2022 22:00,73.99
6566,5/2/2022 22:15,73.99
6567,5/2/2022 22:30,73.947
6568,5/2/2022 22:45,73.904
6569,5/2/2022 23:00,73.904
6570,5/2/2022 23:15,73.861
6571,5/2/2022 23:30,73.818
6572,5/2/2022 23:45,73.774
6573,5/3/2022 0:00,73.731
6574,5/3/2022 0:15,73.645
6575,5/3/2022 0:30,73.602
6576,5/3/2022 0:45,73.558
6577,5/3/2022 1:00,73.472
6578,5/3/2022 1:15,73.386
6579,5/3/2022 1:30,73.299
6580,5/3/2022 1:45,73.213
6581,5/3/2022 2:00,73.126
6582,5/3/2022 2:15,73.04
6583,5/3/2022 2:30,72.912
6584,5/3/2022 2:45,72.739
6585,5/3/2022 3:00,72.523
6586,5/3/2022 3:15,72.307
6587,5/3/2022 3:30,72.093
6588,5/3/2022 3:45,71.877
6589,5/3/2022 4:00,71.62
6590,5/3/2022 4:15,71.404
6591,5/3/2022 4:30,71.19
6592,5/3/2022 4:45,70.974
6593,5/3/2022 5:00,70.803
6594,5/3/2022 5:15,70.587
6595,5/3/2022 5:30,70.416
6596,5/3/2022 5:45,70.201
6597,5/3/2022 6:00,70.029
6598,5/3/2022 6:15,69.901
6599,5/3/2022 6:30,69.771
6600,5/3/2022 6:45,69.643
6601,5/3/2022 7:00,69.557
6602,5/3/2022 7:15,69.514
6603,5/3/2022 7:30,69.427
6604,5/3/2022 7:45,69.343
6605,5/3/2022 8:00,69.3
6606,5/3/2022 8:15,69.256
6607,5/3/2022 8:30,69.17
6608,5/3/2022 8:45,69.129
6609,5/3/2022 9:00,69.085
6610,5/3/2022 9:15,69.042
6611,5/3/2022 9:30,68.999
6612,5/3/2022 9:45,68.956
6613,5/3/2022 10:00,68.956
6614,5/3/2022 10:15,68.999
6615,5/3/2022 10:30,69.042
6616,5/3/2022 10:45,69.085
6617,5/3/2022 11:00,69.17
6618,5/3/2022 11:15,69.3
6619,5/3/2022 11:30,69.427
6620,5/3/2022 11:45,69.557
6621,5/3/2022 12:00,69.728
6622,5/3/2022 12:15,69.901
6623,5/3/2022 12:30,70.115
6624,5/3/2022 12:45,70.286
6625,5/3/2022 13:00,70.502
6626,5/3/2022 13:15,70.716
6627,5/3/2022 13:30,70.974
6628,5/3/2022 13:45,71.231
6629,5/3/2022 14:00,71.447
6630,5/3/2022 14:15,71.704
6631,5/3/2022 14:30,71.964
6632,5/3/2022 14:45,72.264
6633,5/3/2022 15:00,72.61
6634,5/3/2022 15:15,75.508
6635,5/3/2022 15:30,78.559
6636,5/3/2022 15:45,78.076
6637,5/3/2022 16:00,77.421
6638,5/3/2022 16:15,76.899
6639,5/3/2022 16:30,76.55
6640,5/3/2022 16:45,76.332
6641,5/3/2022 17:00,76.158
6642,5/3/2022 17:15,76.071
6643,5/3/2022 17:30,76.028
6644,5/3/2022 17:45,76.028
6645,5/3/2022 18:00,76.071
6646,5/3/2022 18:15,76.203
6647,5/3/2022 18:30,76.246
6648,5/3/2022 18:45,76.289
6649,5/3/2022 19:00,76.332
6650,5/3/2022 19:15,76.332
6651,5/3/2022 19:30,76.375
6652,5/3/2022 19:45,76.375
6653,5/3/2022 20:00,76.419
6654,5/3/2022 20:15,76.464
6655,5/3/2022 20:30,76.507
6656,5/3/2022 20:45,76.55
6657,5/3/2022 21:00,76.593
6658,5/3/2022 21:15,76.593
6659,5/3/2022 21:30,76.593
6660,5/3/2022 21:45,76.593
6661,5/3/2022 22:00,76.593
6662,5/3/2022 22:15,76.55
6663,5/3/2022 22:30,76.507
6664,5/3/2022 22:45,76.507
6665,5/3/2022 23:00,76.464
6666,5/3/2022 23:15,76.419
6667,5/3/2022 23:30,76.375
6668,5/3/2022 23:45,76.289
6669,5/4/2022 0:00,76.203
6670,5/4/2022 0:15,76.114
6671,5/4/2022 0:30,75.985
6672,5/4/2022 0:45,75.853
6673,5/4/2022 1:00,75.681
6674,5/4/2022 1:15,75.551
6675,5/4/2022 1:30,75.376
6676,5/4/2022 1:45,75.247
6677,5/4/2022 2:00,75.074
6678,5/4/2022 2:15,74.899
6679,5/4/2022 2:30,74.77
6680,5/4/2022 2:45,74.597
6681,5/4/2022 3:00,74.424
6682,5/4/2022 3:15,74.25
6683,5/4/2022 3:30,74.077
6684,5/4/2022 3:45,73.904
6685,5/4/2022 4:00,73.774
6686,5/4/2022 4:15,73.558
6687,5/4/2022 4:30,73.386
6688,5/4/2022 4:45,73.17
6689,5/4/2022 5:00,72.955
6690,5/4/2022 5:15,72.739
6691,5/4/2022 5:30,72.523
6692,5/4/2022 5:45,72.351
6693,5/4/2022 6:00,72.221
6694,5/4/2022 6:15,72.136
6695,5/4/2022 6:30,72.05
6696,5/4/2022 6:45,71.964
6697,5/4/2022 7:00,71.877
6698,5/4/2022 7:15,71.834
6699,5/4/2022 7:30,71.748
6700,5/4/2022 7:45,71.661
6701,5/4/2022 8:00,71.577
6702,5/4/2022 8:15,71.533
6703,5/4/2022 8:30,71.447
6704,5/4/2022 8:45,71.404
6705,5/4/2022 9:00,71.361
6706,5/4/2022 9:15,71.317
6707,5/4/2022 9:30,71.317
6708,5/4/2022 9:45,71.317
6709,5/4/2022 10:00,71.361
6710,5/4/2022 10:15,71.404
6711,5/4/2022 10:30,71.533
6712,5/4/2022 10:45,71.62
6713,5/4/2022 11:00,71.748
6714,5/4/2022 11:15,71.92
6715,5/4/2022 11:30,72.05
6716,5/4/2022 11:45,72.221
6717,5/4/2022 12:00,72.437
6718,5/4/2022 12:15,72.61
6719,5/4/2022 12:30,72.826
6720,5/4/2022 12:45,73.04
6721,5/4/2022 13:00,73.256
6722,5/4/2022 13:15,73.515
6723,5/4/2022 13:30,73.774
6724,5/4/2022 13:45,74.077
6725,5/4/2022 14:00,74.554
6726,5/4/2022 14:15,75.508
6727,5/4/2022 14:30,78.121
6728,5/4/2022 14:45,81.111
6729,5/4/2022 15:00,81.333
6730,5/4/2022 15:15,80.492
6731,5/4/2022 15:30,79.567
6732,5/4/2022 15:45,78.777
6733,5/4/2022 16:00,78.251
6734,5/4/2022 16:15,77.859
6735,5/4/2022 16:30,77.639
6736,5/4/2022 16:45,77.464
6737,5/4/2022 17:00,77.335
6738,5/4/2022 17:15,77.292
6739,5/4/2022 17:30,77.203
6740,5/4/2022 17:45,77.117
6741,5/4/2022 18:00,77.072
6742,5/4/2022 18:15,76.942
6743,5/4/2022 18:30,76.811
6744,5/4/2022 18:45,76.636
6745,5/4/2022 19:00,76.289
6746,5/4/2022 19:15,75.81
6747,5/4/2022 19:30,75.508
6748,5/4/2022 19:45,75.29
6749,5/4/2022 20:00,75.117
6750,5/4/2022 20:15,75.029
6751,5/4/2022 20:30,74.986
6752,5/4/2022 20:45,75.247
6753,5/4/2022 21:00,75.29
6754,5/4/2022 21:15,75.29
6755,5/4/2022 21:30,75.074
6756,5/4/2022 21:45,74.899
6757,5/4/2022 22:00,74.77
6758,5/4/2022 22:15,74.683
6759,5/4/2022 22:30,74.597
6760,5/4/2022 22:45,74.467
6761,5/4/2022 23:00,74.381
6762,5/4/2022 23:15,74.295
6763,5/4/2022 23:30,74.25
6764,5/4/2022 23:45,74.206
6765,5/5/2022 0:00,74.12
6766,5/5/2022 0:15,74.034
6767,5/5/2022 0:30,73.99
6768,5/5/2022 0:45,73.904
6769,5/5/2022 1:00,73.818
6770,5/5/2022 1:15,73.774
6771,5/5/2022 1:30,73.688
6772,5/5/2022 1:45,73.602
6773,5/5/2022 2:00,73.558
6774,5/5/2022 2:15,73.472
6775,5/5/2022 2:30,73.386
6776,5/5/2022 2:45,73.299
6777,5/5/2022 3:00,73.17
6778,5/5/2022 3:15,73.04
6779,5/5/2022 3:30,72.912
6780,5/5/2022 3:45,72.783
6781,5/5/2022 4:00,72.653
6782,5/5/2022 4:15,72.523
6783,5/5/2022 4:30,72.351
6784,5/5/2022 4:45,72.264
6785,5/5/2022 5:00,72.136
6786,5/5/2022 5:15,72.007
6787,5/5/2022 5:30,71.877
6788,5/5/2022 5:45,71.791
6789,5/5/2022 6:00,71.748
6790,5/5/2022 6:15,71.748
6791,5/5/2022 6:30,71.661
6792,5/5/2022 6:45,71.577
6793,5/5/2022 7:00,71.49
6794,5/5/2022 7:15,71.447
6795,5/5/2022 7:30,71.404
6796,5/5/2022 7:45,71.361
6797,5/5/2022 8:00,71.361
6798,5/5/2022 8:15,71.361
6799,5/5/2022 8:30,71.404
6800,5/5/2022 8:45,71.62
6801,5/5/2022 9:00,72.007
6802,5/5/2022 9:15,71.317
6803,5/5/2022 9:30,70.93
6804,5/5/2022 9:45,70.673
6805,5/5/2022 10:00,70.587
6806,5/5/2022 10:15,70.587
6807,5/5/2022 10:30,70.63
6808,5/5/2022 10:45,70.716
6809,5/5/2022 11:00,70.803
6810,5/5/2022 11:15,70.93
6811,5/5/2022 11:30,71.06
6812,5/5/2022 11:45,71.146
6813,5/5/2022 12:00,71.274
6814,5/5/2022 12:15,71.404
6815,5/5/2022 12:30,71.533
6816,5/5/2022 12:45,71.661
6817,5/5/2022 13:00,71.834
6818,5/5/2022 13:15,72.007
6819,5/5/2022 13:30,72.221
6820,5/5/2022 13:45,72.48
6821,5/5/2022 14:00,72.653
6822,5/5/2022 14:15,72.826
6823,5/5/2022 14:30,72.869
6824,5/5/2022 14:45,72.912
6825,5/5/2022 15:00,72.955
6826,5/5/2022 15:15,72.997
6827,5/5/2022 15:30,73.04
6828,5/5/2022 15:45,73.083
6829,5/5/2022 16:00,73.126
6830,5/5/2022 16:15,73.213
6831,5/5/2022 16:30,73.256
6832,5/5/2022 16:45,73.299
6833,5/5/2022 17:00,73.342
6834,5/5/2022 17:15,73.342
6835,5/5/2022 17:30,73.342
6836,5/5/2022 17:45,73.342
6837,5/5/2022 18:00,73.342
6838,5/5/2022 18:15,73.386
6839,5/5/2022 18:30,73.386
6840,5/5/2022 18:45,73.342
6841,5/5/2022 19:00,73.299
6842,5/5/2022 19:15,73.213
6843,5/5/2022 19:30,73.17
6844,5/5/2022 19:45,73.083
6845,5/5/2022 20:00,72.997
6846,5/5/2022 20:15,72.955
6847,5/5/2022 20:30,72.869
6848,5/5/2022 20:45,72.783
6849,5/5/2022 21:00,72.739
6850,5/5/2022 21:15,72.653
6851,5/5/2022 21:30,72.61
6852,5/5/2022 21:45,72.523
6853,5/5/2022 22:00,72.48
6854,5/5/2022 22:15,72.437
6855,5/5/2022 22:30,72.394
6856,5/5/2022 22:45,72.307
6857,5/5/2022 23:00,72.264
6858,5/5/2022 23:15,72.221
6859,5/5/2022 23:30,72.136
6860,5/5/2022 23:45,72.05
6861,5/6/2022 0:00,72.007
6862,5/6/2022 0:15,71.92
6863,5/6/2022 0:30,71.877
6864,5/6/2022 0:45,71.791
6865,5/6/2022 1:00,71.748
6866,5/6/2022 1:15,71.704
6867,5/6/2022 1:30,71.661
6868,5/6/2022 1:45,71.577
6869,5/6/2022 2:00,71.533
6870,5/6/2022 2:15,71.447
6871,5/6/2022 2:30,71.404
6872,5/6/2022 2:45,71.317
6873,5/6/2022 3:00,71.274
6874,5/6/2022 3:15,71.19
6875,5/6/2022 3:30,71.146
6876,5/6/2022 3:45,71.06
6877,5/6/2022 4:00,70.974
6878,5/6/2022 4:15,70.93
6879,5/6/2022 4:30,70.846
6880,5/6/2022 4:45,70.759
6881,5/6/2022 5:00,70.673
6882,5/6/2022 5:15,70.63
6883,5/6/2022 5:30,70.543
6884,5/6/2022 5:45,70.502
6885,5/6/2022 6:00,70.416
6886,5/6/2022 6:15,70.372
6887,5/6/2022 6:30,70.329
6888,5/6/2022 6:45,70.286
6889,5/6/2022 7:00,70.286
6890,5/6/2022 7:15,70.286
6891,5/6/2022 7:30,70.286
6892,5/6/2022 7:45,70.286
6893,5/6/2022 8:00,70.286
6894,5/6/2022 8:15,70.286
6895,5/6/2022 8:30,70.329
6896,5/6/2022 8:45,70.329
6897,5/6/2022 9:00,70.372
6898,5/6/2022 9:15,70.372
6899,5/6/2022 9:30,70.416
6900,5/6/2022 9:45,70.459
6901,5/6/2022 10:00,70.502
6902,5/6/2022 10:15,70.543
6903,5/6/2022 10:30,70.63
6904,5/6/2022 10:45,70.716
6905,5/6/2022 11:00,70.759
6906,5/6/2022 11:15,70.846
6907,5/6/2022 11:30,70.93
6908,5/6/2022 11:45,70.974
6909,5/6/2022 12:00,71.017
6910,5/6/2022 12:15,71.103
6911,5/6/2022 12:30,71.19
6912,5/6/2022 12:45,71.317
6913,5/6/2022 13:00,71.404
6914,5/6/2022 13:15,71.62
6915,5/6/2022 13:30,71.92
6916,5/6/2022 13:45,72.221
6917,5/6/2022 14:00,72.523
6918,5/6/2022 14:15,72.739
6919,5/6/2022 14:30,72.739
6920,5/6/2022 14:45,72.696
6921,5/6/2022 15:00,72.653
6922,5/6/2022 15:15,72.653
6923,5/6/2022 15:30,72.653
6924,5/6/2022 15:45,72.653
6925,5/6/2022 16:00,72.696
6926,5/6/2022 16:15,72.739
6927,5/6/2022 16:30,72.783
6928,5/6/2022 16:45,72.869
6929,5/6/2022 17:00,72.912
6930,5/6/2022 17:15,72.912
6931,5/6/2022 17:30,72.955
6932,5/6/2022 17:45,72.955
6933,5/6/2022 18:00,72.955
6934,5/6/2022 18:15,72.955
6935,5/6/2022 18:30,72.955
6936,5/6/2022 18:45,72.955
6937,5/6/2022 19:00,72.912
6938,5/6/2022 19:15,72.869
6939,5/6/2022 19:30,72.869
6940,5/6/2022 19:45,72.783
6941,5/6/2022 20:00,72.739
6942,5/6/2022 20:15,72.696
6943,5/6/2022 20:30,72.653
6944,5/6/2022 20:45,72.61
6945,5/6/2022 21:00,72.567
6946,5/6/2022 21:15,72.48
6947,5/6/2022 21:30,72.437
6948,5/6/2022 21:45,72.351
6949,5/6/2022 22:00,72.307
6950,5/6/2022 22:15,72.221
6951,5/6/2022 22:30,72.178
6952,5/6/2022 22:45,72.093
6953,5/6/2022 23:00,71.964
6954,5/6/2022 23:15,71.877
6955,5/6/2022 23:30,71.791
6956,5/6/2022 23:45,71.661
6957,5/7/2022 0:00,71.577
6958,5/7/2022 0:15,71.447
6959,5/7/2022 0:30,71.361
6960,5/7/2022 0:45,71.231
6961,5/7/2022 1:00,71.103
6962,5/7/2022 1:15,70.974
6963,5/7/2022 1:30,70.887
6964,5/7/2022 1:45,70.759
6965,5/7/2022 2:00,70.63
6966,5/7/2022 2:15,70.502
6967,5/7/2022 2:30,70.372
6968,5/7/2022 2:45,70.286
6969,5/7/2022 3:00,70.158
6970,5/7/2022 3:15,70.029
6971,5/7/2022 3:30,69.901
6972,5/7/2022 3:45,69.814
6973,5/7/2022 4:00,69.685
6974,5/7/2022 4:15,69.6
6975,5/7/2022 4:30,69.514
6976,5/7/2022 4:45,69.427
6977,5/7/2022 5:00,69.343
6978,5/7/2022 5:15,69.256
6979,5/7/2022 5:30,69.17
6980,5/7/2022 5:45,69.129
6981,5/7/2022 6:00,69.085
6982,5/7/2022 6:15,68.999
6983,5/7/2022 6:30,68.956
6984,5/7/2022 6:45,68.913
6985,5/7/2022 7:00,68.828
6986,5/7/2022 7:15,68.828
6987,5/7/2022 7:30,68.828
6988,5/7/2022 7:45,68.828
6989,5/7/2022 8:00,68.828
6990,5/7/2022 8:15,68.828
6991,5/7/2022 8:30,68.828
6992,5/7/2022 8:45,68.828
6993,5/7/2022 9:00,68.828
6994,5/7/2022 9:15,68.828
6995,5/7/2022 9:30,68.828
6996,5/7/2022 9:45,68.828
6997,5/7/2022 10:00,68.828
6998,5/7/2022 10:15,68.871
6999,5/7/2022 10:30,68.913
7000,5/7/2022 10:45,68.956
7001,5/7/2022 11:00,68.999
7002,5/7/2022 11:15,69.085
7003,5/7/2022 11:30,69.17
7004,5/7/2022 11:45,69.256
7005,5/7/2022 12:00,69.343
7006,5/7/2022 12:15,69.471
7007,5/7/2022 12:30,69.6
7008,5/7/2022 12:45,69.728
7009,5/7/2022 13:00,69.942
7010,5/7/2022 13:15,70.243
7011,5/7/2022 13:30,70.63
7012,5/7/2022 13:45,71.017
7013,5/7/2022 14:00,71.533
7014,5/7/2022 14:15,72.007
7015,5/7/2022 14:30,71.92
7016,5/7/2022 14:45,71.791
7017,5/7/2022 15:00,71.748
7018,5/7/2022 15:15,71.748
7019,5/7/2022 15:30,71.748
7020,5/7/2022 15:45,71.834
7021,5/7/2022 16:00,71.92
7022,5/7/2022 16:15,72.007
7023,5/7/2022 16:30,72.136
7024,5/7/2022 16:45,72.221
7025,5/7/2022 17:00,72.307
7026,5/7/2022 17:15,72.394
7027,5/7/2022 17:30,72.437
7028,5/7/2022 17:45,72.523
7029,5/7/2022 18:00,72.567
7030,5/7/2022 18:15,72.567
7031,5/7/2022 18:30,72.567
7032,5/7/2022 18:45,72.48
7033,5/7/2022 19:00,72.394
7034,5/7/2022 19:15,72.351
7035,5/7/2022 19:30,72.307
7036,5/7/2022 19:45,72.264
7037,5/7/2022 20:00,72.221
7038,5/7/2022 20:15,72.221
7039,5/7/2022 20:30,72.178
7040,5/7/2022 20:45,72.093
7041,5/7/2022 21:00,72.05
7042,5/7/2022 21:15,71.964
7043,5/7/2022 21:30,71.877
7044,5/7/2022 21:45,71.791
7045,5/7/2022 22:00,71.661
7046,5/7/2022 22:15,71.577
7047,5/7/2022 22:30,71.49
7048,5/7/2022 22:45,71.361
7049,5/7/2022 23:00,71.231
7050,5/7/2022 23:15,71.103
7051,5/7/2022 23:30,70.974
7052,5/7/2022 23:45,70.846
7053,5/8/2022 0:00,70.716
7054,5/8/2022 0:15,70.63
7055,5/8/2022 0:30,70.459
7056,5/8/2022 0:45,70.329
7057,5/8/2022 1:00,70.201
7058,5/8/2022 1:15,70.072
7059,5/8/2022 1:30,69.942
7060,5/8/2022 1:45,69.814
7061,5/8/2022 2:00,69.685
7062,5/8/2022 2:15,69.557
7063,5/8/2022 2:30,69.427
7064,5/8/2022 2:45,69.343
7065,5/8/2022 3:00,69.213
7066,5/8/2022 3:15,69.085
7067,5/8/2022 3:30,68.956
7068,5/8/2022 3:45,68.828
7069,5/8/2022 4:00,68.698
7070,5/8/2022 4:15,68.571
7071,5/8/2022 4:30,68.443
7072,5/8/2022 4:45,68.313
7073,5/8/2022 5:00,68.185
7074,5/8/2022 5:15,68.056
7075,5/8/2022 5:30,67.928
7076,5/8/2022 5:45,67.798
7077,5/8/2022 6:00,67.671
7078,5/8/2022 6:15,67.627
7079,5/8/2022 6:30,67.586
7080,5/8/2022 6:45,67.543
7081,5/8/2022 7:00,67.543
7082,5/8/2022 7:15,67.543
7083,5/8/2022 7:30,67.5
7084,5/8/2022 7:45,67.5
7085,5/8/2022 8:00,67.456
7086,5/8/2022 8:15,67.456
7087,5/8/2022 8:30,67.413
7088,5/8/2022 8:45,67.413
7089,5/8/2022 9:00,67.413
7090,5/8/2022 9:15,67.413
7091,5/8/2022 9:30,67.413
7092,5/8/2022 9:45,67.456
7093,5/8/2022 10:00,67.5
7094,5/8/2022 10:15,67.543
7095,5/8/2022 10:30,67.586
7096,5/8/2022 10:45,67.627
7097,5/8/2022 11:00,67.627
7098,5/8/2022 11:15,67.671
7099,5/8/2022 11:30,67.714
7100,5/8/2022 11:45,67.757
7101,5/8/2022 12:00,67.798
7102,5/8/2022 12:15,67.842
7103,5/8/2022 12:30,67.928
7104,5/8/2022 12:45,68.013
7105,5/8/2022 13:00,68.142
7106,5/8/2022 13:15,68.356
7107,5/8/2022 13:30,68.698
7108,5/8/2022 13:45,69.085
7109,5/8/2022 14:00,69.728
7110,5/8/2022 14:15,70.201
7111,5/8/2022 14:30,69.942
7112,5/8/2022 14:45,69.685
7113,5/8/2022 15:00,69.514
7114,5/8/2022 15:15,69.471
7115,5/8/2022 15:30,69.471
7116,5/8/2022 15:45,69.514
7117,5/8/2022 16:00,69.514
7118,5/8/2022 16:15,69.6
7119,5/8/2022 16:30,69.643
7120,5/8/2022 16:45,69.685
7121,5/8/2022 17:00,69.728
7122,5/8/2022 17:15,69.771
7123,5/8/2022 17:30,69.771
7124,5/8/2022 17:45,69.771
7125,5/8/2022 18:00,69.771
7126,5/8/2022 18:15,69.771
7127,5/8/2022 18:30,69.728
7128,5/8/2022 18:45,69.685
7129,5/8/2022 19:00,69.643
7130,5/8/2022 19:15,69.557
7131,5/8/2022 19:30,69.471
7132,5/8/2022 19:45,69.427
7133,5/8/2022 20:00,69.343
7134,5/8/2022 20:15,69.256
7135,5/8/2022 20:30,69.129
7136,5/8/2022 20:45,69.042
7137,5/8/2022 21:00,68.956
7138,5/8/2022 21:15,68.871
7139,5/8/2022 21:30,68.742
7140,5/8/2022 21:45,68.657
7141,5/8/2022 22:00,68.571
7142,5/8/2022 22:15,68.443
7143,5/8/2022 22:30,68.313
7144,5/8/2022 22:45,68.185
7145,5/8/2022 23:00,68.056
7146,5/8/2022 23:15,67.928
7147,5/8/2022 23:30,67.798
7148,5/8/2022 23:45,67.714
7149,5/9/2022 0:00,67.586
7150,5/9/2022 0:15,67.456
7151,5/9/2022 0:30,67.329
7152,5/9/2022 0:45,67.199
7153,5/9/2022 1:00,67.071
7154,5/9/2022 1:15,66.943
7155,5/9/2022 1:30,66.814
7156,5/9/2022 1:45,66.686
7157,5/9/2022 2:00,66.6
7158,5/9/2022 2:15,66.472
7159,5/9/2022 2:30,66.344
7160,5/9/2022 2:45,66.258
7161,5/9/2022 3:00,66.13
7162,5/9/2022 3:15,66.043
7163,5/9/2022 3:30,65.916
7164,5/9/2022 3:45,65.788
7165,5/9/2022 4:00,65.658
7166,5/9/2022 4:15,65.574
7167,5/9/2022 4:30,65.403
7168,5/9/2022 4:45,65.316
7169,5/9/2022 5:00,65.188
7170,5/9/2022 5:15,65.059
7171,5/9/2022 5:30,64.974
7172,5/9/2022 5:45,64.845
7173,5/9/2022 6:00,64.717
7174,5/9/2022 6:15,64.674
7175,5/9/2022 6:30,64.589
7176,5/9/2022 6:45,64.546
7177,5/9/2022 7:00,64.589
7178,5/9/2022 7:15,64.589
7179,5/9/2022 7:30,64.589
7180,5/9/2022 7:45,64.632
7181,5/9/2022 8:00,64.632
7182,5/9/2022 8:15,64.632
7183,5/9/2022 8:30,64.632
7184,5/9/2022 8:45,64.632
7185,5/9/2022 9:00,64.632
7186,5/9/2022 9:15,64.632
7187,5/9/2022 9:30,64.632
7188,5/9/2022 9:45,64.632
7189,5/9/2022 10:00,64.674
7190,5/9/2022 10:15,64.717
7191,5/9/2022 10:30,64.76
7192,5/9/2022 10:45,64.845
7193,5/9/2022 11:00,64.888
7194,5/9/2022 11:15,64.974
7195,5/9/2022 11:30,65.059
7196,5/9/2022 11:45,65.188
7197,5/9/2022 12:00,65.316
7198,5/9/2022 12:15,65.403
7199,5/9/2022 12:30,65.574
7200,5/9/2022 12:45,65.701
7201,5/9/2022 13:00,65.916
7202,5/9/2022 13:15,66.173
7203,5/9/2022 13:30,66.643
7204,5/9/2022 13:45,67.285
7205,5/9/2022 14:00,68.227
7206,5/9/2022 14:15,68.698
7207,5/9/2022 14:30,68.356
7208,5/9/2022 14:45,68.013
7209,5/9/2022 15:00,67.798
7210,5/9/2022 15:15,67.714
7211,5/9/2022 15:30,67.671
7212,5/9/2022 15:45,67.714
7213,5/9/2022 16:00,67.757
7214,5/9/2022 16:15,67.798
7215,5/9/2022 16:30,67.885
7216,5/9/2022 16:45,67.928
7217,5/9/2022 17:00,68.013
7218,5/9/2022 17:15,68.056
7219,5/9/2022 17:30,68.099
7220,5/9/2022 17:45,68.185
7221,5/9/2022 18:00,68.313
7222,5/9/2022 18:15,68.484
7223,5/9/2022 18:30,68.614
7224,5/9/2022 18:45,68.785
7225,5/9/2022 19:00,68.913
7226,5/9/2022 19:15,68.956
7227,5/9/2022 19:30,68.913
7228,5/9/2022 19:45,68.913
7229,5/9/2022 20:00,68.871
7230,5/9/2022 20:15,68.785
7231,5/9/2022 20:30,68.657
7232,5/9/2022 20:45,68.571
7233,5/9/2022 21:00,68.527
7234,5/9/2022 21:15,68.484
7235,5/9/2022 21:30,68.484
7236,5/9/2022 21:45,68.443
7237,5/9/2022 22:00,68.356
7238,5/9/2022 22:15,68.356
7239,5/9/2022 22:30,68.313
7240,5/9/2022 22:45,68.313
7241,5/9/2022 23:00,68.313
7242,5/9/2022 23:15,68.313
7243,5/9/2022 23:30,68.27
7244,5/9/2022 23:45,68.227
7245,5/10/2022 0:00,68.142
7246,5/10/2022 0:15,68.099
7247,5/10/2022 0:30,67.971
7248,5/10/2022 0:45,67.798
7249,5/10/2022 1:00,67.627
7250,5/10/2022 1:15,67.5
7251,5/10/2022 1:30,67.329
7252,5/10/2022 1:45,67.199
7253,5/10/2022 2:00,67.028
7254,5/10/2022 2:15,66.9
7255,5/10/2022 2:30,66.772
7256,5/10/2022 2:45,66.643
7257,5/10/2022 3:00,66.515
7258,5/10/2022 3:15,66.385
7259,5/10/2022 3:30,66.214
7260,5/10/2022 3:45,66.043
7261,5/10/2022 4:00,65.916
7262,5/10/2022 4:15,65.745
7263,5/10/2022 4:30,65.658
7264,5/10/2022 4:45,65.53
7265,5/10/2022 5:00,65.403
7266,5/10/2022 5:15,65.273
7267,5/10/2022 5:30,65.145
7268,5/10/2022 5:45,65.059
7269,5/10/2022 6:00,64.974
7270,5/10/2022 6:15,64.888
7271,5/10/2022 6:30,64.888
7272,5/10/2022 6:45,64.888
7273,5/10/2022 7:00,64.888
7274,5/10/2022 7:15,64.931
7275,5/10/2022 7:30,64.931
7276,5/10/2022 7:45,64.888
7277,5/10/2022 8:00,64.888
7278,5/10/2022 8:15,64.974
7279,5/10/2022 8:30,65.188
7280,5/10/2022 8:45,65.359
7281,5/10/2022 9:00,65.403
7282,5/10/2022 9:15,65.487
7283,5/10/2022 9:30,65.487
7284,5/10/2022 9:45,65.53
7285,5/10/2022 10:00,65.574
7286,5/10/2022 10:15,65.615
7287,5/10/2022 10:30,65.658
7288,5/10/2022 10:45,65.701
7289,5/10/2022 11:00,65.788
7290,5/10/2022 11:15,65.916
7291,5/10/2022 11:30,66
7292,5/10/2022 11:45,66.087
7293,5/10/2022 12:00,66.214
7294,5/10/2022 12:15,66.385
7295,5/10/2022 12:30,66.515
7296,5/10/2022 12:45,66.643
7297,5/10/2022 13:00,66.857
7298,5/10/2022 13:15,67.158
7299,5/10/2022 13:30,67.798
7300,5/10/2022 13:45,68.785
7301,5/10/2022 14:00,69.858
7302,5/10/2022 14:15,70.286
7303,5/10/2022 14:30,69.942
7304,5/10/2022 14:45,69.6
7305,5/10/2022 15:00,69.386
7306,5/10/2022 15:15,69.3
7307,5/10/2022 15:30,69.256
7308,5/10/2022 15:45,69.256
7309,5/10/2022 16:00,69.343
7310,5/10/2022 16:15,69.386
7311,5/10/2022 16:30,69.427
7312,5/10/2022 16:45,69.471
7313,5/10/2022 17:00,69.514
7314,5/10/2022 17:15,69.557
7315,5/10/2022 17:30,69.6
7316,5/10/2022 17:45,69.685
7317,5/10/2022 18:00,69.685
7318,5/10/2022 18:15,69.728
7319,5/10/2022 18:30,69.728
7320,5/10/2022 18:45,69.685
7321,5/10/2022 19:00,69.643
7322,5/10/2022 19:15,69.557
7323,5/10/2022 19:30,69.471
7324,5/10/2022 19:45,69.427
7325,5/10/2022 20:00,69.343
7326,5/10/2022 20:15,69.256
7327,5/10/2022 20:30,69.213
7328,5/10/2022 20:45,69.129
7329,5/10/2022 21:00,69.042
7330,5/10/2022 21:15,68.999
7331,5/10/2022 21:30,68.956
7332,5/10/2022 21:45,68.913
7333,5/10/2022 22:00,68.871
7334,5/10/2022 22:15,68.828
7335,5/10/2022 22:30,68.785
7336,5/10/2022 22:45,68.742
7337,5/10/2022 23:00,68.742
7338,5/10/2022 23:15,68.698
7339,5/10/2022 23:30,68.657
7340,5/10/2022 23:45,68.657
7341,5/11/2022 0:00,68.657
7342,5/11/2022 0:15,68.571
7343,5/11/2022 0:30,68.484
7344,5/11/2022 0:45,68.4
7345,5/11/2022 1:00,68.356
7346,5/11/2022 1:15,68.313
7347,5/11/2022 1:30,68.227
7348,5/11/2022 1:45,68.142
7349,5/11/2022 2:00,68.013
7350,5/11/2022 2:15,67.842
7351,5/11/2022 2:30,67.714
7352,5/11/2022 2:45,67.543
7353,5/11/2022 3:00,67.372
7354,5/11/2022 3:15,67.199
7355,5/11/2022 3:30,67.028
7356,5/11/2022 3:45,66.9
7357,5/11/2022 4:00,66.729
7358,5/11/2022 4:15,66.558
7359,5/11/2022 4:30,66.385
7360,5/11/2022 4:45,66.214
7361,5/11/2022 5:00,66.043
7362,5/11/2022 5:15,65.829
7363,5/11/2022 5:30,65.701
7364,5/11/2022 5:45,65.53
7365,5/11/2022 6:00,65.444
7366,5/11/2022 6:15,65.359
7367,5/11/2022 6:30,65.273
7368,5/11/2022 6:45,65.273
7369,5/11/2022 7:00,65.273
7370,5/11/2022 7:15,65.273
7371,5/11/2022 7:30,65.273
7372,5/11/2022 7:45,65.316
7373,5/11/2022 8:00,65.316
7374,5/11/2022 8:15,65.359
7375,5/11/2022 8:30,65.403
7376,5/11/2022 8:45,65.403
7377,5/11/2022 9:00,65.403
7378,5/11/2022 9:15,65.403
7379,5/11/2022 9:30,65.444
7380,5/11/2022 9:45,65.487
7381,5/11/2022 10:00,65.53
7382,5/11/2022 10:15,65.574
7383,5/11/2022 10:30,65.658
7384,5/11/2022 10:45,65.745
7385,5/11/2022 11:00,65.829
7386,5/11/2022 11:15,65.959
7387,5/11/2022 11:30,66.173
7388,5/11/2022 11:45,66.344
7389,5/11/2022 12:00,66.6
7390,5/11/2022 12:15,66.857
7391,5/11/2022 12:30,67.114
7392,5/11/2022 12:45,67.329
7393,5/11/2022 13:00,67.627
7394,5/11/2022 13:15,67.971
7395,5/11/2022 13:30,68.657
7396,5/11/2022 13:45,69.427
7397,5/11/2022 14:00,69.858
7398,5/11/2022 14:15,70.029
7399,5/11/2022 14:30,69.814
7400,5/11/2022 14:45,69.643
7401,5/11/2022 15:00,69.557
7402,5/11/2022 15:15,69.514
7403,5/11/2022 15:30,69.557
7404,5/11/2022 15:45,69.643
7405,5/11/2022 16:00,69.728
7406,5/11/2022 16:15,69.858
7407,5/11/2022 16:30,69.985
7408,5/11/2022 16:45,70.115
7409,5/11/2022 17:00,70.201
7410,5/11/2022 17:15,70.286
7411,5/11/2022 17:30,70.416
7412,5/11/2022 17:45,70.502
7413,5/11/2022 18:00,70.673
7414,5/11/2022 18:15,70.803
7415,5/11/2022 18:30,70.887
7416,5/11/2022 18:45,70.974
7417,5/11/2022 19:00,70.974
7418,5/11/2022 19:15,71.017
7419,5/11/2022 19:30,71.017
7420,5/11/2022 19:45,71.06
7421,5/11/2022 20:00,71.06
7422,5/11/2022 20:15,70.803
7423,5/11/2022 20:30,70.587
7424,5/11/2022 20:45,70.329
7425,5/11/2022 21:00,70.072
7426,5/11/2022 21:15,69.814
7427,5/11/2022 21:30,69.471
7428,5/11/2022 21:45,69.129
7429,5/11/2022 22:00,68.913
7430,5/11/2022 22:15,68.828
7431,5/11/2022 22:30,68.828
7432,5/11/2022 22:45,68.871
7433,5/11/2022 23:00,68.871
7434,5/11/2022 23:15,68.871
7435,5/11/2022 23:30,68.828
7436,5/11/2022 23:45,68.785
7437,5/12/2022 0:00,68.742
7438,5/12/2022 0:15,68.698
7439,5/12/2022 0:30,68.614
7440,5/12/2022 0:45,68.527
7441,5/12/2022 1:00,68.443
7442,5/12/2022 1:15,68.356
7443,5/12/2022 1:30,68.185
7444,5/12/2022 1:45,68.056
7445,5/12/2022 2:00,67.885
7446,5/12/2022 2:15,67.714
7447,5/12/2022 2:30,67.543
7448,5/12/2022 2:45,67.372
7449,5/12/2022 3:00,67.199
7450,5/12/2022 3:15,67.028
7451,5/12/2022 3:30,66.857
7452,5/12/2022 3:45,66.686
7453,5/12/2022 4:00,66.515
7454,5/12/2022 4:15,66.344
7455,5/12/2022 4:30,66.173
7456,5/12/2022 4:45,66
7457,5/12/2022 5:00,65.872
7458,5/12/2022 5:15,65.701
7459,5/12/2022 5:30,65.574
7460,5/12/2022 5:45,65.403
7461,5/12/2022 6:00,65.316
7462,5/12/2022 6:15,65.273
7463,5/12/2022 6:30,65.273
7464,5/12/2022 6:45,65.316
7465,5/12/2022 7:00,65.359
7466,5/12/2022 7:15,65.444
7467,5/12/2022 7:30,65.53
7468,5/12/2022 7:45,65.615
7469,5/12/2022 8:00,65.701
7470,5/12/2022 8:15,65.829
7471,5/12/2022 8:30,66
7472,5/12/2022 8:45,66.429
7473,5/12/2022 9:00,67.114
7474,5/12/2022 9:15,67.543
7475,5/12/2022 9:30,68.013
7476,5/12/2022 9:45,68.828
7477,5/12/2022 10:00,70.115
7478,5/12/2022 10:15,71.06
7479,5/12/2022 10:30,71.533
7480,5/12/2022 10:45,71.704
7481,5/12/2022 11:00,71.704
7482,5/12/2022 11:15,71.748
7483,5/12/2022 11:30,71.877
7484,5/12/2022 11:45,72.05
7485,5/12/2022 12:00,72.221
7486,5/12/2022 12:15,71.877
7487,5/12/2022 12:30,71.103
7488,5/12/2022 12:45,70.543
7489,5/12/2022 13:00,70.072
7490,5/12/2022 13:15,69.685
7491,5/12/2022 13:30,69.343
7492,5/12/2022 13:45,68.999
7493,5/12/2022 14:00,68.742
7494,5/12/2022 14:15,68.443
7495,5/12/2022 14:30,67.285
7496,5/12/2022 14:45,67.671
7497,5/12/2022 14:58,
7498,5/12/2022 14:58,
7499,5/12/2022 14:58,
